+ python3 main_staged.py --backbone vanilla_gt --generator flow_matching --hidden_dim 512 --num_layers 1 --no-use_lap_pe --s1_lr 3e-5 --s1_patience 20 --s1_max_epochs 300 --num_proxies 8 --s2_num_steps 200 --s2_cross_moment_lambda 0.0 --s2_prior_moment_lambda 2 --s2_novelty_alpha 0.2 --s2_num_restarts 5 --s2_prior_target_var 0.15 --s2_proxy_lr 5e-3 --s2_loss_threshold 0.01 --gen_dropout 0.1 --s3_lr 3e-5 --s3_max_epochs 500 --s3_patience 200 --denoiser_dim 512 --s4_lr_transformer 1e-5 --s4_lr_generator 1e-4 --s4_weight_decay 5e-4 --s4_grad_clip 0.5 --s4_max_epochs 1000 --s4_patience 100 --novelty_alpha 0.1 --diversity_weight 0.1 --save_dir checkpoints_staged_novelty_vanilla_3/ --batch_size 16
Saved code snapshot to checkpoints_staged_novelty_vanilla_3/code_snapshot.zip

============================================================
STAGE 1: Pretrain Model
  Backbone: vanilla_gt
============================================================
  Parameters: 3,770,378
Epoch   1/300 [19.6s mem=776MB] | train_loss=0.9222 train_AP=0.1859 | val_loss=0.4027 val_AP=0.2442
  -> New best metrics: val_loss=0.4027 val_AP=0.2442, saved
Epoch   2/300 [18.8s mem=773MB] | train_loss=0.4428 train_AP=0.2297 | val_loss=0.3907 val_AP=0.2553
  -> New best metrics: val_loss=0.3907 val_AP=0.2553, saved
Epoch   3/300 [19.6s mem=775MB] | train_loss=0.3956 train_AP=0.2442 | val_loss=0.3791 val_AP=0.2547
  -> New best metrics: val_loss=0.3791 val_AP=0.2553, saved
Epoch   4/300 [21.2s mem=775MB] | train_loss=0.3894 train_AP=0.2519 | val_loss=0.3874 val_AP=0.2872
  -> New best metrics: val_loss=0.3791 val_AP=0.2872, saved
Epoch   5/300 [19.3s mem=776MB] | train_loss=0.3751 train_AP=0.2734 | val_loss=0.3580 val_AP=0.2960
  -> New best metrics: val_loss=0.3580 val_AP=0.2960, saved
Epoch   6/300 [18.6s mem=772MB] | train_loss=0.3676 train_AP=0.2796 | val_loss=0.3512 val_AP=0.3151
  -> New best metrics: val_loss=0.3512 val_AP=0.3151, saved
Epoch   7/300 [19.1s mem=775MB] | train_loss=0.3581 train_AP=0.2887 | val_loss=0.3460 val_AP=0.3087
  -> New best metrics: val_loss=0.3460 val_AP=0.3151, saved
Epoch   8/300 [19.1s mem=775MB] | train_loss=0.3454 train_AP=0.3028 | val_loss=0.3536 val_AP=0.3295
  -> New best metrics: val_loss=0.3460 val_AP=0.3295, saved
Epoch   9/300 [18.9s mem=775MB] | train_loss=0.3387 train_AP=0.3089 | val_loss=0.3198 val_AP=0.3726
  -> New best metrics: val_loss=0.3198 val_AP=0.3726, saved
Epoch  10/300 [20.0s mem=775MB] | train_loss=0.3253 train_AP=0.3363 | val_loss=0.2915 val_AP=0.3913 | test_AP=0.3654
  -> New best metrics: val_loss=0.2915 val_AP=0.3913, saved
Epoch  11/300 [19.6s mem=774MB] | train_loss=0.3069 train_AP=0.3677 | val_loss=0.2810 val_AP=0.4142
  -> New best metrics: val_loss=0.2810 val_AP=0.4142, saved
Epoch  12/300 [18.9s mem=776MB] | train_loss=0.3011 train_AP=0.3785 | val_loss=0.2832 val_AP=0.4232
  -> New best metrics: val_loss=0.2810 val_AP=0.4232, saved
Epoch  13/300 [19.2s mem=775MB] | train_loss=0.2954 train_AP=0.3846 | val_loss=0.2715 val_AP=0.4334
  -> New best metrics: val_loss=0.2715 val_AP=0.4334, saved
Epoch  14/300 [19.1s mem=774MB] | train_loss=0.2902 train_AP=0.3941 | val_loss=0.2822 val_AP=0.4293
Epoch  15/300 [19.5s mem=775MB] | train_loss=0.2866 train_AP=0.4049 | val_loss=0.2961 val_AP=0.4275
Epoch  16/300 [18.6s mem=772MB] | train_loss=0.2839 train_AP=0.4160 | val_loss=0.2669 val_AP=0.4597
  -> New best metrics: val_loss=0.2669 val_AP=0.4597, saved
Epoch  17/300 [19.3s mem=775MB] | train_loss=0.2764 train_AP=0.4319 | val_loss=0.2629 val_AP=0.4747
  -> New best metrics: val_loss=0.2629 val_AP=0.4747, saved
Epoch  18/300 [19.2s mem=772MB] | train_loss=0.2723 train_AP=0.4348 | val_loss=0.2647 val_AP=0.4756
  -> New best metrics: val_loss=0.2629 val_AP=0.4756, saved
Epoch  19/300 [23.3s mem=771MB] | train_loss=0.2678 train_AP=0.4570 | val_loss=0.2564 val_AP=0.4866
  -> New best metrics: val_loss=0.2564 val_AP=0.4866, saved
Epoch  20/300 [34.5s mem=772MB] | train_loss=0.2661 train_AP=0.4597 | val_loss=0.2599 val_AP=0.4862 | test_AP=0.4532
Epoch  21/300 [42.5s mem=772MB] | train_loss=0.2594 train_AP=0.4729 | val_loss=0.2570 val_AP=0.5249
  -> New best metrics: val_loss=0.2564 val_AP=0.5249, saved
Epoch  22/300 [47.7s mem=774MB] | train_loss=0.2549 train_AP=0.4881 | val_loss=0.2629 val_AP=0.4784
Epoch  23/300 [42.8s mem=775MB] | train_loss=0.2508 train_AP=0.4947 | val_loss=0.2466 val_AP=0.5221
  -> New best metrics: val_loss=0.2466 val_AP=0.5249, saved
Epoch  24/300 [40.0s mem=776MB] | train_loss=0.2492 train_AP=0.4996 | val_loss=0.2462 val_AP=0.5288
  -> New best metrics: val_loss=0.2462 val_AP=0.5288, saved
Epoch  25/300 [40.0s mem=773MB] | train_loss=0.2449 train_AP=0.5102 | val_loss=0.2426 val_AP=0.5272
  -> New best metrics: val_loss=0.2426 val_AP=0.5288, saved
Epoch  26/300 [40.5s mem=772MB] | train_loss=0.2399 train_AP=0.5253 | val_loss=0.2480 val_AP=0.5349
  -> New best metrics: val_loss=0.2426 val_AP=0.5349, saved
Epoch  27/300 [39.8s mem=774MB] | train_loss=0.2378 train_AP=0.5321 | val_loss=0.2597 val_AP=0.5181
Epoch  28/300 [39.9s mem=776MB] | train_loss=0.2345 train_AP=0.5424 | val_loss=0.2541 val_AP=0.5368
  -> New best metrics: val_loss=0.2426 val_AP=0.5368, saved
Epoch  29/300 [40.1s mem=775MB] | train_loss=0.2337 train_AP=0.5441 | val_loss=0.2400 val_AP=0.5478
  -> New best metrics: val_loss=0.2400 val_AP=0.5478, saved
Epoch  30/300 [31.0s mem=775MB] | train_loss=0.2281 train_AP=0.5585 | val_loss=0.2435 val_AP=0.5444 | test_AP=0.5218
Epoch  31/300 [34.2s mem=776MB] | train_loss=0.2239 train_AP=0.5693 | val_loss=0.2450 val_AP=0.5506
  -> New best metrics: val_loss=0.2400 val_AP=0.5506, saved
Epoch  32/300 [38.7s mem=775MB] | train_loss=0.2224 train_AP=0.5746 | val_loss=0.2470 val_AP=0.5481
Epoch  33/300 [39.3s mem=775MB] | train_loss=0.2193 train_AP=0.5875 | val_loss=0.2439 val_AP=0.5636
  -> New best metrics: val_loss=0.2400 val_AP=0.5636, saved
Epoch  34/300 [39.2s mem=775MB] | train_loss=0.2171 train_AP=0.5898 | val_loss=0.2406 val_AP=0.5681
  -> New best metrics: val_loss=0.2400 val_AP=0.5681, saved
Epoch  35/300 [41.4s mem=774MB] | train_loss=0.2161 train_AP=0.5891 | val_loss=0.2389 val_AP=0.5664
  -> New best metrics: val_loss=0.2389 val_AP=0.5681, saved
Epoch  36/300 [40.0s mem=771MB] | train_loss=0.2114 train_AP=0.6068 | val_loss=0.2433 val_AP=0.5779
  -> New best metrics: val_loss=0.2389 val_AP=0.5779, saved
Epoch  37/300 [40.4s mem=774MB] | train_loss=0.2096 train_AP=0.6072 | val_loss=0.2410 val_AP=0.5575
Epoch  38/300 [39.8s mem=775MB] | train_loss=0.2069 train_AP=0.6187 | val_loss=0.2349 val_AP=0.5893
  -> New best metrics: val_loss=0.2349 val_AP=0.5893, saved
Epoch  39/300 [39.8s mem=772MB] | train_loss=0.2044 train_AP=0.6224 | val_loss=0.2431 val_AP=0.5785
Epoch  40/300 [40.7s mem=777MB] | train_loss=0.2014 train_AP=0.6287 | val_loss=0.2334 val_AP=0.5861 | test_AP=0.5640
  -> New best metrics: val_loss=0.2334 val_AP=0.5893, saved
Epoch  41/300 [40.5s mem=773MB] | train_loss=0.2004 train_AP=0.6356 | val_loss=0.2362 val_AP=0.5922
  -> New best metrics: val_loss=0.2334 val_AP=0.5922, saved
Epoch  42/300 [32.3s mem=773MB] | train_loss=0.1956 train_AP=0.6487 | val_loss=0.2362 val_AP=0.5752
Epoch  43/300 [36.0s mem=776MB] | train_loss=0.1928 train_AP=0.6570 | val_loss=0.2410 val_AP=0.5755
Epoch  44/300 [39.4s mem=773MB] | train_loss=0.1904 train_AP=0.6636 | val_loss=0.2406 val_AP=0.5976
  -> New best metrics: val_loss=0.2334 val_AP=0.5976, saved
Epoch  45/300 [41.0s mem=775MB] | train_loss=0.1879 train_AP=0.6726 | val_loss=0.2473 val_AP=0.6035
  -> New best metrics: val_loss=0.2334 val_AP=0.6035, saved
Epoch  46/300 [39.8s mem=775MB] | train_loss=0.1860 train_AP=0.6718 | val_loss=0.2448 val_AP=0.5999
Epoch  47/300 [39.9s mem=774MB] | train_loss=0.1821 train_AP=0.6859 | val_loss=0.2595 val_AP=0.5979
Epoch  48/300 [40.5s mem=775MB] | train_loss=0.1796 train_AP=0.6912 | val_loss=0.2530 val_AP=0.6081
  -> New best metrics: val_loss=0.2334 val_AP=0.6081, saved
Epoch  49/300 [38.7s mem=778MB] | train_loss=0.1772 train_AP=0.6951 | val_loss=0.2445 val_AP=0.6116
  -> New best metrics: val_loss=0.2334 val_AP=0.6116, saved
Epoch  50/300 [40.3s mem=776MB] | train_loss=0.1749 train_AP=0.7029 | val_loss=0.2489 val_AP=0.5942 | test_AP=0.5778
Epoch  51/300 [38.5s mem=772MB] | train_loss=0.1703 train_AP=0.7135 | val_loss=0.2471 val_AP=0.5978
Epoch  52/300 [39.2s mem=774MB] | train_loss=0.1687 train_AP=0.7165 | val_loss=0.2414 val_AP=0.6106
Epoch  53/300 [40.6s mem=773MB] | train_loss=0.1656 train_AP=0.7244 | val_loss=0.2590 val_AP=0.6029
Epoch  54/300 [31.3s mem=770MB] | train_loss=0.1651 train_AP=0.7256 | val_loss=0.2621 val_AP=0.6037
Epoch  55/300 [34.3s mem=773MB] | train_loss=0.1619 train_AP=0.7349 | val_loss=0.2460 val_AP=0.6081
Epoch  56/300 [40.6s mem=772MB] | train_loss=0.1592 train_AP=0.7422 | val_loss=0.2661 val_AP=0.6093
Epoch  57/300 [40.3s mem=770MB] | train_loss=0.1580 train_AP=0.7443 | val_loss=0.2540 val_AP=0.6075
Epoch  58/300 [42.0s mem=773MB] | train_loss=0.1532 train_AP=0.7535 | val_loss=0.2626 val_AP=0.6144
  -> New best metrics: val_loss=0.2334 val_AP=0.6144, saved
Epoch  59/300 [40.6s mem=774MB] | train_loss=0.1510 train_AP=0.7551 | val_loss=0.2558 val_AP=0.6191
  -> New best metrics: val_loss=0.2334 val_AP=0.6191, saved
Epoch  60/300 [39.5s mem=773MB] | train_loss=0.1481 train_AP=0.7699 | val_loss=0.2686 val_AP=0.6069 | test_AP=0.5866
Epoch  61/300 [41.5s mem=776MB] | train_loss=0.1485 train_AP=0.7638 | val_loss=0.2678 val_AP=0.6127
Epoch  62/300 [39.8s mem=775MB] | train_loss=0.1452 train_AP=0.7760 | val_loss=0.2803 val_AP=0.6134
Epoch  63/300 [40.2s mem=774MB] | train_loss=0.1428 train_AP=0.7799 | val_loss=0.2800 val_AP=0.6134
Epoch  64/300 [41.6s mem=775MB] | train_loss=0.1400 train_AP=0.7859 | val_loss=0.2744 val_AP=0.6047
Epoch  65/300 [39.9s mem=776MB] | train_loss=0.1386 train_AP=0.7906 | val_loss=0.2864 val_AP=0.6238
  -> New best metrics: val_loss=0.2334 val_AP=0.6238, saved
Epoch  66/300 [33.1s mem=773MB] | train_loss=0.1358 train_AP=0.7953 | val_loss=0.3017 val_AP=0.6203
Epoch  67/300 [37.2s mem=774MB] | train_loss=0.1339 train_AP=0.7977 | val_loss=0.2790 val_AP=0.6076
Epoch  68/300 [44.5s mem=774MB] | train_loss=0.1321 train_AP=0.8063 | val_loss=0.2887 val_AP=0.6114
Epoch  69/300 [42.1s mem=777MB] | train_loss=0.1291 train_AP=0.8141 | val_loss=0.3081 val_AP=0.6043
Epoch  70/300 [42.3s mem=777MB] | train_loss=0.1253 train_AP=0.8185 | val_loss=0.2940 val_AP=0.6214 | test_AP=0.6103
Epoch  71/300 [43.1s mem=774MB] | train_loss=0.1252 train_AP=0.8216 | val_loss=0.2839 val_AP=0.6203
Epoch  72/300 [40.6s mem=777MB] | train_loss=0.1231 train_AP=0.8219 | val_loss=0.2970 val_AP=0.6270
  -> New best metrics: val_loss=0.2334 val_AP=0.6270, saved
Epoch  73/300 [44.0s mem=775MB] | train_loss=0.1198 train_AP=0.8292 | val_loss=0.2893 val_AP=0.6210
Epoch  74/300 [43.7s mem=772MB] | train_loss=0.1208 train_AP=0.8305 | val_loss=0.3129 val_AP=0.6238
Epoch  75/300 [42.2s mem=776MB] | train_loss=0.1181 train_AP=0.8332 | val_loss=0.3135 val_AP=0.6173
Epoch  76/300 [39.7s mem=776MB] | train_loss=0.1154 train_AP=0.8384 | val_loss=0.3188 val_AP=0.6180
Epoch  77/300 [31.4s mem=774MB] | train_loss=0.1134 train_AP=0.8444 | val_loss=0.3021 val_AP=0.6106
Epoch  78/300 [43.1s mem=777MB] | train_loss=0.1116 train_AP=0.8482 | val_loss=0.3054 val_AP=0.6010
Epoch  79/300 [41.5s mem=773MB] | train_loss=0.1088 train_AP=0.8509 | val_loss=0.3154 val_AP=0.6225
Epoch  80/300 [41.9s mem=776MB] | train_loss=0.1081 train_AP=0.8541 | val_loss=0.3116 val_AP=0.6246 | test_AP=0.6043
Epoch  81/300 [43.1s mem=777MB] | train_loss=0.1048 train_AP=0.8599 | val_loss=0.3249 val_AP=0.6191
Epoch  82/300 [41.4s mem=776MB] | train_loss=0.1039 train_AP=0.8614 | val_loss=0.3615 val_AP=0.6183
Epoch  83/300 [42.4s mem=773MB] | train_loss=0.1030 train_AP=0.8646 | val_loss=0.3220 val_AP=0.6227
Epoch  84/300 [43.1s mem=775MB] | train_loss=0.1023 train_AP=0.8645 | val_loss=0.3456 val_AP=0.6232
Epoch  85/300 [43.2s mem=775MB] | train_loss=0.1010 train_AP=0.8682 | val_loss=0.3523 val_AP=0.6201
Epoch  86/300 [41.6s mem=774MB] | train_loss=0.0976 train_AP=0.8754 | val_loss=0.3493 val_AP=0.6216
Epoch  87/300 [38.9s mem=772MB] | train_loss=0.0974 train_AP=0.8751 | val_loss=0.3378 val_AP=0.6086
Epoch  88/300 [30.5s mem=775MB] | train_loss=0.0961 train_AP=0.8737 | val_loss=0.3641 val_AP=0.6277
  -> New best metrics: val_loss=0.2334 val_AP=0.6277, saved
Epoch  89/300 [43.8s mem=775MB] | train_loss=0.0941 train_AP=0.8827 | val_loss=0.3613 val_AP=0.6159
Epoch  90/300 [42.7s mem=776MB] | train_loss=0.0920 train_AP=0.8850 | val_loss=0.3549 val_AP=0.6185 | test_AP=0.6224
Epoch  91/300 [42.9s mem=775MB] | train_loss=0.0919 train_AP=0.8866 | val_loss=0.3718 val_AP=0.6203
Epoch  92/300 [41.6s mem=774MB] | train_loss=0.0884 train_AP=0.8949 | val_loss=0.3560 val_AP=0.6213
Epoch  93/300 [43.0s mem=776MB] | train_loss=0.0879 train_AP=0.8947 | val_loss=0.3952 val_AP=0.6183
Epoch  94/300 [42.2s mem=772MB] | train_loss=0.0866 train_AP=0.8942 | val_loss=0.3896 val_AP=0.6250
Epoch  95/300 [43.8s mem=774MB] | train_loss=0.0866 train_AP=0.8929 | val_loss=0.3865 val_AP=0.6148
Epoch  96/300 [42.8s mem=775MB] | train_loss=0.0860 train_AP=0.8942 | val_loss=0.3849 val_AP=0.6204
Epoch  97/300 [42.4s mem=776MB] | train_loss=0.0834 train_AP=0.9034 | val_loss=0.3828 val_AP=0.6252
Epoch  98/300 [35.5s mem=772MB] | train_loss=0.0821 train_AP=0.9013 | val_loss=0.3825 val_AP=0.6162
Epoch  99/300 [33.8s mem=773MB] | train_loss=0.0809 train_AP=0.9063 | val_loss=0.4033 val_AP=0.6161
Epoch 100/300 [41.1s mem=773MB] | train_loss=0.0797 train_AP=0.9103 | val_loss=0.4082 val_AP=0.6195 | test_AP=0.6189
Epoch 101/300 [42.2s mem=774MB] | train_loss=0.0777 train_AP=0.9086 | val_loss=0.4025 val_AP=0.6162
Epoch 102/300 [43.2s mem=773MB] | train_loss=0.0777 train_AP=0.9124 | val_loss=0.4150 val_AP=0.6168
Epoch 103/300 [42.4s mem=775MB] | train_loss=0.0769 train_AP=0.9125 | val_loss=0.4257 val_AP=0.6160
Epoch 104/300 [44.3s mem=772MB] | train_loss=0.0746 train_AP=0.9143 | val_loss=0.4189 val_AP=0.6163
Epoch 105/300 [42.9s mem=776MB] | train_loss=0.0734 train_AP=0.9147 | val_loss=0.4042 val_AP=0.6214
Epoch 106/300 [41.5s mem=775MB] | train_loss=0.0724 train_AP=0.9158 | val_loss=0.4355 val_AP=0.6200
Epoch 107/300 [41.6s mem=773MB] | train_loss=0.0727 train_AP=0.9185 | val_loss=0.4200 val_AP=0.6211
Epoch 108/300 [42.8s mem=773MB] | train_loss=0.0719 train_AP=0.9227 | val_loss=0.4392 val_AP=0.6225
Early stopping at epoch 108. Best val loss=0.2334 at epoch 88.
Stage 1 done. Best val loss=0.2334 at epoch 88.

============================================================
STAGE 2: Per-Graph Proxy Optimization
  Backbone: vanilla_gt
  Restarts: 5, Steps: 200, MMD lambda: 0.0
  Cross moment lambda: 0.0, Prior moment lambda: 2.0
  Novelty alpha (stage 2): 0.2
  Saving criterion: lowest avg(task_loss, novelty_penalty, prior_loss)
============================================================
  Using provided prior target variance: 0.150000

--- Restart 1/5 ---
  [restart 1 | 1008 samples] AP (w/ proxies, last 1008 samples)=0.9989 | Pairs saved: 1007 | Unique improved: 1004/10873
  [restart 1 | 2016 samples] AP (w/ proxies, last 1008 samples)=0.9999 | Pairs saved: 2015 | Unique improved: 2008/10873
  [restart 1 | 3024 samples] AP (w/ proxies, last 1008 samples)=0.9984 | Pairs saved: 3023 | Unique improved: 3014/10873
  [restart 1 | 4032 samples] AP (w/ proxies, last 1008 samples)=0.9998 | Pairs saved: 4031 | Unique improved: 4019/10873
  [restart 1 | 5040 samples] AP (w/ proxies, last 1008 samples)=1.0000 | Pairs saved: 5039 | Unique improved: 5025/10873
  [restart 1 | 6048 samples] AP (w/ proxies, last 1008 samples)=0.9998 | Pairs saved: 6047 | Unique improved: 6031/10873
  [restart 1 | 7056 samples] AP (w/ proxies, last 1008 samples)=1.0000 | Pairs saved: 7055 | Unique improved: 7035/10873
  [restart 1 | 8064 samples] AP (w/ proxies, last 1008 samples)=0.9995 | Pairs saved: 8063 | Unique improved: 8037/10873
  [restart 1 | 9072 samples] AP (w/ proxies, last 1008 samples)=0.9995 | Pairs saved: 9070 | Unique improved: 9041/10873
  [restart 1 | 10080 samples] AP (w/ proxies, last 1008 samples)=1.0000 | Pairs saved: 10078 | Unique improved: 10049/10873

--- Restart 2/5 ---
  [restart 2 | 208 samples] AP (w/ proxies, last 1001 samples)=0.9996 | Pairs saved: 11079 | Unique improved: 10839/10873
  [restart 2 | 1216 samples] AP (w/ proxies, last 1008 samples)=0.9987 | Pairs saved: 12085 | Unique improved: 10843/10873
  [restart 2 | 2224 samples] AP (w/ proxies, last 1008 samples)=0.9997 | Pairs saved: 13091 | Unique improved: 10847/10873
  [restart 2 | 3232 samples] AP (w/ proxies, last 1008 samples)=0.9986 | Pairs saved: 14096 | Unique improved: 10848/10873
  [restart 2 | 4240 samples] AP (w/ proxies, last 1008 samples)=0.9987 | Pairs saved: 15099 | Unique improved: 10851/10873
  [restart 2 | 5248 samples] AP (w/ proxies, last 1008 samples)=0.9993 | Pairs saved: 16105 | Unique improved: 10853/10873
  [restart 2 | 6256 samples] AP (w/ proxies, last 1008 samples)=1.0000 | Pairs saved: 17109 | Unique improved: 10857/10873
  [restart 2 | 7264 samples] AP (w/ proxies, last 1008 samples)=0.9999 | Pairs saved: 18114 | Unique improved: 10859/10873
  [restart 2 | 8272 samples] AP (w/ proxies, last 1008 samples)=1.0000 | Pairs saved: 19117 | Unique improved: 10867/10873
  [restart 2 | 9280 samples] AP (w/ proxies, last 1008 samples)=1.0000 | Pairs saved: 20124 | Unique improved: 10869/10873
  [restart 2 | 10288 samples] AP (w/ proxies, last 1008 samples)=1.0000 | Pairs saved: 21131 | Unique improved: 10870/10873

--- Restart 3/5 ---
  [restart 3 | 416 samples] AP (w/ proxies, last 1001 samples)=0.9997 | Pairs saved: 22131 | Unique improved: 10873/10873
  [restart 3 | 1424 samples] AP (w/ proxies, last 1008 samples)=0.9999 | Pairs saved: 23137 | Unique improved: 10873/10873
  [restart 3 | 2432 samples] AP (w/ proxies, last 1008 samples)=0.9980 | Pairs saved: 24141 | Unique improved: 10873/10873
  [restart 3 | 3440 samples] AP (w/ proxies, last 1008 samples)=0.9994 | Pairs saved: 25147 | Unique improved: 10873/10873
  [restart 3 | 4448 samples] AP (w/ proxies, last 1008 samples)=1.0000 | Pairs saved: 26153 | Unique improved: 10873/10873
  [restart 3 | 5456 samples] AP (w/ proxies, last 1008 samples)=0.9997 | Pairs saved: 27159 | Unique improved: 10873/10873
  [restart 3 | 6464 samples] AP (w/ proxies, last 1008 samples)=0.9997 | Pairs saved: 28163 | Unique improved: 10873/10873
  [restart 3 | 7472 samples] AP (w/ proxies, last 1008 samples)=1.0000 | Pairs saved: 29169 | Unique improved: 10873/10873
  [restart 3 | 8480 samples] AP (w/ proxies, last 1008 samples)=0.9999 | Pairs saved: 30175 | Unique improved: 10873/10873
  [restart 3 | 9488 samples] AP (w/ proxies, last 1008 samples)=1.0000 | Pairs saved: 31181 | Unique improved: 10873/10873
  [restart 3 | 10496 samples] AP (w/ proxies, last 1008 samples)=0.9995 | Pairs saved: 32185 | Unique improved: 10873/10873

--- Restart 4/5 ---
  [restart 4 | 624 samples] AP (w/ proxies, last 1001 samples)=0.9994 | Pairs saved: 33183 | Unique improved: 10873/10873
  [restart 4 | 1632 samples] AP (w/ proxies, last 1008 samples)=1.0000 | Pairs saved: 34189 | Unique improved: 10873/10873
  [restart 4 | 2640 samples] AP (w/ proxies, last 1008 samples)=0.9997 | Pairs saved: 35193 | Unique improved: 10873/10873
  [restart 4 | 3648 samples] AP (w/ proxies, last 1008 samples)=1.0000 | Pairs saved: 36198 | Unique improved: 10873/10873
  [restart 4 | 4656 samples] AP (w/ proxies, last 1008 samples)=1.0000 | Pairs saved: 37204 | Unique improved: 10873/10873
  [restart 4 | 5664 samples] AP (w/ proxies, last 1008 samples)=1.0000 | Pairs saved: 38208 | Unique improved: 10873/10873
  [restart 4 | 6672 samples] AP (w/ proxies, last 1008 samples)=0.9999 | Pairs saved: 39213 | Unique improved: 10873/10873
  [restart 4 | 7680 samples] AP (w/ proxies, last 1008 samples)=1.0000 | Pairs saved: 40221 | Unique improved: 10873/10873
  [restart 4 | 8688 samples] AP (w/ proxies, last 1008 samples)=1.0000 | Pairs saved: 41225 | Unique improved: 10873/10873
  [restart 4 | 9696 samples] AP (w/ proxies, last 1008 samples)=0.9998 | Pairs saved: 42231 | Unique improved: 10873/10873
  [restart 4 | 10704 samples] AP (w/ proxies, last 1008 samples)=0.9997 | Pairs saved: 43237 | Unique improved: 10873/10873

--- Restart 5/5 ---
  [restart 5 | 832 samples] AP (w/ proxies, last 1001 samples)=0.9998 | Pairs saved: 44236 | Unique improved: 10873/10873
  [restart 5 | 1840 samples] AP (w/ proxies, last 1008 samples)=0.9994 | Pairs saved: 45242 | Unique improved: 10873/10873
  [restart 5 | 2848 samples] AP (w/ proxies, last 1008 samples)=0.9991 | Pairs saved: 46248 | Unique improved: 10873/10873
  [restart 5 | 3856 samples] AP (w/ proxies, last 1008 samples)=0.9996 | Pairs saved: 47254 | Unique improved: 10873/10873
  [restart 5 | 4864 samples] AP (w/ proxies, last 1008 samples)=1.0000 | Pairs saved: 48259 | Unique improved: 10873/10873
  [restart 5 | 5872 samples] AP (w/ proxies, last 1008 samples)=1.0000 | Pairs saved: 49262 | Unique improved: 10873/10873
  [restart 5 | 6880 samples] AP (w/ proxies, last 1008 samples)=0.9996 | Pairs saved: 50269 | Unique improved: 10873/10873
  [restart 5 | 7888 samples] AP (w/ proxies, last 1008 samples)=1.0000 | Pairs saved: 51276 | Unique improved: 10873/10873
  [restart 5 | 8896 samples] AP (w/ proxies, last 1008 samples)=0.9997 | Pairs saved: 52280 | Unique improved: 10873/10873
  [restart 5 | 9904 samples] AP (w/ proxies, last 1008 samples)=1.0000 | Pairs saved: 53288 | Unique improved: 10873/10873

Filtering by composite score outliers...
  Composite mean=0.307359 std=0.035782 threshold=0.414707
  Filtered: 54252 -> 54195 pairs (57 removed)

Stage 2 done. Saved 54195 pairs (10873 unique graphs) -> checkpoints_staged_novelty_vanilla_3/proxy_pairs.pkl

============================================================
STAGE 3: Train Generator (flow_matching)
  Backbone: vanilla_gt
============================================================
  Training on 10873 proxy-paired graphs
  Generator parameters: 13,134,848
Epoch   1/500 [60.1s mem=893MB] | gen_loss=4.1480 | val_AP=0.6280 val_loss=0.3607 | test_AP=0.6008
  -> New best metrics: gen_loss=4.1480 val_loss=0.3607 val_AP=0.6280
Epoch   2/500 [45.4s mem=893MB] | gen_loss=3.9252 | val_AP=0.6265 val_loss=0.3587 | test_AP=0.6016
  -> New best metrics: gen_loss=3.9252 val_loss=0.3587 val_AP=0.6280
Epoch   3/500 [45.6s mem=893MB] | gen_loss=3.7236 | val_AP=0.6272 val_loss=0.3575 | test_AP=0.6015
  -> New best metrics: gen_loss=3.7236 val_loss=0.3575 val_AP=0.6280
Epoch   4/500 [46.1s mem=892MB] | gen_loss=3.4831 | val_AP=0.6279 val_loss=0.3592 | test_AP=0.6018
  -> New best metrics: gen_loss=3.4831 val_loss=0.3575 val_AP=0.6280
Epoch   5/500 [46.3s mem=892MB] | gen_loss=3.1980 | val_AP=0.6304 val_loss=0.3567 | test_AP=0.6016
  -> New best metrics: gen_loss=3.1980 val_loss=0.3567 val_AP=0.6304
Epoch   6/500 [47.5s mem=893MB] | gen_loss=2.9050 | val_AP=0.6308 val_loss=0.3555 | test_AP=0.6013
  -> New best metrics: gen_loss=2.9050 val_loss=0.3555 val_AP=0.6308
Epoch   7/500 [45.4s mem=892MB] | gen_loss=2.6863 | val_AP=0.6289 val_loss=0.3556 | test_AP=0.6018
  -> New best metrics: gen_loss=2.6863 val_loss=0.3555 val_AP=0.6308
Epoch   8/500 [46.9s mem=893MB] | gen_loss=2.5804 | val_AP=0.6278 val_loss=0.3542 | test_AP=0.6016
  -> New best metrics: gen_loss=2.5804 val_loss=0.3542 val_AP=0.6308
Epoch   9/500 [45.7s mem=893MB] | gen_loss=2.5259 | val_AP=0.6283 val_loss=0.3541 | test_AP=0.6010
  -> New best metrics: gen_loss=2.5259 val_loss=0.3541 val_AP=0.6308
Epoch  10/500 [46.2s mem=893MB] | gen_loss=2.4802 | val_AP=0.6297 val_loss=0.3530 | test_AP=0.6016
  -> New best metrics: gen_loss=2.4802 val_loss=0.3530 val_AP=0.6308
Epoch  11/500 [45.6s mem=892MB] | gen_loss=2.4393 | val_AP=0.6289 val_loss=0.3536 | test_AP=0.6006
  -> New best metrics: gen_loss=2.4393 val_loss=0.3530 val_AP=0.6308
Epoch  12/500 [47.4s mem=892MB] | gen_loss=2.4028 | val_AP=0.6288 val_loss=0.3546 | test_AP=0.6001
  -> New best metrics: gen_loss=2.4028 val_loss=0.3530 val_AP=0.6308
Epoch  13/500 [44.3s mem=893MB] | gen_loss=2.3714 | val_AP=0.6289 val_loss=0.3534 | test_AP=0.6013
  -> New best metrics: gen_loss=2.3714 val_loss=0.3530 val_AP=0.6308
Epoch  14/500 [46.7s mem=892MB] | gen_loss=2.3439 | val_AP=0.6300 val_loss=0.3532 | test_AP=0.6007
  -> New best metrics: gen_loss=2.3439 val_loss=0.3530 val_AP=0.6308
Epoch  15/500 [47.7s mem=893MB] | gen_loss=2.3206 | val_AP=0.6300 val_loss=0.3534 | test_AP=0.6002
  -> New best metrics: gen_loss=2.3206 val_loss=0.3530 val_AP=0.6308
Epoch  16/500 [47.3s mem=892MB] | gen_loss=2.2968 | val_AP=0.6288 val_loss=0.3525 | test_AP=0.6006
  -> New best metrics: gen_loss=2.2968 val_loss=0.3525 val_AP=0.6308
Epoch  17/500 [45.7s mem=892MB] | gen_loss=2.2767 | val_AP=0.6290 val_loss=0.3506 | test_AP=0.6010
  -> New best metrics: gen_loss=2.2767 val_loss=0.3506 val_AP=0.6308
Epoch  18/500 [47.6s mem=893MB] | gen_loss=2.2567 | val_AP=0.6274 val_loss=0.3523 | test_AP=0.6017
  -> New best metrics: gen_loss=2.2567 val_loss=0.3506 val_AP=0.6308
Epoch  19/500 [47.0s mem=892MB] | gen_loss=2.2475 | val_AP=0.6285 val_loss=0.3528 | test_AP=0.6006
  -> New best metrics: gen_loss=2.2475 val_loss=0.3506 val_AP=0.6308
Epoch  20/500 [46.7s mem=892MB] | gen_loss=2.2311 | val_AP=0.6287 val_loss=0.3522 | test_AP=0.6007
  -> New best metrics: gen_loss=2.2311 val_loss=0.3506 val_AP=0.6308
Epoch  21/500 [45.2s mem=893MB] | gen_loss=2.2201 | val_AP=0.6279 val_loss=0.3525 | test_AP=0.6000
  -> New best metrics: gen_loss=2.2201 val_loss=0.3506 val_AP=0.6308
Epoch  22/500 [46.7s mem=893MB] | gen_loss=2.2110 | val_AP=0.6282 val_loss=0.3525 | test_AP=0.5987
  -> New best metrics: gen_loss=2.2110 val_loss=0.3506 val_AP=0.6308
Epoch  23/500 [46.4s mem=893MB] | gen_loss=2.2022 | val_AP=0.6287 val_loss=0.3520 | test_AP=0.5986
  -> New best metrics: gen_loss=2.2022 val_loss=0.3506 val_AP=0.6308
Epoch  24/500 [47.3s mem=893MB] | gen_loss=2.1944 | val_AP=0.6277 val_loss=0.3523 | test_AP=0.6000
  -> New best metrics: gen_loss=2.1944 val_loss=0.3506 val_AP=0.6308
Epoch  25/500 [46.6s mem=892MB] | gen_loss=2.1882 | val_AP=0.6273 val_loss=0.3535 | test_AP=0.5993
  -> New best metrics: gen_loss=2.1882 val_loss=0.3506 val_AP=0.6308
Epoch  26/500 [47.5s mem=892MB] | gen_loss=2.1827 | val_AP=0.6274 val_loss=0.3527 | test_AP=0.5993
  -> New best metrics: gen_loss=2.1827 val_loss=0.3506 val_AP=0.6308
Epoch  27/500 [47.0s mem=893MB] | gen_loss=2.1773 | val_AP=0.6262 val_loss=0.3551 | test_AP=0.5983
  -> New best metrics: gen_loss=2.1773 val_loss=0.3506 val_AP=0.6308
Epoch  28/500 [47.6s mem=892MB] | gen_loss=2.1687 | val_AP=0.6289 val_loss=0.3539 | test_AP=0.5985
  -> New best metrics: gen_loss=2.1687 val_loss=0.3506 val_AP=0.6308
Epoch  29/500 [46.9s mem=892MB] | gen_loss=2.1678 | val_AP=0.6280 val_loss=0.3512 | test_AP=0.5990
  -> New best metrics: gen_loss=2.1678 val_loss=0.3506 val_AP=0.6308
Epoch  30/500 [46.9s mem=893MB] | gen_loss=2.1646 | val_AP=0.6268 val_loss=0.3522 | test_AP=0.6009
  -> New best metrics: gen_loss=2.1646 val_loss=0.3506 val_AP=0.6308
Epoch  31/500 [47.2s mem=892MB] | gen_loss=2.1537 | val_AP=0.6300 val_loss=0.3526 | test_AP=0.6003
  -> New best metrics: gen_loss=2.1537 val_loss=0.3506 val_AP=0.6308
Epoch  32/500 [46.0s mem=892MB] | gen_loss=2.1536 | val_AP=0.6294 val_loss=0.3544 | test_AP=0.6001
  -> New best metrics: gen_loss=2.1536 val_loss=0.3506 val_AP=0.6308
Epoch  33/500 [48.1s mem=893MB] | gen_loss=2.1461 | val_AP=0.6269 val_loss=0.3518 | test_AP=0.6002
  -> New best metrics: gen_loss=2.1461 val_loss=0.3506 val_AP=0.6308
Epoch  34/500 [47.7s mem=893MB] | gen_loss=2.1489 | val_AP=0.6272 val_loss=0.3525 | test_AP=0.5988
Epoch  35/500 [47.2s mem=893MB] | gen_loss=2.1431 | val_AP=0.6257 val_loss=0.3553 | test_AP=0.5998
  -> New best metrics: gen_loss=2.1431 val_loss=0.3506 val_AP=0.6308
Epoch  36/500 [46.9s mem=893MB] | gen_loss=2.1450 | val_AP=0.6264 val_loss=0.3519 | test_AP=0.5995
Epoch  37/500 [46.7s mem=893MB] | gen_loss=2.1373 | val_AP=0.6277 val_loss=0.3543 | test_AP=0.6013
  -> New best metrics: gen_loss=2.1373 val_loss=0.3506 val_AP=0.6308
Epoch  38/500 [45.3s mem=893MB] | gen_loss=2.1402 | val_AP=0.6264 val_loss=0.3537 | test_AP=0.6001
Epoch  39/500 [45.6s mem=892MB] | gen_loss=2.1365 | val_AP=0.6288 val_loss=0.3501 | test_AP=0.5999
  -> New best metrics: gen_loss=2.1365 val_loss=0.3501 val_AP=0.6308
Epoch  40/500 [47.5s mem=892MB] | gen_loss=2.1326 | val_AP=0.6266 val_loss=0.3523 | test_AP=0.5998
  -> New best metrics: gen_loss=2.1326 val_loss=0.3501 val_AP=0.6308
Epoch  41/500 [45.0s mem=892MB] | gen_loss=2.1285 | val_AP=0.6263 val_loss=0.3512 | test_AP=0.6003
  -> New best metrics: gen_loss=2.1285 val_loss=0.3501 val_AP=0.6308
Epoch  42/500 [44.6s mem=892MB] | gen_loss=2.1316 | val_AP=0.6283 val_loss=0.3524 | test_AP=0.6008
Epoch  43/500 [46.1s mem=892MB] | gen_loss=2.1319 | val_AP=0.6284 val_loss=0.3518 | test_AP=0.5990
Epoch  44/500 [47.7s mem=892MB] | gen_loss=2.1201 | val_AP=0.6261 val_loss=0.3527 | test_AP=0.5985
  -> New best metrics: gen_loss=2.1201 val_loss=0.3501 val_AP=0.6308
Epoch  45/500 [47.4s mem=892MB] | gen_loss=2.1252 | val_AP=0.6278 val_loss=0.3527 | test_AP=0.6002
Epoch  46/500 [46.3s mem=893MB] | gen_loss=2.1233 | val_AP=0.6260 val_loss=0.3535 | test_AP=0.6008
Epoch  47/500 [46.4s mem=892MB] | gen_loss=2.1230 | val_AP=0.6248 val_loss=0.3551 | test_AP=0.5992
Epoch  48/500 [46.5s mem=893MB] | gen_loss=2.1196 | val_AP=0.6265 val_loss=0.3520 | test_AP=0.5997
  -> New best metrics: gen_loss=2.1196 val_loss=0.3501 val_AP=0.6308
Epoch  49/500 [47.5s mem=893MB] | gen_loss=2.1174 | val_AP=0.6272 val_loss=0.3536 | test_AP=0.5989
  -> New best metrics: gen_loss=2.1174 val_loss=0.3501 val_AP=0.6308
Epoch  50/500 [47.7s mem=893MB] | gen_loss=2.1162 | val_AP=0.6269 val_loss=0.3536 | test_AP=0.6002
  -> New best metrics: gen_loss=2.1162 val_loss=0.3501 val_AP=0.6308
Epoch  51/500 [48.2s mem=892MB] | gen_loss=2.1204 | val_AP=0.6266 val_loss=0.3529 | test_AP=0.5986
Epoch  52/500 [45.8s mem=893MB] | gen_loss=2.1202 | val_AP=0.6255 val_loss=0.3542 | test_AP=0.5988
Epoch  53/500 [47.2s mem=892MB] | gen_loss=2.1188 | val_AP=0.6270 val_loss=0.3538 | test_AP=0.6010
Epoch  54/500 [48.0s mem=892MB] | gen_loss=2.1186 | val_AP=0.6249 val_loss=0.3546 | test_AP=0.5978
Epoch  55/500 [47.6s mem=892MB] | gen_loss=2.1181 | val_AP=0.6280 val_loss=0.3515 | test_AP=0.5988
Epoch  56/500 [45.5s mem=893MB] | gen_loss=2.1113 | val_AP=0.6278 val_loss=0.3530 | test_AP=0.5991
  -> New best metrics: gen_loss=2.1113 val_loss=0.3501 val_AP=0.6308
Epoch  57/500 [46.9s mem=892MB] | gen_loss=2.1181 | val_AP=0.6283 val_loss=0.3515 | test_AP=0.5988
Epoch  58/500 [46.3s mem=893MB] | gen_loss=2.1160 | val_AP=0.6271 val_loss=0.3529 | test_AP=0.5995
Epoch  59/500 [47.1s mem=893MB] | gen_loss=2.1059 | val_AP=0.6263 val_loss=0.3552 | test_AP=0.5979
  -> New best metrics: gen_loss=2.1059 val_loss=0.3501 val_AP=0.6308
Epoch  60/500 [48.2s mem=892MB] | gen_loss=2.1134 | val_AP=0.6263 val_loss=0.3548 | test_AP=0.5997
Epoch  61/500 [47.5s mem=893MB] | gen_loss=2.1055 | val_AP=0.6260 val_loss=0.3547 | test_AP=0.5999
  -> New best metrics: gen_loss=2.1055 val_loss=0.3501 val_AP=0.6308
Epoch  62/500 [45.6s mem=893MB] | gen_loss=2.1082 | val_AP=0.6251 val_loss=0.3557 | test_AP=0.5994
Epoch  63/500 [46.8s mem=892MB] | gen_loss=2.1115 | val_AP=0.6256 val_loss=0.3549 | test_AP=0.6020
Epoch  64/500 [50.2s mem=893MB] | gen_loss=2.1122 | val_AP=0.6261 val_loss=0.3541 | test_AP=0.5979
Epoch  65/500 [45.0s mem=892MB] | gen_loss=2.1080 | val_AP=0.6276 val_loss=0.3538 | test_AP=0.5996
Epoch  66/500 [46.7s mem=892MB] | gen_loss=2.1072 | val_AP=0.6251 val_loss=0.3552 | test_AP=0.5996
Epoch  67/500 [49.4s mem=892MB] | gen_loss=2.1109 | val_AP=0.6254 val_loss=0.3553 | test_AP=0.5985
Epoch  68/500 [47.5s mem=893MB] | gen_loss=2.1067 | val_AP=0.6259 val_loss=0.3553 | test_AP=0.5999
Epoch  69/500 [47.3s mem=893MB] | gen_loss=2.1064 | val_AP=0.6258 val_loss=0.3525 | test_AP=0.6009
Epoch  70/500 [48.6s mem=892MB] | gen_loss=2.1015 | val_AP=0.6282 val_loss=0.3517 | test_AP=0.6005
  -> New best metrics: gen_loss=2.1015 val_loss=0.3501 val_AP=0.6308
Epoch  71/500 [48.7s mem=893MB] | gen_loss=2.1037 | val_AP=0.6297 val_loss=0.3550 | test_AP=0.6001
Epoch  72/500 [47.8s mem=892MB] | gen_loss=2.1094 | val_AP=0.6262 val_loss=0.3544 | test_AP=0.5984
Epoch  73/500 [50.9s mem=892MB] | gen_loss=2.1005 | val_AP=0.6282 val_loss=0.3522 | test_AP=0.5994
  -> New best metrics: gen_loss=2.1005 val_loss=0.3501 val_AP=0.6308
Epoch  74/500 [50.5s mem=892MB] | gen_loss=2.0996 | val_AP=0.6262 val_loss=0.3548 | test_AP=0.6001
  -> New best metrics: gen_loss=2.0996 val_loss=0.3501 val_AP=0.6308
Epoch  75/500 [47.5s mem=892MB] | gen_loss=2.0998 | val_AP=0.6265 val_loss=0.3526 | test_AP=0.6022
Epoch  76/500 [45.4s mem=893MB] | gen_loss=2.1048 | val_AP=0.6265 val_loss=0.3537 | test_AP=0.5987
Epoch  77/500 [48.1s mem=892MB] | gen_loss=2.1022 | val_AP=0.6238 val_loss=0.3536 | test_AP=0.5972
Epoch  78/500 [49.0s mem=892MB] | gen_loss=2.1083 | val_AP=0.6279 val_loss=0.3534 | test_AP=0.6003
Epoch  79/500 [47.8s mem=893MB] | gen_loss=2.0997 | val_AP=0.6283 val_loss=0.3525 | test_AP=0.5985
Epoch  80/500 [46.5s mem=892MB] | gen_loss=2.1022 | val_AP=0.6271 val_loss=0.3557 | test_AP=0.5982
Epoch  81/500 [47.6s mem=893MB] | gen_loss=2.0974 | val_AP=0.6299 val_loss=0.3523 | test_AP=0.5992
  -> New best metrics: gen_loss=2.0974 val_loss=0.3501 val_AP=0.6308
Epoch  82/500 [47.3s mem=892MB] | gen_loss=2.1013 | val_AP=0.6276 val_loss=0.3533 | test_AP=0.5991
Epoch  83/500 [46.6s mem=892MB] | gen_loss=2.1005 | val_AP=0.6282 val_loss=0.3540 | test_AP=0.6025
Epoch  84/500 [45.0s mem=893MB] | gen_loss=2.0993 | val_AP=0.6250 val_loss=0.3560 | test_AP=0.6007
Epoch  85/500 [45.8s mem=892MB] | gen_loss=2.0960 | val_AP=0.6261 val_loss=0.3551 | test_AP=0.6001
  -> New best metrics: gen_loss=2.0960 val_loss=0.3501 val_AP=0.6308
Epoch  86/500 [47.3s mem=892MB] | gen_loss=2.0973 | val_AP=0.6266 val_loss=0.3565 | test_AP=0.5986
Epoch  87/500 [48.1s mem=893MB] | gen_loss=2.0982 | val_AP=0.6287 val_loss=0.3545 | test_AP=0.6003
Epoch  88/500 [46.6s mem=892MB] | gen_loss=2.1082 | val_AP=0.6241 val_loss=0.3558 | test_AP=0.5974
Epoch  89/500 [48.2s mem=893MB] | gen_loss=2.0977 | val_AP=0.6281 val_loss=0.3546 | test_AP=0.5971
Epoch  90/500 [46.7s mem=893MB] | gen_loss=2.0938 | val_AP=0.6246 val_loss=0.3560 | test_AP=0.5987
  -> New best metrics: gen_loss=2.0938 val_loss=0.3501 val_AP=0.6308
Epoch  91/500 [46.2s mem=893MB] | gen_loss=2.0955 | val_AP=0.6270 val_loss=0.3539 | test_AP=0.5996
Epoch  92/500 [48.0s mem=892MB] | gen_loss=2.0930 | val_AP=0.6285 val_loss=0.3545 | test_AP=0.5968
  -> New best metrics: gen_loss=2.0930 val_loss=0.3501 val_AP=0.6308
Epoch  93/500 [48.5s mem=893MB] | gen_loss=2.0945 | val_AP=0.6243 val_loss=0.3561 | test_AP=0.5986
Epoch  94/500 [47.7s mem=892MB] | gen_loss=2.0980 | val_AP=0.6254 val_loss=0.3536 | test_AP=0.5985
Epoch  95/500 [47.0s mem=892MB] | gen_loss=2.0994 | val_AP=0.6263 val_loss=0.3535 | test_AP=0.5979
Epoch  96/500 [46.8s mem=893MB] | gen_loss=2.0932 | val_AP=0.6284 val_loss=0.3538 | test_AP=0.5994
Epoch  97/500 [47.4s mem=892MB] | gen_loss=2.0943 | val_AP=0.6246 val_loss=0.3550 | test_AP=0.5992
Epoch  98/500 [46.5s mem=893MB] | gen_loss=2.0910 | val_AP=0.6259 val_loss=0.3552 | test_AP=0.6004
  -> New best metrics: gen_loss=2.0910 val_loss=0.3501 val_AP=0.6308
Epoch  99/500 [47.8s mem=893MB] | gen_loss=2.0900 | val_AP=0.6276 val_loss=0.3554 | test_AP=0.5977
  -> New best metrics: gen_loss=2.0900 val_loss=0.3501 val_AP=0.6308
Epoch 100/500 [45.5s mem=893MB] | gen_loss=2.0880 | val_AP=0.6252 val_loss=0.3551 | test_AP=0.5964
  -> New best metrics: gen_loss=2.0880 val_loss=0.3501 val_AP=0.6308
Epoch 101/500 [47.6s mem=893MB] | gen_loss=2.0954 | val_AP=0.6268 val_loss=0.3554 | test_AP=0.5968
Epoch 102/500 [49.7s mem=892MB] | gen_loss=2.0958 | val_AP=0.6283 val_loss=0.3542 | test_AP=0.6006
Epoch 103/500 [46.6s mem=892MB] | gen_loss=2.0944 | val_AP=0.6246 val_loss=0.3541 | test_AP=0.5993
Epoch 104/500 [46.1s mem=892MB] | gen_loss=2.0946 | val_AP=0.6262 val_loss=0.3556 | test_AP=0.6006
Epoch 105/500 [49.9s mem=893MB] | gen_loss=2.0925 | val_AP=0.6257 val_loss=0.3579 | test_AP=0.5985
Epoch 106/500 [48.7s mem=892MB] | gen_loss=2.0929 | val_AP=0.6251 val_loss=0.3565 | test_AP=0.5988
Epoch 107/500 [46.2s mem=893MB] | gen_loss=2.0857 | val_AP=0.6264 val_loss=0.3533 | test_AP=0.5992
  -> New best metrics: gen_loss=2.0857 val_loss=0.3501 val_AP=0.6308
Epoch 108/500 [47.2s mem=893MB] | gen_loss=2.0915 | val_AP=0.6276 val_loss=0.3544 | test_AP=0.5987
Epoch 109/500 [46.1s mem=892MB] | gen_loss=2.0900 | val_AP=0.6250 val_loss=0.3546 | test_AP=0.5992
Epoch 110/500 [47.7s mem=892MB] | gen_loss=2.0902 | val_AP=0.6267 val_loss=0.3550 | test_AP=0.5989
Epoch 111/500 [46.7s mem=893MB] | gen_loss=2.0923 | val_AP=0.6262 val_loss=0.3541 | test_AP=0.5982
Epoch 112/500 [47.6s mem=893MB] | gen_loss=2.0931 | val_AP=0.6271 val_loss=0.3536 | test_AP=0.5984
Epoch 113/500 [47.5s mem=892MB] | gen_loss=2.0892 | val_AP=0.6275 val_loss=0.3549 | test_AP=0.5994
Epoch 114/500 [47.1s mem=892MB] | gen_loss=2.0872 | val_AP=0.6297 val_loss=0.3544 | test_AP=0.5992
Epoch 115/500 [46.8s mem=892MB] | gen_loss=2.0901 | val_AP=0.6248 val_loss=0.3574 | test_AP=0.5989
Epoch 116/500 [47.5s mem=893MB] | gen_loss=2.0881 | val_AP=0.6263 val_loss=0.3553 | test_AP=0.5986
Epoch 117/500 [46.1s mem=894MB] | gen_loss=2.0943 | val_AP=0.6244 val_loss=0.3575 | test_AP=0.5982
Epoch 118/500 [46.2s mem=892MB] | gen_loss=2.0830 | val_AP=0.6257 val_loss=0.3575 | test_AP=0.5975
  -> New best metrics: gen_loss=2.0830 val_loss=0.3501 val_AP=0.6308
Epoch 119/500 [49.7s mem=892MB] | gen_loss=2.0854 | val_AP=0.6272 val_loss=0.3552 | test_AP=0.5968
Epoch 120/500 [46.6s mem=892MB] | gen_loss=2.0899 | val_AP=0.6270 val_loss=0.3567 | test_AP=0.5972
Epoch 121/500 [47.9s mem=892MB] | gen_loss=2.0817 | val_AP=0.6277 val_loss=0.3542 | test_AP=0.5973
  -> New best metrics: gen_loss=2.0817 val_loss=0.3501 val_AP=0.6308
Epoch 122/500 [48.2s mem=893MB] | gen_loss=2.0839 | val_AP=0.6259 val_loss=0.3562 | test_AP=0.5978
Epoch 123/500 [46.1s mem=893MB] | gen_loss=2.0857 | val_AP=0.6278 val_loss=0.3540 | test_AP=0.5981
Epoch 124/500 [46.2s mem=892MB] | gen_loss=2.0860 | val_AP=0.6248 val_loss=0.3537 | test_AP=0.5989
Epoch 125/500 [46.1s mem=892MB] | gen_loss=2.0835 | val_AP=0.6278 val_loss=0.3541 | test_AP=0.5968
Epoch 126/500 [46.5s mem=892MB] | gen_loss=2.0873 | val_AP=0.6267 val_loss=0.3554 | test_AP=0.5999
Epoch 127/500 [46.4s mem=892MB] | gen_loss=2.0952 | val_AP=0.6254 val_loss=0.3568 | test_AP=0.5993
Epoch 128/500 [47.3s mem=893MB] | gen_loss=2.0862 | val_AP=0.6249 val_loss=0.3573 | test_AP=0.5999
Epoch 129/500 [45.2s mem=892MB] | gen_loss=2.0828 | val_AP=0.6261 val_loss=0.3527 | test_AP=0.5956
Epoch 130/500 [46.6s mem=893MB] | gen_loss=2.0783 | val_AP=0.6271 val_loss=0.3542 | test_AP=0.5974
  -> New best metrics: gen_loss=2.0783 val_loss=0.3501 val_AP=0.6308
Epoch 131/500 [46.7s mem=893MB] | gen_loss=2.0870 | val_AP=0.6264 val_loss=0.3542 | test_AP=0.5998
Epoch 132/500 [47.8s mem=892MB] | gen_loss=2.0837 | val_AP=0.6285 val_loss=0.3537 | test_AP=0.5991
Epoch 133/500 [46.8s mem=892MB] | gen_loss=2.0809 | val_AP=0.6252 val_loss=0.3558 | test_AP=0.5967
Epoch 134/500 [45.1s mem=892MB] | gen_loss=2.0840 | val_AP=0.6261 val_loss=0.3567 | test_AP=0.5971
Epoch 135/500 [46.7s mem=893MB] | gen_loss=2.0863 | val_AP=0.6265 val_loss=0.3546 | test_AP=0.5990
Epoch 136/500 [48.1s mem=892MB] | gen_loss=2.0807 | val_AP=0.6247 val_loss=0.3582 | test_AP=0.5989
Epoch 137/500 [46.6s mem=892MB] | gen_loss=2.0820 | val_AP=0.6253 val_loss=0.3562 | test_AP=0.5980
Epoch 138/500 [48.0s mem=892MB] | gen_loss=2.0754 | val_AP=0.6252 val_loss=0.3568 | test_AP=0.5954
  -> New best metrics: gen_loss=2.0754 val_loss=0.3501 val_AP=0.6308
Epoch 139/500 [47.7s mem=892MB] | gen_loss=2.0837 | val_AP=0.6256 val_loss=0.3554 | test_AP=0.5982
Epoch 140/500 [46.6s mem=892MB] | gen_loss=2.0799 | val_AP=0.6265 val_loss=0.3558 | test_AP=0.5956
Epoch 141/500 [47.7s mem=893MB] | gen_loss=2.0849 | val_AP=0.6266 val_loss=0.3545 | test_AP=0.5982
Epoch 142/500 [48.4s mem=893MB] | gen_loss=2.0841 | val_AP=0.6252 val_loss=0.3563 | test_AP=0.5988
Epoch 143/500 [46.9s mem=892MB] | gen_loss=2.0798 | val_AP=0.6250 val_loss=0.3542 | test_AP=0.5991
Epoch 144/500 [46.3s mem=892MB] | gen_loss=2.0827 | val_AP=0.6256 val_loss=0.3574 | test_AP=0.5976
Epoch 145/500 [47.7s mem=893MB] | gen_loss=2.0788 | val_AP=0.6273 val_loss=0.3550 | test_AP=0.5989
Epoch 146/500 [46.9s mem=892MB] | gen_loss=2.0841 | val_AP=0.6250 val_loss=0.3550 | test_AP=0.5978
Epoch 147/500 [47.2s mem=893MB] | gen_loss=2.0782 | val_AP=0.6267 val_loss=0.3566 | test_AP=0.5974
Epoch 148/500 [47.6s mem=892MB] | gen_loss=2.0851 | val_AP=0.6265 val_loss=0.3567 | test_AP=0.6003
Epoch 149/500 [47.0s mem=892MB] | gen_loss=2.0773 | val_AP=0.6271 val_loss=0.3541 | test_AP=0.5994
Epoch 150/500 [46.1s mem=893MB] | gen_loss=2.0780 | val_AP=0.6256 val_loss=0.3538 | test_AP=0.5967
Epoch 151/500 [46.8s mem=893MB] | gen_loss=2.0790 | val_AP=0.6253 val_loss=0.3560 | test_AP=0.5981
Epoch 152/500 [46.6s mem=893MB] | gen_loss=2.0831 | val_AP=0.6256 val_loss=0.3551 | test_AP=0.5983
Epoch 153/500 [47.0s mem=892MB] | gen_loss=2.0820 | val_AP=0.6262 val_loss=0.3546 | test_AP=0.5969
Epoch 154/500 [47.0s mem=892MB] | gen_loss=2.0800 | val_AP=0.6238 val_loss=0.3544 | test_AP=0.6017
Epoch 155/500 [47.9s mem=892MB] | gen_loss=2.0794 | val_AP=0.6261 val_loss=0.3543 | test_AP=0.5975
Epoch 156/500 [47.2s mem=893MB] | gen_loss=2.0809 | val_AP=0.6278 val_loss=0.3539 | test_AP=0.5993
Epoch 157/500 [47.9s mem=893MB] | gen_loss=2.0743 | val_AP=0.6252 val_loss=0.3567 | test_AP=0.5980
  -> New best metrics: gen_loss=2.0743 val_loss=0.3501 val_AP=0.6308
Epoch 158/500 [45.9s mem=893MB] | gen_loss=2.0813 | val_AP=0.6273 val_loss=0.3547 | test_AP=0.5954
Epoch 159/500 [47.4s mem=892MB] | gen_loss=2.0856 | val_AP=0.6260 val_loss=0.3583 | test_AP=0.5978
Epoch 160/500 [45.2s mem=893MB] | gen_loss=2.0831 | val_AP=0.6235 val_loss=0.3555 | test_AP=0.5979
Epoch 161/500 [47.2s mem=892MB] | gen_loss=2.0832 | val_AP=0.6266 val_loss=0.3544 | test_AP=0.6000
Epoch 162/500 [47.9s mem=892MB] | gen_loss=2.0728 | val_AP=0.6251 val_loss=0.3573 | test_AP=0.5982
  -> New best metrics: gen_loss=2.0728 val_loss=0.3501 val_AP=0.6308
Epoch 163/500 [49.3s mem=892MB] | gen_loss=2.0824 | val_AP=0.6272 val_loss=0.3552 | test_AP=0.5974
Epoch 164/500 [47.0s mem=892MB] | gen_loss=2.0801 | val_AP=0.6284 val_loss=0.3542 | test_AP=0.5978
Epoch 165/500 [47.7s mem=893MB] | gen_loss=2.0820 | val_AP=0.6228 val_loss=0.3569 | test_AP=0.5956
Epoch 166/500 [47.6s mem=892MB] | gen_loss=2.0746 | val_AP=0.6223 val_loss=0.3609 | test_AP=0.5984
Epoch 167/500 [48.9s mem=892MB] | gen_loss=2.0747 | val_AP=0.6257 val_loss=0.3566 | test_AP=0.5968
Epoch 168/500 [49.2s mem=893MB] | gen_loss=2.0721 | val_AP=0.6244 val_loss=0.3570 | test_AP=0.5960
  -> New best metrics: gen_loss=2.0721 val_loss=0.3501 val_AP=0.6308
Epoch 169/500 [47.8s mem=892MB] | gen_loss=2.0775 | val_AP=0.6265 val_loss=0.3554 | test_AP=0.5984
Epoch 170/500 [45.8s mem=893MB] | gen_loss=2.0751 | val_AP=0.6251 val_loss=0.3565 | test_AP=0.5953
Epoch 171/500 [44.9s mem=893MB] | gen_loss=2.0745 | val_AP=0.6256 val_loss=0.3550 | test_AP=0.5972
Epoch 172/500 [48.7s mem=893MB] | gen_loss=2.0792 | val_AP=0.6242 val_loss=0.3589 | test_AP=0.5986
Epoch 173/500 [48.7s mem=893MB] | gen_loss=2.0790 | val_AP=0.6226 val_loss=0.3584 | test_AP=0.5960
Epoch 174/500 [46.8s mem=893MB] | gen_loss=2.0714 | val_AP=0.6242 val_loss=0.3562 | test_AP=0.5979
  -> New best metrics: gen_loss=2.0714 val_loss=0.3501 val_AP=0.6308
Epoch 175/500 [48.4s mem=891MB] | gen_loss=2.0790 | val_AP=0.6268 val_loss=0.3540 | test_AP=0.5951
Epoch 176/500 [48.5s mem=892MB] | gen_loss=2.0737 | val_AP=0.6262 val_loss=0.3570 | test_AP=0.5978
Epoch 177/500 [48.0s mem=893MB] | gen_loss=2.0762 | val_AP=0.6249 val_loss=0.3572 | test_AP=0.5976
Epoch 178/500 [47.9s mem=893MB] | gen_loss=2.0767 | val_AP=0.6235 val_loss=0.3577 | test_AP=0.5976
Epoch 179/500 [47.2s mem=893MB] | gen_loss=2.0778 | val_AP=0.6242 val_loss=0.3542 | test_AP=0.5975
Epoch 180/500 [47.4s mem=892MB] | gen_loss=2.0744 | val_AP=0.6264 val_loss=0.3562 | test_AP=0.5968
Epoch 181/500 [47.8s mem=892MB] | gen_loss=2.0747 | val_AP=0.6219 val_loss=0.3572 | test_AP=0.5971
Epoch 182/500 [48.8s mem=893MB] | gen_loss=2.0706 | val_AP=0.6237 val_loss=0.3565 | test_AP=0.5955
  -> New best metrics: gen_loss=2.0706 val_loss=0.3501 val_AP=0.6308
Epoch 183/500 [47.8s mem=893MB] | gen_loss=2.0728 | val_AP=0.6229 val_loss=0.3581 | test_AP=0.5948
Epoch 184/500 [47.3s mem=893MB] | gen_loss=2.0749 | val_AP=0.6280 val_loss=0.3564 | test_AP=0.5956
Epoch 185/500 [47.5s mem=892MB] | gen_loss=2.0758 | val_AP=0.6240 val_loss=0.3545 | test_AP=0.5986
Epoch 186/500 [47.9s mem=893MB] | gen_loss=2.0738 | val_AP=0.6263 val_loss=0.3527 | test_AP=0.5925
Epoch 187/500 [47.0s mem=893MB] | gen_loss=2.0746 | val_AP=0.6250 val_loss=0.3568 | test_AP=0.5977
Epoch 188/500 [47.2s mem=892MB] | gen_loss=2.0787 | val_AP=0.6262 val_loss=0.3549 | test_AP=0.5983
Epoch 189/500 [47.1s mem=892MB] | gen_loss=2.0778 | val_AP=0.6235 val_loss=0.3573 | test_AP=0.5977
Epoch 190/500 [46.3s mem=892MB] | gen_loss=2.0723 | val_AP=0.6259 val_loss=0.3575 | test_AP=0.5955
Epoch 191/500 [48.5s mem=893MB] | gen_loss=2.0772 | val_AP=0.6236 val_loss=0.3575 | test_AP=0.5995
Epoch 192/500 [48.0s mem=893MB] | gen_loss=2.0757 | val_AP=0.6215 val_loss=0.3568 | test_AP=0.5949
Epoch 193/500 [47.7s mem=893MB] | gen_loss=2.0786 | val_AP=0.6265 val_loss=0.3559 | test_AP=0.5972
Epoch 194/500 [49.1s mem=892MB] | gen_loss=2.0782 | val_AP=0.6236 val_loss=0.3568 | test_AP=0.5974
Epoch 195/500 [47.3s mem=893MB] | gen_loss=2.0676 | val_AP=0.6256 val_loss=0.3571 | test_AP=0.5982
  -> New best metrics: gen_loss=2.0676 val_loss=0.3501 val_AP=0.6308
Epoch 196/500 [47.2s mem=892MB] | gen_loss=2.0764 | val_AP=0.6281 val_loss=0.3566 | test_AP=0.5971
Epoch 197/500 [46.1s mem=893MB] | gen_loss=2.0733 | val_AP=0.6241 val_loss=0.3591 | test_AP=0.5978
Epoch 198/500 [48.1s mem=892MB] | gen_loss=2.0711 | val_AP=0.6206 val_loss=0.3586 | test_AP=0.5984
Epoch 199/500 [46.3s mem=894MB] | gen_loss=2.0709 | val_AP=0.6300 val_loss=0.3562 | test_AP=0.5953
Epoch 200/500 [46.5s mem=892MB] | gen_loss=2.0782 | val_AP=0.6264 val_loss=0.3543 | test_AP=0.5990
Epoch 201/500 [48.5s mem=892MB] | gen_loss=2.0730 | val_AP=0.6257 val_loss=0.3566 | test_AP=0.5997
Epoch 202/500 [48.5s mem=893MB] | gen_loss=2.0782 | val_AP=0.6223 val_loss=0.3577 | test_AP=0.5954
Epoch 203/500 [46.3s mem=893MB] | gen_loss=2.0720 | val_AP=0.6241 val_loss=0.3584 | test_AP=0.5953
Epoch 204/500 [47.6s mem=892MB] | gen_loss=2.0707 | val_AP=0.6261 val_loss=0.3561 | test_AP=0.5934
Epoch 205/500 [47.1s mem=892MB] | gen_loss=2.0739 | val_AP=0.6243 val_loss=0.3580 | test_AP=0.5977
Epoch 206/500 [46.7s mem=892MB] | gen_loss=2.0731 | val_AP=0.6241 val_loss=0.3551 | test_AP=0.5971
Epoch 207/500 [47.0s mem=892MB] | gen_loss=2.0712 | val_AP=0.6264 val_loss=0.3563 | test_AP=0.5940
Epoch 208/500 [47.9s mem=892MB] | gen_loss=2.0721 | val_AP=0.6243 val_loss=0.3566 | test_AP=0.5982
Epoch 209/500 [49.0s mem=892MB] | gen_loss=2.0708 | val_AP=0.6255 val_loss=0.3583 | test_AP=0.5964
Epoch 210/500 [47.2s mem=892MB] | gen_loss=2.0714 | val_AP=0.6276 val_loss=0.3563 | test_AP=0.5955
Epoch 211/500 [47.0s mem=892MB] | gen_loss=2.0751 | val_AP=0.6237 val_loss=0.3580 | test_AP=0.5951
Epoch 212/500 [49.6s mem=893MB] | gen_loss=2.0716 | val_AP=0.6250 val_loss=0.3553 | test_AP=0.5942
Epoch 213/500 [47.6s mem=893MB] | gen_loss=2.0785 | val_AP=0.6270 val_loss=0.3563 | test_AP=0.5962
Epoch 214/500 [47.1s mem=893MB] | gen_loss=2.0757 | val_AP=0.6235 val_loss=0.3560 | test_AP=0.5956
Epoch 215/500 [48.1s mem=893MB] | gen_loss=2.0695 | val_AP=0.6258 val_loss=0.3539 | test_AP=0.5969
Epoch 216/500 [47.7s mem=893MB] | gen_loss=2.0773 | val_AP=0.6241 val_loss=0.3565 | test_AP=0.5944
Epoch 217/500 [46.9s mem=893MB] | gen_loss=2.0709 | val_AP=0.6266 val_loss=0.3558 | test_AP=0.5978
Epoch 218/500 [48.1s mem=893MB] | gen_loss=2.0721 | val_AP=0.6257 val_loss=0.3587 | test_AP=0.5934
Epoch 219/500 [46.7s mem=893MB] | gen_loss=2.0697 | val_AP=0.6255 val_loss=0.3570 | test_AP=0.5972
Epoch 220/500 [46.9s mem=893MB] | gen_loss=2.0734 | val_AP=0.6281 val_loss=0.3545 | test_AP=0.5980
Epoch 221/500 [46.8s mem=893MB] | gen_loss=2.0687 | val_AP=0.6240 val_loss=0.3568 | test_AP=0.6002
Epoch 222/500 [47.3s mem=893MB] | gen_loss=2.0737 | val_AP=0.6258 val_loss=0.3577 | test_AP=0.5957
Epoch 223/500 [46.8s mem=893MB] | gen_loss=2.0679 | val_AP=0.6247 val_loss=0.3568 | test_AP=0.5962
Epoch 224/500 [46.0s mem=892MB] | gen_loss=2.0722 | val_AP=0.6254 val_loss=0.3575 | test_AP=0.5959
Epoch 225/500 [46.8s mem=892MB] | gen_loss=2.0708 | val_AP=0.6245 val_loss=0.3567 | test_AP=0.5970
Epoch 226/500 [47.7s mem=892MB] | gen_loss=2.0699 | val_AP=0.6243 val_loss=0.3569 | test_AP=0.5973
Epoch 227/500 [47.2s mem=893MB] | gen_loss=2.0696 | val_AP=0.6259 val_loss=0.3560 | test_AP=0.5960
Epoch 228/500 [52.6s mem=892MB] | gen_loss=2.0686 | val_AP=0.6233 val_loss=0.3574 | test_AP=0.5980
Epoch 229/500 [52.6s mem=893MB] | gen_loss=2.0669 | val_AP=0.6275 val_loss=0.3564 | test_AP=0.5967
  -> New best metrics: gen_loss=2.0669 val_loss=0.3501 val_AP=0.6308
Epoch 230/500 [55.1s mem=892MB] | gen_loss=2.0703 | val_AP=0.6257 val_loss=0.3587 | test_AP=0.5986
Epoch 231/500 [49.9s mem=892MB] | gen_loss=2.0713 | val_AP=0.6229 val_loss=0.3582 | test_AP=0.5970
Epoch 232/500 [50.7s mem=893MB] | gen_loss=2.0697 | val_AP=0.6241 val_loss=0.3558 | test_AP=0.5963
Epoch 233/500 [50.4s mem=893MB] | gen_loss=2.0665 | val_AP=0.6247 val_loss=0.3573 | test_AP=0.5959
  -> New best metrics: gen_loss=2.0665 val_loss=0.3501 val_AP=0.6308
Epoch 234/500 [48.4s mem=892MB] | gen_loss=2.0690 | val_AP=0.6259 val_loss=0.3550 | test_AP=0.5972
Epoch 235/500 [48.9s mem=892MB] | gen_loss=2.0676 | val_AP=0.6276 val_loss=0.3554 | test_AP=0.6001
Epoch 236/500 [47.7s mem=892MB] | gen_loss=2.0727 | val_AP=0.6304 val_loss=0.3520 | test_AP=0.5976
Epoch 237/500 [51.4s mem=892MB] | gen_loss=2.0730 | val_AP=0.6237 val_loss=0.3563 | test_AP=0.5938
Epoch 238/500 [48.1s mem=893MB] | gen_loss=2.0715 | val_AP=0.6262 val_loss=0.3538 | test_AP=0.5983
Epoch 239/500 [46.7s mem=892MB] | gen_loss=2.0744 | val_AP=0.6242 val_loss=0.3602 | test_AP=0.5976
Epoch 240/500 [46.4s mem=892MB] | gen_loss=2.0699 | val_AP=0.6235 val_loss=0.3587 | test_AP=0.5979
Epoch 241/500 [46.9s mem=893MB] | gen_loss=2.0694 | val_AP=0.6282 val_loss=0.3557 | test_AP=0.5973
Epoch 242/500 [48.3s mem=893MB] | gen_loss=2.0719 | val_AP=0.6249 val_loss=0.3588 | test_AP=0.5966
Epoch 243/500 [47.3s mem=892MB] | gen_loss=2.0650 | val_AP=0.6233 val_loss=0.3586 | test_AP=0.5962
  -> New best metrics: gen_loss=2.0650 val_loss=0.3501 val_AP=0.6308
Epoch 244/500 [47.2s mem=892MB] | gen_loss=2.0685 | val_AP=0.6265 val_loss=0.3554 | test_AP=0.5962
Epoch 245/500 [48.4s mem=892MB] | gen_loss=2.0703 | val_AP=0.6231 val_loss=0.3545 | test_AP=0.5937
Epoch 246/500 [50.2s mem=893MB] | gen_loss=2.0718 | val_AP=0.6252 val_loss=0.3571 | test_AP=0.5943
Epoch 247/500 [47.9s mem=893MB] | gen_loss=2.0678 | val_AP=0.6243 val_loss=0.3556 | test_AP=0.5948
Epoch 248/500 [47.3s mem=893MB] | gen_loss=2.0655 | val_AP=0.6252 val_loss=0.3600 | test_AP=0.5964
Epoch 249/500 [48.1s mem=893MB] | gen_loss=2.0716 | val_AP=0.6199 val_loss=0.3606 | test_AP=0.5960
Epoch 250/500 [48.8s mem=893MB] | gen_loss=2.0677 | val_AP=0.6223 val_loss=0.3594 | test_AP=0.5954
Epoch 251/500 [48.6s mem=892MB] | gen_loss=2.0698 | val_AP=0.6230 val_loss=0.3555 | test_AP=0.5967
Epoch 252/500 [48.7s mem=892MB] | gen_loss=2.0690 | val_AP=0.6223 val_loss=0.3619 | test_AP=0.5974
Epoch 253/500 [48.0s mem=892MB] | gen_loss=2.0688 | val_AP=0.6228 val_loss=0.3577 | test_AP=0.5948
Epoch 254/500 [49.3s mem=893MB] | gen_loss=2.0690 | val_AP=0.6230 val_loss=0.3580 | test_AP=0.5989
Epoch 255/500 [55.4s mem=892MB] | gen_loss=2.0622 | val_AP=0.6251 val_loss=0.3551 | test_AP=0.5957
  -> New best metrics: gen_loss=2.0622 val_loss=0.3501 val_AP=0.6308
Epoch 256/500 [53.7s mem=892MB] | gen_loss=2.0708 | val_AP=0.6254 val_loss=0.3530 | test_AP=0.5975
Epoch 257/500 [51.9s mem=893MB] | gen_loss=2.0674 | val_AP=0.6204 val_loss=0.3596 | test_AP=0.5926
Epoch 258/500 [51.8s mem=892MB] | gen_loss=2.0690 | val_AP=0.6211 val_loss=0.3600 | test_AP=0.5915
Epoch 259/500 [58.7s mem=893MB] | gen_loss=2.0717 | val_AP=0.6261 val_loss=0.3573 | test_AP=0.5946
Epoch 260/500 [53.3s mem=892MB] | gen_loss=2.0654 | val_AP=0.6220 val_loss=0.3583 | test_AP=0.5955
Epoch 261/500 [55.8s mem=892MB] | gen_loss=2.0653 | val_AP=0.6251 val_loss=0.3550 | test_AP=0.5961
Epoch 262/500 [56.1s mem=892MB] | gen_loss=2.0685 | val_AP=0.6242 val_loss=0.3589 | test_AP=0.5977
Epoch 263/500 [53.5s mem=892MB] | gen_loss=2.0693 | val_AP=0.6219 val_loss=0.3581 | test_AP=0.5963
Epoch 264/500 [56.8s mem=893MB] | gen_loss=2.0704 | val_AP=0.6239 val_loss=0.3556 | test_AP=0.5985
Epoch 265/500 [54.1s mem=893MB] | gen_loss=2.0581 | val_AP=0.6236 val_loss=0.3597 | test_AP=0.5985
  -> New best metrics: gen_loss=2.0581 val_loss=0.3501 val_AP=0.6308
Epoch 266/500 [56.4s mem=892MB] | gen_loss=2.0693 | val_AP=0.6254 val_loss=0.3562 | test_AP=0.5946
Epoch 267/500 [54.0s mem=892MB] | gen_loss=2.0718 | val_AP=0.6223 val_loss=0.3568 | test_AP=0.5966
Epoch 268/500 [54.0s mem=894MB] | gen_loss=2.0672 | val_AP=0.6264 val_loss=0.3567 | test_AP=0.5959
Epoch 269/500 [53.1s mem=892MB] | gen_loss=2.0635 | val_AP=0.6221 val_loss=0.3606 | test_AP=0.5987
Epoch 270/500 [55.7s mem=893MB] | gen_loss=2.0679 | val_AP=0.6229 val_loss=0.3590 | test_AP=0.5964
Epoch 271/500 [50.7s mem=893MB] | gen_loss=2.0683 | val_AP=0.6232 val_loss=0.3589 | test_AP=0.5960
Epoch 272/500 [53.2s mem=893MB] | gen_loss=2.0679 | val_AP=0.6255 val_loss=0.3579 | test_AP=0.5966
Epoch 273/500 [57.0s mem=892MB] | gen_loss=2.0677 | val_AP=0.6225 val_loss=0.3605 | test_AP=0.5937
Epoch 274/500 [53.1s mem=893MB] | gen_loss=2.0652 | val_AP=0.6221 val_loss=0.3581 | test_AP=0.5913
Epoch 275/500 [50.8s mem=893MB] | gen_loss=2.0673 | val_AP=0.6235 val_loss=0.3600 | test_AP=0.5968
Epoch 276/500 [51.9s mem=893MB] | gen_loss=2.0649 | val_AP=0.6250 val_loss=0.3555 | test_AP=0.5924
Epoch 277/500 [51.2s mem=892MB] | gen_loss=2.0673 | val_AP=0.6223 val_loss=0.3631 | test_AP=0.5966
Epoch 278/500 [49.5s mem=892MB] | gen_loss=2.0669 | val_AP=0.6206 val_loss=0.3617 | test_AP=0.5962
Epoch 279/500 [47.9s mem=892MB] | gen_loss=2.0742 | val_AP=0.6209 val_loss=0.3588 | test_AP=0.5973
Epoch 280/500 [51.7s mem=892MB] | gen_loss=2.0687 | val_AP=0.6249 val_loss=0.3571 | test_AP=0.5929
Epoch 281/500 [51.7s mem=893MB] | gen_loss=2.0733 | val_AP=0.6249 val_loss=0.3574 | test_AP=0.5923
Epoch 282/500 [48.8s mem=893MB] | gen_loss=2.0681 | val_AP=0.6293 val_loss=0.3543 | test_AP=0.5939
Epoch 283/500 [48.1s mem=892MB] | gen_loss=2.0667 | val_AP=0.6246 val_loss=0.3559 | test_AP=0.5941
Epoch 284/500 [48.1s mem=893MB] | gen_loss=2.0646 | val_AP=0.6240 val_loss=0.3577 | test_AP=0.5991
Epoch 285/500 [48.7s mem=892MB] | gen_loss=2.0679 | val_AP=0.6264 val_loss=0.3571 | test_AP=0.5970
Epoch 286/500 [46.9s mem=892MB] | gen_loss=2.0682 | val_AP=0.6209 val_loss=0.3618 | test_AP=0.5921
Epoch 287/500 [48.7s mem=894MB] | gen_loss=2.0684 | val_AP=0.6257 val_loss=0.3575 | test_AP=0.5927
Epoch 288/500 [48.8s mem=893MB] | gen_loss=2.0713 | val_AP=0.6302 val_loss=0.3548 | test_AP=0.5977
Epoch 289/500 [50.3s mem=892MB] | gen_loss=2.0720 | val_AP=0.6218 val_loss=0.3582 | test_AP=0.5921
Epoch 290/500 [53.0s mem=892MB] | gen_loss=2.0658 | val_AP=0.6246 val_loss=0.3600 | test_AP=0.5948
Epoch 291/500 [54.1s mem=892MB] | gen_loss=2.0659 | val_AP=0.6209 val_loss=0.3565 | test_AP=0.5973
Epoch 292/500 [51.2s mem=892MB] | gen_loss=2.0703 | val_AP=0.6263 val_loss=0.3575 | test_AP=0.5917
Epoch 293/500 [51.1s mem=892MB] | gen_loss=2.0653 | val_AP=0.6237 val_loss=0.3582 | test_AP=0.5964
Epoch 294/500 [52.3s mem=893MB] | gen_loss=2.0689 | val_AP=0.6240 val_loss=0.3587 | test_AP=0.5971
Epoch 295/500 [54.3s mem=892MB] | gen_loss=2.0646 | val_AP=0.6248 val_loss=0.3602 | test_AP=0.5955
Epoch 296/500 [51.6s mem=892MB] | gen_loss=2.0677 | val_AP=0.6257 val_loss=0.3584 | test_AP=0.5952
Epoch 297/500 [55.8s mem=893MB] | gen_loss=2.0616 | val_AP=0.6223 val_loss=0.3595 | test_AP=0.5920
Epoch 298/500 [56.5s mem=893MB] | gen_loss=2.0649 | val_AP=0.6238 val_loss=0.3585 | test_AP=0.5941
Epoch 299/500 [55.1s mem=893MB] | gen_loss=2.0693 | val_AP=0.6244 val_loss=0.3582 | test_AP=0.5932
Epoch 300/500 [55.7s mem=892MB] | gen_loss=2.0621 | val_AP=0.6280 val_loss=0.3557 | test_AP=0.5911
Epoch 301/500 [54.8s mem=893MB] | gen_loss=2.0696 | val_AP=0.6237 val_loss=0.3588 | test_AP=0.5907
Epoch 302/500 [53.6s mem=892MB] | gen_loss=2.0657 | val_AP=0.6231 val_loss=0.3591 | test_AP=0.5920
Epoch 303/500 [55.6s mem=893MB] | gen_loss=2.0658 | val_AP=0.6226 val_loss=0.3589 | test_AP=0.5955
Epoch 304/500 [56.3s mem=892MB] | gen_loss=2.0610 | val_AP=0.6224 val_loss=0.3604 | test_AP=0.5968
Epoch 305/500 [56.0s mem=893MB] | gen_loss=2.0667 | val_AP=0.6225 val_loss=0.3605 | test_AP=0.5948
Epoch 306/500 [55.5s mem=893MB] | gen_loss=2.0637 | val_AP=0.6235 val_loss=0.3566 | test_AP=0.5933
Epoch 307/500 [55.3s mem=893MB] | gen_loss=2.0765 | val_AP=0.6238 val_loss=0.3581 | test_AP=0.5954
Epoch 308/500 [55.2s mem=892MB] | gen_loss=2.0660 | val_AP=0.6202 val_loss=0.3590 | test_AP=0.5946
Epoch 309/500 [54.0s mem=894MB] | gen_loss=2.0677 | val_AP=0.6241 val_loss=0.3587 | test_AP=0.5963
Epoch 310/500 [52.8s mem=894MB] | gen_loss=2.0626 | val_AP=0.6238 val_loss=0.3572 | test_AP=0.5941
Epoch 311/500 [54.8s mem=892MB] | gen_loss=2.0676 | val_AP=0.6251 val_loss=0.3571 | test_AP=0.5944
Epoch 312/500 [50.7s mem=893MB] | gen_loss=2.0665 | val_AP=0.6211 val_loss=0.3603 | test_AP=0.5969
Epoch 313/500 [55.1s mem=892MB] | gen_loss=2.0660 | val_AP=0.6210 val_loss=0.3570 | test_AP=0.5977
Epoch 314/500 [55.5s mem=892MB] | gen_loss=2.0672 | val_AP=0.6228 val_loss=0.3583 | test_AP=0.5921
Epoch 315/500 [55.5s mem=892MB] | gen_loss=2.0682 | val_AP=0.6279 val_loss=0.3594 | test_AP=0.5948
Epoch 316/500 [51.1s mem=892MB] | gen_loss=2.0640 | val_AP=0.6200 val_loss=0.3595 | test_AP=0.5936
Epoch 317/500 [48.4s mem=893MB] | gen_loss=2.0622 | val_AP=0.6226 val_loss=0.3575 | test_AP=0.5933
Epoch 318/500 [50.1s mem=893MB] | gen_loss=2.0654 | val_AP=0.6226 val_loss=0.3569 | test_AP=0.5957
Epoch 319/500 [49.8s mem=893MB] | gen_loss=2.0623 | val_AP=0.6263 val_loss=0.3557 | test_AP=0.5958
Epoch 320/500 [47.9s mem=892MB] | gen_loss=2.0671 | val_AP=0.6217 val_loss=0.3595 | test_AP=0.5934
Epoch 321/500 [48.1s mem=892MB] | gen_loss=2.0643 | val_AP=0.6206 val_loss=0.3604 | test_AP=0.5932
Epoch 322/500 [46.4s mem=893MB] | gen_loss=2.0606 | val_AP=0.6258 val_loss=0.3570 | test_AP=0.5972
Epoch 323/500 [51.2s mem=892MB] | gen_loss=2.0680 | val_AP=0.6260 val_loss=0.3547 | test_AP=0.5950
Epoch 324/500 [51.6s mem=893MB] | gen_loss=2.0640 | val_AP=0.6208 val_loss=0.3624 | test_AP=0.5941
Epoch 325/500 [53.8s mem=893MB] | gen_loss=2.0687 | val_AP=0.6257 val_loss=0.3584 | test_AP=0.5938
Epoch 326/500 [55.7s mem=892MB] | gen_loss=2.0653 | val_AP=0.6234 val_loss=0.3602 | test_AP=0.5944
Epoch 327/500 [52.0s mem=892MB] | gen_loss=2.0620 | val_AP=0.6225 val_loss=0.3591 | test_AP=0.5926
Epoch 328/500 [49.0s mem=894MB] | gen_loss=2.0641 | val_AP=0.6222 val_loss=0.3587 | test_AP=0.5967
Epoch 329/500 [52.6s mem=892MB] | gen_loss=2.0692 | val_AP=0.6202 val_loss=0.3614 | test_AP=0.5937
Epoch 330/500 [49.6s mem=892MB] | gen_loss=2.0687 | val_AP=0.6256 val_loss=0.3578 | test_AP=0.5926
Epoch 331/500 [48.5s mem=893MB] | gen_loss=2.0662 | val_AP=0.6200 val_loss=0.3628 | test_AP=0.5969
Epoch 332/500 [55.6s mem=893MB] | gen_loss=2.0645 | val_AP=0.6244 val_loss=0.3602 | test_AP=0.5911
Epoch 333/500 [55.8s mem=893MB] | gen_loss=2.0607 | val_AP=0.6259 val_loss=0.3627 | test_AP=0.5913
Epoch 334/500 [54.5s mem=892MB] | gen_loss=2.0646 | val_AP=0.6268 val_loss=0.3561 | test_AP=0.5955
Epoch 335/500 [54.8s mem=892MB] | gen_loss=2.0632 | val_AP=0.6262 val_loss=0.3591 | test_AP=0.5943
Epoch 336/500 [55.9s mem=892MB] | gen_loss=2.0695 | val_AP=0.6233 val_loss=0.3606 | test_AP=0.5939
Epoch 337/500 [55.0s mem=892MB] | gen_loss=2.0598 | val_AP=0.6218 val_loss=0.3585 | test_AP=0.5931
Epoch 338/500 [54.1s mem=892MB] | gen_loss=2.0683 | val_AP=0.6258 val_loss=0.3553 | test_AP=0.5932
Epoch 339/500 [51.0s mem=893MB] | gen_loss=2.0612 | val_AP=0.6228 val_loss=0.3581 | test_AP=0.5940
Epoch 340/500 [52.9s mem=892MB] | gen_loss=2.0667 | val_AP=0.6199 val_loss=0.3601 | test_AP=0.5937
Epoch 341/500 [53.4s mem=892MB] | gen_loss=2.0631 | val_AP=0.6213 val_loss=0.3603 | test_AP=0.5942
Epoch 342/500 [53.3s mem=893MB] | gen_loss=2.0617 | val_AP=0.6242 val_loss=0.3581 | test_AP=0.5910
Epoch 343/500 [52.8s mem=893MB] | gen_loss=2.0677 | val_AP=0.6258 val_loss=0.3582 | test_AP=0.5947
Epoch 344/500 [55.1s mem=893MB] | gen_loss=2.0603 | val_AP=0.6250 val_loss=0.3616 | test_AP=0.5939
Epoch 345/500 [56.4s mem=892MB] | gen_loss=2.0680 | val_AP=0.6285 val_loss=0.3557 | test_AP=0.5957
Epoch 346/500 [55.1s mem=892MB] | gen_loss=2.0631 | val_AP=0.6252 val_loss=0.3591 | test_AP=0.5977
Epoch 347/500 [50.0s mem=892MB] | gen_loss=2.0675 | val_AP=0.6248 val_loss=0.3613 | test_AP=0.5933
Epoch 348/500 [56.6s mem=893MB] | gen_loss=2.0585 | val_AP=0.6220 val_loss=0.3601 | test_AP=0.5959
Epoch 349/500 [49.0s mem=892MB] | gen_loss=2.0609 | val_AP=0.6241 val_loss=0.3562 | test_AP=0.5955
Epoch 350/500 [47.4s mem=892MB] | gen_loss=2.0715 | val_AP=0.6236 val_loss=0.3610 | test_AP=0.5930
Epoch 351/500 [54.7s mem=893MB] | gen_loss=2.0708 | val_AP=0.6247 val_loss=0.3590 | test_AP=0.5957
Epoch 352/500 [54.7s mem=892MB] | gen_loss=2.0612 | val_AP=0.6219 val_loss=0.3590 | test_AP=0.5953
Epoch 353/500 [53.3s mem=893MB] | gen_loss=2.0633 | val_AP=0.6270 val_loss=0.3583 | test_AP=0.5965
Epoch 354/500 [53.8s mem=893MB] | gen_loss=2.0624 | val_AP=0.6242 val_loss=0.3577 | test_AP=0.5961
Epoch 355/500 [54.0s mem=892MB] | gen_loss=2.0608 | val_AP=0.6222 val_loss=0.3553 | test_AP=0.5955
Epoch 356/500 [53.9s mem=892MB] | gen_loss=2.0619 | val_AP=0.6270 val_loss=0.3578 | test_AP=0.5905
Epoch 357/500 [61.8s mem=892MB] | gen_loss=2.0620 | val_AP=0.6206 val_loss=0.3603 | test_AP=0.5923
Epoch 358/500 [53.6s mem=892MB] | gen_loss=2.0643 | val_AP=0.6210 val_loss=0.3609 | test_AP=0.5908
Epoch 359/500 [60.5s mem=893MB] | gen_loss=2.0669 | val_AP=0.6295 val_loss=0.3544 | test_AP=0.5957
Epoch 360/500 [72.3s mem=891MB] | gen_loss=2.0642 | val_AP=0.6256 val_loss=0.3586 | test_AP=0.5935
Epoch 361/500 [73.5s mem=892MB] | gen_loss=2.0593 | val_AP=0.6216 val_loss=0.3570 | test_AP=0.6003
Epoch 362/500 [72.0s mem=893MB] | gen_loss=2.0620 | val_AP=0.6229 val_loss=0.3592 | test_AP=0.5967
Epoch 363/500 [73.3s mem=892MB] | gen_loss=2.0636 | val_AP=0.6227 val_loss=0.3575 | test_AP=0.5945
Epoch 364/500 [72.3s mem=893MB] | gen_loss=2.0662 | val_AP=0.6222 val_loss=0.3619 | test_AP=0.6006
Epoch 365/500 [73.8s mem=892MB] | gen_loss=2.0656 | val_AP=0.6287 val_loss=0.3582 | test_AP=0.5946
Epoch 366/500 [73.9s mem=893MB] | gen_loss=2.0611 | val_AP=0.6259 val_loss=0.3586 | test_AP=0.5906
Epoch 367/500 [72.9s mem=894MB] | gen_loss=2.0671 | val_AP=0.6230 val_loss=0.3582 | test_AP=0.5937
Epoch 368/500 [72.4s mem=892MB] | gen_loss=2.0653 | val_AP=0.6255 val_loss=0.3561 | test_AP=0.5939
Epoch 369/500 [73.3s mem=892MB] | gen_loss=2.0654 | val_AP=0.6215 val_loss=0.3592 | test_AP=0.5979
Epoch 370/500 [72.7s mem=893MB] | gen_loss=2.0664 | val_AP=0.6205 val_loss=0.3575 | test_AP=0.5973
Epoch 371/500 [73.4s mem=892MB] | gen_loss=2.0656 | val_AP=0.6249 val_loss=0.3568 | test_AP=0.5957
Epoch 372/500 [72.0s mem=893MB] | gen_loss=2.0659 | val_AP=0.6234 val_loss=0.3591 | test_AP=0.5935
Epoch 373/500 [73.1s mem=893MB] | gen_loss=2.0637 | val_AP=0.6251 val_loss=0.3563 | test_AP=0.5906
Epoch 374/500 [73.1s mem=892MB] | gen_loss=2.0589 | val_AP=0.6265 val_loss=0.3556 | test_AP=0.5956
Epoch 375/500 [72.2s mem=893MB] | gen_loss=2.0604 | val_AP=0.6248 val_loss=0.3591 | test_AP=0.5970
Epoch 376/500 [74.3s mem=893MB] | gen_loss=2.0624 | val_AP=0.6210 val_loss=0.3604 | test_AP=0.5954
Epoch 377/500 [75.1s mem=892MB] | gen_loss=2.0667 | val_AP=0.6226 val_loss=0.3582 | test_AP=0.5946
Epoch 378/500 [73.9s mem=892MB] | gen_loss=2.0641 | val_AP=0.6261 val_loss=0.3595 | test_AP=0.5944
Epoch 379/500 [72.9s mem=893MB] | gen_loss=2.0637 | val_AP=0.6237 val_loss=0.3604 | test_AP=0.5959
Epoch 380/500 [73.0s mem=893MB] | gen_loss=2.0665 | val_AP=0.6262 val_loss=0.3576 | test_AP=0.5953
Epoch 381/500 [73.7s mem=893MB] | gen_loss=2.0703 | val_AP=0.6226 val_loss=0.3587 | test_AP=0.5940
Epoch 382/500 [72.4s mem=893MB] | gen_loss=2.0679 | val_AP=0.6256 val_loss=0.3581 | test_AP=0.5971
Epoch 383/500 [73.7s mem=893MB] | gen_loss=2.0603 | val_AP=0.6235 val_loss=0.3608 | test_AP=0.5968
Epoch 384/500 [72.3s mem=893MB] | gen_loss=2.0700 | val_AP=0.6248 val_loss=0.3558 | test_AP=0.5970
Epoch 385/500 [72.0s mem=893MB] | gen_loss=2.0609 | val_AP=0.6197 val_loss=0.3595 | test_AP=0.5945
Epoch 386/500 [75.0s mem=892MB] | gen_loss=2.0632 | val_AP=0.6251 val_loss=0.3551 | test_AP=0.5945
Epoch 387/500 [71.6s mem=893MB] | gen_loss=2.0640 | val_AP=0.6229 val_loss=0.3575 | test_AP=0.5960
Epoch 388/500 [73.0s mem=892MB] | gen_loss=2.0601 | val_AP=0.6239 val_loss=0.3603 | test_AP=0.5965
Epoch 389/500 [73.9s mem=892MB] | gen_loss=2.0618 | val_AP=0.6216 val_loss=0.3607 | test_AP=0.5974
Epoch 390/500 [75.4s mem=892MB] | gen_loss=2.0697 | val_AP=0.6225 val_loss=0.3582 | test_AP=0.5967
Epoch 391/500 [75.0s mem=893MB] | gen_loss=2.0662 | val_AP=0.6229 val_loss=0.3617 | test_AP=0.5918
Epoch 392/500 [72.6s mem=893MB] | gen_loss=2.0622 | val_AP=0.6266 val_loss=0.3576 | test_AP=0.5957
Epoch 393/500 [72.9s mem=893MB] | gen_loss=2.0643 | val_AP=0.6281 val_loss=0.3572 | test_AP=0.5923
Epoch 394/500 [74.6s mem=893MB] | gen_loss=2.0648 | val_AP=0.6272 val_loss=0.3564 | test_AP=0.5916
Epoch 395/500 [73.6s mem=892MB] | gen_loss=2.0617 | val_AP=0.6230 val_loss=0.3624 | test_AP=0.5955
Epoch 396/500 [72.8s mem=893MB] | gen_loss=2.0678 | val_AP=0.6222 val_loss=0.3614 | test_AP=0.5950
Epoch 397/500 [74.2s mem=892MB] | gen_loss=2.0626 | val_AP=0.6227 val_loss=0.3616 | test_AP=0.5934
Epoch 398/500 [73.1s mem=894MB] | gen_loss=2.0660 | val_AP=0.6255 val_loss=0.3579 | test_AP=0.5939
Epoch 399/500 [73.7s mem=893MB] | gen_loss=2.0626 | val_AP=0.6234 val_loss=0.3568 | test_AP=0.5951
Epoch 400/500 [72.5s mem=892MB] | gen_loss=2.0577 | val_AP=0.6234 val_loss=0.3609 | test_AP=0.5956
  -> New best metrics: gen_loss=2.0577 val_loss=0.3501 val_AP=0.6308
Epoch 401/500 [75.0s mem=893MB] | gen_loss=2.0634 | val_AP=0.6229 val_loss=0.3576 | test_AP=0.5957
Epoch 402/500 [75.8s mem=892MB] | gen_loss=2.0679 | val_AP=0.6246 val_loss=0.3585 | test_AP=0.5964
Epoch 403/500 [75.1s mem=893MB] | gen_loss=2.0657 | val_AP=0.6214 val_loss=0.3596 | test_AP=0.5998
Epoch 404/500 [75.0s mem=893MB] | gen_loss=2.0637 | val_AP=0.6240 val_loss=0.3590 | test_AP=0.5962
Epoch 405/500 [73.9s mem=892MB] | gen_loss=2.0636 | val_AP=0.6261 val_loss=0.3618 | test_AP=0.5953
Epoch 406/500 [73.4s mem=894MB] | gen_loss=2.0595 | val_AP=0.6210 val_loss=0.3626 | test_AP=0.5970
Epoch 407/500 [73.6s mem=892MB] | gen_loss=2.0633 | val_AP=0.6252 val_loss=0.3584 | test_AP=0.5985
Epoch 408/500 [72.4s mem=892MB] | gen_loss=2.0647 | val_AP=0.6274 val_loss=0.3588 | test_AP=0.5968
Epoch 409/500 [74.6s mem=892MB] | gen_loss=2.0627 | val_AP=0.6234 val_loss=0.3599 | test_AP=0.5954
Epoch 410/500 [70.7s mem=892MB] | gen_loss=2.0646 | val_AP=0.6239 val_loss=0.3568 | test_AP=0.5947
Epoch 411/500 [72.5s mem=893MB] | gen_loss=2.0555 | val_AP=0.6215 val_loss=0.3595 | test_AP=0.5921
  -> New best metrics: gen_loss=2.0555 val_loss=0.3501 val_AP=0.6308
Epoch 412/500 [68.3s mem=892MB] | gen_loss=2.0610 | val_AP=0.6229 val_loss=0.3594 | test_AP=0.5974
Epoch 413/500 [74.6s mem=892MB] | gen_loss=2.0674 | val_AP=0.6233 val_loss=0.3595 | test_AP=0.5936
Epoch 414/500 [73.8s mem=892MB] | gen_loss=2.0639 | val_AP=0.6248 val_loss=0.3571 | test_AP=0.5933
Epoch 415/500 [72.8s mem=893MB] | gen_loss=2.0623 | val_AP=0.6232 val_loss=0.3620 | test_AP=0.5947
Epoch 416/500 [74.2s mem=892MB] | gen_loss=2.0692 | val_AP=0.6254 val_loss=0.3572 | test_AP=0.5931
Epoch 417/500 [73.6s mem=892MB] | gen_loss=2.0642 | val_AP=0.6243 val_loss=0.3569 | test_AP=0.5967
Epoch 418/500 [67.9s mem=892MB] | gen_loss=2.0648 | val_AP=0.6264 val_loss=0.3592 | test_AP=0.5919
Epoch 419/500 [72.1s mem=893MB] | gen_loss=2.0637 | val_AP=0.6247 val_loss=0.3618 | test_AP=0.5962
Epoch 420/500 [71.7s mem=892MB] | gen_loss=2.0608 | val_AP=0.6237 val_loss=0.3598 | test_AP=0.5939
Epoch 421/500 [72.8s mem=892MB] | gen_loss=2.0660 | val_AP=0.6246 val_loss=0.3602 | test_AP=0.5931
Epoch 422/500 [74.4s mem=892MB] | gen_loss=2.0637 | val_AP=0.6255 val_loss=0.3607 | test_AP=0.5983
Epoch 423/500 [73.2s mem=892MB] | gen_loss=2.0690 | val_AP=0.6256 val_loss=0.3588 | test_AP=0.5931
Epoch 424/500 [71.4s mem=892MB] | gen_loss=2.0627 | val_AP=0.6229 val_loss=0.3610 | test_AP=0.5933
Epoch 425/500 [74.3s mem=892MB] | gen_loss=2.0635 | val_AP=0.6248 val_loss=0.3610 | test_AP=0.5951
Epoch 426/500 [72.8s mem=892MB] | gen_loss=2.0628 | val_AP=0.6202 val_loss=0.3588 | test_AP=0.5939
Epoch 427/500 [74.7s mem=892MB] | gen_loss=2.0640 | val_AP=0.6229 val_loss=0.3595 | test_AP=0.5979
Epoch 428/500 [72.2s mem=893MB] | gen_loss=2.0659 | val_AP=0.6235 val_loss=0.3583 | test_AP=0.5932
Epoch 429/500 [74.2s mem=892MB] | gen_loss=2.0662 | val_AP=0.6236 val_loss=0.3618 | test_AP=0.5923
Epoch 430/500 [71.6s mem=892MB] | gen_loss=2.0669 | val_AP=0.6206 val_loss=0.3588 | test_AP=0.5930
Epoch 431/500 [73.2s mem=893MB] | gen_loss=2.0600 | val_AP=0.6253 val_loss=0.3613 | test_AP=0.5933
Epoch 432/500 [72.9s mem=892MB] | gen_loss=2.0636 | val_AP=0.6275 val_loss=0.3577 | test_AP=0.5971
Epoch 433/500 [75.0s mem=892MB] | gen_loss=2.0617 | val_AP=0.6219 val_loss=0.3592 | test_AP=0.5977
Epoch 434/500 [72.9s mem=893MB] | gen_loss=2.0669 | val_AP=0.6241 val_loss=0.3566 | test_AP=0.5933
Epoch 435/500 [73.3s mem=892MB] | gen_loss=2.0619 | val_AP=0.6232 val_loss=0.3614 | test_AP=0.5917
Epoch 436/500 [72.5s mem=892MB] | gen_loss=2.0692 | val_AP=0.6272 val_loss=0.3577 | test_AP=0.5963
Epoch 437/500 [73.4s mem=892MB] | gen_loss=2.0615 | val_AP=0.6252 val_loss=0.3588 | test_AP=0.5952
Epoch 438/500 [71.7s mem=893MB] | gen_loss=2.0669 | val_AP=0.6217 val_loss=0.3597 | test_AP=0.5962
Epoch 439/500 [71.2s mem=892MB] | gen_loss=2.0655 | val_AP=0.6232 val_loss=0.3590 | test_AP=0.5955
Epoch 440/500 [72.2s mem=893MB] | gen_loss=2.0608 | val_AP=0.6217 val_loss=0.3612 | test_AP=0.5960
Epoch 441/500 [73.3s mem=892MB] | gen_loss=2.0653 | val_AP=0.6274 val_loss=0.3590 | test_AP=0.5937
Epoch 442/500 [74.4s mem=893MB] | gen_loss=2.0724 | val_AP=0.6255 val_loss=0.3573 | test_AP=0.5947
Epoch 443/500 [71.0s mem=893MB] | gen_loss=2.0637 | val_AP=0.6253 val_loss=0.3608 | test_AP=0.5935
Epoch 444/500 [71.8s mem=893MB] | gen_loss=2.0630 | val_AP=0.6196 val_loss=0.3615 | test_AP=0.5967
Epoch 445/500 [71.8s mem=893MB] | gen_loss=2.0640 | val_AP=0.6252 val_loss=0.3571 | test_AP=0.5942
Epoch 446/500 [73.0s mem=893MB] | gen_loss=2.0614 | val_AP=0.6231 val_loss=0.3606 | test_AP=0.5956
Epoch 447/500 [72.8s mem=893MB] | gen_loss=2.0669 | val_AP=0.6229 val_loss=0.3615 | test_AP=0.5932
Epoch 448/500 [72.9s mem=893MB] | gen_loss=2.0650 | val_AP=0.6228 val_loss=0.3589 | test_AP=0.5942
Epoch 449/500 [72.3s mem=892MB] | gen_loss=2.0648 | val_AP=0.6225 val_loss=0.3592 | test_AP=0.5948
Epoch 450/500 [72.4s mem=892MB] | gen_loss=2.0642 | val_AP=0.6234 val_loss=0.3623 | test_AP=0.5906
Epoch 451/500 [73.2s mem=892MB] | gen_loss=2.0635 | val_AP=0.6246 val_loss=0.3603 | test_AP=0.5949
Epoch 452/500 [73.7s mem=892MB] | gen_loss=2.0599 | val_AP=0.6210 val_loss=0.3608 | test_AP=0.5934
Epoch 453/500 [70.8s mem=892MB] | gen_loss=2.0690 | val_AP=0.6256 val_loss=0.3569 | test_AP=0.5958
Epoch 454/500 [73.2s mem=893MB] | gen_loss=2.0682 | val_AP=0.6210 val_loss=0.3616 | test_AP=0.5995
Epoch 455/500 [71.9s mem=892MB] | gen_loss=2.0612 | val_AP=0.6252 val_loss=0.3579 | test_AP=0.5964
Epoch 456/500 [73.3s mem=893MB] | gen_loss=2.0642 | val_AP=0.6253 val_loss=0.3567 | test_AP=0.5967
Epoch 457/500 [72.8s mem=892MB] | gen_loss=2.0637 | val_AP=0.6249 val_loss=0.3599 | test_AP=0.5961
Epoch 458/500 [71.1s mem=892MB] | gen_loss=2.0625 | val_AP=0.6287 val_loss=0.3595 | test_AP=0.5941
Epoch 459/500 [73.3s mem=892MB] | gen_loss=2.0642 | val_AP=0.6212 val_loss=0.3599 | test_AP=0.5904
Epoch 460/500 [71.8s mem=893MB] | gen_loss=2.0605 | val_AP=0.6217 val_loss=0.3577 | test_AP=0.5920
Epoch 461/500 [73.0s mem=892MB] | gen_loss=2.0597 | val_AP=0.6200 val_loss=0.3597 | test_AP=0.5949
Epoch 462/500 [73.3s mem=893MB] | gen_loss=2.0621 | val_AP=0.6229 val_loss=0.3589 | test_AP=0.5922
Epoch 463/500 [73.4s mem=893MB] | gen_loss=2.0592 | val_AP=0.6223 val_loss=0.3602 | test_AP=0.5938
Epoch 464/500 [71.7s mem=892MB] | gen_loss=2.0608 | val_AP=0.6268 val_loss=0.3602 | test_AP=0.5954
Epoch 465/500 [73.1s mem=893MB] | gen_loss=2.0620 | val_AP=0.6247 val_loss=0.3571 | test_AP=0.5922
Epoch 466/500 [71.4s mem=892MB] | gen_loss=2.0655 | val_AP=0.6244 val_loss=0.3573 | test_AP=0.5958
Epoch 467/500 [74.1s mem=892MB] | gen_loss=2.0645 | val_AP=0.6200 val_loss=0.3626 | test_AP=0.5943
Epoch 468/500 [73.7s mem=892MB] | gen_loss=2.0643 | val_AP=0.6229 val_loss=0.3595 | test_AP=0.5918
Epoch 469/500 [72.2s mem=893MB] | gen_loss=2.0675 | val_AP=0.6229 val_loss=0.3584 | test_AP=0.5946
Epoch 470/500 [71.9s mem=892MB] | gen_loss=2.0616 | val_AP=0.6208 val_loss=0.3599 | test_AP=0.5919
Epoch 471/500 [74.1s mem=893MB] | gen_loss=2.0647 | val_AP=0.6249 val_loss=0.3566 | test_AP=0.5942
Epoch 472/500 [73.2s mem=892MB] | gen_loss=2.0622 | val_AP=0.6242 val_loss=0.3604 | test_AP=0.5953
Epoch 473/500 [72.9s mem=892MB] | gen_loss=2.0612 | val_AP=0.6200 val_loss=0.3622 | test_AP=0.5947
Epoch 474/500 [72.6s mem=892MB] | gen_loss=2.0707 | val_AP=0.6246 val_loss=0.3611 | test_AP=0.5947
Epoch 475/500 [71.8s mem=892MB] | gen_loss=2.0591 | val_AP=0.6207 val_loss=0.3589 | test_AP=0.5926
Epoch 476/500 [73.9s mem=892MB] | gen_loss=2.0666 | val_AP=0.6242 val_loss=0.3611 | test_AP=0.5926
Epoch 477/500 [73.7s mem=893MB] | gen_loss=2.0655 | val_AP=0.6227 val_loss=0.3581 | test_AP=0.5917
Epoch 478/500 [70.3s mem=892MB] | gen_loss=2.0614 | val_AP=0.6235 val_loss=0.3604 | test_AP=0.5952
Epoch 479/500 [70.9s mem=893MB] | gen_loss=2.0657 | val_AP=0.6212 val_loss=0.3616 | test_AP=0.5945
Epoch 480/500 [72.3s mem=892MB] | gen_loss=2.0639 | val_AP=0.6205 val_loss=0.3612 | test_AP=0.5962
Epoch 481/500 [72.1s mem=892MB] | gen_loss=2.0678 | val_AP=0.6260 val_loss=0.3593 | test_AP=0.5923
Epoch 482/500 [73.0s mem=892MB] | gen_loss=2.0667 | val_AP=0.6273 val_loss=0.3561 | test_AP=0.5958
Epoch 483/500 [72.7s mem=892MB] | gen_loss=2.0676 | val_AP=0.6243 val_loss=0.3626 | test_AP=0.5938
Epoch 484/500 [71.7s mem=892MB] | gen_loss=2.0627 | val_AP=0.6218 val_loss=0.3607 | test_AP=0.5965
Epoch 485/500 [72.4s mem=892MB] | gen_loss=2.0660 | val_AP=0.6271 val_loss=0.3590 | test_AP=0.5973
Epoch 486/500 [72.2s mem=893MB] | gen_loss=2.0583 | val_AP=0.6259 val_loss=0.3608 | test_AP=0.5928
Epoch 487/500 [73.4s mem=892MB] | gen_loss=2.0656 | val_AP=0.6253 val_loss=0.3589 | test_AP=0.5916
Epoch 488/500 [72.4s mem=893MB] | gen_loss=2.0683 | val_AP=0.6231 val_loss=0.3599 | test_AP=0.5966
Epoch 489/500 [72.7s mem=893MB] | gen_loss=2.0613 | val_AP=0.6230 val_loss=0.3594 | test_AP=0.5947
Epoch 490/500 [72.1s mem=893MB] | gen_loss=2.0681 | val_AP=0.6286 val_loss=0.3560 | test_AP=0.5976
Epoch 491/500 [72.9s mem=894MB] | gen_loss=2.0660 | val_AP=0.6274 val_loss=0.3584 | test_AP=0.5947
Epoch 492/500 [69.4s mem=892MB] | gen_loss=2.0657 | val_AP=0.6249 val_loss=0.3593 | test_AP=0.5968
Epoch 493/500 [71.0s mem=892MB] | gen_loss=2.0553 | val_AP=0.6225 val_loss=0.3573 | test_AP=0.5958
  -> New best metrics: gen_loss=2.0553 val_loss=0.3501 val_AP=0.6308
Epoch 494/500 [74.1s mem=893MB] | gen_loss=2.0673 | val_AP=0.6262 val_loss=0.3580 | test_AP=0.5952
Epoch 495/500 [73.0s mem=892MB] | gen_loss=2.0628 | val_AP=0.6259 val_loss=0.3576 | test_AP=0.5959
Epoch 496/500 [71.7s mem=893MB] | gen_loss=2.0654 | val_AP=0.6224 val_loss=0.3593 | test_AP=0.5963
Epoch 497/500 [71.0s mem=893MB] | gen_loss=2.0655 | val_AP=0.6240 val_loss=0.3631 | test_AP=0.5928
Epoch 498/500 [74.7s mem=892MB] | gen_loss=2.0621 | val_AP=0.6237 val_loss=0.3560 | test_AP=0.5918
Epoch 499/500 [72.8s mem=893MB] | gen_loss=2.0626 | val_AP=0.6261 val_loss=0.3590 | test_AP=0.5974
Epoch 500/500 [74.9s mem=892MB] | gen_loss=2.0655 | val_AP=0.6212 val_loss=0.3608 | test_AP=0.5942
Diagnostic: gen_loss vs downstream_val_AP correlation = 0.2719
Stage 3 done. Best downstream val loss=0.3501 at epoch 493.
Diagnostics saved to checkpoints_staged_novelty_vanilla_3/stage3_diagnostics.pkl

============================================================
STAGE 4: End-to-End Finetune
  Backbone: vanilla_gt
  LR transformer=1e-05, LR generator=0.0001
  Novelty loss: alpha=0.1
  Diversity loss: weight=0.1
============================================================
Epoch   1/1000 [84.6s mem=1229MB] | train_loss=0.0866 train_AP=0.8942 | val_loss=0.3393 val_AP=0.6313 | test_AP=0.6048 | novelty_loss=-0.0430 | diversity_loss=0.0210 | inter_proxy_cosine_mean=0.0210 std=0.0891
  -> New best metrics: gen_loss=0.0866 val_loss=0.3393 val_AP=0.6313 (test=0.6048)
Epoch   2/1000 [84.9s mem=1226MB] | train_loss=0.0804 train_AP=0.9050 | val_loss=0.3422 val_AP=0.6349 | test_AP=0.6181 | novelty_loss=-0.0691 | diversity_loss=0.0371 | inter_proxy_cosine_mean=0.0371 std=0.0880
  -> New best metrics: gen_loss=0.0804 val_loss=0.3393 val_AP=0.6349 (test=0.6181)
Epoch   3/1000 [85.4s mem=1228MB] | train_loss=0.0752 train_AP=0.9117 | val_loss=0.3509 val_AP=0.6379 | test_AP=0.6222 | novelty_loss=-0.0758 | diversity_loss=0.0394 | inter_proxy_cosine_mean=0.0394 std=0.0740
  -> New best metrics: gen_loss=0.0752 val_loss=0.3393 val_AP=0.6379 (test=0.6222)
Epoch   4/1000 [86.0s mem=1227MB] | train_loss=0.0718 train_AP=0.9165 | val_loss=0.3592 val_AP=0.6343 | test_AP=0.6235 | novelty_loss=-0.0823 | diversity_loss=0.0411 | inter_proxy_cosine_mean=0.0411 std=0.0593
  -> New best metrics: gen_loss=0.0718 val_loss=0.3393 val_AP=0.6379 (test=0.6235)
Epoch   5/1000 [83.8s mem=1228MB] | train_loss=0.0697 train_AP=0.9195 | val_loss=0.3607 val_AP=0.6351 | test_AP=0.6252 | novelty_loss=-0.0848 | diversity_loss=0.0422 | inter_proxy_cosine_mean=0.0422 std=0.0542
  -> New best metrics: gen_loss=0.0697 val_loss=0.3393 val_AP=0.6379 (test=0.6252)
Epoch   6/1000 [84.2s mem=1226MB] | train_loss=0.0684 train_AP=0.9215 | val_loss=0.3748 val_AP=0.6325 | test_AP=0.6237 | novelty_loss=-0.0880 | diversity_loss=0.0442 | inter_proxy_cosine_mean=0.0442 std=0.0521
  -> New best metrics: gen_loss=0.0684 val_loss=0.3393 val_AP=0.6379 (test=0.6237)
Epoch   7/1000 [84.8s mem=1227MB] | train_loss=0.0674 train_AP=0.9221 | val_loss=0.3723 val_AP=0.6336 | test_AP=0.6247 | novelty_loss=-0.0907 | diversity_loss=0.0461 | inter_proxy_cosine_mean=0.0461 std=0.0516
  -> New best metrics: gen_loss=0.0674 val_loss=0.3393 val_AP=0.6379 (test=0.6247)
Epoch   8/1000 [81.2s mem=1228MB] | train_loss=0.0664 train_AP=0.9219 | val_loss=0.3806 val_AP=0.6333 | test_AP=0.6271 | novelty_loss=-0.0916 | diversity_loss=0.0467 | inter_proxy_cosine_mean=0.0467 std=0.0504
  -> New best metrics: gen_loss=0.0664 val_loss=0.3393 val_AP=0.6379 (test=0.6271)
Epoch   9/1000 [82.9s mem=1228MB] | train_loss=0.0651 train_AP=0.9256 | val_loss=0.3807 val_AP=0.6339 | test_AP=0.6260 | novelty_loss=-0.0938 | diversity_loss=0.0480 | inter_proxy_cosine_mean=0.0480 std=0.0495
  -> New best metrics: gen_loss=0.0651 val_loss=0.3393 val_AP=0.6379 (test=0.6260)
Epoch  10/1000 [84.8s mem=1226MB] | train_loss=0.0650 train_AP=0.9258 | val_loss=0.3795 val_AP=0.6317 | test_AP=0.6275 | novelty_loss=-0.0958 | diversity_loss=0.0492 | inter_proxy_cosine_mean=0.0492 std=0.0493
  -> New best metrics: gen_loss=0.0650 val_loss=0.3393 val_AP=0.6379 (test=0.6275)
Epoch  11/1000 [82.8s mem=1226MB] | train_loss=0.0641 train_AP=0.9264 | val_loss=0.3895 val_AP=0.6300 | test_AP=0.6257 | novelty_loss=-0.0981 | diversity_loss=0.0504 | inter_proxy_cosine_mean=0.0504 std=0.0497
  -> New best metrics: gen_loss=0.0641 val_loss=0.3393 val_AP=0.6379 (test=0.6257)
Epoch  12/1000 [84.1s mem=1224MB] | train_loss=0.0633 train_AP=0.9267 | val_loss=0.3831 val_AP=0.6336 | test_AP=0.6269 | novelty_loss=-0.1007 | diversity_loss=0.0512 | inter_proxy_cosine_mean=0.0512 std=0.0500
  -> New best metrics: gen_loss=0.0633 val_loss=0.3393 val_AP=0.6379 (test=0.6269)
Epoch  13/1000 [81.3s mem=1228MB] | train_loss=0.0632 train_AP=0.9284 | val_loss=0.3904 val_AP=0.6318 | test_AP=0.6231 | novelty_loss=-0.1059 | diversity_loss=0.0540 | inter_proxy_cosine_mean=0.0540 std=0.0512
  -> New best metrics: gen_loss=0.0632 val_loss=0.3393 val_AP=0.6379 (test=0.6231)
Epoch  14/1000 [83.0s mem=1227MB] | train_loss=0.0616 train_AP=0.9300 | val_loss=0.3918 val_AP=0.6300 | test_AP=0.6252 | novelty_loss=-0.1126 | diversity_loss=0.0574 | inter_proxy_cosine_mean=0.0574 std=0.0538
  -> New best metrics: gen_loss=0.0616 val_loss=0.3393 val_AP=0.6379 (test=0.6252)
Epoch  15/1000 [81.6s mem=1225MB] | train_loss=0.0610 train_AP=0.9302 | val_loss=0.3860 val_AP=0.6316 | test_AP=0.6265 | novelty_loss=-0.1184 | diversity_loss=0.0602 | inter_proxy_cosine_mean=0.0602 std=0.0582
  -> New best metrics: gen_loss=0.0610 val_loss=0.3393 val_AP=0.6379 (test=0.6265)
Epoch  16/1000 [84.7s mem=1226MB] | train_loss=0.0612 train_AP=0.9286 | val_loss=0.3917 val_AP=0.6343 | test_AP=0.6251 | novelty_loss=-0.1259 | diversity_loss=0.0644 | inter_proxy_cosine_mean=0.0644 std=0.0633
Epoch  17/1000 [82.1s mem=1229MB] | train_loss=0.0606 train_AP=0.9308 | val_loss=0.3983 val_AP=0.6305 | test_AP=0.6227 | novelty_loss=-0.1309 | diversity_loss=0.0673 | inter_proxy_cosine_mean=0.0673 std=0.0670
  -> New best metrics: gen_loss=0.0606 val_loss=0.3393 val_AP=0.6379 (test=0.6227)
Epoch  18/1000 [83.7s mem=1227MB] | train_loss=0.0594 train_AP=0.9305 | val_loss=0.4039 val_AP=0.6349 | test_AP=0.6206 | novelty_loss=-0.1375 | diversity_loss=0.0709 | inter_proxy_cosine_mean=0.0709 std=0.0713
  -> New best metrics: gen_loss=0.0594 val_loss=0.3393 val_AP=0.6379 (test=0.6206)
Epoch  19/1000 [77.3s mem=1227MB] | train_loss=0.0599 train_AP=0.9305 | val_loss=0.3935 val_AP=0.6319 | test_AP=0.6220 | novelty_loss=-0.1423 | diversity_loss=0.0738 | inter_proxy_cosine_mean=0.0738 std=0.0738
Epoch  20/1000 [59.2s mem=1229MB] | train_loss=0.0584 train_AP=0.9308 | val_loss=0.3987 val_AP=0.6328 | test_AP=0.6244 | novelty_loss=-0.1475 | diversity_loss=0.0771 | inter_proxy_cosine_mean=0.0771 std=0.0760
  -> New best metrics: gen_loss=0.0584 val_loss=0.3393 val_AP=0.6379 (test=0.6244)
Epoch  21/1000 [61.9s mem=1229MB] | train_loss=0.0576 train_AP=0.9332 | val_loss=0.4075 val_AP=0.6260 | test_AP=0.6259 | novelty_loss=-0.1528 | diversity_loss=0.0790 | inter_proxy_cosine_mean=0.0790 std=0.0799
  -> New best metrics: gen_loss=0.0576 val_loss=0.3393 val_AP=0.6379 (test=0.6259)
Epoch  22/1000 [57.8s mem=1230MB] | train_loss=0.0575 train_AP=0.9336 | val_loss=0.3996 val_AP=0.6312 | test_AP=0.6236 | novelty_loss=-0.1573 | diversity_loss=0.0813 | inter_proxy_cosine_mean=0.0813 std=0.0827
  -> New best metrics: gen_loss=0.0575 val_loss=0.3393 val_AP=0.6379 (test=0.6236)
Epoch  23/1000 [60.5s mem=1225MB] | train_loss=0.0579 train_AP=0.9322 | val_loss=0.3996 val_AP=0.6297 | test_AP=0.6247 | novelty_loss=-0.1635 | diversity_loss=0.0854 | inter_proxy_cosine_mean=0.0854 std=0.0848
Epoch  24/1000 [60.9s mem=1228MB] | train_loss=0.0555 train_AP=0.9368 | val_loss=0.4122 val_AP=0.6318 | test_AP=0.6235 | novelty_loss=-0.1685 | diversity_loss=0.0873 | inter_proxy_cosine_mean=0.0873 std=0.0866
  -> New best metrics: gen_loss=0.0555 val_loss=0.3393 val_AP=0.6379 (test=0.6235)
Epoch  25/1000 [63.4s mem=1229MB] | train_loss=0.0566 train_AP=0.9340 | val_loss=0.4011 val_AP=0.6293 | test_AP=0.6265 | novelty_loss=-0.1756 | diversity_loss=0.0915 | inter_proxy_cosine_mean=0.0915 std=0.0886
Epoch  26/1000 [57.5s mem=1226MB] | train_loss=0.0558 train_AP=0.9345 | val_loss=0.4189 val_AP=0.6299 | test_AP=0.6221 | novelty_loss=-0.1823 | diversity_loss=0.0951 | inter_proxy_cosine_mean=0.0951 std=0.0925
Epoch  27/1000 [57.2s mem=1225MB] | train_loss=0.0551 train_AP=0.9352 | val_loss=0.4137 val_AP=0.6290 | test_AP=0.6205 | novelty_loss=-0.1890 | diversity_loss=0.0981 | inter_proxy_cosine_mean=0.0981 std=0.0937
  -> New best metrics: gen_loss=0.0551 val_loss=0.3393 val_AP=0.6379 (test=0.6205)
Epoch  28/1000 [61.2s mem=1228MB] | train_loss=0.0551 train_AP=0.9364 | val_loss=0.4104 val_AP=0.6325 | test_AP=0.6247 | novelty_loss=-0.1966 | diversity_loss=0.1026 | inter_proxy_cosine_mean=0.1026 std=0.0973
  -> New best metrics: gen_loss=0.0551 val_loss=0.3393 val_AP=0.6379 (test=0.6247)
Epoch  29/1000 [58.2s mem=1226MB] | train_loss=0.0526 train_AP=0.9386 | val_loss=0.4153 val_AP=0.6261 | test_AP=0.6209 | novelty_loss=-0.2029 | diversity_loss=0.1054 | inter_proxy_cosine_mean=0.1054 std=0.0994
  -> New best metrics: gen_loss=0.0526 val_loss=0.3393 val_AP=0.6379 (test=0.6209)
Epoch  30/1000 [60.4s mem=1229MB] | train_loss=0.0533 train_AP=0.9344 | val_loss=0.4213 val_AP=0.6314 | test_AP=0.6237 | novelty_loss=-0.2131 | diversity_loss=0.1111 | inter_proxy_cosine_mean=0.1111 std=0.1068
Epoch  31/1000 [60.6s mem=1227MB] | train_loss=0.0516 train_AP=0.9391 | val_loss=0.4266 val_AP=0.6254 | test_AP=0.6215 | novelty_loss=-0.2197 | diversity_loss=0.1143 | inter_proxy_cosine_mean=0.1143 std=0.1072
  -> New best metrics: gen_loss=0.0516 val_loss=0.3393 val_AP=0.6379 (test=0.6215)
Epoch  32/1000 [60.4s mem=1225MB] | train_loss=0.0520 train_AP=0.9394 | val_loss=0.4165 val_AP=0.6312 | test_AP=0.6256 | novelty_loss=-0.2270 | diversity_loss=0.1170 | inter_proxy_cosine_mean=0.1170 std=0.1121
Epoch  33/1000 [57.2s mem=1228MB] | train_loss=0.0516 train_AP=0.9380 | val_loss=0.4203 val_AP=0.6326 | test_AP=0.6219 | novelty_loss=-0.2363 | diversity_loss=0.1220 | inter_proxy_cosine_mean=0.1220 std=0.1162
Epoch  34/1000 [61.9s mem=1228MB] | train_loss=0.0516 train_AP=0.9363 | val_loss=0.4282 val_AP=0.6312 | test_AP=0.6245 | novelty_loss=-0.2458 | diversity_loss=0.1280 | inter_proxy_cosine_mean=0.1280 std=0.1200
  -> New best metrics: gen_loss=0.0516 val_loss=0.3393 val_AP=0.6379 (test=0.6245)
Epoch  35/1000 [61.1s mem=1227MB] | train_loss=0.0502 train_AP=0.9389 | val_loss=0.4297 val_AP=0.6295 | test_AP=0.6182 | novelty_loss=-0.2536 | diversity_loss=0.1311 | inter_proxy_cosine_mean=0.1311 std=0.1233
  -> New best metrics: gen_loss=0.0502 val_loss=0.3393 val_AP=0.6379 (test=0.6182)
Epoch  36/1000 [58.4s mem=1227MB] | train_loss=0.0492 train_AP=0.9382 | val_loss=0.4212 val_AP=0.6304 | test_AP=0.6249 | novelty_loss=-0.2635 | diversity_loss=0.1366 | inter_proxy_cosine_mean=0.1366 std=0.1291
  -> New best metrics: gen_loss=0.0492 val_loss=0.3393 val_AP=0.6379 (test=0.6249)
Epoch  37/1000 [60.1s mem=1227MB] | train_loss=0.0485 train_AP=0.9369 | val_loss=0.4246 val_AP=0.6301 | test_AP=0.6244 | novelty_loss=-0.2706 | diversity_loss=0.1390 | inter_proxy_cosine_mean=0.1390 std=0.1315
  -> New best metrics: gen_loss=0.0485 val_loss=0.3393 val_AP=0.6379 (test=0.6244)
Epoch  38/1000 [61.6s mem=1227MB] | train_loss=0.0488 train_AP=0.9401 | val_loss=0.4416 val_AP=0.6228 | test_AP=0.6162 | novelty_loss=-0.2800 | diversity_loss=0.1443 | inter_proxy_cosine_mean=0.1443 std=0.1404
Epoch  39/1000 [57.8s mem=1226MB] | train_loss=0.0476 train_AP=0.9417 | val_loss=0.4414 val_AP=0.6280 | test_AP=0.6256 | novelty_loss=-0.2909 | diversity_loss=0.1504 | inter_proxy_cosine_mean=0.1504 std=0.1449
  -> New best metrics: gen_loss=0.0476 val_loss=0.3393 val_AP=0.6379 (test=0.6256)
Epoch  40/1000 [56.5s mem=1226MB] | train_loss=0.0467 train_AP=0.9400 | val_loss=0.4269 val_AP=0.6271 | test_AP=0.6270 | novelty_loss=-0.2985 | diversity_loss=0.1536 | inter_proxy_cosine_mean=0.1536 std=0.1472
  -> New best metrics: gen_loss=0.0467 val_loss=0.3393 val_AP=0.6379 (test=0.6270)
Epoch  41/1000 [52.7s mem=1230MB] | train_loss=0.0453 train_AP=0.9408 | val_loss=0.4139 val_AP=0.6204 | test_AP=0.6248 | novelty_loss=-0.3074 | diversity_loss=0.1577 | inter_proxy_cosine_mean=0.1577 std=0.1518
  -> New best metrics: gen_loss=0.0453 val_loss=0.3393 val_AP=0.6379 (test=0.6248)
Epoch  42/1000 [53.6s mem=1225MB] | train_loss=0.0468 train_AP=0.9403 | val_loss=0.4292 val_AP=0.6184 | test_AP=0.6141 | novelty_loss=-0.3174 | diversity_loss=0.1633 | inter_proxy_cosine_mean=0.1633 std=0.1553
Epoch  43/1000 [52.8s mem=1227MB] | train_loss=0.0467 train_AP=0.9384 | val_loss=0.4379 val_AP=0.6247 | test_AP=0.6237 | novelty_loss=-0.3256 | diversity_loss=0.1672 | inter_proxy_cosine_mean=0.1672 std=0.1596
Epoch  44/1000 [52.6s mem=1228MB] | train_loss=0.0451 train_AP=0.9385 | val_loss=0.4452 val_AP=0.6245 | test_AP=0.6211 | novelty_loss=-0.3337 | diversity_loss=0.1716 | inter_proxy_cosine_mean=0.1716 std=0.1611
  -> New best metrics: gen_loss=0.0451 val_loss=0.3393 val_AP=0.6379 (test=0.6211)
Epoch  45/1000 [53.9s mem=1227MB] | train_loss=0.0443 train_AP=0.9422 | val_loss=0.4554 val_AP=0.6267 | test_AP=0.6257 | novelty_loss=-0.3453 | diversity_loss=0.1794 | inter_proxy_cosine_mean=0.1794 std=0.1658
  -> New best metrics: gen_loss=0.0443 val_loss=0.3393 val_AP=0.6379 (test=0.6257)
Epoch  46/1000 [50.7s mem=1229MB] | train_loss=0.0433 train_AP=0.9416 | val_loss=0.4629 val_AP=0.6186 | test_AP=0.6205 | novelty_loss=-0.3519 | diversity_loss=0.1806 | inter_proxy_cosine_mean=0.1806 std=0.1780
  -> New best metrics: gen_loss=0.0433 val_loss=0.3393 val_AP=0.6379 (test=0.6205)
Epoch  47/1000 [50.5s mem=1226MB] | train_loss=0.0426 train_AP=0.9432 | val_loss=0.4392 val_AP=0.6245 | test_AP=0.6223 | novelty_loss=-0.3600 | diversity_loss=0.1851 | inter_proxy_cosine_mean=0.1851 std=0.1790
  -> New best metrics: gen_loss=0.0426 val_loss=0.3393 val_AP=0.6379 (test=0.6223)
Epoch  48/1000 [52.2s mem=1224MB] | train_loss=0.0433 train_AP=0.9411 | val_loss=0.4419 val_AP=0.6231 | test_AP=0.6195 | novelty_loss=-0.3649 | diversity_loss=0.1857 | inter_proxy_cosine_mean=0.1857 std=0.1789
Epoch  49/1000 [51.1s mem=1227MB] | train_loss=0.0419 train_AP=0.9411 | val_loss=0.4509 val_AP=0.6190 | test_AP=0.6217 | novelty_loss=-0.3760 | diversity_loss=0.1933 | inter_proxy_cosine_mean=0.1933 std=0.1835
  -> New best metrics: gen_loss=0.0419 val_loss=0.3393 val_AP=0.6379 (test=0.6217)
Epoch  50/1000 [52.6s mem=1227MB] | train_loss=0.0424 train_AP=0.9411 | val_loss=0.4476 val_AP=0.6318 | test_AP=0.6186 | novelty_loss=-0.3815 | diversity_loss=0.1953 | inter_proxy_cosine_mean=0.1953 std=0.1872
Epoch  51/1000 [51.8s mem=1227MB] | train_loss=0.0405 train_AP=0.9419 | val_loss=0.4550 val_AP=0.6207 | test_AP=0.6201 | novelty_loss=-0.3901 | diversity_loss=0.1999 | inter_proxy_cosine_mean=0.1999 std=0.1884
  -> New best metrics: gen_loss=0.0405 val_loss=0.3393 val_AP=0.6379 (test=0.6201)
Epoch  52/1000 [51.1s mem=1228MB] | train_loss=0.0410 train_AP=0.9383 | val_loss=0.4515 val_AP=0.6191 | test_AP=0.6226 | novelty_loss=-0.3961 | diversity_loss=0.2038 | inter_proxy_cosine_mean=0.2038 std=0.1870
Epoch  53/1000 [53.4s mem=1226MB] | train_loss=0.0409 train_AP=0.9419 | val_loss=0.4647 val_AP=0.6223 | test_AP=0.6260 | novelty_loss=-0.4015 | diversity_loss=0.2048 | inter_proxy_cosine_mean=0.2048 std=0.1969
Epoch  54/1000 [50.5s mem=1228MB] | train_loss=0.0394 train_AP=0.9437 | val_loss=0.4689 val_AP=0.6218 | test_AP=0.6254 | novelty_loss=-0.4089 | diversity_loss=0.2096 | inter_proxy_cosine_mean=0.2096 std=0.2002
  -> New best metrics: gen_loss=0.0394 val_loss=0.3393 val_AP=0.6379 (test=0.6254)
Epoch  55/1000 [49.5s mem=1230MB] | train_loss=0.0394 train_AP=0.9409 | val_loss=0.4689 val_AP=0.6277 | test_AP=0.6232 | novelty_loss=-0.4134 | diversity_loss=0.2113 | inter_proxy_cosine_mean=0.2113 std=0.1999
  -> New best metrics: gen_loss=0.0394 val_loss=0.3393 val_AP=0.6379 (test=0.6232)
Epoch  56/1000 [50.0s mem=1230MB] | train_loss=0.0396 train_AP=0.9422 | val_loss=0.4493 val_AP=0.6307 | test_AP=0.6256 | novelty_loss=-0.4164 | diversity_loss=0.2127 | inter_proxy_cosine_mean=0.2127 std=0.1970
Epoch  57/1000 [51.6s mem=1228MB] | train_loss=0.0384 train_AP=0.9427 | val_loss=0.4513 val_AP=0.6283 | test_AP=0.6227 | novelty_loss=-0.4229 | diversity_loss=0.2155 | inter_proxy_cosine_mean=0.2155 std=0.2031
  -> New best metrics: gen_loss=0.0384 val_loss=0.3393 val_AP=0.6379 (test=0.6227)
Epoch  58/1000 [51.0s mem=1225MB] | train_loss=0.0376 train_AP=0.9440 | val_loss=0.4551 val_AP=0.6232 | test_AP=0.6252 | novelty_loss=-0.4311 | diversity_loss=0.2219 | inter_proxy_cosine_mean=0.2219 std=0.2072
  -> New best metrics: gen_loss=0.0376 val_loss=0.3393 val_AP=0.6379 (test=0.6252)
Epoch  59/1000 [54.0s mem=1227MB] | train_loss=0.0371 train_AP=0.9434 | val_loss=0.4693 val_AP=0.6162 | test_AP=0.6127 | novelty_loss=-0.4373 | diversity_loss=0.2246 | inter_proxy_cosine_mean=0.2246 std=0.2126
  -> New best metrics: gen_loss=0.0371 val_loss=0.3393 val_AP=0.6379 (test=0.6127)
Epoch  60/1000 [51.7s mem=1225MB] | train_loss=0.0365 train_AP=0.9452 | val_loss=0.4674 val_AP=0.6230 | test_AP=0.6205 | novelty_loss=-0.4380 | diversity_loss=0.2230 | inter_proxy_cosine_mean=0.2230 std=0.2099
  -> New best metrics: gen_loss=0.0365 val_loss=0.3393 val_AP=0.6379 (test=0.6205)
Epoch  61/1000 [51.0s mem=1231MB] | train_loss=0.0350 train_AP=0.9479 | val_loss=0.4563 val_AP=0.6274 | test_AP=0.6279 | novelty_loss=-0.4397 | diversity_loss=0.2232 | inter_proxy_cosine_mean=0.2232 std=0.2068
  -> New best metrics: gen_loss=0.0350 val_loss=0.3393 val_AP=0.6379 (test=0.6279)
Epoch  62/1000 [53.4s mem=1227MB] | train_loss=0.0356 train_AP=0.9477 | val_loss=0.4669 val_AP=0.6227 | test_AP=0.6230 | novelty_loss=-0.4451 | diversity_loss=0.2263 | inter_proxy_cosine_mean=0.2263 std=0.2047
Epoch  63/1000 [49.3s mem=1227MB] | train_loss=0.0349 train_AP=0.9458 | val_loss=0.4817 val_AP=0.6203 | test_AP=0.6200 | novelty_loss=-0.4475 | diversity_loss=0.2264 | inter_proxy_cosine_mean=0.2264 std=0.2117
  -> New best metrics: gen_loss=0.0349 val_loss=0.3393 val_AP=0.6379 (test=0.6200)
Epoch  64/1000 [52.9s mem=1227MB] | train_loss=0.0344 train_AP=0.9476 | val_loss=0.4999 val_AP=0.6174 | test_AP=0.6209 | novelty_loss=-0.4543 | diversity_loss=0.2312 | inter_proxy_cosine_mean=0.2312 std=0.2229
  -> New best metrics: gen_loss=0.0344 val_loss=0.3393 val_AP=0.6379 (test=0.6209)
Epoch  65/1000 [53.3s mem=1224MB] | train_loss=0.0332 train_AP=0.9491 | val_loss=0.4887 val_AP=0.6207 | test_AP=0.6225 | novelty_loss=-0.4566 | diversity_loss=0.2321 | inter_proxy_cosine_mean=0.2321 std=0.2186
  -> New best metrics: gen_loss=0.0332 val_loss=0.3393 val_AP=0.6379 (test=0.6225)
Epoch  66/1000 [56.8s mem=1229MB] | train_loss=0.0344 train_AP=0.9440 | val_loss=0.4562 val_AP=0.6258 | test_AP=0.6224 | novelty_loss=-0.4605 | diversity_loss=0.2341 | inter_proxy_cosine_mean=0.2341 std=0.2239
Epoch  67/1000 [52.3s mem=1225MB] | train_loss=0.0318 train_AP=0.9478 | val_loss=0.4897 val_AP=0.6188 | test_AP=0.6229 | novelty_loss=-0.4652 | diversity_loss=0.2367 | inter_proxy_cosine_mean=0.2367 std=0.2287
  -> New best metrics: gen_loss=0.0318 val_loss=0.3393 val_AP=0.6379 (test=0.6229)
Epoch  68/1000 [49.6s mem=1227MB] | train_loss=0.0326 train_AP=0.9467 | val_loss=0.4759 val_AP=0.6213 | test_AP=0.6252 | novelty_loss=-0.4682 | diversity_loss=0.2393 | inter_proxy_cosine_mean=0.2393 std=0.2185
Epoch  69/1000 [51.0s mem=1226MB] | train_loss=0.0321 train_AP=0.9482 | val_loss=0.4890 val_AP=0.6218 | test_AP=0.6270 | novelty_loss=-0.4695 | diversity_loss=0.2376 | inter_proxy_cosine_mean=0.2376 std=0.2201
Epoch  70/1000 [53.1s mem=1225MB] | train_loss=0.0308 train_AP=0.9507 | val_loss=0.4896 val_AP=0.6245 | test_AP=0.6286 | novelty_loss=-0.4745 | diversity_loss=0.2418 | inter_proxy_cosine_mean=0.2418 std=0.2291
  -> New best metrics: gen_loss=0.0308 val_loss=0.3393 val_AP=0.6379 (test=0.6286)
Epoch  71/1000 [53.2s mem=1225MB] | train_loss=0.0315 train_AP=0.9506 | val_loss=0.4932 val_AP=0.6255 | test_AP=0.6222 | novelty_loss=-0.4758 | diversity_loss=0.2421 | inter_proxy_cosine_mean=0.2421 std=0.2263
Epoch  72/1000 [52.9s mem=1227MB] | train_loss=0.0295 train_AP=0.9511 | val_loss=0.5066 val_AP=0.6241 | test_AP=0.6191 | novelty_loss=-0.4773 | diversity_loss=0.2414 | inter_proxy_cosine_mean=0.2414 std=0.2259
  -> New best metrics: gen_loss=0.0295 val_loss=0.3393 val_AP=0.6379 (test=0.6191)
Epoch  73/1000 [51.8s mem=1228MB] | train_loss=0.0291 train_AP=0.9518 | val_loss=0.4945 val_AP=0.6230 | test_AP=0.6251 | novelty_loss=-0.4834 | diversity_loss=0.2464 | inter_proxy_cosine_mean=0.2464 std=0.2277
  -> New best metrics: gen_loss=0.0291 val_loss=0.3393 val_AP=0.6379 (test=0.6251)
Epoch  74/1000 [50.0s mem=1228MB] | train_loss=0.0303 train_AP=0.9527 | val_loss=0.4873 val_AP=0.6194 | test_AP=0.6188 | novelty_loss=-0.4810 | diversity_loss=0.2442 | inter_proxy_cosine_mean=0.2442 std=0.2255
Epoch  75/1000 [49.7s mem=1225MB] | train_loss=0.0290 train_AP=0.9519 | val_loss=0.4871 val_AP=0.6243 | test_AP=0.6274 | novelty_loss=-0.4845 | diversity_loss=0.2461 | inter_proxy_cosine_mean=0.2461 std=0.2187
  -> New best metrics: gen_loss=0.0290 val_loss=0.3393 val_AP=0.6379 (test=0.6274)
Epoch  76/1000 [52.1s mem=1227MB] | train_loss=0.0286 train_AP=0.9530 | val_loss=0.5375 val_AP=0.6200 | test_AP=0.6178 | novelty_loss=-0.4898 | diversity_loss=0.2507 | inter_proxy_cosine_mean=0.2507 std=0.2273
  -> New best metrics: gen_loss=0.0286 val_loss=0.3393 val_AP=0.6379 (test=0.6178)
Epoch  77/1000 [51.3s mem=1227MB] | train_loss=0.0278 train_AP=0.9528 | val_loss=0.4934 val_AP=0.6209 | test_AP=0.6246 | novelty_loss=-0.4912 | diversity_loss=0.2507 | inter_proxy_cosine_mean=0.2507 std=0.2284
  -> New best metrics: gen_loss=0.0278 val_loss=0.3393 val_AP=0.6379 (test=0.6246)
Epoch  78/1000 [51.4s mem=1225MB] | train_loss=0.0285 train_AP=0.9524 | val_loss=0.4895 val_AP=0.6240 | test_AP=0.6303 | novelty_loss=-0.4911 | diversity_loss=0.2500 | inter_proxy_cosine_mean=0.2500 std=0.2294
Epoch  79/1000 [50.3s mem=1228MB] | train_loss=0.0280 train_AP=0.9541 | val_loss=0.5351 val_AP=0.6244 | test_AP=0.6229 | novelty_loss=-0.4932 | diversity_loss=0.2517 | inter_proxy_cosine_mean=0.2517 std=0.2264
Epoch  80/1000 [53.0s mem=1228MB] | train_loss=0.0272 train_AP=0.9519 | val_loss=0.5132 val_AP=0.6196 | test_AP=0.6245 | novelty_loss=-0.4941 | diversity_loss=0.2502 | inter_proxy_cosine_mean=0.2502 std=0.2283
  -> New best metrics: gen_loss=0.0272 val_loss=0.3393 val_AP=0.6379 (test=0.6245)
Epoch  81/1000 [53.3s mem=1226MB] | train_loss=0.0277 train_AP=0.9550 | val_loss=0.5069 val_AP=0.6205 | test_AP=0.6256 | novelty_loss=-0.4992 | diversity_loss=0.2545 | inter_proxy_cosine_mean=0.2545 std=0.2344
Epoch  82/1000 [51.8s mem=1228MB] | train_loss=0.0264 train_AP=0.9534 | val_loss=0.5311 val_AP=0.6194 | test_AP=0.6195 | novelty_loss=-0.5017 | diversity_loss=0.2549 | inter_proxy_cosine_mean=0.2549 std=0.2363
  -> New best metrics: gen_loss=0.0264 val_loss=0.3393 val_AP=0.6379 (test=0.6195)
Epoch  83/1000 [50.0s mem=1228MB] | train_loss=0.0260 train_AP=0.9555 | val_loss=0.5012 val_AP=0.6180 | test_AP=0.6261 | novelty_loss=-0.5071 | diversity_loss=0.2602 | inter_proxy_cosine_mean=0.2602 std=0.2381
  -> New best metrics: gen_loss=0.0260 val_loss=0.3393 val_AP=0.6379 (test=0.6261)
Epoch  84/1000 [52.2s mem=1224MB] | train_loss=0.0264 train_AP=0.9554 | val_loss=0.5197 val_AP=0.6236 | test_AP=0.6255 | novelty_loss=-0.5084 | diversity_loss=0.2614 | inter_proxy_cosine_mean=0.2614 std=0.2405
Epoch  85/1000 [52.7s mem=1227MB] | train_loss=0.0249 train_AP=0.9566 | val_loss=0.5332 val_AP=0.6221 | test_AP=0.6214 | novelty_loss=-0.5049 | diversity_loss=0.2561 | inter_proxy_cosine_mean=0.2561 std=0.2334
  -> New best metrics: gen_loss=0.0249 val_loss=0.3393 val_AP=0.6379 (test=0.6214)
Epoch  86/1000 [53.9s mem=1230MB] | train_loss=0.0255 train_AP=0.9559 | val_loss=0.5331 val_AP=0.6196 | test_AP=0.6239 | novelty_loss=-0.5045 | diversity_loss=0.2552 | inter_proxy_cosine_mean=0.2552 std=0.2331
Epoch  87/1000 [51.8s mem=1229MB] | train_loss=0.0254 train_AP=0.9542 | val_loss=0.5153 val_AP=0.6165 | test_AP=0.6258 | novelty_loss=-0.5017 | diversity_loss=0.2521 | inter_proxy_cosine_mean=0.2521 std=0.2326
Epoch  88/1000 [55.5s mem=1227MB] | train_loss=0.0250 train_AP=0.9573 | val_loss=0.5302 val_AP=0.6238 | test_AP=0.6232 | novelty_loss=-0.5108 | diversity_loss=0.2606 | inter_proxy_cosine_mean=0.2606 std=0.2380
Epoch  89/1000 [49.3s mem=1228MB] | train_loss=0.0253 train_AP=0.9568 | val_loss=0.5231 val_AP=0.6220 | test_AP=0.6246 | novelty_loss=-0.5087 | diversity_loss=0.2571 | inter_proxy_cosine_mean=0.2571 std=0.2357
Epoch  90/1000 [52.7s mem=1228MB] | train_loss=0.0247 train_AP=0.9569 | val_loss=0.5552 val_AP=0.6203 | test_AP=0.6235 | novelty_loss=-0.5097 | diversity_loss=0.2580 | inter_proxy_cosine_mean=0.2580 std=0.2371
  -> New best metrics: gen_loss=0.0247 val_loss=0.3393 val_AP=0.6379 (test=0.6235)
Epoch  91/1000 [51.4s mem=1228MB] | train_loss=0.0240 train_AP=0.9583 | val_loss=0.5285 val_AP=0.6191 | test_AP=0.6202 | novelty_loss=-0.5173 | diversity_loss=0.2642 | inter_proxy_cosine_mean=0.2642 std=0.2420
  -> New best metrics: gen_loss=0.0240 val_loss=0.3393 val_AP=0.6379 (test=0.6202)
Epoch  92/1000 [49.7s mem=1229MB] | train_loss=0.0237 train_AP=0.9586 | val_loss=0.5517 val_AP=0.6208 | test_AP=0.6269 | novelty_loss=-0.5170 | diversity_loss=0.2629 | inter_proxy_cosine_mean=0.2629 std=0.2441
  -> New best metrics: gen_loss=0.0237 val_loss=0.3393 val_AP=0.6379 (test=0.6269)
Epoch  93/1000 [51.6s mem=1228MB] | train_loss=0.0234 train_AP=0.9572 | val_loss=0.5527 val_AP=0.6198 | test_AP=0.6257 | novelty_loss=-0.5189 | diversity_loss=0.2655 | inter_proxy_cosine_mean=0.2655 std=0.2413
  -> New best metrics: gen_loss=0.0234 val_loss=0.3393 val_AP=0.6379 (test=0.6257)
Epoch  94/1000 [51.1s mem=1228MB] | train_loss=0.0239 train_AP=0.9553 | val_loss=0.5435 val_AP=0.6141 | test_AP=0.6303 | novelty_loss=-0.5183 | diversity_loss=0.2636 | inter_proxy_cosine_mean=0.2636 std=0.2417
Epoch  95/1000 [51.6s mem=1227MB] | train_loss=0.0230 train_AP=0.9590 | val_loss=0.5446 val_AP=0.6127 | test_AP=0.6213 | novelty_loss=-0.5165 | diversity_loss=0.2615 | inter_proxy_cosine_mean=0.2615 std=0.2422
  -> New best metrics: gen_loss=0.0230 val_loss=0.3393 val_AP=0.6379 (test=0.6213)
Epoch  96/1000 [52.1s mem=1229MB] | train_loss=0.0230 train_AP=0.9579 | val_loss=0.5449 val_AP=0.6224 | test_AP=0.6224 | novelty_loss=-0.5175 | diversity_loss=0.2625 | inter_proxy_cosine_mean=0.2625 std=0.2411
Epoch  97/1000 [52.0s mem=1229MB] | train_loss=0.0226 train_AP=0.9591 | val_loss=0.5441 val_AP=0.6187 | test_AP=0.6262 | novelty_loss=-0.5164 | diversity_loss=0.2605 | inter_proxy_cosine_mean=0.2605 std=0.2386
  -> New best metrics: gen_loss=0.0226 val_loss=0.3393 val_AP=0.6379 (test=0.6262)
Epoch  98/1000 [49.2s mem=1226MB] | train_loss=0.0206 train_AP=0.9605 | val_loss=0.5516 val_AP=0.6229 | test_AP=0.6253 | novelty_loss=-0.5218 | diversity_loss=0.2654 | inter_proxy_cosine_mean=0.2654 std=0.2462
  -> New best metrics: gen_loss=0.0206 val_loss=0.3393 val_AP=0.6379 (test=0.6253)
Epoch  99/1000 [51.9s mem=1224MB] | train_loss=0.0222 train_AP=0.9606 | val_loss=0.5844 val_AP=0.6209 | test_AP=0.6220 | novelty_loss=-0.5200 | diversity_loss=0.2628 | inter_proxy_cosine_mean=0.2628 std=0.2410
Epoch 100/1000 [53.1s mem=1227MB] | train_loss=0.0222 train_AP=0.9578 | val_loss=0.5462 val_AP=0.6206 | test_AP=0.6244 | novelty_loss=-0.5244 | diversity_loss=0.2670 | inter_proxy_cosine_mean=0.2670 std=0.2435
Epoch 101/1000 [50.7s mem=1225MB] | train_loss=0.0212 train_AP=0.9582 | val_loss=0.5571 val_AP=0.6227 | test_AP=0.6269 | novelty_loss=-0.5256 | diversity_loss=0.2681 | inter_proxy_cosine_mean=0.2681 std=0.2429
Epoch 102/1000 [52.4s mem=1228MB] | train_loss=0.0219 train_AP=0.9618 | val_loss=0.5338 val_AP=0.6170 | test_AP=0.6281 | novelty_loss=-0.5229 | diversity_loss=0.2647 | inter_proxy_cosine_mean=0.2647 std=0.2410
Epoch 103/1000 [52.5s mem=1227MB] | train_loss=0.0223 train_AP=0.9571 | val_loss=0.5549 val_AP=0.6210 | test_AP=0.6245 | novelty_loss=-0.5273 | diversity_loss=0.2687 | inter_proxy_cosine_mean=0.2687 std=0.2444
Epoch 104/1000 [51.1s mem=1228MB] | train_loss=0.0218 train_AP=0.9595 | val_loss=0.5426 val_AP=0.6154 | test_AP=0.6294 | novelty_loss=-0.5250 | diversity_loss=0.2655 | inter_proxy_cosine_mean=0.2655 std=0.2415
Epoch 105/1000 [51.5s mem=1228MB] | train_loss=0.0205 train_AP=0.9601 | val_loss=0.5786 val_AP=0.6211 | test_AP=0.6264 | novelty_loss=-0.5304 | diversity_loss=0.2703 | inter_proxy_cosine_mean=0.2703 std=0.2473
  -> New best metrics: gen_loss=0.0205 val_loss=0.3393 val_AP=0.6379 (test=0.6264)
Epoch 106/1000 [53.2s mem=1228MB] | train_loss=0.0199 train_AP=0.9613 | val_loss=0.5782 val_AP=0.6167 | test_AP=0.6214 | novelty_loss=-0.5261 | diversity_loss=0.2661 | inter_proxy_cosine_mean=0.2661 std=0.2411
  -> New best metrics: gen_loss=0.0199 val_loss=0.3393 val_AP=0.6379 (test=0.6214)
Epoch 107/1000 [53.2s mem=1227MB] | train_loss=0.0205 train_AP=0.9618 | val_loss=0.5485 val_AP=0.6210 | test_AP=0.6261 | novelty_loss=-0.5302 | diversity_loss=0.2692 | inter_proxy_cosine_mean=0.2692 std=0.2431
Epoch 108/1000 [51.3s mem=1226MB] | train_loss=0.0201 train_AP=0.9613 | val_loss=0.5673 val_AP=0.6208 | test_AP=0.6237 | novelty_loss=-0.5300 | diversity_loss=0.2684 | inter_proxy_cosine_mean=0.2684 std=0.2443
Epoch 109/1000 [52.5s mem=1229MB] | train_loss=0.0199 train_AP=0.9624 | val_loss=0.5754 val_AP=0.6164 | test_AP=0.6244 | novelty_loss=-0.5334 | diversity_loss=0.2719 | inter_proxy_cosine_mean=0.2719 std=0.2450
Epoch 110/1000 [52.2s mem=1228MB] | train_loss=0.0196 train_AP=0.9635 | val_loss=0.5827 val_AP=0.6177 | test_AP=0.6257 | novelty_loss=-0.5311 | diversity_loss=0.2698 | inter_proxy_cosine_mean=0.2698 std=0.2454
  -> New best metrics: gen_loss=0.0196 val_loss=0.3393 val_AP=0.6379 (test=0.6257)
Epoch 111/1000 [52.9s mem=1228MB] | train_loss=0.0195 train_AP=0.9625 | val_loss=0.5520 val_AP=0.6168 | test_AP=0.6273 | novelty_loss=-0.5328 | diversity_loss=0.2710 | inter_proxy_cosine_mean=0.2710 std=0.2461
  -> New best metrics: gen_loss=0.0195 val_loss=0.3393 val_AP=0.6379 (test=0.6273)
Epoch 112/1000 [50.4s mem=1230MB] | train_loss=0.0189 train_AP=0.9641 | val_loss=0.5783 val_AP=0.6153 | test_AP=0.6255 | novelty_loss=-0.5316 | diversity_loss=0.2687 | inter_proxy_cosine_mean=0.2687 std=0.2477
  -> New best metrics: gen_loss=0.0189 val_loss=0.3393 val_AP=0.6379 (test=0.6255)
Epoch 113/1000 [51.1s mem=1228MB] | train_loss=0.0199 train_AP=0.9639 | val_loss=0.5881 val_AP=0.6188 | test_AP=0.6228 | novelty_loss=-0.5352 | diversity_loss=0.2721 | inter_proxy_cosine_mean=0.2721 std=0.2458
Epoch 114/1000 [52.5s mem=1229MB] | train_loss=0.0182 train_AP=0.9628 | val_loss=0.5803 val_AP=0.6220 | test_AP=0.6258 | novelty_loss=-0.5364 | diversity_loss=0.2729 | inter_proxy_cosine_mean=0.2729 std=0.2544
  -> New best metrics: gen_loss=0.0182 val_loss=0.3393 val_AP=0.6379 (test=0.6258)
Epoch 115/1000 [51.0s mem=1226MB] | train_loss=0.0180 train_AP=0.9623 | val_loss=0.5633 val_AP=0.6145 | test_AP=0.6273 | novelty_loss=-0.5395 | diversity_loss=0.2760 | inter_proxy_cosine_mean=0.2760 std=0.2526
  -> New best metrics: gen_loss=0.0180 val_loss=0.3393 val_AP=0.6379 (test=0.6273)
Epoch 116/1000 [53.0s mem=1226MB] | train_loss=0.0173 train_AP=0.9654 | val_loss=0.5897 val_AP=0.6189 | test_AP=0.6272 | novelty_loss=-0.5357 | diversity_loss=0.2723 | inter_proxy_cosine_mean=0.2723 std=0.2475
  -> New best metrics: gen_loss=0.0173 val_loss=0.3393 val_AP=0.6379 (test=0.6272)
Epoch 117/1000 [52.7s mem=1227MB] | train_loss=0.0185 train_AP=0.9636 | val_loss=0.6109 val_AP=0.6182 | test_AP=0.6303 | novelty_loss=-0.5363 | diversity_loss=0.2712 | inter_proxy_cosine_mean=0.2712 std=0.2501
Epoch 118/1000 [53.4s mem=1225MB] | train_loss=0.0171 train_AP=0.9654 | val_loss=0.5727 val_AP=0.6204 | test_AP=0.6272 | novelty_loss=-0.5378 | diversity_loss=0.2727 | inter_proxy_cosine_mean=0.2727 std=0.2505
  -> New best metrics: gen_loss=0.0171 val_loss=0.3393 val_AP=0.6379 (test=0.6272)
Epoch 119/1000 [53.2s mem=1230MB] | train_loss=0.0174 train_AP=0.9659 | val_loss=0.5946 val_AP=0.6153 | test_AP=0.6282 | novelty_loss=-0.5382 | diversity_loss=0.2729 | inter_proxy_cosine_mean=0.2729 std=0.2501
Epoch 120/1000 [61.6s mem=1228MB] | train_loss=0.0173 train_AP=0.9643 | val_loss=0.5897 val_AP=0.6121 | test_AP=0.6241 | novelty_loss=-0.5347 | diversity_loss=0.2688 | inter_proxy_cosine_mean=0.2688 std=0.2495
Epoch 121/1000 [62.2s mem=1225MB] | train_loss=0.0179 train_AP=0.9638 | val_loss=0.6076 val_AP=0.6221 | test_AP=0.6268 | novelty_loss=-0.5402 | diversity_loss=0.2755 | inter_proxy_cosine_mean=0.2755 std=0.2525
Epoch 122/1000 [52.6s mem=1226MB] | train_loss=0.0177 train_AP=0.9658 | val_loss=0.5596 val_AP=0.6131 | test_AP=0.6263 | novelty_loss=-0.5390 | diversity_loss=0.2733 | inter_proxy_cosine_mean=0.2733 std=0.2532
Epoch 123/1000 [50.3s mem=1229MB] | train_loss=0.0166 train_AP=0.9663 | val_loss=0.6008 val_AP=0.6132 | test_AP=0.6230 | novelty_loss=-0.5411 | diversity_loss=0.2749 | inter_proxy_cosine_mean=0.2749 std=0.2527
  -> New best metrics: gen_loss=0.0166 val_loss=0.3393 val_AP=0.6379 (test=0.6230)
Epoch 124/1000 [52.9s mem=1228MB] | train_loss=0.0165 train_AP=0.9657 | val_loss=0.5835 val_AP=0.6204 | test_AP=0.6254 | novelty_loss=-0.5421 | diversity_loss=0.2761 | inter_proxy_cosine_mean=0.2761 std=0.2529
  -> New best metrics: gen_loss=0.0165 val_loss=0.3393 val_AP=0.6379 (test=0.6254)
Epoch 125/1000 [48.9s mem=1228MB] | train_loss=0.0163 train_AP=0.9669 | val_loss=0.6109 val_AP=0.6166 | test_AP=0.6267 | novelty_loss=-0.5421 | diversity_loss=0.2748 | inter_proxy_cosine_mean=0.2748 std=0.2568
  -> New best metrics: gen_loss=0.0163 val_loss=0.3393 val_AP=0.6379 (test=0.6267)
Epoch 126/1000 [51.8s mem=1226MB] | train_loss=0.0165 train_AP=0.9671 | val_loss=0.6240 val_AP=0.6125 | test_AP=0.6251 | novelty_loss=-0.5390 | diversity_loss=0.2723 | inter_proxy_cosine_mean=0.2723 std=0.2531
Epoch 127/1000 [52.3s mem=1226MB] | train_loss=0.0154 train_AP=0.9672 | val_loss=0.5968 val_AP=0.6078 | test_AP=0.6258 | novelty_loss=-0.5438 | diversity_loss=0.2771 | inter_proxy_cosine_mean=0.2771 std=0.2485
  -> New best metrics: gen_loss=0.0154 val_loss=0.3393 val_AP=0.6379 (test=0.6258)
Epoch 128/1000 [54.0s mem=1225MB] | train_loss=0.0163 train_AP=0.9685 | val_loss=0.6088 val_AP=0.6213 | test_AP=0.6269 | novelty_loss=-0.5397 | diversity_loss=0.2722 | inter_proxy_cosine_mean=0.2722 std=0.2555
Epoch 129/1000 [51.3s mem=1229MB] | train_loss=0.0152 train_AP=0.9671 | val_loss=0.6212 val_AP=0.6231 | test_AP=0.6284 | novelty_loss=-0.5398 | diversity_loss=0.2719 | inter_proxy_cosine_mean=0.2719 std=0.2530
  -> New best metrics: gen_loss=0.0152 val_loss=0.3393 val_AP=0.6379 (test=0.6284)
Epoch 130/1000 [55.1s mem=1229MB] | train_loss=0.0150 train_AP=0.9671 | val_loss=0.6511 val_AP=0.6184 | test_AP=0.6205 | novelty_loss=-0.5427 | diversity_loss=0.2748 | inter_proxy_cosine_mean=0.2748 std=0.2546
  -> New best metrics: gen_loss=0.0150 val_loss=0.3393 val_AP=0.6379 (test=0.6205)
Epoch 131/1000 [48.6s mem=1222MB] | train_loss=0.0153 train_AP=0.9674 | val_loss=0.6305 val_AP=0.6215 | test_AP=0.6264 | novelty_loss=-0.5466 | diversity_loss=0.2786 | inter_proxy_cosine_mean=0.2786 std=0.2531
Epoch 132/1000 [51.3s mem=1227MB] | train_loss=0.0147 train_AP=0.9673 | val_loss=0.6161 val_AP=0.6189 | test_AP=0.6318 | novelty_loss=-0.5463 | diversity_loss=0.2776 | inter_proxy_cosine_mean=0.2776 std=0.2558
  -> New best metrics: gen_loss=0.0147 val_loss=0.3393 val_AP=0.6379 (test=0.6318)
Epoch 133/1000 [51.4s mem=1226MB] | train_loss=0.0148 train_AP=0.9689 | val_loss=0.5934 val_AP=0.6170 | test_AP=0.6239 | novelty_loss=-0.5477 | diversity_loss=0.2791 | inter_proxy_cosine_mean=0.2791 std=0.2535
Epoch 134/1000 [53.1s mem=1224MB] | train_loss=0.0148 train_AP=0.9704 | val_loss=0.6472 val_AP=0.6167 | test_AP=0.6246 | novelty_loss=-0.5441 | diversity_loss=0.2771 | inter_proxy_cosine_mean=0.2771 std=0.2478
Epoch 135/1000 [48.0s mem=1227MB] | train_loss=0.0147 train_AP=0.9681 | val_loss=0.6461 val_AP=0.6154 | test_AP=0.6242 | novelty_loss=-0.5458 | diversity_loss=0.2758 | inter_proxy_cosine_mean=0.2758 std=0.2545
  -> New best metrics: gen_loss=0.0147 val_loss=0.3393 val_AP=0.6379 (test=0.6242)
Epoch 136/1000 [50.7s mem=1228MB] | train_loss=0.0144 train_AP=0.9686 | val_loss=0.6046 val_AP=0.6154 | test_AP=0.6296 | novelty_loss=-0.5458 | diversity_loss=0.2772 | inter_proxy_cosine_mean=0.2772 std=0.2533
  -> New best metrics: gen_loss=0.0144 val_loss=0.3393 val_AP=0.6379 (test=0.6296)
Epoch 137/1000 [51.3s mem=1227MB] | train_loss=0.0135 train_AP=0.9692 | val_loss=0.6715 val_AP=0.6131 | test_AP=0.6250 | novelty_loss=-0.5463 | diversity_loss=0.2763 | inter_proxy_cosine_mean=0.2763 std=0.2502
  -> New best metrics: gen_loss=0.0135 val_loss=0.3393 val_AP=0.6379 (test=0.6250)
Epoch 138/1000 [48.6s mem=1226MB] | train_loss=0.0135 train_AP=0.9700 | val_loss=0.5992 val_AP=0.6227 | test_AP=0.6339 | novelty_loss=-0.5474 | diversity_loss=0.2777 | inter_proxy_cosine_mean=0.2777 std=0.2531
  -> New best metrics: gen_loss=0.0135 val_loss=0.3393 val_AP=0.6379 (test=0.6339)
Epoch 139/1000 [51.8s mem=1227MB] | train_loss=0.0146 train_AP=0.9676 | val_loss=0.6110 val_AP=0.6215 | test_AP=0.6311 | novelty_loss=-0.5453 | diversity_loss=0.2758 | inter_proxy_cosine_mean=0.2758 std=0.2498
Epoch 140/1000 [51.3s mem=1226MB] | train_loss=0.0134 train_AP=0.9692 | val_loss=0.6129 val_AP=0.6199 | test_AP=0.6273 | novelty_loss=-0.5528 | diversity_loss=0.2824 | inter_proxy_cosine_mean=0.2824 std=0.2552
  -> New best metrics: gen_loss=0.0134 val_loss=0.3393 val_AP=0.6379 (test=0.6273)
Epoch 141/1000 [51.1s mem=1230MB] | train_loss=0.0125 train_AP=0.9702 | val_loss=0.6604 val_AP=0.6211 | test_AP=0.6275 | novelty_loss=-0.5510 | diversity_loss=0.2815 | inter_proxy_cosine_mean=0.2815 std=0.2526
  -> New best metrics: gen_loss=0.0125 val_loss=0.3393 val_AP=0.6379 (test=0.6275)
Epoch 142/1000 [52.4s mem=1229MB] | train_loss=0.0124 train_AP=0.9707 | val_loss=0.6549 val_AP=0.6205 | test_AP=0.6262 | novelty_loss=-0.5486 | diversity_loss=0.2772 | inter_proxy_cosine_mean=0.2772 std=0.2551
  -> New best metrics: gen_loss=0.0124 val_loss=0.3393 val_AP=0.6379 (test=0.6262)
Epoch 143/1000 [50.4s mem=1229MB] | train_loss=0.0125 train_AP=0.9706 | val_loss=0.6205 val_AP=0.6215 | test_AP=0.6294 | novelty_loss=-0.5488 | diversity_loss=0.2769 | inter_proxy_cosine_mean=0.2769 std=0.2539
Epoch 144/1000 [52.6s mem=1224MB] | train_loss=0.0127 train_AP=0.9704 | val_loss=0.6493 val_AP=0.6213 | test_AP=0.6280 | novelty_loss=-0.5470 | diversity_loss=0.2767 | inter_proxy_cosine_mean=0.2767 std=0.2505
Epoch 145/1000 [51.0s mem=1227MB] | train_loss=0.0123 train_AP=0.9718 | val_loss=0.6470 val_AP=0.6170 | test_AP=0.6250 | novelty_loss=-0.5519 | diversity_loss=0.2809 | inter_proxy_cosine_mean=0.2809 std=0.2529
  -> New best metrics: gen_loss=0.0123 val_loss=0.3393 val_AP=0.6379 (test=0.6250)
Epoch 146/1000 [49.2s mem=1229MB] | train_loss=0.0129 train_AP=0.9713 | val_loss=0.6549 val_AP=0.6174 | test_AP=0.6245 | novelty_loss=-0.5479 | diversity_loss=0.2767 | inter_proxy_cosine_mean=0.2767 std=0.2490
Epoch 147/1000 [51.6s mem=1231MB] | train_loss=0.0132 train_AP=0.9696 | val_loss=0.6211 val_AP=0.6183 | test_AP=0.6228 | novelty_loss=-0.5533 | diversity_loss=0.2813 | inter_proxy_cosine_mean=0.2813 std=0.2549
Epoch 148/1000 [54.5s mem=1225MB] | train_loss=0.0121 train_AP=0.9717 | val_loss=0.6193 val_AP=0.6184 | test_AP=0.6280 | novelty_loss=-0.5493 | diversity_loss=0.2781 | inter_proxy_cosine_mean=0.2781 std=0.2550
  -> New best metrics: gen_loss=0.0121 val_loss=0.3393 val_AP=0.6379 (test=0.6280)
Epoch 149/1000 [53.9s mem=1228MB] | train_loss=0.0120 train_AP=0.9713 | val_loss=0.6634 val_AP=0.6200 | test_AP=0.6205 | novelty_loss=-0.5492 | diversity_loss=0.2771 | inter_proxy_cosine_mean=0.2771 std=0.2519
  -> New best metrics: gen_loss=0.0120 val_loss=0.3393 val_AP=0.6379 (test=0.6205)
Epoch 150/1000 [51.8s mem=1229MB] | train_loss=0.0117 train_AP=0.9710 | val_loss=0.6538 val_AP=0.6185 | test_AP=0.6210 | novelty_loss=-0.5494 | diversity_loss=0.2774 | inter_proxy_cosine_mean=0.2774 std=0.2505
  -> New best metrics: gen_loss=0.0117 val_loss=0.3393 val_AP=0.6379 (test=0.6210)
Epoch 151/1000 [51.0s mem=1227MB] | train_loss=0.0123 train_AP=0.9707 | val_loss=0.6641 val_AP=0.6159 | test_AP=0.6311 | novelty_loss=-0.5526 | diversity_loss=0.2803 | inter_proxy_cosine_mean=0.2803 std=0.2555
Epoch 152/1000 [60.4s mem=1228MB] | train_loss=0.0121 train_AP=0.9703 | val_loss=0.6775 val_AP=0.6172 | test_AP=0.6254 | novelty_loss=-0.5509 | diversity_loss=0.2783 | inter_proxy_cosine_mean=0.2783 std=0.2532
Epoch 153/1000 [55.0s mem=1229MB] | train_loss=0.0103 train_AP=0.9746 | val_loss=0.6458 val_AP=0.6135 | test_AP=0.6326 | novelty_loss=-0.5511 | diversity_loss=0.2774 | inter_proxy_cosine_mean=0.2774 std=0.2571
  -> New best metrics: gen_loss=0.0103 val_loss=0.3393 val_AP=0.6379 (test=0.6326)
Epoch 154/1000 [48.9s mem=1228MB] | train_loss=0.0109 train_AP=0.9720 | val_loss=0.6790 val_AP=0.6144 | test_AP=0.6240 | novelty_loss=-0.5512 | diversity_loss=0.2784 | inter_proxy_cosine_mean=0.2784 std=0.2550
Epoch 155/1000 [53.1s mem=1226MB] | train_loss=0.0123 train_AP=0.9711 | val_loss=0.6443 val_AP=0.6189 | test_AP=0.6301 | novelty_loss=-0.5525 | diversity_loss=0.2787 | inter_proxy_cosine_mean=0.2787 std=0.2603
Epoch 156/1000 [55.5s mem=1226MB] | train_loss=0.0113 train_AP=0.9711 | val_loss=0.6389 val_AP=0.6132 | test_AP=0.6272 | novelty_loss=-0.5562 | diversity_loss=0.2825 | inter_proxy_cosine_mean=0.2825 std=0.2603
Epoch 157/1000 [54.6s mem=1228MB] | train_loss=0.0107 train_AP=0.9722 | val_loss=0.6819 val_AP=0.6155 | test_AP=0.6233 | novelty_loss=-0.5527 | diversity_loss=0.2782 | inter_proxy_cosine_mean=0.2782 std=0.2560
Epoch 158/1000 [58.5s mem=1227MB] | train_loss=0.0111 train_AP=0.9699 | val_loss=0.6883 val_AP=0.6156 | test_AP=0.6253 | novelty_loss=-0.5576 | diversity_loss=0.2834 | inter_proxy_cosine_mean=0.2834 std=0.2569
Epoch 159/1000 [53.5s mem=1228MB] | train_loss=0.0110 train_AP=0.9713 | val_loss=0.6697 val_AP=0.6174 | test_AP=0.6325 | novelty_loss=-0.5561 | diversity_loss=0.2825 | inter_proxy_cosine_mean=0.2825 std=0.2584
Epoch 160/1000 [50.2s mem=1229MB] | train_loss=0.0110 train_AP=0.9720 | val_loss=0.6504 val_AP=0.6153 | test_AP=0.6294 | novelty_loss=-0.5565 | diversity_loss=0.2828 | inter_proxy_cosine_mean=0.2828 std=0.2550
Epoch 161/1000 [50.0s mem=1225MB] | train_loss=0.0104 train_AP=0.9732 | val_loss=0.6713 val_AP=0.6197 | test_AP=0.6276 | novelty_loss=-0.5528 | diversity_loss=0.2784 | inter_proxy_cosine_mean=0.2784 std=0.2525
Epoch 162/1000 [50.0s mem=1226MB] | train_loss=0.0099 train_AP=0.9742 | val_loss=0.6818 val_AP=0.6198 | test_AP=0.6287 | novelty_loss=-0.5578 | diversity_loss=0.2831 | inter_proxy_cosine_mean=0.2831 std=0.2541
  -> New best metrics: gen_loss=0.0099 val_loss=0.3393 val_AP=0.6379 (test=0.6287)
Epoch 163/1000 [48.4s mem=1228MB] | train_loss=0.0101 train_AP=0.9712 | val_loss=0.7044 val_AP=0.6186 | test_AP=0.6213 | novelty_loss=-0.5590 | diversity_loss=0.2843 | inter_proxy_cosine_mean=0.2843 std=0.2541
Epoch 164/1000 [55.9s mem=1226MB] | train_loss=0.0101 train_AP=0.9740 | val_loss=0.6825 val_AP=0.6124 | test_AP=0.6271 | novelty_loss=-0.5584 | diversity_loss=0.2828 | inter_proxy_cosine_mean=0.2828 std=0.2584
Epoch 165/1000 [50.2s mem=1228MB] | train_loss=0.0112 train_AP=0.9711 | val_loss=0.6494 val_AP=0.6212 | test_AP=0.6274 | novelty_loss=-0.5559 | diversity_loss=0.2807 | inter_proxy_cosine_mean=0.2807 std=0.2551
Epoch 166/1000 [51.3s mem=1227MB] | train_loss=0.0099 train_AP=0.9725 | val_loss=0.6989 val_AP=0.6194 | test_AP=0.6231 | novelty_loss=-0.5605 | diversity_loss=0.2845 | inter_proxy_cosine_mean=0.2845 std=0.2599
  -> New best metrics: gen_loss=0.0099 val_loss=0.3393 val_AP=0.6379 (test=0.6231)
Epoch 167/1000 [51.6s mem=1227MB] | train_loss=0.0098 train_AP=0.9737 | val_loss=0.6650 val_AP=0.6219 | test_AP=0.6352 | novelty_loss=-0.5630 | diversity_loss=0.2873 | inter_proxy_cosine_mean=0.2873 std=0.2651
  -> New best metrics: gen_loss=0.0098 val_loss=0.3393 val_AP=0.6379 (test=0.6352)
Epoch 168/1000 [51.8s mem=1227MB] | train_loss=0.0096 train_AP=0.9743 | val_loss=0.6994 val_AP=0.6179 | test_AP=0.6195 | novelty_loss=-0.5599 | diversity_loss=0.2840 | inter_proxy_cosine_mean=0.2840 std=0.2569
  -> New best metrics: gen_loss=0.0096 val_loss=0.3393 val_AP=0.6379 (test=0.6195)
Epoch 169/1000 [53.4s mem=1225MB] | train_loss=0.0090 train_AP=0.9754 | val_loss=0.6902 val_AP=0.6205 | test_AP=0.6255 | novelty_loss=-0.5603 | diversity_loss=0.2846 | inter_proxy_cosine_mean=0.2846 std=0.2573
  -> New best metrics: gen_loss=0.0090 val_loss=0.3393 val_AP=0.6379 (test=0.6255)
Epoch 170/1000 [53.3s mem=1227MB] | train_loss=0.0099 train_AP=0.9737 | val_loss=0.6980 val_AP=0.6176 | test_AP=0.6261 | novelty_loss=-0.5613 | diversity_loss=0.2851 | inter_proxy_cosine_mean=0.2851 std=0.2561
Epoch 171/1000 [49.5s mem=1226MB] | train_loss=0.0104 train_AP=0.9730 | val_loss=0.6838 val_AP=0.6169 | test_AP=0.6254 | novelty_loss=-0.5611 | diversity_loss=0.2846 | inter_proxy_cosine_mean=0.2846 std=0.2577
Epoch 172/1000 [49.1s mem=1225MB] | train_loss=0.0097 train_AP=0.9737 | val_loss=0.7334 val_AP=0.6177 | test_AP=0.6141 | novelty_loss=-0.5612 | diversity_loss=0.2847 | inter_proxy_cosine_mean=0.2847 std=0.2574
Epoch 173/1000 [49.6s mem=1227MB] | train_loss=0.0085 train_AP=0.9757 | val_loss=0.7019 val_AP=0.6166 | test_AP=0.6295 | novelty_loss=-0.5645 | diversity_loss=0.2880 | inter_proxy_cosine_mean=0.2880 std=0.2607
  -> New best metrics: gen_loss=0.0085 val_loss=0.3393 val_AP=0.6379 (test=0.6295)
Epoch 174/1000 [50.1s mem=1228MB] | train_loss=0.0084 train_AP=0.9758 | val_loss=0.7056 val_AP=0.6132 | test_AP=0.6261 | novelty_loss=-0.5633 | diversity_loss=0.2864 | inter_proxy_cosine_mean=0.2864 std=0.2610
  -> New best metrics: gen_loss=0.0084 val_loss=0.3393 val_AP=0.6379 (test=0.6261)
Epoch 175/1000 [48.3s mem=1232MB] | train_loss=0.0080 train_AP=0.9763 | val_loss=0.6689 val_AP=0.6141 | test_AP=0.6287 | novelty_loss=-0.5612 | diversity_loss=0.2844 | inter_proxy_cosine_mean=0.2844 std=0.2605
  -> New best metrics: gen_loss=0.0080 val_loss=0.3393 val_AP=0.6379 (test=0.6287)
Epoch 176/1000 [48.8s mem=1228MB] | train_loss=0.0097 train_AP=0.9731 | val_loss=0.6843 val_AP=0.6149 | test_AP=0.6291 | novelty_loss=-0.5625 | diversity_loss=0.2852 | inter_proxy_cosine_mean=0.2852 std=0.2581
Epoch 177/1000 [50.8s mem=1228MB] | train_loss=0.0091 train_AP=0.9750 | val_loss=0.6785 val_AP=0.6229 | test_AP=0.6311 | novelty_loss=-0.5590 | diversity_loss=0.2827 | inter_proxy_cosine_mean=0.2827 std=0.2538
Epoch 178/1000 [50.3s mem=1226MB] | train_loss=0.0093 train_AP=0.9746 | val_loss=0.6964 val_AP=0.6195 | test_AP=0.6301 | novelty_loss=-0.5665 | diversity_loss=0.2896 | inter_proxy_cosine_mean=0.2896 std=0.2585
Epoch 179/1000 [52.8s mem=1227MB] | train_loss=0.0083 train_AP=0.9774 | val_loss=0.7047 val_AP=0.6205 | test_AP=0.6280 | novelty_loss=-0.5600 | diversity_loss=0.2837 | inter_proxy_cosine_mean=0.2837 std=0.2524
Epoch 180/1000 [49.4s mem=1227MB] | train_loss=0.0090 train_AP=0.9737 | val_loss=0.7301 val_AP=0.6196 | test_AP=0.6302 | novelty_loss=-0.5629 | diversity_loss=0.2862 | inter_proxy_cosine_mean=0.2862 std=0.2567
Epoch 181/1000 [52.0s mem=1225MB] | train_loss=0.0077 train_AP=0.9762 | val_loss=0.7034 val_AP=0.6175 | test_AP=0.6268 | novelty_loss=-0.5644 | diversity_loss=0.2867 | inter_proxy_cosine_mean=0.2867 std=0.2587
  -> New best metrics: gen_loss=0.0077 val_loss=0.3393 val_AP=0.6379 (test=0.6268)
Epoch 182/1000 [49.3s mem=1228MB] | train_loss=0.0077 train_AP=0.9748 | val_loss=0.7359 val_AP=0.6160 | test_AP=0.6141 | novelty_loss=-0.5604 | diversity_loss=0.2832 | inter_proxy_cosine_mean=0.2832 std=0.2562
Epoch 183/1000 [50.7s mem=1228MB] | train_loss=0.0089 train_AP=0.9744 | val_loss=0.7194 val_AP=0.6100 | test_AP=0.6215 | novelty_loss=-0.5661 | diversity_loss=0.2891 | inter_proxy_cosine_mean=0.2891 std=0.2587
Epoch 184/1000 [50.4s mem=1228MB] | train_loss=0.0080 train_AP=0.9744 | val_loss=0.7219 val_AP=0.6105 | test_AP=0.6262 | novelty_loss=-0.5673 | diversity_loss=0.2888 | inter_proxy_cosine_mean=0.2888 std=0.2606
Epoch 185/1000 [48.7s mem=1228MB] | train_loss=0.0078 train_AP=0.9772 | val_loss=0.7456 val_AP=0.6187 | test_AP=0.6220 | novelty_loss=-0.5652 | diversity_loss=0.2871 | inter_proxy_cosine_mean=0.2871 std=0.2579
Epoch 186/1000 [52.5s mem=1229MB] | train_loss=0.0080 train_AP=0.9749 | val_loss=0.7783 val_AP=0.6155 | test_AP=0.6211 | novelty_loss=-0.5632 | diversity_loss=0.2847 | inter_proxy_cosine_mean=0.2847 std=0.2598
Epoch 187/1000 [51.3s mem=1226MB] | train_loss=0.0079 train_AP=0.9755 | val_loss=0.6943 val_AP=0.6152 | test_AP=0.6307 | novelty_loss=-0.5679 | diversity_loss=0.2899 | inter_proxy_cosine_mean=0.2899 std=0.2602
Epoch 188/1000 [51.2s mem=1225MB] | train_loss=0.0070 train_AP=0.9759 | val_loss=0.7196 val_AP=0.6159 | test_AP=0.6318 | novelty_loss=-0.5623 | diversity_loss=0.2834 | inter_proxy_cosine_mean=0.2834 std=0.2581
  -> New best metrics: gen_loss=0.0070 val_loss=0.3393 val_AP=0.6379 (test=0.6318)
Epoch 189/1000 [49.1s mem=1227MB] | train_loss=0.0072 train_AP=0.9761 | val_loss=0.7312 val_AP=0.6150 | test_AP=0.6306 | novelty_loss=-0.5729 | diversity_loss=0.2944 | inter_proxy_cosine_mean=0.2944 std=0.2617
Epoch 190/1000 [48.7s mem=1226MB] | train_loss=0.0080 train_AP=0.9747 | val_loss=0.7218 val_AP=0.6216 | test_AP=0.6296 | novelty_loss=-0.5652 | diversity_loss=0.2859 | inter_proxy_cosine_mean=0.2859 std=0.2607
Epoch 191/1000 [52.0s mem=1227MB] | train_loss=0.0065 train_AP=0.9757 | val_loss=0.7195 val_AP=0.6131 | test_AP=0.6309 | novelty_loss=-0.5698 | diversity_loss=0.2906 | inter_proxy_cosine_mean=0.2906 std=0.2651
  -> New best metrics: gen_loss=0.0065 val_loss=0.3393 val_AP=0.6379 (test=0.6309)
Epoch 192/1000 [51.2s mem=1227MB] | train_loss=0.0062 train_AP=0.9776 | val_loss=0.7419 val_AP=0.6182 | test_AP=0.6310 | novelty_loss=-0.5721 | diversity_loss=0.2921 | inter_proxy_cosine_mean=0.2921 std=0.2660
  -> New best metrics: gen_loss=0.0062 val_loss=0.3393 val_AP=0.6379 (test=0.6310)
Epoch 193/1000 [51.1s mem=1226MB] | train_loss=0.0082 train_AP=0.9751 | val_loss=0.7484 val_AP=0.6170 | test_AP=0.6285 | novelty_loss=-0.5680 | diversity_loss=0.2890 | inter_proxy_cosine_mean=0.2890 std=0.2598
Epoch 194/1000 [50.7s mem=1230MB] | train_loss=0.0066 train_AP=0.9771 | val_loss=0.7058 val_AP=0.6169 | test_AP=0.6316 | novelty_loss=-0.5683 | diversity_loss=0.2885 | inter_proxy_cosine_mean=0.2885 std=0.2597
Epoch 195/1000 [49.4s mem=1227MB] | train_loss=0.0060 train_AP=0.9784 | val_loss=0.7194 val_AP=0.6159 | test_AP=0.6351 | novelty_loss=-0.5646 | diversity_loss=0.2848 | inter_proxy_cosine_mean=0.2848 std=0.2585
  -> New best metrics: gen_loss=0.0060 val_loss=0.3393 val_AP=0.6379 (test=0.6351)
Epoch 196/1000 [50.9s mem=1227MB] | train_loss=0.0070 train_AP=0.9770 | val_loss=0.7733 val_AP=0.6089 | test_AP=0.6274 | novelty_loss=-0.5698 | diversity_loss=0.2896 | inter_proxy_cosine_mean=0.2896 std=0.2618
Epoch 197/1000 [48.6s mem=1228MB] | train_loss=0.0069 train_AP=0.9773 | val_loss=0.7272 val_AP=0.6116 | test_AP=0.6317 | novelty_loss=-0.5694 | diversity_loss=0.2897 | inter_proxy_cosine_mean=0.2897 std=0.2626
Epoch 198/1000 [50.2s mem=1227MB] | train_loss=0.0052 train_AP=0.9788 | val_loss=0.7431 val_AP=0.6100 | test_AP=0.6340 | novelty_loss=-0.5663 | diversity_loss=0.2860 | inter_proxy_cosine_mean=0.2860 std=0.2583
  -> New best metrics: gen_loss=0.0052 val_loss=0.3393 val_AP=0.6379 (test=0.6340)
Epoch 199/1000 [50.3s mem=1227MB] | train_loss=0.0051 train_AP=0.9773 | val_loss=0.7450 val_AP=0.6101 | test_AP=0.6280 | novelty_loss=-0.5631 | diversity_loss=0.2824 | inter_proxy_cosine_mean=0.2824 std=0.2605
  -> New best metrics: gen_loss=0.0051 val_loss=0.3393 val_AP=0.6379 (test=0.6280)
Epoch 200/1000 [48.8s mem=1228MB] | train_loss=0.0055 train_AP=0.9785 | val_loss=0.7410 val_AP=0.6086 | test_AP=0.6250 | novelty_loss=-0.5670 | diversity_loss=0.2868 | inter_proxy_cosine_mean=0.2868 std=0.2618
Epoch 201/1000 [51.8s mem=1229MB] | train_loss=0.0058 train_AP=0.9781 | val_loss=0.7788 val_AP=0.6170 | test_AP=0.6307 | novelty_loss=-0.5721 | diversity_loss=0.2926 | inter_proxy_cosine_mean=0.2926 std=0.2640
Epoch 202/1000 [49.6s mem=1228MB] | train_loss=0.0060 train_AP=0.9753 | val_loss=0.7572 val_AP=0.6151 | test_AP=0.6311 | novelty_loss=-0.5740 | diversity_loss=0.2947 | inter_proxy_cosine_mean=0.2947 std=0.2652
Epoch 203/1000 [51.9s mem=1227MB] | train_loss=0.0055 train_AP=0.9781 | val_loss=0.7584 val_AP=0.6134 | test_AP=0.6275 | novelty_loss=-0.5657 | diversity_loss=0.2862 | inter_proxy_cosine_mean=0.2862 std=0.2573
Epoch 204/1000 [53.3s mem=1230MB] | train_loss=0.0058 train_AP=0.9786 | val_loss=0.8187 val_AP=0.6140 | test_AP=0.6204 | novelty_loss=-0.5663 | diversity_loss=0.2853 | inter_proxy_cosine_mean=0.2853 std=0.2572
Epoch 205/1000 [48.4s mem=1225MB] | train_loss=0.0062 train_AP=0.9772 | val_loss=0.7565 val_AP=0.6182 | test_AP=0.6314 | novelty_loss=-0.5679 | diversity_loss=0.2862 | inter_proxy_cosine_mean=0.2862 std=0.2642
Epoch 206/1000 [51.2s mem=1226MB] | train_loss=0.0057 train_AP=0.9789 | val_loss=0.7359 val_AP=0.6132 | test_AP=0.6252 | novelty_loss=-0.5692 | diversity_loss=0.2892 | inter_proxy_cosine_mean=0.2892 std=0.2620
Epoch 207/1000 [49.4s mem=1229MB] | train_loss=0.0058 train_AP=0.9785 | val_loss=0.7338 val_AP=0.6111 | test_AP=0.6201 | novelty_loss=-0.5634 | diversity_loss=0.2828 | inter_proxy_cosine_mean=0.2828 std=0.2573
Epoch 208/1000 [51.6s mem=1228MB] | train_loss=0.0064 train_AP=0.9772 | val_loss=0.7400 val_AP=0.6118 | test_AP=0.6286 | novelty_loss=-0.5660 | diversity_loss=0.2855 | inter_proxy_cosine_mean=0.2855 std=0.2592
Epoch 209/1000 [50.5s mem=1229MB] | train_loss=0.0059 train_AP=0.9782 | val_loss=0.7854 val_AP=0.6084 | test_AP=0.6242 | novelty_loss=-0.5761 | diversity_loss=0.2941 | inter_proxy_cosine_mean=0.2941 std=0.2641
Epoch 210/1000 [49.9s mem=1225MB] | train_loss=0.0041 train_AP=0.9789 | val_loss=0.7556 val_AP=0.6175 | test_AP=0.6303 | novelty_loss=-0.5722 | diversity_loss=0.2899 | inter_proxy_cosine_mean=0.2899 std=0.2615
  -> New best metrics: gen_loss=0.0041 val_loss=0.3393 val_AP=0.6379 (test=0.6303)
Epoch 211/1000 [50.9s mem=1230MB] | train_loss=0.0042 train_AP=0.9785 | val_loss=0.7823 val_AP=0.6184 | test_AP=0.6291 | novelty_loss=-0.5687 | diversity_loss=0.2860 | inter_proxy_cosine_mean=0.2860 std=0.2619
Epoch 212/1000 [49.2s mem=1229MB] | train_loss=0.0046 train_AP=0.9780 | val_loss=0.7456 val_AP=0.6192 | test_AP=0.6284 | novelty_loss=-0.5695 | diversity_loss=0.2876 | inter_proxy_cosine_mean=0.2876 std=0.2659
Epoch 213/1000 [50.3s mem=1226MB] | train_loss=0.0050 train_AP=0.9778 | val_loss=0.7580 val_AP=0.6200 | test_AP=0.6252 | novelty_loss=-0.5758 | diversity_loss=0.2940 | inter_proxy_cosine_mean=0.2940 std=0.2656
Epoch 214/1000 [50.1s mem=1227MB] | train_loss=0.0038 train_AP=0.9795 | val_loss=0.7619 val_AP=0.6089 | test_AP=0.6263 | novelty_loss=-0.5664 | diversity_loss=0.2844 | inter_proxy_cosine_mean=0.2844 std=0.2660
  -> New best metrics: gen_loss=0.0038 val_loss=0.3393 val_AP=0.6379 (test=0.6263)
Epoch 215/1000 [52.4s mem=1228MB] | train_loss=0.0043 train_AP=0.9800 | val_loss=0.7682 val_AP=0.6154 | test_AP=0.6261 | novelty_loss=-0.5701 | diversity_loss=0.2877 | inter_proxy_cosine_mean=0.2877 std=0.2599
Epoch 216/1000 [50.4s mem=1228MB] | train_loss=0.0037 train_AP=0.9802 | val_loss=0.7486 val_AP=0.6147 | test_AP=0.6280 | novelty_loss=-0.5751 | diversity_loss=0.2932 | inter_proxy_cosine_mean=0.2932 std=0.2641
  -> New best metrics: gen_loss=0.0037 val_loss=0.3393 val_AP=0.6379 (test=0.6280)
Epoch 217/1000 [53.2s mem=1223MB] | train_loss=0.0045 train_AP=0.9785 | val_loss=0.7341 val_AP=0.6200 | test_AP=0.6324 | novelty_loss=-0.5739 | diversity_loss=0.2908 | inter_proxy_cosine_mean=0.2908 std=0.2659
Epoch 218/1000 [51.3s mem=1228MB] | train_loss=0.0040 train_AP=0.9770 | val_loss=0.7505 val_AP=0.6141 | test_AP=0.6273 | novelty_loss=-0.5718 | diversity_loss=0.2893 | inter_proxy_cosine_mean=0.2893 std=0.2619
Epoch 219/1000 [53.3s mem=1226MB] | train_loss=0.0050 train_AP=0.9780 | val_loss=0.8076 val_AP=0.6099 | test_AP=0.6208 | novelty_loss=-0.5700 | diversity_loss=0.2877 | inter_proxy_cosine_mean=0.2877 std=0.2635
Epoch 220/1000 [49.9s mem=1229MB] | train_loss=0.0055 train_AP=0.9777 | val_loss=0.7840 val_AP=0.6206 | test_AP=0.6312 | novelty_loss=-0.5721 | diversity_loss=0.2884 | inter_proxy_cosine_mean=0.2884 std=0.2631
Epoch 221/1000 [58.3s mem=1227MB] | train_loss=0.0039 train_AP=0.9785 | val_loss=0.7367 val_AP=0.6139 | test_AP=0.6272 | novelty_loss=-0.5748 | diversity_loss=0.2913 | inter_proxy_cosine_mean=0.2913 std=0.2684
Epoch 222/1000 [49.8s mem=1228MB] | train_loss=0.0031 train_AP=0.9816 | val_loss=0.7756 val_AP=0.6151 | test_AP=0.6297 | novelty_loss=-0.5776 | diversity_loss=0.2938 | inter_proxy_cosine_mean=0.2938 std=0.2657
  -> New best metrics: gen_loss=0.0031 val_loss=0.3393 val_AP=0.6379 (test=0.6297)
Epoch 223/1000 [51.7s mem=1227MB] | train_loss=0.0047 train_AP=0.9793 | val_loss=0.7656 val_AP=0.6153 | test_AP=0.6292 | novelty_loss=-0.5740 | diversity_loss=0.2921 | inter_proxy_cosine_mean=0.2921 std=0.2583
Epoch 224/1000 [49.9s mem=1226MB] | train_loss=0.0039 train_AP=0.9779 | val_loss=0.7810 val_AP=0.6209 | test_AP=0.6315 | novelty_loss=-0.5730 | diversity_loss=0.2893 | inter_proxy_cosine_mean=0.2893 std=0.2592
Epoch 225/1000 [54.0s mem=1228MB] | train_loss=0.0026 train_AP=0.9808 | val_loss=0.7945 val_AP=0.6174 | test_AP=0.6236 | novelty_loss=-0.5760 | diversity_loss=0.2915 | inter_proxy_cosine_mean=0.2915 std=0.2649
  -> New best metrics: gen_loss=0.0026 val_loss=0.3393 val_AP=0.6379 (test=0.6236)
Epoch 226/1000 [51.9s mem=1228MB] | train_loss=0.0032 train_AP=0.9799 | val_loss=0.7784 val_AP=0.6155 | test_AP=0.6305 | novelty_loss=-0.5735 | diversity_loss=0.2906 | inter_proxy_cosine_mean=0.2906 std=0.2633
Epoch 227/1000 [51.0s mem=1228MB] | train_loss=0.0035 train_AP=0.9804 | val_loss=0.7978 val_AP=0.6165 | test_AP=0.6284 | novelty_loss=-0.5767 | diversity_loss=0.2929 | inter_proxy_cosine_mean=0.2929 std=0.2637
Epoch 228/1000 [54.2s mem=1228MB] | train_loss=0.0030 train_AP=0.9790 | val_loss=0.7598 val_AP=0.6185 | test_AP=0.6311 | novelty_loss=-0.5745 | diversity_loss=0.2908 | inter_proxy_cosine_mean=0.2908 std=0.2651
Epoch 229/1000 [50.4s mem=1228MB] | train_loss=0.0019 train_AP=0.9817 | val_loss=0.7910 val_AP=0.6231 | test_AP=0.6338 | novelty_loss=-0.5675 | diversity_loss=0.2832 | inter_proxy_cosine_mean=0.2832 std=0.2636
  -> New best metrics: gen_loss=0.0019 val_loss=0.3393 val_AP=0.6379 (test=0.6338)
Epoch 230/1000 [50.5s mem=1228MB] | train_loss=0.0036 train_AP=0.9817 | val_loss=0.8098 val_AP=0.6150 | test_AP=0.6274 | novelty_loss=-0.5764 | diversity_loss=0.2935 | inter_proxy_cosine_mean=0.2935 std=0.2632
Epoch 231/1000 [48.5s mem=1228MB] | train_loss=0.0026 train_AP=0.9790 | val_loss=0.7563 val_AP=0.6151 | test_AP=0.6327 | novelty_loss=-0.5753 | diversity_loss=0.2913 | inter_proxy_cosine_mean=0.2913 std=0.2617
Epoch 232/1000 [49.2s mem=1229MB] | train_loss=0.0032 train_AP=0.9813 | val_loss=0.7762 val_AP=0.6157 | test_AP=0.6234 | novelty_loss=-0.5753 | diversity_loss=0.2902 | inter_proxy_cosine_mean=0.2902 std=0.2667
Epoch 233/1000 [50.6s mem=1228MB] | train_loss=0.0040 train_AP=0.9796 | val_loss=0.7762 val_AP=0.6152 | test_AP=0.6354 | novelty_loss=-0.5742 | diversity_loss=0.2894 | inter_proxy_cosine_mean=0.2894 std=0.2683
Epoch 234/1000 [51.0s mem=1223MB] | train_loss=0.0036 train_AP=0.9794 | val_loss=0.8349 val_AP=0.6143 | test_AP=0.6239 | novelty_loss=-0.5809 | diversity_loss=0.2973 | inter_proxy_cosine_mean=0.2973 std=0.2636
Epoch 235/1000 [49.3s mem=1226MB] | train_loss=0.0027 train_AP=0.9801 | val_loss=0.7890 val_AP=0.6161 | test_AP=0.6241 | novelty_loss=-0.5765 | diversity_loss=0.2913 | inter_proxy_cosine_mean=0.2913 std=0.2644
Epoch 236/1000 [48.5s mem=1227MB] | train_loss=0.0031 train_AP=0.9793 | val_loss=0.8114 val_AP=0.6165 | test_AP=0.6287 | novelty_loss=-0.5808 | diversity_loss=0.2963 | inter_proxy_cosine_mean=0.2963 std=0.2646
Epoch 237/1000 [53.2s mem=1224MB] | train_loss=0.0022 train_AP=0.9828 | val_loss=0.8381 val_AP=0.6135 | test_AP=0.6235 | novelty_loss=-0.5823 | diversity_loss=0.2983 | inter_proxy_cosine_mean=0.2983 std=0.2663
Epoch 238/1000 [48.1s mem=1227MB] | train_loss=0.0032 train_AP=0.9808 | val_loss=0.8020 val_AP=0.6176 | test_AP=0.6255 | novelty_loss=-0.5746 | diversity_loss=0.2891 | inter_proxy_cosine_mean=0.2891 std=0.2653
Epoch 239/1000 [49.1s mem=1227MB] | train_loss=0.0025 train_AP=0.9807 | val_loss=0.8284 val_AP=0.6115 | test_AP=0.6236 | novelty_loss=-0.5800 | diversity_loss=0.2943 | inter_proxy_cosine_mean=0.2943 std=0.2679
Epoch 240/1000 [51.4s mem=1228MB] | train_loss=0.0030 train_AP=0.9799 | val_loss=0.8408 val_AP=0.6108 | test_AP=0.6204 | novelty_loss=-0.5804 | diversity_loss=0.2947 | inter_proxy_cosine_mean=0.2947 std=0.2682
Epoch 241/1000 [51.1s mem=1227MB] | train_loss=0.0017 train_AP=0.9828 | val_loss=0.8351 val_AP=0.6146 | test_AP=0.6161 | novelty_loss=-0.5792 | diversity_loss=0.2941 | inter_proxy_cosine_mean=0.2941 std=0.2653
  -> New best metrics: gen_loss=0.0017 val_loss=0.3393 val_AP=0.6379 (test=0.6161)
Epoch 242/1000 [50.6s mem=1227MB] | train_loss=0.0021 train_AP=0.9799 | val_loss=0.8046 val_AP=0.6195 | test_AP=0.6256 | novelty_loss=-0.5805 | diversity_loss=0.2954 | inter_proxy_cosine_mean=0.2954 std=0.2667
Epoch 243/1000 [49.3s mem=1225MB] | train_loss=0.0023 train_AP=0.9828 | val_loss=0.7967 val_AP=0.6134 | test_AP=0.6207 | novelty_loss=-0.5757 | diversity_loss=0.2903 | inter_proxy_cosine_mean=0.2903 std=0.2607
Epoch 244/1000 [50.4s mem=1227MB] | train_loss=0.0025 train_AP=0.9813 | val_loss=0.8841 val_AP=0.6057 | test_AP=0.6158 | novelty_loss=-0.5784 | diversity_loss=0.2932 | inter_proxy_cosine_mean=0.2932 std=0.2617
Epoch 245/1000 [55.0s mem=1227MB] | train_loss=0.0019 train_AP=0.9820 | val_loss=0.8501 val_AP=0.6132 | test_AP=0.6224 | novelty_loss=-0.5814 | diversity_loss=0.2949 | inter_proxy_cosine_mean=0.2949 std=0.2706
Epoch 246/1000 [53.7s mem=1228MB] | train_loss=0.0018 train_AP=0.9818 | val_loss=0.8200 val_AP=0.6150 | test_AP=0.6239 | novelty_loss=-0.5757 | diversity_loss=0.2907 | inter_proxy_cosine_mean=0.2907 std=0.2647
Epoch 247/1000 [55.5s mem=1228MB] | train_loss=0.0019 train_AP=0.9822 | val_loss=0.8328 val_AP=0.6179 | test_AP=0.6251 | novelty_loss=-0.5772 | diversity_loss=0.2912 | inter_proxy_cosine_mean=0.2912 std=0.2637
Epoch 248/1000 [53.9s mem=1225MB] | train_loss=0.0012 train_AP=0.9833 | val_loss=0.8336 val_AP=0.6060 | test_AP=0.6244 | novelty_loss=-0.5820 | diversity_loss=0.2943 | inter_proxy_cosine_mean=0.2943 std=0.2696
  -> New best metrics: gen_loss=0.0012 val_loss=0.3393 val_AP=0.6379 (test=0.6244)
Epoch 249/1000 [51.8s mem=1231MB] | train_loss=0.0024 train_AP=0.9824 | val_loss=0.8325 val_AP=0.6091 | test_AP=0.6295 | novelty_loss=-0.5820 | diversity_loss=0.2968 | inter_proxy_cosine_mean=0.2968 std=0.2664
Epoch 250/1000 [50.3s mem=1230MB] | train_loss=0.0026 train_AP=0.9792 | val_loss=0.8357 val_AP=0.6087 | test_AP=0.6324 | novelty_loss=-0.5750 | diversity_loss=0.2894 | inter_proxy_cosine_mean=0.2894 std=0.2647
Epoch 251/1000 [51.8s mem=1228MB] | train_loss=0.0015 train_AP=0.9820 | val_loss=0.8315 val_AP=0.6062 | test_AP=0.6273 | novelty_loss=-0.5812 | diversity_loss=0.2944 | inter_proxy_cosine_mean=0.2944 std=0.2687
Epoch 252/1000 [52.8s mem=1226MB] | train_loss=0.0012 train_AP=0.9823 | val_loss=0.8319 val_AP=0.6100 | test_AP=0.6283 | novelty_loss=-0.5835 | diversity_loss=0.2979 | inter_proxy_cosine_mean=0.2979 std=0.2652
Epoch 253/1000 [53.8s mem=1229MB] | train_loss=0.0023 train_AP=0.9825 | val_loss=0.8528 val_AP=0.6081 | test_AP=0.6193 | novelty_loss=-0.5739 | diversity_loss=0.2885 | inter_proxy_cosine_mean=0.2885 std=0.2614
Epoch 254/1000 [51.1s mem=1228MB] | train_loss=0.0009 train_AP=0.9820 | val_loss=0.8860 val_AP=0.6063 | test_AP=0.6208 | novelty_loss=-0.5834 | diversity_loss=0.2969 | inter_proxy_cosine_mean=0.2969 std=0.2672
  -> New best metrics: gen_loss=0.0009 val_loss=0.3393 val_AP=0.6379 (test=0.6208)
Epoch 255/1000 [53.1s mem=1228MB] | train_loss=0.0009 train_AP=0.9805 | val_loss=0.8263 val_AP=0.6127 | test_AP=0.6290 | novelty_loss=-0.5831 | diversity_loss=0.2956 | inter_proxy_cosine_mean=0.2956 std=0.2704
Epoch 256/1000 [51.8s mem=1225MB] | train_loss=0.0021 train_AP=0.9823 | val_loss=0.8419 val_AP=0.6170 | test_AP=0.6306 | novelty_loss=-0.5789 | diversity_loss=0.2921 | inter_proxy_cosine_mean=0.2921 std=0.2636
Epoch 257/1000 [50.0s mem=1228MB] | train_loss=0.0012 train_AP=0.9820 | val_loss=0.9044 val_AP=0.6133 | test_AP=0.6255 | novelty_loss=-0.5794 | diversity_loss=0.2928 | inter_proxy_cosine_mean=0.2928 std=0.2643
Epoch 258/1000 [51.6s mem=1226MB] | train_loss=0.0004 train_AP=0.9835 | val_loss=0.8504 val_AP=0.6164 | test_AP=0.6304 | novelty_loss=-0.5828 | diversity_loss=0.2963 | inter_proxy_cosine_mean=0.2963 std=0.2673
  -> New best metrics: gen_loss=0.0004 val_loss=0.3393 val_AP=0.6379 (test=0.6304)
Epoch 259/1000 [52.2s mem=1228MB] | train_loss=0.0007 train_AP=0.9816 | val_loss=0.8233 val_AP=0.6148 | test_AP=0.6298 | novelty_loss=-0.5838 | diversity_loss=0.2967 | inter_proxy_cosine_mean=0.2967 std=0.2668
Epoch 260/1000 [50.6s mem=1229MB] | train_loss=0.0009 train_AP=0.9835 | val_loss=0.8112 val_AP=0.6208 | test_AP=0.6335 | novelty_loss=-0.5836 | diversity_loss=0.2975 | inter_proxy_cosine_mean=0.2975 std=0.2665
Epoch 261/1000 [52.3s mem=1229MB] | train_loss=0.0016 train_AP=0.9815 | val_loss=0.8182 val_AP=0.6124 | test_AP=0.6284 | novelty_loss=-0.5832 | diversity_loss=0.2967 | inter_proxy_cosine_mean=0.2967 std=0.2660
Epoch 262/1000 [51.5s mem=1228MB] | train_loss=0.0017 train_AP=0.9812 | val_loss=0.8557 val_AP=0.6139 | test_AP=0.6305 | novelty_loss=-0.5846 | diversity_loss=0.2964 | inter_proxy_cosine_mean=0.2964 std=0.2688
Epoch 263/1000 [49.0s mem=1227MB] | train_loss=-0.0007 train_AP=0.9832 | val_loss=0.8062 val_AP=0.6144 | test_AP=0.6336 | novelty_loss=-0.5786 | diversity_loss=0.2919 | inter_proxy_cosine_mean=0.2919 std=0.2637
  -> New best metrics: gen_loss=-0.0007 val_loss=0.3393 val_AP=0.6379 (test=0.6336)
Epoch 264/1000 [50.1s mem=1226MB] | train_loss=-0.0003 train_AP=0.9839 | val_loss=0.8410 val_AP=0.6163 | test_AP=0.6279 | novelty_loss=-0.5864 | diversity_loss=0.2995 | inter_proxy_cosine_mean=0.2995 std=0.2700
Epoch 265/1000 [51.4s mem=1227MB] | train_loss=0.0006 train_AP=0.9832 | val_loss=0.8209 val_AP=0.6145 | test_AP=0.6280 | novelty_loss=-0.5844 | diversity_loss=0.2974 | inter_proxy_cosine_mean=0.2974 std=0.2673
Epoch 266/1000 [51.5s mem=1227MB] | train_loss=0.0005 train_AP=0.9813 | val_loss=0.8385 val_AP=0.6154 | test_AP=0.6279 | novelty_loss=-0.5861 | diversity_loss=0.2982 | inter_proxy_cosine_mean=0.2982 std=0.2645
Epoch 267/1000 [51.8s mem=1230MB] | train_loss=0.0003 train_AP=0.9817 | val_loss=0.8197 val_AP=0.6208 | test_AP=0.6320 | novelty_loss=-0.5838 | diversity_loss=0.2967 | inter_proxy_cosine_mean=0.2967 std=0.2655
Epoch 268/1000 [51.5s mem=1228MB] | train_loss=0.0005 train_AP=0.9833 | val_loss=0.8641 val_AP=0.6162 | test_AP=0.6236 | novelty_loss=-0.5888 | diversity_loss=0.3010 | inter_proxy_cosine_mean=0.3010 std=0.2654
Epoch 269/1000 [50.0s mem=1227MB] | train_loss=-0.0002 train_AP=0.9824 | val_loss=0.8394 val_AP=0.6221 | test_AP=0.6306 | novelty_loss=-0.5801 | diversity_loss=0.2922 | inter_proxy_cosine_mean=0.2922 std=0.2645
Epoch 270/1000 [51.2s mem=1225MB] | train_loss=0.0006 train_AP=0.9834 | val_loss=0.8513 val_AP=0.6201 | test_AP=0.6327 | novelty_loss=-0.5830 | diversity_loss=0.2955 | inter_proxy_cosine_mean=0.2955 std=0.2658
Epoch 271/1000 [50.4s mem=1227MB] | train_loss=0.0005 train_AP=0.9818 | val_loss=0.8892 val_AP=0.6218 | test_AP=0.6266 | novelty_loss=-0.5848 | diversity_loss=0.2964 | inter_proxy_cosine_mean=0.2964 std=0.2655
Epoch 272/1000 [49.3s mem=1225MB] | train_loss=-0.0002 train_AP=0.9828 | val_loss=0.8885 val_AP=0.6200 | test_AP=0.6230 | novelty_loss=-0.5804 | diversity_loss=0.2923 | inter_proxy_cosine_mean=0.2923 std=0.2609
Epoch 273/1000 [49.2s mem=1226MB] | train_loss=-0.0006 train_AP=0.9832 | val_loss=0.8409 val_AP=0.6151 | test_AP=0.6228 | novelty_loss=-0.5794 | diversity_loss=0.2908 | inter_proxy_cosine_mean=0.2908 std=0.2645
Epoch 274/1000 [49.7s mem=1229MB] | train_loss=-0.0003 train_AP=0.9831 | val_loss=0.8702 val_AP=0.6151 | test_AP=0.6246 | novelty_loss=-0.5839 | diversity_loss=0.2960 | inter_proxy_cosine_mean=0.2960 std=0.2640
Epoch 275/1000 [50.4s mem=1229MB] | train_loss=-0.0006 train_AP=0.9842 | val_loss=0.9061 val_AP=0.6108 | test_AP=0.6247 | novelty_loss=-0.5870 | diversity_loss=0.2988 | inter_proxy_cosine_mean=0.2988 std=0.2643
Epoch 276/1000 [50.8s mem=1228MB] | train_loss=0.0008 train_AP=0.9817 | val_loss=0.7994 val_AP=0.6163 | test_AP=0.6296 | novelty_loss=-0.5854 | diversity_loss=0.2958 | inter_proxy_cosine_mean=0.2958 std=0.2712
Epoch 277/1000 [53.3s mem=1225MB] | train_loss=0.0003 train_AP=0.9827 | val_loss=0.8334 val_AP=0.6122 | test_AP=0.6318 | novelty_loss=-0.5795 | diversity_loss=0.2918 | inter_proxy_cosine_mean=0.2918 std=0.2632
Epoch 278/1000 [53.4s mem=1230MB] | train_loss=-0.0008 train_AP=0.9842 | val_loss=0.8494 val_AP=0.6170 | test_AP=0.6266 | novelty_loss=-0.5837 | diversity_loss=0.2947 | inter_proxy_cosine_mean=0.2947 std=0.2670
  -> New best metrics: gen_loss=-0.0008 val_loss=0.3393 val_AP=0.6379 (test=0.6266)
Epoch 279/1000 [50.6s mem=1225MB] | train_loss=-0.0012 train_AP=0.9843 | val_loss=0.8672 val_AP=0.6159 | test_AP=0.6242 | novelty_loss=-0.5798 | diversity_loss=0.2916 | inter_proxy_cosine_mean=0.2916 std=0.2613
  -> New best metrics: gen_loss=-0.0012 val_loss=0.3393 val_AP=0.6379 (test=0.6242)
Epoch 280/1000 [47.5s mem=1226MB] | train_loss=-0.0020 train_AP=0.9842 | val_loss=0.8776 val_AP=0.6171 | test_AP=0.6294 | novelty_loss=-0.5867 | diversity_loss=0.2988 | inter_proxy_cosine_mean=0.2988 std=0.2618
  -> New best metrics: gen_loss=-0.0020 val_loss=0.3393 val_AP=0.6379 (test=0.6294)
Epoch 281/1000 [50.2s mem=1228MB] | train_loss=-0.0010 train_AP=0.9846 | val_loss=0.8248 val_AP=0.6120 | test_AP=0.6338 | novelty_loss=-0.5868 | diversity_loss=0.2978 | inter_proxy_cosine_mean=0.2978 std=0.2680
Epoch 282/1000 [50.3s mem=1229MB] | train_loss=-0.0022 train_AP=0.9832 | val_loss=0.9048 val_AP=0.6144 | test_AP=0.6278 | novelty_loss=-0.5867 | diversity_loss=0.2971 | inter_proxy_cosine_mean=0.2971 std=0.2689
  -> New best metrics: gen_loss=-0.0022 val_loss=0.3393 val_AP=0.6379 (test=0.6278)
Epoch 283/1000 [49.5s mem=1230MB] | train_loss=-0.0007 train_AP=0.9843 | val_loss=0.8787 val_AP=0.6141 | test_AP=0.6257 | novelty_loss=-0.5851 | diversity_loss=0.2967 | inter_proxy_cosine_mean=0.2967 std=0.2679
Epoch 284/1000 [53.1s mem=1227MB] | train_loss=-0.0011 train_AP=0.9832 | val_loss=0.8891 val_AP=0.6152 | test_AP=0.6201 | novelty_loss=-0.5852 | diversity_loss=0.2978 | inter_proxy_cosine_mean=0.2978 std=0.2581
Epoch 285/1000 [51.6s mem=1228MB] | train_loss=-0.0008 train_AP=0.9833 | val_loss=0.9069 val_AP=0.6154 | test_AP=0.6242 | novelty_loss=-0.5888 | diversity_loss=0.2991 | inter_proxy_cosine_mean=0.2991 std=0.2685
Epoch 286/1000 [50.0s mem=1229MB] | train_loss=-0.0014 train_AP=0.9853 | val_loss=0.9153 val_AP=0.6093 | test_AP=0.6260 | novelty_loss=-0.5875 | diversity_loss=0.2984 | inter_proxy_cosine_mean=0.2984 std=0.2724
Epoch 287/1000 [49.5s mem=1228MB] | train_loss=-0.0012 train_AP=0.9835 | val_loss=0.8507 val_AP=0.6123 | test_AP=0.6327 | novelty_loss=-0.5941 | diversity_loss=0.3056 | inter_proxy_cosine_mean=0.3056 std=0.2699
Epoch 288/1000 [48.3s mem=1230MB] | train_loss=-0.0028 train_AP=0.9844 | val_loss=0.8998 val_AP=0.6187 | test_AP=0.6261 | novelty_loss=-0.5826 | diversity_loss=0.2929 | inter_proxy_cosine_mean=0.2929 std=0.2633
  -> New best metrics: gen_loss=-0.0028 val_loss=0.3393 val_AP=0.6379 (test=0.6261)
Epoch 289/1000 [51.0s mem=1229MB] | train_loss=-0.0012 train_AP=0.9853 | val_loss=0.8843 val_AP=0.6130 | test_AP=0.6262 | novelty_loss=-0.5836 | diversity_loss=0.2933 | inter_proxy_cosine_mean=0.2933 std=0.2669
Epoch 290/1000 [51.4s mem=1229MB] | train_loss=-0.0023 train_AP=0.9858 | val_loss=0.9010 val_AP=0.6200 | test_AP=0.6349 | novelty_loss=-0.5866 | diversity_loss=0.2981 | inter_proxy_cosine_mean=0.2981 std=0.2683
Epoch 291/1000 [51.4s mem=1229MB] | train_loss=-0.0023 train_AP=0.9851 | val_loss=0.8819 val_AP=0.6161 | test_AP=0.6203 | novelty_loss=-0.5898 | diversity_loss=0.3001 | inter_proxy_cosine_mean=0.3001 std=0.2705
Epoch 292/1000 [51.9s mem=1228MB] | train_loss=-0.0021 train_AP=0.9844 | val_loss=0.9182 val_AP=0.6190 | test_AP=0.6255 | novelty_loss=-0.5844 | diversity_loss=0.2945 | inter_proxy_cosine_mean=0.2945 std=0.2669
Epoch 293/1000 [52.1s mem=1229MB] | train_loss=-0.0016 train_AP=0.9832 | val_loss=0.8970 val_AP=0.6146 | test_AP=0.6267 | novelty_loss=-0.5849 | diversity_loss=0.2948 | inter_proxy_cosine_mean=0.2948 std=0.2675
Epoch 294/1000 [50.5s mem=1228MB] | train_loss=-0.0022 train_AP=0.9846 | val_loss=0.8986 val_AP=0.6134 | test_AP=0.6283 | novelty_loss=-0.5840 | diversity_loss=0.2945 | inter_proxy_cosine_mean=0.2945 std=0.2664
Epoch 295/1000 [52.8s mem=1226MB] | train_loss=-0.0015 train_AP=0.9848 | val_loss=1.0118 val_AP=0.6048 | test_AP=0.6128 | novelty_loss=-0.5915 | diversity_loss=0.3012 | inter_proxy_cosine_mean=0.3012 std=0.2737
Epoch 296/1000 [49.3s mem=1227MB] | train_loss=-0.0013 train_AP=0.9824 | val_loss=0.9045 val_AP=0.6157 | test_AP=0.6248 | novelty_loss=-0.5907 | diversity_loss=0.3002 | inter_proxy_cosine_mean=0.3002 std=0.2757
Epoch 297/1000 [49.1s mem=1225MB] | train_loss=-0.0019 train_AP=0.9832 | val_loss=0.9115 val_AP=0.6168 | test_AP=0.6279 | novelty_loss=-0.5913 | diversity_loss=0.3013 | inter_proxy_cosine_mean=0.3013 std=0.2740
Epoch 298/1000 [49.0s mem=1224MB] | train_loss=-0.0022 train_AP=0.9844 | val_loss=0.8933 val_AP=0.6193 | test_AP=0.6261 | novelty_loss=-0.5917 | diversity_loss=0.3013 | inter_proxy_cosine_mean=0.3013 std=0.2789
Epoch 299/1000 [49.1s mem=1228MB] | train_loss=-0.0026 train_AP=0.9857 | val_loss=0.8809 val_AP=0.6176 | test_AP=0.6293 | novelty_loss=-0.5883 | diversity_loss=0.2972 | inter_proxy_cosine_mean=0.2972 std=0.2727
Epoch 300/1000 [47.8s mem=1226MB] | train_loss=-0.0021 train_AP=0.9855 | val_loss=0.8988 val_AP=0.6138 | test_AP=0.6259 | novelty_loss=-0.5907 | diversity_loss=0.3001 | inter_proxy_cosine_mean=0.3001 std=0.2726
Epoch 301/1000 [52.3s mem=1228MB] | train_loss=-0.0005 train_AP=0.9841 | val_loss=0.8719 val_AP=0.6111 | test_AP=0.6305 | novelty_loss=-0.5814 | diversity_loss=0.2900 | inter_proxy_cosine_mean=0.2900 std=0.2673
Epoch 302/1000 [51.1s mem=1227MB] | train_loss=-0.0006 train_AP=0.9841 | val_loss=0.9475 val_AP=0.6155 | test_AP=0.6305 | novelty_loss=-0.5843 | diversity_loss=0.2930 | inter_proxy_cosine_mean=0.2930 std=0.2664
Epoch 303/1000 [49.3s mem=1226MB] | train_loss=-0.0027 train_AP=0.9854 | val_loss=0.8986 val_AP=0.6144 | test_AP=0.6326 | novelty_loss=-0.5936 | diversity_loss=0.3039 | inter_proxy_cosine_mean=0.3039 std=0.2702
Epoch 304/1000 [50.3s mem=1230MB] | train_loss=-0.0016 train_AP=0.9842 | val_loss=0.9117 val_AP=0.6204 | test_AP=0.6293 | novelty_loss=-0.5916 | diversity_loss=0.3023 | inter_proxy_cosine_mean=0.3023 std=0.2665
Epoch 305/1000 [52.6s mem=1226MB] | train_loss=-0.0023 train_AP=0.9831 | val_loss=0.9160 val_AP=0.6094 | test_AP=0.6262 | novelty_loss=-0.5881 | diversity_loss=0.2978 | inter_proxy_cosine_mean=0.2978 std=0.2675
Epoch 306/1000 [49.7s mem=1227MB] | train_loss=-0.0037 train_AP=0.9867 | val_loss=0.9255 val_AP=0.6133 | test_AP=0.6204 | novelty_loss=-0.5882 | diversity_loss=0.2976 | inter_proxy_cosine_mean=0.2976 std=0.2622
  -> New best metrics: gen_loss=-0.0037 val_loss=0.3393 val_AP=0.6379 (test=0.6204)
Epoch 307/1000 [50.4s mem=1225MB] | train_loss=-0.0030 train_AP=0.9853 | val_loss=0.9106 val_AP=0.6142 | test_AP=0.6285 | novelty_loss=-0.5902 | diversity_loss=0.2988 | inter_proxy_cosine_mean=0.2988 std=0.2691
Epoch 308/1000 [47.3s mem=1225MB] | train_loss=-0.0035 train_AP=0.9865 | val_loss=0.9197 val_AP=0.6149 | test_AP=0.6251 | novelty_loss=-0.5936 | diversity_loss=0.3022 | inter_proxy_cosine_mean=0.3022 std=0.2703
Epoch 309/1000 [50.5s mem=1226MB] | train_loss=-0.0023 train_AP=0.9835 | val_loss=0.9422 val_AP=0.6049 | test_AP=0.6222 | novelty_loss=-0.5902 | diversity_loss=0.2986 | inter_proxy_cosine_mean=0.2986 std=0.2704
Epoch 310/1000 [49.3s mem=1229MB] | train_loss=-0.0021 train_AP=0.9849 | val_loss=0.9429 val_AP=0.6110 | test_AP=0.6225 | novelty_loss=-0.5893 | diversity_loss=0.2982 | inter_proxy_cosine_mean=0.2982 std=0.2684
Epoch 311/1000 [49.2s mem=1226MB] | train_loss=-0.0023 train_AP=0.9854 | val_loss=0.8625 val_AP=0.6122 | test_AP=0.6300 | novelty_loss=-0.5960 | diversity_loss=0.3056 | inter_proxy_cosine_mean=0.3056 std=0.2710
Epoch 312/1000 [48.7s mem=1228MB] | train_loss=-0.0023 train_AP=0.9854 | val_loss=0.8787 val_AP=0.6099 | test_AP=0.6247 | novelty_loss=-0.5875 | diversity_loss=0.2964 | inter_proxy_cosine_mean=0.2964 std=0.2690
Epoch 313/1000 [51.3s mem=1226MB] | train_loss=-0.0038 train_AP=0.9860 | val_loss=0.9234 val_AP=0.6164 | test_AP=0.6298 | novelty_loss=-0.5910 | diversity_loss=0.3001 | inter_proxy_cosine_mean=0.3001 std=0.2670
  -> New best metrics: gen_loss=-0.0038 val_loss=0.3393 val_AP=0.6379 (test=0.6298)
Epoch 314/1000 [51.9s mem=1227MB] | train_loss=-0.0028 train_AP=0.9861 | val_loss=0.8943 val_AP=0.6168 | test_AP=0.6306 | novelty_loss=-0.5903 | diversity_loss=0.2984 | inter_proxy_cosine_mean=0.2984 std=0.2715
Epoch 315/1000 [49.7s mem=1226MB] | train_loss=-0.0034 train_AP=0.9855 | val_loss=0.9326 val_AP=0.6125 | test_AP=0.6285 | novelty_loss=-0.5885 | diversity_loss=0.2971 | inter_proxy_cosine_mean=0.2971 std=0.2664
Epoch 316/1000 [53.0s mem=1227MB] | train_loss=-0.0028 train_AP=0.9863 | val_loss=0.9054 val_AP=0.6165 | test_AP=0.6297 | novelty_loss=-0.5930 | diversity_loss=0.3026 | inter_proxy_cosine_mean=0.3026 std=0.2664
Epoch 317/1000 [51.5s mem=1226MB] | train_loss=-0.0038 train_AP=0.9858 | val_loss=0.9333 val_AP=0.6129 | test_AP=0.6266 | novelty_loss=-0.5916 | diversity_loss=0.2987 | inter_proxy_cosine_mean=0.2987 std=0.2730
  -> New best metrics: gen_loss=-0.0038 val_loss=0.3393 val_AP=0.6379 (test=0.6266)
Epoch 318/1000 [51.1s mem=1226MB] | train_loss=-0.0050 train_AP=0.9874 | val_loss=0.9250 val_AP=0.6151 | test_AP=0.6301 | novelty_loss=-0.5938 | diversity_loss=0.3014 | inter_proxy_cosine_mean=0.3014 std=0.2685
  -> New best metrics: gen_loss=-0.0050 val_loss=0.3393 val_AP=0.6379 (test=0.6301)
Epoch 319/1000 [50.3s mem=1229MB] | train_loss=-0.0026 train_AP=0.9846 | val_loss=0.9155 val_AP=0.6142 | test_AP=0.6282 | novelty_loss=-0.5931 | diversity_loss=0.3010 | inter_proxy_cosine_mean=0.3010 std=0.2708
Epoch 320/1000 [51.4s mem=1226MB] | train_loss=-0.0035 train_AP=0.9859 | val_loss=0.8999 val_AP=0.6134 | test_AP=0.6287 | novelty_loss=-0.5941 | diversity_loss=0.3015 | inter_proxy_cosine_mean=0.3015 std=0.2761
Epoch 321/1000 [54.7s mem=1225MB] | train_loss=-0.0033 train_AP=0.9873 | val_loss=0.9809 val_AP=0.6094 | test_AP=0.6258 | novelty_loss=-0.5883 | diversity_loss=0.2965 | inter_proxy_cosine_mean=0.2965 std=0.2709
Epoch 322/1000 [51.9s mem=1227MB] | train_loss=-0.0033 train_AP=0.9850 | val_loss=0.9760 val_AP=0.6110 | test_AP=0.6262 | novelty_loss=-0.5910 | diversity_loss=0.2978 | inter_proxy_cosine_mean=0.2978 std=0.2690
Epoch 323/1000 [51.4s mem=1227MB] | train_loss=-0.0035 train_AP=0.9855 | val_loss=0.9162 val_AP=0.6043 | test_AP=0.6216 | novelty_loss=-0.5890 | diversity_loss=0.2964 | inter_proxy_cosine_mean=0.2964 std=0.2661
Epoch 324/1000 [51.0s mem=1229MB] | train_loss=-0.0032 train_AP=0.9865 | val_loss=0.9930 val_AP=0.6160 | test_AP=0.6213 | novelty_loss=-0.5938 | diversity_loss=0.3015 | inter_proxy_cosine_mean=0.3015 std=0.2689
Epoch 325/1000 [51.4s mem=1228MB] | train_loss=-0.0029 train_AP=0.9850 | val_loss=0.9649 val_AP=0.6126 | test_AP=0.6212 | novelty_loss=-0.5907 | diversity_loss=0.2982 | inter_proxy_cosine_mean=0.2982 std=0.2727
Epoch 326/1000 [54.7s mem=1227MB] | train_loss=-0.0043 train_AP=0.9874 | val_loss=0.9489 val_AP=0.6099 | test_AP=0.6313 | novelty_loss=-0.5922 | diversity_loss=0.2998 | inter_proxy_cosine_mean=0.2998 std=0.2690
Epoch 327/1000 [50.3s mem=1228MB] | train_loss=-0.0031 train_AP=0.9857 | val_loss=0.9495 val_AP=0.6103 | test_AP=0.6274 | novelty_loss=-0.5954 | diversity_loss=0.3026 | inter_proxy_cosine_mean=0.3026 std=0.2677
Epoch 328/1000 [51.6s mem=1226MB] | train_loss=-0.0035 train_AP=0.9862 | val_loss=0.9592 val_AP=0.6181 | test_AP=0.6274 | novelty_loss=-0.5943 | diversity_loss=0.3019 | inter_proxy_cosine_mean=0.3019 std=0.2690
Epoch 329/1000 [49.4s mem=1226MB] | train_loss=-0.0039 train_AP=0.9852 | val_loss=0.9670 val_AP=0.6123 | test_AP=0.6245 | novelty_loss=-0.5929 | diversity_loss=0.3006 | inter_proxy_cosine_mean=0.3006 std=0.2663
Epoch 330/1000 [49.2s mem=1229MB] | train_loss=-0.0034 train_AP=0.9857 | val_loss=0.9419 val_AP=0.6126 | test_AP=0.6261 | novelty_loss=-0.5950 | diversity_loss=0.3014 | inter_proxy_cosine_mean=0.3014 std=0.2734
Epoch 331/1000 [49.5s mem=1229MB] | train_loss=-0.0036 train_AP=0.9861 | val_loss=0.9393 val_AP=0.6128 | test_AP=0.6279 | novelty_loss=-0.5895 | diversity_loss=0.2968 | inter_proxy_cosine_mean=0.2968 std=0.2670
Epoch 332/1000 [53.1s mem=1228MB] | train_loss=-0.0038 train_AP=0.9844 | val_loss=0.9170 val_AP=0.6163 | test_AP=0.6280 | novelty_loss=-0.5940 | diversity_loss=0.3011 | inter_proxy_cosine_mean=0.3011 std=0.2684
Epoch 333/1000 [52.7s mem=1229MB] | train_loss=-0.0042 train_AP=0.9861 | val_loss=0.8949 val_AP=0.6142 | test_AP=0.6306 | novelty_loss=-0.5935 | diversity_loss=0.3004 | inter_proxy_cosine_mean=0.3004 std=0.2715
Epoch 334/1000 [50.2s mem=1228MB] | train_loss=-0.0035 train_AP=0.9845 | val_loss=0.9952 val_AP=0.6145 | test_AP=0.6288 | novelty_loss=-0.6008 | diversity_loss=0.3075 | inter_proxy_cosine_mean=0.3075 std=0.2799
Epoch 335/1000 [52.7s mem=1229MB] | train_loss=-0.0053 train_AP=0.9882 | val_loss=0.9441 val_AP=0.6164 | test_AP=0.6300 | novelty_loss=-0.5975 | diversity_loss=0.3041 | inter_proxy_cosine_mean=0.3041 std=0.2792
  -> New best metrics: gen_loss=-0.0053 val_loss=0.3393 val_AP=0.6379 (test=0.6300)
Epoch 336/1000 [51.6s mem=1227MB] | train_loss=-0.0048 train_AP=0.9873 | val_loss=1.0112 val_AP=0.6120 | test_AP=0.6284 | novelty_loss=-0.5949 | diversity_loss=0.3029 | inter_proxy_cosine_mean=0.3029 std=0.2696
Epoch 337/1000 [51.5s mem=1223MB] | train_loss=-0.0039 train_AP=0.9868 | val_loss=0.9547 val_AP=0.6189 | test_AP=0.6281 | novelty_loss=-0.5902 | diversity_loss=0.2974 | inter_proxy_cosine_mean=0.2974 std=0.2693
Epoch 338/1000 [55.5s mem=1226MB] | train_loss=-0.0046 train_AP=0.9863 | val_loss=1.0059 val_AP=0.6121 | test_AP=0.6252 | novelty_loss=-0.5904 | diversity_loss=0.2978 | inter_proxy_cosine_mean=0.2978 std=0.2659
Epoch 339/1000 [53.2s mem=1226MB] | train_loss=-0.0041 train_AP=0.9860 | val_loss=1.0236 val_AP=0.6053 | test_AP=0.6220 | novelty_loss=-0.5904 | diversity_loss=0.2976 | inter_proxy_cosine_mean=0.2976 std=0.2660
Epoch 340/1000 [52.2s mem=1228MB] | train_loss=-0.0053 train_AP=0.9877 | val_loss=0.9591 val_AP=0.6115 | test_AP=0.6288 | novelty_loss=-0.5904 | diversity_loss=0.2967 | inter_proxy_cosine_mean=0.2967 std=0.2692
  -> New best metrics: gen_loss=-0.0053 val_loss=0.3393 val_AP=0.6379 (test=0.6288)
Epoch 341/1000 [51.5s mem=1227MB] | train_loss=-0.0049 train_AP=0.9864 | val_loss=0.9567 val_AP=0.6128 | test_AP=0.6322 | novelty_loss=-0.5937 | diversity_loss=0.2993 | inter_proxy_cosine_mean=0.2993 std=0.2718
Epoch 342/1000 [53.9s mem=1229MB] | train_loss=-0.0043 train_AP=0.9862 | val_loss=0.9425 val_AP=0.6125 | test_AP=0.6303 | novelty_loss=-0.5979 | diversity_loss=0.3048 | inter_proxy_cosine_mean=0.3048 std=0.2679
Epoch 343/1000 [48.8s mem=1227MB] | train_loss=-0.0047 train_AP=0.9873 | val_loss=0.9181 val_AP=0.6120 | test_AP=0.6258 | novelty_loss=-0.5919 | diversity_loss=0.2980 | inter_proxy_cosine_mean=0.2980 std=0.2667
Epoch 344/1000 [49.5s mem=1228MB] | train_loss=-0.0054 train_AP=0.9880 | val_loss=0.9703 val_AP=0.6130 | test_AP=0.6245 | novelty_loss=-0.5875 | diversity_loss=0.2949 | inter_proxy_cosine_mean=0.2949 std=0.2635
  -> New best metrics: gen_loss=-0.0054 val_loss=0.3393 val_AP=0.6379 (test=0.6245)
Epoch 345/1000 [50.4s mem=1227MB] | train_loss=-0.0057 train_AP=0.9879 | val_loss=0.9666 val_AP=0.6173 | test_AP=0.6345 | novelty_loss=-0.5924 | diversity_loss=0.2993 | inter_proxy_cosine_mean=0.2993 std=0.2672
  -> New best metrics: gen_loss=-0.0057 val_loss=0.3393 val_AP=0.6379 (test=0.6345)
Epoch 346/1000 [51.6s mem=1226MB] | train_loss=-0.0046 train_AP=0.9874 | val_loss=0.9657 val_AP=0.6152 | test_AP=0.6291 | novelty_loss=-0.5920 | diversity_loss=0.2989 | inter_proxy_cosine_mean=0.2989 std=0.2710
Epoch 347/1000 [51.3s mem=1225MB] | train_loss=-0.0054 train_AP=0.9880 | val_loss=1.0015 val_AP=0.6170 | test_AP=0.6297 | novelty_loss=-0.5875 | diversity_loss=0.2939 | inter_proxy_cosine_mean=0.2939 std=0.2652
Epoch 348/1000 [53.0s mem=1227MB] | train_loss=-0.0041 train_AP=0.9855 | val_loss=1.0187 val_AP=0.6151 | test_AP=0.6201 | novelty_loss=-0.5906 | diversity_loss=0.2975 | inter_proxy_cosine_mean=0.2975 std=0.2626
Epoch 349/1000 [50.6s mem=1229MB] | train_loss=-0.0045 train_AP=0.9864 | val_loss=0.9561 val_AP=0.6193 | test_AP=0.6253 | novelty_loss=-0.5932 | diversity_loss=0.2985 | inter_proxy_cosine_mean=0.2985 std=0.2679
Epoch 350/1000 [52.3s mem=1228MB] | train_loss=-0.0040 train_AP=0.9868 | val_loss=0.9418 val_AP=0.6179 | test_AP=0.6263 | novelty_loss=-0.5947 | diversity_loss=0.3016 | inter_proxy_cosine_mean=0.3016 std=0.2678
Epoch 351/1000 [50.4s mem=1228MB] | train_loss=-0.0053 train_AP=0.9871 | val_loss=0.9883 val_AP=0.6119 | test_AP=0.6247 | novelty_loss=-0.5973 | diversity_loss=0.3029 | inter_proxy_cosine_mean=0.3029 std=0.2687
Epoch 352/1000 [51.2s mem=1226MB] | train_loss=-0.0040 train_AP=0.9878 | val_loss=1.0139 val_AP=0.6094 | test_AP=0.6227 | novelty_loss=-0.5920 | diversity_loss=0.2984 | inter_proxy_cosine_mean=0.2984 std=0.2670
Epoch 353/1000 [50.6s mem=1227MB] | train_loss=-0.0039 train_AP=0.9863 | val_loss=0.9635 val_AP=0.6116 | test_AP=0.6308 | novelty_loss=-0.5866 | diversity_loss=0.2932 | inter_proxy_cosine_mean=0.2932 std=0.2638
Epoch 354/1000 [49.6s mem=1228MB] | train_loss=-0.0059 train_AP=0.9879 | val_loss=0.9902 val_AP=0.6167 | test_AP=0.6275 | novelty_loss=-0.5956 | diversity_loss=0.3004 | inter_proxy_cosine_mean=0.3004 std=0.2721
  -> New best metrics: gen_loss=-0.0059 val_loss=0.3393 val_AP=0.6379 (test=0.6275)
Epoch 355/1000 [52.8s mem=1229MB] | train_loss=-0.0055 train_AP=0.9881 | val_loss=0.9846 val_AP=0.6139 | test_AP=0.6325 | novelty_loss=-0.6017 | diversity_loss=0.3080 | inter_proxy_cosine_mean=0.3080 std=0.2707
Epoch 356/1000 [49.0s mem=1228MB] | train_loss=-0.0053 train_AP=0.9879 | val_loss=1.0555 val_AP=0.6130 | test_AP=0.6295 | novelty_loss=-0.5992 | diversity_loss=0.3043 | inter_proxy_cosine_mean=0.3043 std=0.2719
Epoch 357/1000 [49.3s mem=1227MB] | train_loss=-0.0046 train_AP=0.9875 | val_loss=1.0027 val_AP=0.6070 | test_AP=0.6309 | novelty_loss=-0.6010 | diversity_loss=0.3067 | inter_proxy_cosine_mean=0.3067 std=0.2706
Epoch 358/1000 [51.7s mem=1225MB] | train_loss=-0.0044 train_AP=0.9867 | val_loss=1.0140 val_AP=0.6114 | test_AP=0.6275 | novelty_loss=-0.5982 | diversity_loss=0.3032 | inter_proxy_cosine_mean=0.3032 std=0.2692
Epoch 359/1000 [50.6s mem=1230MB] | train_loss=-0.0055 train_AP=0.9876 | val_loss=0.9676 val_AP=0.6153 | test_AP=0.6283 | novelty_loss=-0.5970 | diversity_loss=0.3019 | inter_proxy_cosine_mean=0.3019 std=0.2731
Epoch 360/1000 [51.6s mem=1225MB] | train_loss=-0.0057 train_AP=0.9881 | val_loss=0.9439 val_AP=0.6145 | test_AP=0.6287 | novelty_loss=-0.5982 | diversity_loss=0.3037 | inter_proxy_cosine_mean=0.3037 std=0.2713
Epoch 361/1000 [49.2s mem=1228MB] | train_loss=-0.0052 train_AP=0.9877 | val_loss=1.0415 val_AP=0.6202 | test_AP=0.6262 | novelty_loss=-0.5958 | diversity_loss=0.3013 | inter_proxy_cosine_mean=0.3013 std=0.2716
Epoch 362/1000 [52.7s mem=1230MB] | train_loss=-0.0048 train_AP=0.9880 | val_loss=0.9967 val_AP=0.6152 | test_AP=0.6255 | novelty_loss=-0.5953 | diversity_loss=0.3005 | inter_proxy_cosine_mean=0.3005 std=0.2699
Epoch 363/1000 [48.7s mem=1232MB] | train_loss=-0.0053 train_AP=0.9877 | val_loss=1.0054 val_AP=0.6088 | test_AP=0.6286 | novelty_loss=-0.5959 | diversity_loss=0.3006 | inter_proxy_cosine_mean=0.3006 std=0.2717
Epoch 364/1000 [52.5s mem=1227MB] | train_loss=-0.0050 train_AP=0.9871 | val_loss=1.0279 val_AP=0.6118 | test_AP=0.6305 | novelty_loss=-0.5943 | diversity_loss=0.2997 | inter_proxy_cosine_mean=0.2997 std=0.2712
Epoch 365/1000 [50.1s mem=1230MB] | train_loss=-0.0060 train_AP=0.9886 | val_loss=1.0192 val_AP=0.6105 | test_AP=0.6317 | novelty_loss=-0.5886 | diversity_loss=0.2949 | inter_proxy_cosine_mean=0.2949 std=0.2652
  -> New best metrics: gen_loss=-0.0060 val_loss=0.3393 val_AP=0.6379 (test=0.6317)
Epoch 366/1000 [54.2s mem=1227MB] | train_loss=-0.0063 train_AP=0.9877 | val_loss=1.0129 val_AP=0.6119 | test_AP=0.6273 | novelty_loss=-0.5960 | diversity_loss=0.3011 | inter_proxy_cosine_mean=0.3011 std=0.2644
  -> New best metrics: gen_loss=-0.0063 val_loss=0.3393 val_AP=0.6379 (test=0.6273)
Epoch 367/1000 [51.3s mem=1226MB] | train_loss=-0.0051 train_AP=0.9863 | val_loss=1.0558 val_AP=0.6088 | test_AP=0.6265 | novelty_loss=-0.5953 | diversity_loss=0.2995 | inter_proxy_cosine_mean=0.2995 std=0.2681
Epoch 368/1000 [51.3s mem=1223MB] | train_loss=-0.0067 train_AP=0.9884 | val_loss=1.0237 val_AP=0.6131 | test_AP=0.6246 | novelty_loss=-0.5951 | diversity_loss=0.2995 | inter_proxy_cosine_mean=0.2995 std=0.2704
  -> New best metrics: gen_loss=-0.0067 val_loss=0.3393 val_AP=0.6379 (test=0.6246)
Epoch 369/1000 [52.9s mem=1227MB] | train_loss=-0.0062 train_AP=0.9876 | val_loss=1.0140 val_AP=0.6141 | test_AP=0.6262 | novelty_loss=-0.5844 | diversity_loss=0.2897 | inter_proxy_cosine_mean=0.2897 std=0.2620
Epoch 370/1000 [53.0s mem=1227MB] | train_loss=-0.0059 train_AP=0.9875 | val_loss=1.0278 val_AP=0.6084 | test_AP=0.6249 | novelty_loss=-0.5986 | diversity_loss=0.3038 | inter_proxy_cosine_mean=0.3038 std=0.2705
Epoch 371/1000 [53.3s mem=1226MB] | train_loss=-0.0049 train_AP=0.9871 | val_loss=1.0130 val_AP=0.6049 | test_AP=0.6276 | novelty_loss=-0.5967 | diversity_loss=0.3013 | inter_proxy_cosine_mean=0.3013 std=0.2696
Epoch 372/1000 [52.9s mem=1226MB] | train_loss=-0.0062 train_AP=0.9890 | val_loss=1.0051 val_AP=0.6109 | test_AP=0.6200 | novelty_loss=-0.5989 | diversity_loss=0.3029 | inter_proxy_cosine_mean=0.3029 std=0.2729
Epoch 373/1000 [52.4s mem=1231MB] | train_loss=-0.0063 train_AP=0.9887 | val_loss=0.9970 val_AP=0.6082 | test_AP=0.6275 | novelty_loss=-0.5984 | diversity_loss=0.3028 | inter_proxy_cosine_mean=0.3028 std=0.2714
Epoch 374/1000 [53.1s mem=1228MB] | train_loss=-0.0060 train_AP=0.9883 | val_loss=1.0138 val_AP=0.6127 | test_AP=0.6273 | novelty_loss=-0.5980 | diversity_loss=0.3020 | inter_proxy_cosine_mean=0.3020 std=0.2767
Epoch 375/1000 [52.5s mem=1229MB] | train_loss=-0.0058 train_AP=0.9877 | val_loss=1.0790 val_AP=0.6081 | test_AP=0.6241 | novelty_loss=-0.6014 | diversity_loss=0.3058 | inter_proxy_cosine_mean=0.3058 std=0.2728
Epoch 376/1000 [50.2s mem=1224MB] | train_loss=-0.0055 train_AP=0.9880 | val_loss=0.9632 val_AP=0.6140 | test_AP=0.6276 | novelty_loss=-0.5946 | diversity_loss=0.3001 | inter_proxy_cosine_mean=0.3001 std=0.2623
Epoch 377/1000 [50.3s mem=1228MB] | train_loss=-0.0060 train_AP=0.9870 | val_loss=0.9668 val_AP=0.6107 | test_AP=0.6300 | novelty_loss=-0.6005 | diversity_loss=0.3046 | inter_proxy_cosine_mean=0.3046 std=0.2725
Epoch 378/1000 [51.5s mem=1230MB] | train_loss=-0.0066 train_AP=0.9875 | val_loss=0.9721 val_AP=0.6149 | test_AP=0.6348 | novelty_loss=-0.5973 | diversity_loss=0.3016 | inter_proxy_cosine_mean=0.3016 std=0.2704
Epoch 379/1000 [51.0s mem=1229MB] | train_loss=-0.0063 train_AP=0.9880 | val_loss=1.0355 val_AP=0.6152 | test_AP=0.6255 | novelty_loss=-0.5984 | diversity_loss=0.3034 | inter_proxy_cosine_mean=0.3034 std=0.2688
Epoch 380/1000 [49.0s mem=1225MB] | train_loss=-0.0063 train_AP=0.9879 | val_loss=0.9966 val_AP=0.6134 | test_AP=0.6267 | novelty_loss=-0.6015 | diversity_loss=0.3057 | inter_proxy_cosine_mean=0.3057 std=0.2697
Epoch 381/1000 [52.5s mem=1225MB] | train_loss=-0.0080 train_AP=0.9894 | val_loss=1.0223 val_AP=0.6110 | test_AP=0.6265 | novelty_loss=-0.5987 | diversity_loss=0.3020 | inter_proxy_cosine_mean=0.3020 std=0.2717
  -> New best metrics: gen_loss=-0.0080 val_loss=0.3393 val_AP=0.6379 (test=0.6265)
Epoch 382/1000 [52.0s mem=1226MB] | train_loss=-0.0076 train_AP=0.9891 | val_loss=1.0142 val_AP=0.6089 | test_AP=0.6304 | novelty_loss=-0.5988 | diversity_loss=0.3028 | inter_proxy_cosine_mean=0.3028 std=0.2641
Epoch 383/1000 [51.0s mem=1227MB] | train_loss=-0.0071 train_AP=0.9883 | val_loss=0.9953 val_AP=0.6124 | test_AP=0.6297 | novelty_loss=-0.6032 | diversity_loss=0.3076 | inter_proxy_cosine_mean=0.3076 std=0.2687
Epoch 384/1000 [55.7s mem=1229MB] | train_loss=-0.0058 train_AP=0.9868 | val_loss=0.9970 val_AP=0.6112 | test_AP=0.6269 | novelty_loss=-0.5968 | diversity_loss=0.3003 | inter_proxy_cosine_mean=0.3003 std=0.2709
Epoch 385/1000 [55.2s mem=1227MB] | train_loss=-0.0064 train_AP=0.9885 | val_loss=1.0449 val_AP=0.6111 | test_AP=0.6249 | novelty_loss=-0.5908 | diversity_loss=0.2953 | inter_proxy_cosine_mean=0.2953 std=0.2621
Epoch 386/1000 [51.4s mem=1228MB] | train_loss=-0.0071 train_AP=0.9879 | val_loss=1.0119 val_AP=0.6088 | test_AP=0.6242 | novelty_loss=-0.5997 | diversity_loss=0.3043 | inter_proxy_cosine_mean=0.3043 std=0.2669
Epoch 387/1000 [49.6s mem=1225MB] | train_loss=-0.0070 train_AP=0.9890 | val_loss=1.0644 val_AP=0.6098 | test_AP=0.6274 | novelty_loss=-0.5999 | diversity_loss=0.3021 | inter_proxy_cosine_mean=0.3021 std=0.2718
Epoch 388/1000 [51.9s mem=1226MB] | train_loss=-0.0070 train_AP=0.9896 | val_loss=1.0790 val_AP=0.6120 | test_AP=0.6212 | novelty_loss=-0.5989 | diversity_loss=0.3021 | inter_proxy_cosine_mean=0.3021 std=0.2718
Epoch 389/1000 [51.7s mem=1227MB] | train_loss=-0.0076 train_AP=0.9884 | val_loss=1.1082 val_AP=0.6096 | test_AP=0.6193 | novelty_loss=-0.5971 | diversity_loss=0.3016 | inter_proxy_cosine_mean=0.3016 std=0.2678
Epoch 390/1000 [50.8s mem=1225MB] | train_loss=-0.0064 train_AP=0.9868 | val_loss=1.0361 val_AP=0.6090 | test_AP=0.6265 | novelty_loss=-0.6043 | diversity_loss=0.3072 | inter_proxy_cosine_mean=0.3072 std=0.2745
Epoch 391/1000 [53.0s mem=1227MB] | train_loss=-0.0072 train_AP=0.9882 | val_loss=0.9862 val_AP=0.6086 | test_AP=0.6231 | novelty_loss=-0.6020 | diversity_loss=0.3055 | inter_proxy_cosine_mean=0.3055 std=0.2737
Epoch 392/1000 [49.2s mem=1225MB] | train_loss=-0.0064 train_AP=0.9890 | val_loss=1.0135 val_AP=0.6130 | test_AP=0.6210 | novelty_loss=-0.6048 | diversity_loss=0.3073 | inter_proxy_cosine_mean=0.3073 std=0.2750
Epoch 393/1000 [50.4s mem=1229MB] | train_loss=-0.0076 train_AP=0.9887 | val_loss=1.0151 val_AP=0.6141 | test_AP=0.6254 | novelty_loss=-0.5957 | diversity_loss=0.2987 | inter_proxy_cosine_mean=0.2987 std=0.2689
Epoch 394/1000 [51.6s mem=1228MB] | train_loss=-0.0078 train_AP=0.9896 | val_loss=1.1068 val_AP=0.6082 | test_AP=0.6196 | novelty_loss=-0.6013 | diversity_loss=0.3054 | inter_proxy_cosine_mean=0.3054 std=0.2698
Epoch 395/1000 [52.0s mem=1227MB] | train_loss=-0.0064 train_AP=0.9890 | val_loss=1.0521 val_AP=0.6113 | test_AP=0.6265 | novelty_loss=-0.5962 | diversity_loss=0.2993 | inter_proxy_cosine_mean=0.2993 std=0.2698
Epoch 396/1000 [49.9s mem=1227MB] | train_loss=-0.0068 train_AP=0.9892 | val_loss=1.0169 val_AP=0.6147 | test_AP=0.6270 | novelty_loss=-0.6061 | diversity_loss=0.3092 | inter_proxy_cosine_mean=0.3092 std=0.2750
Epoch 397/1000 [51.2s mem=1226MB] | train_loss=-0.0067 train_AP=0.9893 | val_loss=1.0615 val_AP=0.6139 | test_AP=0.6234 | novelty_loss=-0.5982 | diversity_loss=0.3010 | inter_proxy_cosine_mean=0.3010 std=0.2722
Epoch 398/1000 [51.4s mem=1225MB] | train_loss=-0.0073 train_AP=0.9887 | val_loss=1.0189 val_AP=0.6055 | test_AP=0.6262 | novelty_loss=-0.6022 | diversity_loss=0.3050 | inter_proxy_cosine_mean=0.3050 std=0.2745
Epoch 399/1000 [52.6s mem=1227MB] | train_loss=-0.0073 train_AP=0.9890 | val_loss=1.0380 val_AP=0.6100 | test_AP=0.6285 | novelty_loss=-0.5997 | diversity_loss=0.3023 | inter_proxy_cosine_mean=0.3023 std=0.2703
Epoch 400/1000 [52.4s mem=1228MB] | train_loss=-0.0081 train_AP=0.9883 | val_loss=1.1032 val_AP=0.6114 | test_AP=0.6241 | novelty_loss=-0.6054 | diversity_loss=0.3076 | inter_proxy_cosine_mean=0.3076 std=0.2746
  -> New best metrics: gen_loss=-0.0081 val_loss=0.3393 val_AP=0.6379 (test=0.6241)
Epoch 401/1000 [51.2s mem=1229MB] | train_loss=-0.0070 train_AP=0.9883 | val_loss=1.1063 val_AP=0.6073 | test_AP=0.6253 | novelty_loss=-0.6036 | diversity_loss=0.3057 | inter_proxy_cosine_mean=0.3057 std=0.2785
Epoch 402/1000 [49.9s mem=1227MB] | train_loss=-0.0082 train_AP=0.9892 | val_loss=1.0972 val_AP=0.6068 | test_AP=0.6273 | novelty_loss=-0.6014 | diversity_loss=0.3041 | inter_proxy_cosine_mean=0.3041 std=0.2744
  -> New best metrics: gen_loss=-0.0082 val_loss=0.3393 val_AP=0.6379 (test=0.6273)
Epoch 403/1000 [50.9s mem=1230MB] | train_loss=-0.0075 train_AP=0.9902 | val_loss=1.0336 val_AP=0.6105 | test_AP=0.6282 | novelty_loss=-0.6014 | diversity_loss=0.3041 | inter_proxy_cosine_mean=0.3041 std=0.2751
Epoch 404/1000 [52.3s mem=1230MB] | train_loss=-0.0078 train_AP=0.9898 | val_loss=1.0618 val_AP=0.6107 | test_AP=0.6295 | novelty_loss=-0.6015 | diversity_loss=0.3039 | inter_proxy_cosine_mean=0.3039 std=0.2751
Epoch 405/1000 [52.2s mem=1229MB] | train_loss=-0.0080 train_AP=0.9888 | val_loss=1.1258 val_AP=0.6104 | test_AP=0.6226 | novelty_loss=-0.6009 | diversity_loss=0.3038 | inter_proxy_cosine_mean=0.3038 std=0.2670
Epoch 406/1000 [50.5s mem=1227MB] | train_loss=-0.0079 train_AP=0.9896 | val_loss=1.1015 val_AP=0.6077 | test_AP=0.6270 | novelty_loss=-0.6030 | diversity_loss=0.3054 | inter_proxy_cosine_mean=0.3054 std=0.2748
Epoch 407/1000 [49.7s mem=1227MB] | train_loss=-0.0077 train_AP=0.9888 | val_loss=1.0825 val_AP=0.6103 | test_AP=0.6280 | novelty_loss=-0.6074 | diversity_loss=0.3106 | inter_proxy_cosine_mean=0.3106 std=0.2716
Epoch 408/1000 [49.5s mem=1228MB] | train_loss=-0.0072 train_AP=0.9884 | val_loss=1.0752 val_AP=0.6092 | test_AP=0.6251 | novelty_loss=-0.6071 | diversity_loss=0.3092 | inter_proxy_cosine_mean=0.3092 std=0.2760
Epoch 409/1000 [50.0s mem=1230MB] | train_loss=-0.0083 train_AP=0.9899 | val_loss=1.0684 val_AP=0.6148 | test_AP=0.6280 | novelty_loss=-0.5993 | diversity_loss=0.3012 | inter_proxy_cosine_mean=0.3012 std=0.2723
  -> New best metrics: gen_loss=-0.0083 val_loss=0.3393 val_AP=0.6379 (test=0.6280)
Epoch 410/1000 [54.7s mem=1228MB] | train_loss=-0.0081 train_AP=0.9886 | val_loss=1.0627 val_AP=0.6111 | test_AP=0.6280 | novelty_loss=-0.6000 | diversity_loss=0.3031 | inter_proxy_cosine_mean=0.3031 std=0.2679
Epoch 411/1000 [50.0s mem=1228MB] | train_loss=-0.0081 train_AP=0.9889 | val_loss=1.0311 val_AP=0.6132 | test_AP=0.6320 | novelty_loss=-0.6010 | diversity_loss=0.3038 | inter_proxy_cosine_mean=0.3038 std=0.2753
Epoch 412/1000 [53.0s mem=1227MB] | train_loss=-0.0070 train_AP=0.9887 | val_loss=1.0830 val_AP=0.6125 | test_AP=0.6324 | novelty_loss=-0.6030 | diversity_loss=0.3054 | inter_proxy_cosine_mean=0.3054 std=0.2716
Epoch 413/1000 [48.6s mem=1226MB] | train_loss=-0.0080 train_AP=0.9893 | val_loss=1.0807 val_AP=0.6078 | test_AP=0.6359 | novelty_loss=-0.5997 | diversity_loss=0.3016 | inter_proxy_cosine_mean=0.3016 std=0.2720
Epoch 414/1000 [51.6s mem=1226MB] | train_loss=-0.0086 train_AP=0.9901 | val_loss=1.1450 val_AP=0.6075 | test_AP=0.6288 | novelty_loss=-0.5951 | diversity_loss=0.2971 | inter_proxy_cosine_mean=0.2971 std=0.2729
  -> New best metrics: gen_loss=-0.0086 val_loss=0.3393 val_AP=0.6379 (test=0.6288)
Epoch 415/1000 [51.3s mem=1226MB] | train_loss=-0.0079 train_AP=0.9889 | val_loss=1.1095 val_AP=0.6079 | test_AP=0.6286 | novelty_loss=-0.5996 | diversity_loss=0.3011 | inter_proxy_cosine_mean=0.3011 std=0.2713
Epoch 416/1000 [52.3s mem=1229MB] | train_loss=-0.0082 train_AP=0.9899 | val_loss=1.0845 val_AP=0.6115 | test_AP=0.6265 | novelty_loss=-0.6004 | diversity_loss=0.3023 | inter_proxy_cosine_mean=0.3023 std=0.2711
Epoch 417/1000 [52.9s mem=1230MB] | train_loss=-0.0076 train_AP=0.9891 | val_loss=1.0625 val_AP=0.6108 | test_AP=0.6299 | novelty_loss=-0.6065 | diversity_loss=0.3082 | inter_proxy_cosine_mean=0.3082 std=0.2789
Epoch 418/1000 [53.0s mem=1228MB] | train_loss=-0.0077 train_AP=0.9887 | val_loss=1.0955 val_AP=0.6129 | test_AP=0.6287 | novelty_loss=-0.5980 | diversity_loss=0.3012 | inter_proxy_cosine_mean=0.3012 std=0.2656
Epoch 419/1000 [53.0s mem=1229MB] | train_loss=-0.0069 train_AP=0.9882 | val_loss=1.0545 val_AP=0.6147 | test_AP=0.6294 | novelty_loss=-0.5985 | diversity_loss=0.3000 | inter_proxy_cosine_mean=0.3000 std=0.2725
Epoch 420/1000 [52.5s mem=1226MB] | train_loss=-0.0085 train_AP=0.9896 | val_loss=1.0892 val_AP=0.6089 | test_AP=0.6270 | novelty_loss=-0.6031 | diversity_loss=0.3057 | inter_proxy_cosine_mean=0.3057 std=0.2717
Epoch 421/1000 [55.7s mem=1229MB] | train_loss=-0.0083 train_AP=0.9897 | val_loss=1.0954 val_AP=0.6088 | test_AP=0.6283 | novelty_loss=-0.6008 | diversity_loss=0.3027 | inter_proxy_cosine_mean=0.3027 std=0.2714
Epoch 422/1000 [51.6s mem=1225MB] | train_loss=-0.0092 train_AP=0.9908 | val_loss=1.0979 val_AP=0.6096 | test_AP=0.6259 | novelty_loss=-0.6009 | diversity_loss=0.3023 | inter_proxy_cosine_mean=0.3023 std=0.2741
  -> New best metrics: gen_loss=-0.0092 val_loss=0.3393 val_AP=0.6379 (test=0.6259)
Epoch 423/1000 [52.8s mem=1226MB] | train_loss=-0.0086 train_AP=0.9905 | val_loss=1.0502 val_AP=0.6125 | test_AP=0.6292 | novelty_loss=-0.6013 | diversity_loss=0.3031 | inter_proxy_cosine_mean=0.3031 std=0.2768
Epoch 424/1000 [51.1s mem=1228MB] | train_loss=-0.0096 train_AP=0.9907 | val_loss=1.0907 val_AP=0.6058 | test_AP=0.6312 | novelty_loss=-0.6049 | diversity_loss=0.3072 | inter_proxy_cosine_mean=0.3072 std=0.2698
  -> New best metrics: gen_loss=-0.0096 val_loss=0.3393 val_AP=0.6379 (test=0.6312)
Epoch 425/1000 [49.7s mem=1223MB] | train_loss=-0.0088 train_AP=0.9909 | val_loss=1.0761 val_AP=0.6044 | test_AP=0.6290 | novelty_loss=-0.6078 | diversity_loss=0.3089 | inter_proxy_cosine_mean=0.3089 std=0.2765
Epoch 426/1000 [47.4s mem=1226MB] | train_loss=-0.0086 train_AP=0.9891 | val_loss=1.0439 val_AP=0.6119 | test_AP=0.6262 | novelty_loss=-0.6026 | diversity_loss=0.3040 | inter_proxy_cosine_mean=0.3040 std=0.2763
Epoch 427/1000 [50.6s mem=1226MB] | train_loss=-0.0098 train_AP=0.9914 | val_loss=1.1127 val_AP=0.6145 | test_AP=0.6248 | novelty_loss=-0.6007 | diversity_loss=0.3027 | inter_proxy_cosine_mean=0.3027 std=0.2722
  -> New best metrics: gen_loss=-0.0098 val_loss=0.3393 val_AP=0.6379 (test=0.6248)
Epoch 428/1000 [51.6s mem=1227MB] | train_loss=-0.0092 train_AP=0.9910 | val_loss=1.0653 val_AP=0.6162 | test_AP=0.6278 | novelty_loss=-0.6062 | diversity_loss=0.3074 | inter_proxy_cosine_mean=0.3074 std=0.2758
Epoch 429/1000 [53.5s mem=1228MB] | train_loss=-0.0089 train_AP=0.9899 | val_loss=1.0782 val_AP=0.6156 | test_AP=0.6276 | novelty_loss=-0.6023 | diversity_loss=0.3034 | inter_proxy_cosine_mean=0.3034 std=0.2731
Epoch 430/1000 [52.2s mem=1227MB] | train_loss=-0.0088 train_AP=0.9896 | val_loss=1.0961 val_AP=0.6100 | test_AP=0.6279 | novelty_loss=-0.6047 | diversity_loss=0.3059 | inter_proxy_cosine_mean=0.3059 std=0.2749
Epoch 431/1000 [54.4s mem=1226MB] | train_loss=-0.0086 train_AP=0.9895 | val_loss=1.0814 val_AP=0.6039 | test_AP=0.6222 | novelty_loss=-0.6015 | diversity_loss=0.3030 | inter_proxy_cosine_mean=0.3030 std=0.2747
Epoch 432/1000 [52.1s mem=1229MB] | train_loss=-0.0099 train_AP=0.9902 | val_loss=1.1053 val_AP=0.6126 | test_AP=0.6255 | novelty_loss=-0.6019 | diversity_loss=0.3027 | inter_proxy_cosine_mean=0.3027 std=0.2720
  -> New best metrics: gen_loss=-0.0099 val_loss=0.3393 val_AP=0.6379 (test=0.6255)
Epoch 433/1000 [52.8s mem=1226MB] | train_loss=-0.0093 train_AP=0.9902 | val_loss=1.0891 val_AP=0.6080 | test_AP=0.6228 | novelty_loss=-0.6072 | diversity_loss=0.3078 | inter_proxy_cosine_mean=0.3078 std=0.2763
Epoch 434/1000 [52.7s mem=1228MB] | train_loss=-0.0093 train_AP=0.9901 | val_loss=1.1461 val_AP=0.6126 | test_AP=0.6234 | novelty_loss=-0.6050 | diversity_loss=0.3058 | inter_proxy_cosine_mean=0.3058 std=0.2760
Epoch 435/1000 [50.7s mem=1228MB] | train_loss=-0.0091 train_AP=0.9895 | val_loss=1.1256 val_AP=0.6117 | test_AP=0.6232 | novelty_loss=-0.6008 | diversity_loss=0.3022 | inter_proxy_cosine_mean=0.3022 std=0.2715
Epoch 436/1000 [48.5s mem=1227MB] | train_loss=-0.0090 train_AP=0.9896 | val_loss=1.1429 val_AP=0.6124 | test_AP=0.6233 | novelty_loss=-0.6066 | diversity_loss=0.3074 | inter_proxy_cosine_mean=0.3074 std=0.2776
Epoch 437/1000 [49.3s mem=1227MB] | train_loss=-0.0077 train_AP=0.9894 | val_loss=1.0866 val_AP=0.6135 | test_AP=0.6240 | novelty_loss=-0.6058 | diversity_loss=0.3075 | inter_proxy_cosine_mean=0.3075 std=0.2778
Epoch 438/1000 [49.1s mem=1226MB] | train_loss=-0.0097 train_AP=0.9907 | val_loss=1.1376 val_AP=0.6123 | test_AP=0.6252 | novelty_loss=-0.6013 | diversity_loss=0.3026 | inter_proxy_cosine_mean=0.3026 std=0.2742
Epoch 439/1000 [52.2s mem=1229MB] | train_loss=-0.0102 train_AP=0.9905 | val_loss=1.1547 val_AP=0.6098 | test_AP=0.6213 | novelty_loss=-0.6027 | diversity_loss=0.3033 | inter_proxy_cosine_mean=0.3033 std=0.2716
  -> New best metrics: gen_loss=-0.0102 val_loss=0.3393 val_AP=0.6379 (test=0.6213)
Epoch 440/1000 [50.2s mem=1227MB] | train_loss=-0.0092 train_AP=0.9900 | val_loss=1.0716 val_AP=0.6139 | test_AP=0.6262 | novelty_loss=-0.6005 | diversity_loss=0.3002 | inter_proxy_cosine_mean=0.3002 std=0.2738
Epoch 441/1000 [50.3s mem=1226MB] | train_loss=-0.0103 train_AP=0.9903 | val_loss=1.1079 val_AP=0.6088 | test_AP=0.6224 | novelty_loss=-0.6040 | diversity_loss=0.3048 | inter_proxy_cosine_mean=0.3048 std=0.2757
  -> New best metrics: gen_loss=-0.0103 val_loss=0.3393 val_AP=0.6379 (test=0.6224)
Epoch 442/1000 [50.1s mem=1227MB] | train_loss=-0.0088 train_AP=0.9916 | val_loss=1.1576 val_AP=0.6150 | test_AP=0.6287 | novelty_loss=-0.6078 | diversity_loss=0.3078 | inter_proxy_cosine_mean=0.3078 std=0.2765
Epoch 443/1000 [50.3s mem=1228MB] | train_loss=-0.0093 train_AP=0.9909 | val_loss=1.0847 val_AP=0.6214 | test_AP=0.6273 | novelty_loss=-0.6095 | diversity_loss=0.3102 | inter_proxy_cosine_mean=0.3102 std=0.2751
Epoch 444/1000 [50.2s mem=1228MB] | train_loss=-0.0094 train_AP=0.9891 | val_loss=1.1390 val_AP=0.6118 | test_AP=0.6267 | novelty_loss=-0.6074 | diversity_loss=0.3087 | inter_proxy_cosine_mean=0.3087 std=0.2770
Epoch 445/1000 [51.2s mem=1229MB] | train_loss=-0.0091 train_AP=0.9910 | val_loss=1.1301 val_AP=0.6099 | test_AP=0.6191 | novelty_loss=-0.6052 | diversity_loss=0.3058 | inter_proxy_cosine_mean=0.3058 std=0.2733
Epoch 446/1000 [52.4s mem=1228MB] | train_loss=-0.0089 train_AP=0.9904 | val_loss=1.1162 val_AP=0.6153 | test_AP=0.6229 | novelty_loss=-0.6106 | diversity_loss=0.3112 | inter_proxy_cosine_mean=0.3112 std=0.2738
Epoch 447/1000 [53.4s mem=1231MB] | train_loss=-0.0092 train_AP=0.9894 | val_loss=1.1011 val_AP=0.6109 | test_AP=0.6263 | novelty_loss=-0.6123 | diversity_loss=0.3126 | inter_proxy_cosine_mean=0.3126 std=0.2776
Epoch 448/1000 [50.6s mem=1225MB] | train_loss=-0.0089 train_AP=0.9908 | val_loss=1.1225 val_AP=0.6131 | test_AP=0.6302 | novelty_loss=-0.6067 | diversity_loss=0.3065 | inter_proxy_cosine_mean=0.3065 std=0.2757
Epoch 449/1000 [51.0s mem=1225MB] | train_loss=-0.0100 train_AP=0.9910 | val_loss=1.1202 val_AP=0.6097 | test_AP=0.6279 | novelty_loss=-0.6042 | diversity_loss=0.3035 | inter_proxy_cosine_mean=0.3035 std=0.2776
Epoch 450/1000 [51.6s mem=1229MB] | train_loss=-0.0102 train_AP=0.9911 | val_loss=1.1143 val_AP=0.6099 | test_AP=0.6260 | novelty_loss=-0.6108 | diversity_loss=0.3108 | inter_proxy_cosine_mean=0.3108 std=0.2787
Epoch 451/1000 [49.8s mem=1226MB] | train_loss=-0.0101 train_AP=0.9898 | val_loss=1.1748 val_AP=0.6126 | test_AP=0.6261 | novelty_loss=-0.6070 | diversity_loss=0.3066 | inter_proxy_cosine_mean=0.3066 std=0.2750
Epoch 452/1000 [51.4s mem=1229MB] | train_loss=-0.0100 train_AP=0.9912 | val_loss=1.1059 val_AP=0.6083 | test_AP=0.6264 | novelty_loss=-0.6063 | diversity_loss=0.3069 | inter_proxy_cosine_mean=0.3069 std=0.2745
Epoch 453/1000 [51.7s mem=1224MB] | train_loss=-0.0100 train_AP=0.9914 | val_loss=1.1677 val_AP=0.6100 | test_AP=0.6203 | novelty_loss=-0.6046 | diversity_loss=0.3057 | inter_proxy_cosine_mean=0.3057 std=0.2715
Epoch 454/1000 [58.1s mem=1226MB] | train_loss=-0.0096 train_AP=0.9912 | val_loss=1.1481 val_AP=0.6142 | test_AP=0.6239 | novelty_loss=-0.6107 | diversity_loss=0.3107 | inter_proxy_cosine_mean=0.3107 std=0.2771
Epoch 455/1000 [53.2s mem=1228MB] | train_loss=-0.0096 train_AP=0.9911 | val_loss=1.1218 val_AP=0.6114 | test_AP=0.6268 | novelty_loss=-0.6069 | diversity_loss=0.3074 | inter_proxy_cosine_mean=0.3074 std=0.2763
Epoch 456/1000 [50.8s mem=1225MB] | train_loss=-0.0094 train_AP=0.9906 | val_loss=1.1200 val_AP=0.6137 | test_AP=0.6259 | novelty_loss=-0.6073 | diversity_loss=0.3077 | inter_proxy_cosine_mean=0.3077 std=0.2740
Epoch 457/1000 [53.0s mem=1226MB] | train_loss=-0.0090 train_AP=0.9906 | val_loss=1.1265 val_AP=0.6146 | test_AP=0.6268 | novelty_loss=-0.6072 | diversity_loss=0.3075 | inter_proxy_cosine_mean=0.3075 std=0.2721
Epoch 458/1000 [55.0s mem=1229MB] | train_loss=-0.0099 train_AP=0.9908 | val_loss=1.1563 val_AP=0.6056 | test_AP=0.6217 | novelty_loss=-0.6065 | diversity_loss=0.3066 | inter_proxy_cosine_mean=0.3066 std=0.2748
Epoch 459/1000 [53.0s mem=1230MB] | train_loss=-0.0105 train_AP=0.9908 | val_loss=1.1272 val_AP=0.6085 | test_AP=0.6249 | novelty_loss=-0.6061 | diversity_loss=0.3062 | inter_proxy_cosine_mean=0.3062 std=0.2762
  -> New best metrics: gen_loss=-0.0105 val_loss=0.3393 val_AP=0.6379 (test=0.6249)
Epoch 460/1000 [53.5s mem=1228MB] | train_loss=-0.0092 train_AP=0.9899 | val_loss=1.1591 val_AP=0.6077 | test_AP=0.6258 | novelty_loss=-0.5991 | diversity_loss=0.2990 | inter_proxy_cosine_mean=0.2990 std=0.2692
Epoch 461/1000 [50.7s mem=1227MB] | train_loss=-0.0105 train_AP=0.9921 | val_loss=1.1072 val_AP=0.6112 | test_AP=0.6288 | novelty_loss=-0.6092 | diversity_loss=0.3099 | inter_proxy_cosine_mean=0.3099 std=0.2731
  -> New best metrics: gen_loss=-0.0105 val_loss=0.3393 val_AP=0.6379 (test=0.6288)
Epoch 462/1000 [52.9s mem=1228MB] | train_loss=-0.0099 train_AP=0.9909 | val_loss=1.1658 val_AP=0.6083 | test_AP=0.6279 | novelty_loss=-0.6073 | diversity_loss=0.3071 | inter_proxy_cosine_mean=0.3071 std=0.2733
Epoch 463/1000 [53.9s mem=1228MB] | train_loss=-0.0094 train_AP=0.9909 | val_loss=1.0833 val_AP=0.6117 | test_AP=0.6234 | novelty_loss=-0.6063 | diversity_loss=0.3064 | inter_proxy_cosine_mean=0.3064 std=0.2694
Epoch 464/1000 [53.3s mem=1228MB] | train_loss=-0.0106 train_AP=0.9921 | val_loss=1.1171 val_AP=0.6126 | test_AP=0.6300 | novelty_loss=-0.6095 | diversity_loss=0.3093 | inter_proxy_cosine_mean=0.3093 std=0.2761
  -> New best metrics: gen_loss=-0.0106 val_loss=0.3393 val_AP=0.6379 (test=0.6300)
Epoch 465/1000 [50.6s mem=1226MB] | train_loss=-0.0100 train_AP=0.9914 | val_loss=1.1222 val_AP=0.6146 | test_AP=0.6278 | novelty_loss=-0.6019 | diversity_loss=0.3017 | inter_proxy_cosine_mean=0.3017 std=0.2750
Epoch 466/1000 [48.5s mem=1228MB] | train_loss=-0.0111 train_AP=0.9918 | val_loss=1.1453 val_AP=0.6120 | test_AP=0.6292 | novelty_loss=-0.6043 | diversity_loss=0.3034 | inter_proxy_cosine_mean=0.3034 std=0.2785
  -> New best metrics: gen_loss=-0.0111 val_loss=0.3393 val_AP=0.6379 (test=0.6292)
Epoch 467/1000 [51.5s mem=1224MB] | train_loss=-0.0110 train_AP=0.9915 | val_loss=1.1304 val_AP=0.6088 | test_AP=0.6280 | novelty_loss=-0.6068 | diversity_loss=0.3057 | inter_proxy_cosine_mean=0.3057 std=0.2789
Epoch 468/1000 [52.3s mem=1228MB] | train_loss=-0.0098 train_AP=0.9911 | val_loss=1.1148 val_AP=0.6084 | test_AP=0.6284 | novelty_loss=-0.6003 | diversity_loss=0.3003 | inter_proxy_cosine_mean=0.3003 std=0.2707
Epoch 469/1000 [50.6s mem=1226MB] | train_loss=-0.0105 train_AP=0.9907 | val_loss=1.1987 val_AP=0.6056 | test_AP=0.6205 | novelty_loss=-0.6074 | diversity_loss=0.3062 | inter_proxy_cosine_mean=0.3062 std=0.2763
Epoch 470/1000 [50.1s mem=1229MB] | train_loss=-0.0097 train_AP=0.9906 | val_loss=1.1381 val_AP=0.6135 | test_AP=0.6262 | novelty_loss=-0.6110 | diversity_loss=0.3110 | inter_proxy_cosine_mean=0.3110 std=0.2757
Epoch 471/1000 [50.0s mem=1227MB] | train_loss=-0.0111 train_AP=0.9914 | val_loss=1.1142 val_AP=0.6121 | test_AP=0.6282 | novelty_loss=-0.6067 | diversity_loss=0.3052 | inter_proxy_cosine_mean=0.3052 std=0.2791
  -> New best metrics: gen_loss=-0.0111 val_loss=0.3393 val_AP=0.6379 (test=0.6282)
Epoch 472/1000 [50.2s mem=1229MB] | train_loss=-0.0106 train_AP=0.9906 | val_loss=1.1885 val_AP=0.6130 | test_AP=0.6233 | novelty_loss=-0.6089 | diversity_loss=0.3096 | inter_proxy_cosine_mean=0.3096 std=0.2741
Epoch 473/1000 [51.9s mem=1227MB] | train_loss=-0.0103 train_AP=0.9908 | val_loss=1.1263 val_AP=0.6108 | test_AP=0.6246 | novelty_loss=-0.6127 | diversity_loss=0.3122 | inter_proxy_cosine_mean=0.3122 std=0.2771
Epoch 474/1000 [53.8s mem=1227MB] | train_loss=-0.0104 train_AP=0.9913 | val_loss=1.1902 val_AP=0.6095 | test_AP=0.6206 | novelty_loss=-0.6043 | diversity_loss=0.3040 | inter_proxy_cosine_mean=0.3040 std=0.2728
Epoch 475/1000 [51.2s mem=1227MB] | train_loss=-0.0111 train_AP=0.9917 | val_loss=1.1305 val_AP=0.6081 | test_AP=0.6276 | novelty_loss=-0.6050 | diversity_loss=0.3045 | inter_proxy_cosine_mean=0.3045 std=0.2736
Epoch 476/1000 [53.7s mem=1229MB] | train_loss=-0.0111 train_AP=0.9914 | val_loss=1.2435 val_AP=0.6100 | test_AP=0.6209 | novelty_loss=-0.6009 | diversity_loss=0.3000 | inter_proxy_cosine_mean=0.3000 std=0.2726
Epoch 477/1000 [49.7s mem=1228MB] | train_loss=-0.0102 train_AP=0.9914 | val_loss=1.1704 val_AP=0.6105 | test_AP=0.6255 | novelty_loss=-0.6058 | diversity_loss=0.3054 | inter_proxy_cosine_mean=0.3054 std=0.2748
Epoch 478/1000 [53.2s mem=1226MB] | train_loss=-0.0093 train_AP=0.9901 | val_loss=1.1300 val_AP=0.6090 | test_AP=0.6302 | novelty_loss=-0.6119 | diversity_loss=0.3118 | inter_proxy_cosine_mean=0.3118 std=0.2765
Epoch 479/1000 [49.4s mem=1228MB] | train_loss=-0.0110 train_AP=0.9912 | val_loss=1.1881 val_AP=0.6113 | test_AP=0.6301 | novelty_loss=-0.6110 | diversity_loss=0.3095 | inter_proxy_cosine_mean=0.3095 std=0.2798
Epoch 480/1000 [51.4s mem=1224MB] | train_loss=-0.0116 train_AP=0.9916 | val_loss=1.1292 val_AP=0.6090 | test_AP=0.6283 | novelty_loss=-0.6090 | diversity_loss=0.3076 | inter_proxy_cosine_mean=0.3076 std=0.2767
  -> New best metrics: gen_loss=-0.0116 val_loss=0.3393 val_AP=0.6379 (test=0.6283)
Epoch 481/1000 [54.8s mem=1230MB] | train_loss=-0.0116 train_AP=0.9917 | val_loss=1.1819 val_AP=0.6107 | test_AP=0.6270 | novelty_loss=-0.6083 | diversity_loss=0.3084 | inter_proxy_cosine_mean=0.3084 std=0.2748
Epoch 482/1000 [50.4s mem=1228MB] | train_loss=-0.0108 train_AP=0.9912 | val_loss=1.2072 val_AP=0.6066 | test_AP=0.6264 | novelty_loss=-0.6084 | diversity_loss=0.3067 | inter_proxy_cosine_mean=0.3067 std=0.2772
Epoch 483/1000 [51.4s mem=1230MB] | train_loss=-0.0119 train_AP=0.9920 | val_loss=1.1380 val_AP=0.6111 | test_AP=0.6302 | novelty_loss=-0.6045 | diversity_loss=0.3044 | inter_proxy_cosine_mean=0.3044 std=0.2710
  -> New best metrics: gen_loss=-0.0119 val_loss=0.3393 val_AP=0.6379 (test=0.6302)
Epoch 484/1000 [50.0s mem=1228MB] | train_loss=-0.0109 train_AP=0.9913 | val_loss=1.1518 val_AP=0.6120 | test_AP=0.6302 | novelty_loss=-0.6053 | diversity_loss=0.3039 | inter_proxy_cosine_mean=0.3039 std=0.2771
Epoch 485/1000 [50.4s mem=1227MB] | train_loss=-0.0108 train_AP=0.9908 | val_loss=1.1793 val_AP=0.6116 | test_AP=0.6285 | novelty_loss=-0.6068 | diversity_loss=0.3058 | inter_proxy_cosine_mean=0.3058 std=0.2772
Epoch 486/1000 [51.0s mem=1229MB] | train_loss=-0.0114 train_AP=0.9920 | val_loss=1.1840 val_AP=0.6092 | test_AP=0.6228 | novelty_loss=-0.6005 | diversity_loss=0.2990 | inter_proxy_cosine_mean=0.2990 std=0.2721
Epoch 487/1000 [51.8s mem=1226MB] | train_loss=-0.0119 train_AP=0.9921 | val_loss=1.1927 val_AP=0.6105 | test_AP=0.6328 | novelty_loss=-0.6111 | diversity_loss=0.3096 | inter_proxy_cosine_mean=0.3096 std=0.2820
  -> New best metrics: gen_loss=-0.0119 val_loss=0.3393 val_AP=0.6379 (test=0.6328)
Epoch 488/1000 [51.0s mem=1227MB] | train_loss=-0.0127 train_AP=0.9932 | val_loss=1.1474 val_AP=0.6035 | test_AP=0.6183 | novelty_loss=-0.6114 | diversity_loss=0.3099 | inter_proxy_cosine_mean=0.3099 std=0.2792
  -> New best metrics: gen_loss=-0.0127 val_loss=0.3393 val_AP=0.6379 (test=0.6183)
Epoch 489/1000 [49.7s mem=1228MB] | train_loss=-0.0114 train_AP=0.9918 | val_loss=1.2069 val_AP=0.6110 | test_AP=0.6210 | novelty_loss=-0.6122 | diversity_loss=0.3118 | inter_proxy_cosine_mean=0.3118 std=0.2795
Epoch 490/1000 [51.1s mem=1227MB] | train_loss=-0.0112 train_AP=0.9929 | val_loss=1.1754 val_AP=0.6102 | test_AP=0.6275 | novelty_loss=-0.6072 | diversity_loss=0.3061 | inter_proxy_cosine_mean=0.3061 std=0.2761
Epoch 491/1000 [51.6s mem=1227MB] | train_loss=-0.0119 train_AP=0.9914 | val_loss=1.1954 val_AP=0.6066 | test_AP=0.6219 | novelty_loss=-0.6085 | diversity_loss=0.3082 | inter_proxy_cosine_mean=0.3082 std=0.2754
Epoch 492/1000 [54.4s mem=1228MB] | train_loss=-0.0112 train_AP=0.9911 | val_loss=1.1787 val_AP=0.6079 | test_AP=0.6233 | novelty_loss=-0.6020 | diversity_loss=0.3012 | inter_proxy_cosine_mean=0.3012 std=0.2735
Epoch 493/1000 [51.0s mem=1226MB] | train_loss=-0.0120 train_AP=0.9917 | val_loss=1.1658 val_AP=0.6088 | test_AP=0.6303 | novelty_loss=-0.6071 | diversity_loss=0.3048 | inter_proxy_cosine_mean=0.3048 std=0.2743
Epoch 494/1000 [52.9s mem=1230MB] | train_loss=-0.0109 train_AP=0.9920 | val_loss=1.1663 val_AP=0.6108 | test_AP=0.6252 | novelty_loss=-0.6055 | diversity_loss=0.3043 | inter_proxy_cosine_mean=0.3043 std=0.2749
Epoch 495/1000 [53.1s mem=1229MB] | train_loss=-0.0110 train_AP=0.9915 | val_loss=1.1634 val_AP=0.6100 | test_AP=0.6218 | novelty_loss=-0.6126 | diversity_loss=0.3116 | inter_proxy_cosine_mean=0.3116 std=0.2788
Epoch 496/1000 [51.1s mem=1228MB] | train_loss=-0.0114 train_AP=0.9916 | val_loss=1.2198 val_AP=0.6119 | test_AP=0.6240 | novelty_loss=-0.6053 | diversity_loss=0.3034 | inter_proxy_cosine_mean=0.3034 std=0.2747
Epoch 497/1000 [48.5s mem=1227MB] | train_loss=-0.0110 train_AP=0.9917 | val_loss=1.1462 val_AP=0.6073 | test_AP=0.6253 | novelty_loss=-0.6018 | diversity_loss=0.3004 | inter_proxy_cosine_mean=0.3004 std=0.2728
Epoch 498/1000 [49.0s mem=1226MB] | train_loss=-0.0116 train_AP=0.9915 | val_loss=1.2475 val_AP=0.6095 | test_AP=0.6271 | novelty_loss=-0.6078 | diversity_loss=0.3064 | inter_proxy_cosine_mean=0.3064 std=0.2754
Epoch 499/1000 [50.9s mem=1225MB] | train_loss=-0.0114 train_AP=0.9925 | val_loss=1.1776 val_AP=0.6114 | test_AP=0.6311 | novelty_loss=-0.6070 | diversity_loss=0.3065 | inter_proxy_cosine_mean=0.3065 std=0.2687
Epoch 500/1000 [50.5s mem=1228MB] | train_loss=-0.0120 train_AP=0.9918 | val_loss=1.1788 val_AP=0.6121 | test_AP=0.6299 | novelty_loss=-0.6078 | diversity_loss=0.3059 | inter_proxy_cosine_mean=0.3059 std=0.2717
Epoch 501/1000 [51.0s mem=1228MB] | train_loss=-0.0129 train_AP=0.9932 | val_loss=1.1755 val_AP=0.6124 | test_AP=0.6261 | novelty_loss=-0.6083 | diversity_loss=0.3074 | inter_proxy_cosine_mean=0.3074 std=0.2726
  -> New best metrics: gen_loss=-0.0129 val_loss=0.3393 val_AP=0.6379 (test=0.6261)
Epoch 502/1000 [50.4s mem=1226MB] | train_loss=-0.0115 train_AP=0.9925 | val_loss=1.2371 val_AP=0.6108 | test_AP=0.6278 | novelty_loss=-0.6096 | diversity_loss=0.3089 | inter_proxy_cosine_mean=0.3089 std=0.2752
Epoch 503/1000 [50.1s mem=1225MB] | train_loss=-0.0121 train_AP=0.9919 | val_loss=1.1701 val_AP=0.6171 | test_AP=0.6296 | novelty_loss=-0.6081 | diversity_loss=0.3058 | inter_proxy_cosine_mean=0.3058 std=0.2752
Epoch 504/1000 [54.9s mem=1227MB] | train_loss=-0.0118 train_AP=0.9917 | val_loss=1.2365 val_AP=0.6131 | test_AP=0.6268 | novelty_loss=-0.6087 | diversity_loss=0.3070 | inter_proxy_cosine_mean=0.3070 std=0.2740
Epoch 505/1000 [52.0s mem=1225MB] | train_loss=-0.0125 train_AP=0.9927 | val_loss=1.1354 val_AP=0.6104 | test_AP=0.6303 | novelty_loss=-0.6063 | diversity_loss=0.3037 | inter_proxy_cosine_mean=0.3037 std=0.2769
Epoch 506/1000 [50.9s mem=1227MB] | train_loss=-0.0116 train_AP=0.9910 | val_loss=1.1684 val_AP=0.6070 | test_AP=0.6277 | novelty_loss=-0.6054 | diversity_loss=0.3029 | inter_proxy_cosine_mean=0.3029 std=0.2772
Epoch 507/1000 [48.0s mem=1226MB] | train_loss=-0.0125 train_AP=0.9924 | val_loss=1.2230 val_AP=0.6088 | test_AP=0.6297 | novelty_loss=-0.6118 | diversity_loss=0.3089 | inter_proxy_cosine_mean=0.3089 std=0.2811
Epoch 508/1000 [52.8s mem=1227MB] | train_loss=-0.0122 train_AP=0.9931 | val_loss=1.2048 val_AP=0.6071 | test_AP=0.6243 | novelty_loss=-0.6089 | diversity_loss=0.3068 | inter_proxy_cosine_mean=0.3068 std=0.2814
Epoch 509/1000 [49.9s mem=1228MB] | train_loss=-0.0121 train_AP=0.9921 | val_loss=1.2052 val_AP=0.6117 | test_AP=0.6253 | novelty_loss=-0.6137 | diversity_loss=0.3112 | inter_proxy_cosine_mean=0.3112 std=0.2837
Epoch 510/1000 [47.7s mem=1226MB] | train_loss=-0.0124 train_AP=0.9933 | val_loss=1.2539 val_AP=0.6076 | test_AP=0.6251 | novelty_loss=-0.6069 | diversity_loss=0.3048 | inter_proxy_cosine_mean=0.3048 std=0.2779
Epoch 511/1000 [55.3s mem=1226MB] | train_loss=-0.0118 train_AP=0.9923 | val_loss=1.2089 val_AP=0.6137 | test_AP=0.6305 | novelty_loss=-0.6121 | diversity_loss=0.3099 | inter_proxy_cosine_mean=0.3099 std=0.2791
Epoch 512/1000 [52.8s mem=1228MB] | train_loss=-0.0118 train_AP=0.9918 | val_loss=1.1792 val_AP=0.6114 | test_AP=0.6296 | novelty_loss=-0.6084 | diversity_loss=0.3060 | inter_proxy_cosine_mean=0.3060 std=0.2760
Epoch 513/1000 [53.5s mem=1229MB] | train_loss=-0.0113 train_AP=0.9915 | val_loss=1.2311 val_AP=0.6082 | test_AP=0.6302 | novelty_loss=-0.6105 | diversity_loss=0.3074 | inter_proxy_cosine_mean=0.3074 std=0.2808
Epoch 514/1000 [53.5s mem=1230MB] | train_loss=-0.0127 train_AP=0.9928 | val_loss=1.1972 val_AP=0.6079 | test_AP=0.6251 | novelty_loss=-0.6074 | diversity_loss=0.3053 | inter_proxy_cosine_mean=0.3053 std=0.2745
Epoch 515/1000 [50.1s mem=1225MB] | train_loss=-0.0128 train_AP=0.9918 | val_loss=1.2143 val_AP=0.6090 | test_AP=0.6295 | novelty_loss=-0.6157 | diversity_loss=0.3130 | inter_proxy_cosine_mean=0.3130 std=0.2840
Epoch 516/1000 [53.0s mem=1225MB] | train_loss=-0.0122 train_AP=0.9913 | val_loss=1.2003 val_AP=0.6076 | test_AP=0.6264 | novelty_loss=-0.6155 | diversity_loss=0.3126 | inter_proxy_cosine_mean=0.3126 std=0.2850
Epoch 517/1000 [51.4s mem=1227MB] | train_loss=-0.0116 train_AP=0.9926 | val_loss=1.2243 val_AP=0.6112 | test_AP=0.6307 | novelty_loss=-0.6089 | diversity_loss=0.3062 | inter_proxy_cosine_mean=0.3062 std=0.2815
Epoch 518/1000 [49.5s mem=1225MB] | train_loss=-0.0128 train_AP=0.9931 | val_loss=1.2368 val_AP=0.6093 | test_AP=0.6229 | novelty_loss=-0.6108 | diversity_loss=0.3081 | inter_proxy_cosine_mean=0.3081 std=0.2783
Epoch 519/1000 [53.0s mem=1226MB] | train_loss=-0.0126 train_AP=0.9926 | val_loss=1.1613 val_AP=0.6083 | test_AP=0.6230 | novelty_loss=-0.6068 | diversity_loss=0.3041 | inter_proxy_cosine_mean=0.3041 std=0.2798
Epoch 520/1000 [50.4s mem=1227MB] | train_loss=-0.0123 train_AP=0.9919 | val_loss=1.1944 val_AP=0.6137 | test_AP=0.6255 | novelty_loss=-0.6125 | diversity_loss=0.3095 | inter_proxy_cosine_mean=0.3095 std=0.2807
Epoch 521/1000 [50.6s mem=1228MB] | train_loss=-0.0118 train_AP=0.9920 | val_loss=1.2187 val_AP=0.6108 | test_AP=0.6248 | novelty_loss=-0.6119 | diversity_loss=0.3088 | inter_proxy_cosine_mean=0.3088 std=0.2808
Epoch 522/1000 [51.9s mem=1227MB] | train_loss=-0.0121 train_AP=0.9914 | val_loss=1.2503 val_AP=0.6150 | test_AP=0.6290 | novelty_loss=-0.6119 | diversity_loss=0.3091 | inter_proxy_cosine_mean=0.3091 std=0.2762
Epoch 523/1000 [47.5s mem=1227MB] | train_loss=-0.0127 train_AP=0.9928 | val_loss=1.1684 val_AP=0.6102 | test_AP=0.6261 | novelty_loss=-0.6095 | diversity_loss=0.3065 | inter_proxy_cosine_mean=0.3065 std=0.2766
Epoch 524/1000 [51.7s mem=1226MB] | train_loss=-0.0134 train_AP=0.9933 | val_loss=1.2613 val_AP=0.6097 | test_AP=0.6261 | novelty_loss=-0.6176 | diversity_loss=0.3149 | inter_proxy_cosine_mean=0.3149 std=0.2826
  -> New best metrics: gen_loss=-0.0134 val_loss=0.3393 val_AP=0.6379 (test=0.6261)
Epoch 525/1000 [50.4s mem=1228MB] | train_loss=-0.0117 train_AP=0.9923 | val_loss=1.2444 val_AP=0.6112 | test_AP=0.6285 | novelty_loss=-0.6096 | diversity_loss=0.3060 | inter_proxy_cosine_mean=0.3060 std=0.2758
Epoch 526/1000 [49.8s mem=1227MB] | train_loss=-0.0121 train_AP=0.9918 | val_loss=1.1822 val_AP=0.6132 | test_AP=0.6249 | novelty_loss=-0.6130 | diversity_loss=0.3099 | inter_proxy_cosine_mean=0.3099 std=0.2781
Epoch 527/1000 [52.2s mem=1225MB] | train_loss=-0.0124 train_AP=0.9931 | val_loss=1.2246 val_AP=0.6140 | test_AP=0.6281 | novelty_loss=-0.6092 | diversity_loss=0.3064 | inter_proxy_cosine_mean=0.3064 std=0.2765
Epoch 528/1000 [50.9s mem=1227MB] | train_loss=-0.0119 train_AP=0.9918 | val_loss=1.2206 val_AP=0.6106 | test_AP=0.6254 | novelty_loss=-0.6141 | diversity_loss=0.3113 | inter_proxy_cosine_mean=0.3113 std=0.2777
Epoch 529/1000 [51.7s mem=1226MB] | train_loss=-0.0125 train_AP=0.9936 | val_loss=1.2165 val_AP=0.6116 | test_AP=0.6338 | novelty_loss=-0.6141 | diversity_loss=0.3109 | inter_proxy_cosine_mean=0.3109 std=0.2810
Epoch 530/1000 [52.4s mem=1226MB] | train_loss=-0.0134 train_AP=0.9938 | val_loss=1.2157 val_AP=0.6105 | test_AP=0.6261 | novelty_loss=-0.6118 | diversity_loss=0.3086 | inter_proxy_cosine_mean=0.3086 std=0.2784
  -> New best metrics: gen_loss=-0.0134 val_loss=0.3393 val_AP=0.6379 (test=0.6261)
Epoch 531/1000 [40.1s mem=1228MB] | train_loss=-0.0112 train_AP=0.9901 | val_loss=1.1805 val_AP=0.6116 | test_AP=0.6328 | novelty_loss=-0.6078 | diversity_loss=0.3044 | inter_proxy_cosine_mean=0.3044 std=0.2775
Epoch 532/1000 [38.8s mem=1226MB] | train_loss=-0.0129 train_AP=0.9926 | val_loss=1.2243 val_AP=0.6115 | test_AP=0.6301 | novelty_loss=-0.6196 | diversity_loss=0.3179 | inter_proxy_cosine_mean=0.3179 std=0.2824
Epoch 533/1000 [39.3s mem=1226MB] | train_loss=-0.0129 train_AP=0.9924 | val_loss=1.2930 val_AP=0.6073 | test_AP=0.6262 | novelty_loss=-0.6121 | diversity_loss=0.3090 | inter_proxy_cosine_mean=0.3090 std=0.2793
Epoch 534/1000 [39.9s mem=1227MB] | train_loss=-0.0126 train_AP=0.9921 | val_loss=1.2114 val_AP=0.6121 | test_AP=0.6212 | novelty_loss=-0.6117 | diversity_loss=0.3087 | inter_proxy_cosine_mean=0.3087 std=0.2817
Epoch 535/1000 [49.3s mem=1228MB] | train_loss=-0.0136 train_AP=0.9932 | val_loss=1.2858 val_AP=0.6074 | test_AP=0.6209 | novelty_loss=-0.6069 | diversity_loss=0.3038 | inter_proxy_cosine_mean=0.3038 std=0.2736
  -> New best metrics: gen_loss=-0.0136 val_loss=0.3393 val_AP=0.6379 (test=0.6209)
Epoch 536/1000 [48.2s mem=1227MB] | train_loss=-0.0137 train_AP=0.9938 | val_loss=1.2486 val_AP=0.6145 | test_AP=0.6243 | novelty_loss=-0.6127 | diversity_loss=0.3096 | inter_proxy_cosine_mean=0.3096 std=0.2796
  -> New best metrics: gen_loss=-0.0137 val_loss=0.3393 val_AP=0.6379 (test=0.6243)
Epoch 537/1000 [50.1s mem=1226MB] | train_loss=-0.0131 train_AP=0.9913 | val_loss=1.2148 val_AP=0.6093 | test_AP=0.6204 | novelty_loss=-0.6119 | diversity_loss=0.3098 | inter_proxy_cosine_mean=0.3098 std=0.2761
Epoch 538/1000 [49.2s mem=1228MB] | train_loss=-0.0128 train_AP=0.9927 | val_loss=1.2730 val_AP=0.6123 | test_AP=0.6254 | novelty_loss=-0.6109 | diversity_loss=0.3074 | inter_proxy_cosine_mean=0.3074 std=0.2803
Epoch 539/1000 [47.2s mem=1230MB] | train_loss=-0.0132 train_AP=0.9925 | val_loss=1.2324 val_AP=0.6067 | test_AP=0.6256 | novelty_loss=-0.6106 | diversity_loss=0.3085 | inter_proxy_cosine_mean=0.3085 std=0.2800
Epoch 540/1000 [51.0s mem=1228MB] | train_loss=-0.0128 train_AP=0.9930 | val_loss=1.2261 val_AP=0.6093 | test_AP=0.6229 | novelty_loss=-0.6082 | diversity_loss=0.3043 | inter_proxy_cosine_mean=0.3043 std=0.2794
Epoch 541/1000 [47.5s mem=1227MB] | train_loss=-0.0127 train_AP=0.9925 | val_loss=1.2150 val_AP=0.6069 | test_AP=0.6240 | novelty_loss=-0.6074 | diversity_loss=0.3041 | inter_proxy_cosine_mean=0.3041 std=0.2807
Epoch 542/1000 [49.2s mem=1230MB] | train_loss=-0.0133 train_AP=0.9929 | val_loss=1.2458 val_AP=0.6058 | test_AP=0.6239 | novelty_loss=-0.6121 | diversity_loss=0.3088 | inter_proxy_cosine_mean=0.3088 std=0.2810
Epoch 543/1000 [51.6s mem=1231MB] | train_loss=-0.0132 train_AP=0.9928 | val_loss=1.2125 val_AP=0.6094 | test_AP=0.6248 | novelty_loss=-0.6082 | diversity_loss=0.3049 | inter_proxy_cosine_mean=0.3049 std=0.2811
Epoch 544/1000 [51.2s mem=1226MB] | train_loss=-0.0125 train_AP=0.9920 | val_loss=1.2894 val_AP=0.6131 | test_AP=0.6266 | novelty_loss=-0.6088 | diversity_loss=0.3056 | inter_proxy_cosine_mean=0.3056 std=0.2841
Epoch 545/1000 [49.0s mem=1224MB] | train_loss=-0.0139 train_AP=0.9939 | val_loss=1.2785 val_AP=0.6127 | test_AP=0.6277 | novelty_loss=-0.6121 | diversity_loss=0.3091 | inter_proxy_cosine_mean=0.3091 std=0.2807
  -> New best metrics: gen_loss=-0.0139 val_loss=0.3393 val_AP=0.6379 (test=0.6277)
Epoch 546/1000 [49.3s mem=1226MB] | train_loss=-0.0125 train_AP=0.9922 | val_loss=1.2691 val_AP=0.6123 | test_AP=0.6309 | novelty_loss=-0.6136 | diversity_loss=0.3101 | inter_proxy_cosine_mean=0.3101 std=0.2806
Epoch 547/1000 [47.3s mem=1226MB] | train_loss=-0.0139 train_AP=0.9938 | val_loss=1.2683 val_AP=0.6084 | test_AP=0.6265 | novelty_loss=-0.6125 | diversity_loss=0.3089 | inter_proxy_cosine_mean=0.3089 std=0.2791
Epoch 548/1000 [48.5s mem=1226MB] | train_loss=-0.0129 train_AP=0.9925 | val_loss=1.3180 val_AP=0.6052 | test_AP=0.6175 | novelty_loss=-0.6051 | diversity_loss=0.3013 | inter_proxy_cosine_mean=0.3013 std=0.2771
Epoch 549/1000 [53.9s mem=1228MB] | train_loss=-0.0128 train_AP=0.9926 | val_loss=1.2703 val_AP=0.6118 | test_AP=0.6254 | novelty_loss=-0.6078 | diversity_loss=0.3047 | inter_proxy_cosine_mean=0.3047 std=0.2762
Epoch 550/1000 [52.9s mem=1228MB] | train_loss=-0.0144 train_AP=0.9931 | val_loss=1.2283 val_AP=0.6138 | test_AP=0.6273 | novelty_loss=-0.6175 | diversity_loss=0.3143 | inter_proxy_cosine_mean=0.3143 std=0.2837
  -> New best metrics: gen_loss=-0.0144 val_loss=0.3393 val_AP=0.6379 (test=0.6273)
Epoch 551/1000 [47.8s mem=1229MB] | train_loss=-0.0130 train_AP=0.9929 | val_loss=1.2800 val_AP=0.6133 | test_AP=0.6206 | novelty_loss=-0.6137 | diversity_loss=0.3099 | inter_proxy_cosine_mean=0.3099 std=0.2801
Epoch 552/1000 [49.2s mem=1227MB] | train_loss=-0.0137 train_AP=0.9938 | val_loss=1.2944 val_AP=0.6108 | test_AP=0.6227 | novelty_loss=-0.6096 | diversity_loss=0.3064 | inter_proxy_cosine_mean=0.3064 std=0.2763
Epoch 553/1000 [48.3s mem=1227MB] | train_loss=-0.0144 train_AP=0.9942 | val_loss=1.2341 val_AP=0.6157 | test_AP=0.6269 | novelty_loss=-0.6154 | diversity_loss=0.3114 | inter_proxy_cosine_mean=0.3114 std=0.2808
Epoch 554/1000 [48.0s mem=1226MB] | train_loss=-0.0132 train_AP=0.9930 | val_loss=1.2287 val_AP=0.6084 | test_AP=0.6261 | novelty_loss=-0.6092 | diversity_loss=0.3044 | inter_proxy_cosine_mean=0.3044 std=0.2798
Epoch 555/1000 [48.0s mem=1230MB] | train_loss=-0.0138 train_AP=0.9937 | val_loss=1.2061 val_AP=0.6136 | test_AP=0.6279 | novelty_loss=-0.6092 | diversity_loss=0.3048 | inter_proxy_cosine_mean=0.3048 std=0.2820
Epoch 556/1000 [50.8s mem=1230MB] | train_loss=-0.0137 train_AP=0.9936 | val_loss=1.3264 val_AP=0.6128 | test_AP=0.6249 | novelty_loss=-0.6080 | diversity_loss=0.3047 | inter_proxy_cosine_mean=0.3047 std=0.2757
Epoch 557/1000 [49.1s mem=1227MB] | train_loss=-0.0131 train_AP=0.9931 | val_loss=1.2764 val_AP=0.6125 | test_AP=0.6259 | novelty_loss=-0.6146 | diversity_loss=0.3111 | inter_proxy_cosine_mean=0.3111 std=0.2780
Epoch 558/1000 [51.7s mem=1230MB] | train_loss=-0.0141 train_AP=0.9937 | val_loss=1.2941 val_AP=0.6124 | test_AP=0.6237 | novelty_loss=-0.6078 | diversity_loss=0.3039 | inter_proxy_cosine_mean=0.3039 std=0.2792
Epoch 559/1000 [47.8s mem=1229MB] | train_loss=-0.0149 train_AP=0.9940 | val_loss=1.2603 val_AP=0.6101 | test_AP=0.6255 | novelty_loss=-0.6118 | diversity_loss=0.3078 | inter_proxy_cosine_mean=0.3078 std=0.2805
  -> New best metrics: gen_loss=-0.0149 val_loss=0.3393 val_AP=0.6379 (test=0.6255)
Epoch 560/1000 [47.1s mem=1229MB] | train_loss=-0.0139 train_AP=0.9933 | val_loss=1.2693 val_AP=0.6078 | test_AP=0.6273 | novelty_loss=-0.6125 | diversity_loss=0.3080 | inter_proxy_cosine_mean=0.3080 std=0.2784
Epoch 561/1000 [60.0s mem=1228MB] | train_loss=-0.0142 train_AP=0.9932 | val_loss=1.2980 val_AP=0.6102 | test_AP=0.6228 | novelty_loss=-0.6140 | diversity_loss=0.3102 | inter_proxy_cosine_mean=0.3102 std=0.2806
Epoch 562/1000 [51.6s mem=1226MB] | train_loss=-0.0133 train_AP=0.9926 | val_loss=1.2589 val_AP=0.6117 | test_AP=0.6247 | novelty_loss=-0.6124 | diversity_loss=0.3082 | inter_proxy_cosine_mean=0.3082 std=0.2805
Epoch 563/1000 [51.3s mem=1227MB] | train_loss=-0.0136 train_AP=0.9930 | val_loss=1.2526 val_AP=0.6160 | test_AP=0.6243 | novelty_loss=-0.6096 | diversity_loss=0.3059 | inter_proxy_cosine_mean=0.3059 std=0.2764
Epoch 564/1000 [55.7s mem=1229MB] | train_loss=-0.0140 train_AP=0.9945 | val_loss=1.2704 val_AP=0.6094 | test_AP=0.6221 | novelty_loss=-0.6149 | diversity_loss=0.3111 | inter_proxy_cosine_mean=0.3111 std=0.2813
Epoch 565/1000 [55.5s mem=1226MB] | train_loss=-0.0138 train_AP=0.9930 | val_loss=1.2754 val_AP=0.6094 | test_AP=0.6254 | novelty_loss=-0.6120 | diversity_loss=0.3075 | inter_proxy_cosine_mean=0.3075 std=0.2789
Epoch 566/1000 [56.5s mem=1227MB] | train_loss=-0.0150 train_AP=0.9943 | val_loss=1.2979 val_AP=0.6095 | test_AP=0.6220 | novelty_loss=-0.6141 | diversity_loss=0.3101 | inter_proxy_cosine_mean=0.3101 std=0.2816
  -> New best metrics: gen_loss=-0.0150 val_loss=0.3393 val_AP=0.6379 (test=0.6220)
Epoch 567/1000 [51.0s mem=1229MB] | train_loss=-0.0142 train_AP=0.9937 | val_loss=1.3049 val_AP=0.6115 | test_AP=0.6212 | novelty_loss=-0.6085 | diversity_loss=0.3046 | inter_proxy_cosine_mean=0.3046 std=0.2781
Epoch 568/1000 [56.5s mem=1227MB] | train_loss=-0.0140 train_AP=0.9934 | val_loss=1.2787 val_AP=0.6163 | test_AP=0.6224 | novelty_loss=-0.6184 | diversity_loss=0.3139 | inter_proxy_cosine_mean=0.3139 std=0.2862
Epoch 569/1000 [52.3s mem=1228MB] | train_loss=-0.0147 train_AP=0.9938 | val_loss=1.3203 val_AP=0.6141 | test_AP=0.6225 | novelty_loss=-0.6089 | diversity_loss=0.3047 | inter_proxy_cosine_mean=0.3047 std=0.2784
Epoch 570/1000 [57.1s mem=1228MB] | train_loss=-0.0132 train_AP=0.9925 | val_loss=1.2572 val_AP=0.6128 | test_AP=0.6235 | novelty_loss=-0.6141 | diversity_loss=0.3102 | inter_proxy_cosine_mean=0.3102 std=0.2819
Epoch 571/1000 [57.1s mem=1229MB] | train_loss=-0.0141 train_AP=0.9936 | val_loss=1.3010 val_AP=0.6122 | test_AP=0.6228 | novelty_loss=-0.6116 | diversity_loss=0.3077 | inter_proxy_cosine_mean=0.3077 std=0.2779
Epoch 572/1000 [56.0s mem=1228MB] | train_loss=-0.0139 train_AP=0.9933 | val_loss=1.2686 val_AP=0.6132 | test_AP=0.6259 | novelty_loss=-0.6180 | diversity_loss=0.3134 | inter_proxy_cosine_mean=0.3134 std=0.2837
Epoch 573/1000 [60.3s mem=1225MB] | train_loss=-0.0140 train_AP=0.9929 | val_loss=1.2826 val_AP=0.6120 | test_AP=0.6215 | novelty_loss=-0.6140 | diversity_loss=0.3094 | inter_proxy_cosine_mean=0.3094 std=0.2852
Epoch 574/1000 [58.1s mem=1227MB] | train_loss=-0.0143 train_AP=0.9934 | val_loss=1.2850 val_AP=0.6119 | test_AP=0.6215 | novelty_loss=-0.6078 | diversity_loss=0.3033 | inter_proxy_cosine_mean=0.3033 std=0.2759
Epoch 575/1000 [55.4s mem=1226MB] | train_loss=-0.0140 train_AP=0.9935 | val_loss=1.2886 val_AP=0.6078 | test_AP=0.6224 | novelty_loss=-0.6159 | diversity_loss=0.3119 | inter_proxy_cosine_mean=0.3119 std=0.2805
Epoch 576/1000 [59.9s mem=1225MB] | train_loss=-0.0147 train_AP=0.9936 | val_loss=1.3182 val_AP=0.6111 | test_AP=0.6227 | novelty_loss=-0.6071 | diversity_loss=0.3024 | inter_proxy_cosine_mean=0.3024 std=0.2771
Epoch 577/1000 [56.9s mem=1227MB] | train_loss=-0.0142 train_AP=0.9939 | val_loss=1.2710 val_AP=0.6121 | test_AP=0.6248 | novelty_loss=-0.6206 | diversity_loss=0.3161 | inter_proxy_cosine_mean=0.3161 std=0.2876
Epoch 578/1000 [59.2s mem=1229MB] | train_loss=-0.0140 train_AP=0.9937 | val_loss=1.2903 val_AP=0.6120 | test_AP=0.6311 | novelty_loss=-0.6108 | diversity_loss=0.3069 | inter_proxy_cosine_mean=0.3069 std=0.2782
Epoch 579/1000 [58.2s mem=1230MB] | train_loss=-0.0144 train_AP=0.9944 | val_loss=1.2573 val_AP=0.6125 | test_AP=0.6214 | novelty_loss=-0.6155 | diversity_loss=0.3119 | inter_proxy_cosine_mean=0.3119 std=0.2809
Epoch 580/1000 [56.1s mem=1226MB] | train_loss=-0.0142 train_AP=0.9946 | val_loss=1.2898 val_AP=0.6078 | test_AP=0.6256 | novelty_loss=-0.6116 | diversity_loss=0.3080 | inter_proxy_cosine_mean=0.3080 std=0.2795
Epoch 581/1000 [55.5s mem=1228MB] | train_loss=-0.0142 train_AP=0.9938 | val_loss=1.3163 val_AP=0.6093 | test_AP=0.6199 | novelty_loss=-0.6140 | diversity_loss=0.3096 | inter_proxy_cosine_mean=0.3096 std=0.2814
Epoch 582/1000 [60.1s mem=1229MB] | train_loss=-0.0141 train_AP=0.9939 | val_loss=1.3294 val_AP=0.6099 | test_AP=0.6248 | novelty_loss=-0.6172 | diversity_loss=0.3128 | inter_proxy_cosine_mean=0.3128 std=0.2829
Epoch 583/1000 [61.1s mem=1227MB] | train_loss=-0.0148 train_AP=0.9937 | val_loss=1.2775 val_AP=0.6097 | test_AP=0.6257 | novelty_loss=-0.6121 | diversity_loss=0.3080 | inter_proxy_cosine_mean=0.3080 std=0.2814
Epoch 584/1000 [58.9s mem=1227MB] | train_loss=-0.0145 train_AP=0.9941 | val_loss=1.2798 val_AP=0.6132 | test_AP=0.6239 | novelty_loss=-0.6163 | diversity_loss=0.3120 | inter_proxy_cosine_mean=0.3120 std=0.2827
Epoch 585/1000 [51.4s mem=1226MB] | train_loss=-0.0154 train_AP=0.9946 | val_loss=1.2885 val_AP=0.6160 | test_AP=0.6231 | novelty_loss=-0.6108 | diversity_loss=0.3059 | inter_proxy_cosine_mean=0.3059 std=0.2763
  -> New best metrics: gen_loss=-0.0154 val_loss=0.3393 val_AP=0.6379 (test=0.6231)
Epoch 586/1000 [55.9s mem=1227MB] | train_loss=-0.0148 train_AP=0.9938 | val_loss=1.2676 val_AP=0.6120 | test_AP=0.6237 | novelty_loss=-0.6123 | diversity_loss=0.3081 | inter_proxy_cosine_mean=0.3081 std=0.2833
Epoch 587/1000 [57.1s mem=1226MB] | train_loss=-0.0147 train_AP=0.9936 | val_loss=1.2650 val_AP=0.6081 | test_AP=0.6232 | novelty_loss=-0.6137 | diversity_loss=0.3090 | inter_proxy_cosine_mean=0.3090 std=0.2838
Epoch 588/1000 [55.8s mem=1232MB] | train_loss=-0.0149 train_AP=0.9942 | val_loss=1.3406 val_AP=0.6079 | test_AP=0.6246 | novelty_loss=-0.6134 | diversity_loss=0.3079 | inter_proxy_cosine_mean=0.3079 std=0.2835
Epoch 589/1000 [60.4s mem=1227MB] | train_loss=-0.0148 train_AP=0.9940 | val_loss=1.3312 val_AP=0.6049 | test_AP=0.6235 | novelty_loss=-0.6074 | diversity_loss=0.3033 | inter_proxy_cosine_mean=0.3033 std=0.2796
Epoch 590/1000 [55.7s mem=1228MB] | train_loss=-0.0141 train_AP=0.9934 | val_loss=1.2850 val_AP=0.6102 | test_AP=0.6237 | novelty_loss=-0.6239 | diversity_loss=0.3188 | inter_proxy_cosine_mean=0.3188 std=0.2901
Epoch 591/1000 [56.1s mem=1225MB] | train_loss=-0.0147 train_AP=0.9936 | val_loss=1.3085 val_AP=0.6125 | test_AP=0.6258 | novelty_loss=-0.6086 | diversity_loss=0.3035 | inter_proxy_cosine_mean=0.3035 std=0.2820
Epoch 592/1000 [58.8s mem=1225MB] | train_loss=-0.0148 train_AP=0.9937 | val_loss=1.3056 val_AP=0.6144 | test_AP=0.6287 | novelty_loss=-0.6137 | diversity_loss=0.3091 | inter_proxy_cosine_mean=0.3091 std=0.2847
Epoch 593/1000 [56.0s mem=1226MB] | train_loss=-0.0148 train_AP=0.9935 | val_loss=1.2963 val_AP=0.6097 | test_AP=0.6276 | novelty_loss=-0.6169 | diversity_loss=0.3119 | inter_proxy_cosine_mean=0.3119 std=0.2876
Epoch 594/1000 [56.9s mem=1226MB] | train_loss=-0.0147 train_AP=0.9936 | val_loss=1.2958 val_AP=0.6088 | test_AP=0.6256 | novelty_loss=-0.6176 | diversity_loss=0.3123 | inter_proxy_cosine_mean=0.3123 std=0.2865
Epoch 595/1000 [57.4s mem=1228MB] | train_loss=-0.0150 train_AP=0.9943 | val_loss=1.2470 val_AP=0.6059 | test_AP=0.6263 | novelty_loss=-0.6134 | diversity_loss=0.3084 | inter_proxy_cosine_mean=0.3084 std=0.2876
Epoch 596/1000 [55.1s mem=1228MB] | train_loss=-0.0143 train_AP=0.9939 | val_loss=1.3299 val_AP=0.6063 | test_AP=0.6231 | novelty_loss=-0.6104 | diversity_loss=0.3053 | inter_proxy_cosine_mean=0.3053 std=0.2835
Epoch 597/1000 [56.5s mem=1227MB] | train_loss=-0.0153 train_AP=0.9947 | val_loss=1.3242 val_AP=0.6073 | test_AP=0.6256 | novelty_loss=-0.6178 | diversity_loss=0.3135 | inter_proxy_cosine_mean=0.3135 std=0.2854
Epoch 598/1000 [60.5s mem=1228MB] | train_loss=-0.0149 train_AP=0.9933 | val_loss=1.3406 val_AP=0.6095 | test_AP=0.6196 | novelty_loss=-0.6206 | diversity_loss=0.3149 | inter_proxy_cosine_mean=0.3149 std=0.2880
Epoch 599/1000 [56.6s mem=1229MB] | train_loss=-0.0141 train_AP=0.9937 | val_loss=1.3577 val_AP=0.6133 | test_AP=0.6249 | novelty_loss=-0.6099 | diversity_loss=0.3045 | inter_proxy_cosine_mean=0.3045 std=0.2810
Epoch 600/1000 [56.2s mem=1227MB] | train_loss=-0.0166 train_AP=0.9953 | val_loss=1.3401 val_AP=0.6105 | test_AP=0.6243 | novelty_loss=-0.6154 | diversity_loss=0.3102 | inter_proxy_cosine_mean=0.3102 std=0.2826
  -> New best metrics: gen_loss=-0.0166 val_loss=0.3393 val_AP=0.6379 (test=0.6243)
Epoch 601/1000 [57.3s mem=1226MB] | train_loss=-0.0152 train_AP=0.9939 | val_loss=1.2929 val_AP=0.6096 | test_AP=0.6214 | novelty_loss=-0.6196 | diversity_loss=0.3146 | inter_proxy_cosine_mean=0.3146 std=0.2869
Epoch 602/1000 [56.3s mem=1226MB] | train_loss=-0.0157 train_AP=0.9941 | val_loss=1.3076 val_AP=0.6086 | test_AP=0.6241 | novelty_loss=-0.6095 | diversity_loss=0.3042 | inter_proxy_cosine_mean=0.3042 std=0.2842
Epoch 603/1000 [58.0s mem=1228MB] | train_loss=-0.0156 train_AP=0.9942 | val_loss=1.3731 val_AP=0.6105 | test_AP=0.6234 | novelty_loss=-0.6124 | diversity_loss=0.3071 | inter_proxy_cosine_mean=0.3071 std=0.2827
Epoch 604/1000 [56.4s mem=1227MB] | train_loss=-0.0151 train_AP=0.9939 | val_loss=1.3430 val_AP=0.6058 | test_AP=0.6258 | novelty_loss=-0.6181 | diversity_loss=0.3125 | inter_proxy_cosine_mean=0.3125 std=0.2861
Epoch 605/1000 [56.2s mem=1228MB] | train_loss=-0.0148 train_AP=0.9938 | val_loss=1.3057 val_AP=0.6106 | test_AP=0.6267 | novelty_loss=-0.6129 | diversity_loss=0.3083 | inter_proxy_cosine_mean=0.3083 std=0.2804
Epoch 606/1000 [59.1s mem=1225MB] | train_loss=-0.0149 train_AP=0.9934 | val_loss=1.3243 val_AP=0.6075 | test_AP=0.6267 | novelty_loss=-0.6080 | diversity_loss=0.3031 | inter_proxy_cosine_mean=0.3031 std=0.2751
Epoch 607/1000 [56.9s mem=1228MB] | train_loss=-0.0151 train_AP=0.9945 | val_loss=1.3984 val_AP=0.6067 | test_AP=0.6283 | novelty_loss=-0.6150 | diversity_loss=0.3101 | inter_proxy_cosine_mean=0.3101 std=0.2837
Epoch 608/1000 [56.9s mem=1230MB] | train_loss=-0.0149 train_AP=0.9939 | val_loss=1.3185 val_AP=0.6088 | test_AP=0.6284 | novelty_loss=-0.6084 | diversity_loss=0.3027 | inter_proxy_cosine_mean=0.3027 std=0.2838
Epoch 609/1000 [58.8s mem=1225MB] | train_loss=-0.0156 train_AP=0.9944 | val_loss=1.3250 val_AP=0.6131 | test_AP=0.6306 | novelty_loss=-0.6111 | diversity_loss=0.3057 | inter_proxy_cosine_mean=0.3057 std=0.2826
Epoch 610/1000 [57.0s mem=1229MB] | train_loss=-0.0158 train_AP=0.9948 | val_loss=1.3076 val_AP=0.6112 | test_AP=0.6288 | novelty_loss=-0.6190 | diversity_loss=0.3130 | inter_proxy_cosine_mean=0.3130 std=0.2844
Epoch 611/1000 [60.8s mem=1226MB] | train_loss=-0.0155 train_AP=0.9946 | val_loss=1.3089 val_AP=0.6080 | test_AP=0.6304 | novelty_loss=-0.6160 | diversity_loss=0.3111 | inter_proxy_cosine_mean=0.3111 std=0.2831
Epoch 612/1000 [61.5s mem=1228MB] | train_loss=-0.0159 train_AP=0.9944 | val_loss=1.3172 val_AP=0.6120 | test_AP=0.6322 | novelty_loss=-0.6144 | diversity_loss=0.3092 | inter_proxy_cosine_mean=0.3092 std=0.2800
Epoch 613/1000 [58.8s mem=1226MB] | train_loss=-0.0167 train_AP=0.9948 | val_loss=1.3375 val_AP=0.6102 | test_AP=0.6277 | novelty_loss=-0.6143 | diversity_loss=0.3090 | inter_proxy_cosine_mean=0.3090 std=0.2851
  -> New best metrics: gen_loss=-0.0167 val_loss=0.3393 val_AP=0.6379 (test=0.6277)
Epoch 614/1000 [55.6s mem=1230MB] | train_loss=-0.0152 train_AP=0.9941 | val_loss=1.3652 val_AP=0.6135 | test_AP=0.6253 | novelty_loss=-0.6120 | diversity_loss=0.3065 | inter_proxy_cosine_mean=0.3065 std=0.2811
Epoch 615/1000 [57.6s mem=1227MB] | train_loss=-0.0160 train_AP=0.9947 | val_loss=1.3633 val_AP=0.6099 | test_AP=0.6283 | novelty_loss=-0.6132 | diversity_loss=0.3075 | inter_proxy_cosine_mean=0.3075 std=0.2865
Epoch 616/1000 [58.3s mem=1226MB] | train_loss=-0.0161 train_AP=0.9946 | val_loss=1.3472 val_AP=0.6141 | test_AP=0.6301 | novelty_loss=-0.6139 | diversity_loss=0.3077 | inter_proxy_cosine_mean=0.3077 std=0.2821
Epoch 617/1000 [56.4s mem=1226MB] | train_loss=-0.0160 train_AP=0.9950 | val_loss=1.3662 val_AP=0.6095 | test_AP=0.6266 | novelty_loss=-0.6157 | diversity_loss=0.3104 | inter_proxy_cosine_mean=0.3104 std=0.2819
Epoch 618/1000 [61.3s mem=1229MB] | train_loss=-0.0160 train_AP=0.9947 | val_loss=1.3623 val_AP=0.6119 | test_AP=0.6264 | novelty_loss=-0.6157 | diversity_loss=0.3105 | inter_proxy_cosine_mean=0.3105 std=0.2856
Epoch 619/1000 [55.3s mem=1225MB] | train_loss=-0.0153 train_AP=0.9950 | val_loss=1.3672 val_AP=0.6112 | test_AP=0.6275 | novelty_loss=-0.6134 | diversity_loss=0.3080 | inter_proxy_cosine_mean=0.3080 std=0.2847
Epoch 620/1000 [58.6s mem=1225MB] | train_loss=-0.0156 train_AP=0.9946 | val_loss=1.3984 val_AP=0.6094 | test_AP=0.6240 | novelty_loss=-0.6141 | diversity_loss=0.3090 | inter_proxy_cosine_mean=0.3090 std=0.2780
Epoch 621/1000 [58.4s mem=1233MB] | train_loss=-0.0155 train_AP=0.9940 | val_loss=1.3346 val_AP=0.6087 | test_AP=0.6257 | novelty_loss=-0.6129 | diversity_loss=0.3077 | inter_proxy_cosine_mean=0.3077 std=0.2809
Epoch 622/1000 [56.8s mem=1225MB] | train_loss=-0.0144 train_AP=0.9939 | val_loss=1.3886 val_AP=0.6123 | test_AP=0.6252 | novelty_loss=-0.6157 | diversity_loss=0.3091 | inter_proxy_cosine_mean=0.3091 std=0.2856
Epoch 623/1000 [54.3s mem=1228MB] | train_loss=-0.0155 train_AP=0.9947 | val_loss=1.3679 val_AP=0.6159 | test_AP=0.6242 | novelty_loss=-0.6146 | diversity_loss=0.3093 | inter_proxy_cosine_mean=0.3093 std=0.2859
Epoch 624/1000 [60.8s mem=1224MB] | train_loss=-0.0155 train_AP=0.9945 | val_loss=1.3366 val_AP=0.6138 | test_AP=0.6288 | novelty_loss=-0.6147 | diversity_loss=0.3091 | inter_proxy_cosine_mean=0.3091 std=0.2826
Epoch 625/1000 [59.4s mem=1228MB] | train_loss=-0.0153 train_AP=0.9943 | val_loss=1.3593 val_AP=0.6090 | test_AP=0.6289 | novelty_loss=-0.6154 | diversity_loss=0.3108 | inter_proxy_cosine_mean=0.3108 std=0.2838
Epoch 626/1000 [54.7s mem=1228MB] | train_loss=-0.0156 train_AP=0.9942 | val_loss=1.3668 val_AP=0.6115 | test_AP=0.6276 | novelty_loss=-0.6139 | diversity_loss=0.3080 | inter_proxy_cosine_mean=0.3080 std=0.2866
Epoch 627/1000 [55.6s mem=1226MB] | train_loss=-0.0151 train_AP=0.9941 | val_loss=1.3027 val_AP=0.6112 | test_AP=0.6270 | novelty_loss=-0.6105 | diversity_loss=0.3049 | inter_proxy_cosine_mean=0.3049 std=0.2895
Epoch 628/1000 [56.4s mem=1228MB] | train_loss=-0.0161 train_AP=0.9942 | val_loss=1.3719 val_AP=0.6163 | test_AP=0.6297 | novelty_loss=-0.6180 | diversity_loss=0.3128 | inter_proxy_cosine_mean=0.3128 std=0.2882
Epoch 629/1000 [55.5s mem=1230MB] | train_loss=-0.0158 train_AP=0.9942 | val_loss=1.3863 val_AP=0.6166 | test_AP=0.6239 | novelty_loss=-0.6222 | diversity_loss=0.3167 | inter_proxy_cosine_mean=0.3167 std=0.2877
Epoch 630/1000 [58.1s mem=1233MB] | train_loss=-0.0153 train_AP=0.9943 | val_loss=1.3306 val_AP=0.6160 | test_AP=0.6289 | novelty_loss=-0.6209 | diversity_loss=0.3163 | inter_proxy_cosine_mean=0.3163 std=0.2841
Epoch 631/1000 [57.9s mem=1228MB] | train_loss=-0.0162 train_AP=0.9944 | val_loss=1.3556 val_AP=0.6118 | test_AP=0.6235 | novelty_loss=-0.6140 | diversity_loss=0.3069 | inter_proxy_cosine_mean=0.3069 std=0.2868
Epoch 632/1000 [56.0s mem=1227MB] | train_loss=-0.0164 train_AP=0.9941 | val_loss=1.3906 val_AP=0.6089 | test_AP=0.6233 | novelty_loss=-0.6171 | diversity_loss=0.3113 | inter_proxy_cosine_mean=0.3113 std=0.2853
Epoch 633/1000 [58.6s mem=1227MB] | train_loss=-0.0162 train_AP=0.9946 | val_loss=1.3751 val_AP=0.6133 | test_AP=0.6255 | novelty_loss=-0.6126 | diversity_loss=0.3080 | inter_proxy_cosine_mean=0.3080 std=0.2804
Epoch 634/1000 [56.4s mem=1226MB] | train_loss=-0.0160 train_AP=0.9942 | val_loss=1.4472 val_AP=0.6103 | test_AP=0.6215 | novelty_loss=-0.6206 | diversity_loss=0.3147 | inter_proxy_cosine_mean=0.3147 std=0.2887
Epoch 635/1000 [55.6s mem=1226MB] | train_loss=-0.0157 train_AP=0.9941 | val_loss=1.3610 val_AP=0.6143 | test_AP=0.6254 | novelty_loss=-0.6174 | diversity_loss=0.3120 | inter_proxy_cosine_mean=0.3120 std=0.2823
Epoch 636/1000 [58.3s mem=1227MB] | train_loss=-0.0165 train_AP=0.9948 | val_loss=1.3334 val_AP=0.6134 | test_AP=0.6284 | novelty_loss=-0.6131 | diversity_loss=0.3079 | inter_proxy_cosine_mean=0.3079 std=0.2825
Epoch 637/1000 [57.6s mem=1229MB] | train_loss=-0.0167 train_AP=0.9952 | val_loss=1.3589 val_AP=0.6129 | test_AP=0.6303 | novelty_loss=-0.6155 | diversity_loss=0.3098 | inter_proxy_cosine_mean=0.3098 std=0.2830
  -> New best metrics: gen_loss=-0.0167 val_loss=0.3393 val_AP=0.6379 (test=0.6303)
Epoch 638/1000 [56.5s mem=1228MB] | train_loss=-0.0167 train_AP=0.9947 | val_loss=1.3712 val_AP=0.6112 | test_AP=0.6246 | novelty_loss=-0.6178 | diversity_loss=0.3113 | inter_proxy_cosine_mean=0.3113 std=0.2889
  -> New best metrics: gen_loss=-0.0167 val_loss=0.3393 val_AP=0.6379 (test=0.6246)
Epoch 639/1000 [56.1s mem=1229MB] | train_loss=-0.0156 train_AP=0.9948 | val_loss=1.4095 val_AP=0.6146 | test_AP=0.6227 | novelty_loss=-0.6240 | diversity_loss=0.3176 | inter_proxy_cosine_mean=0.3176 std=0.2892
Epoch 640/1000 [55.8s mem=1229MB] | train_loss=-0.0158 train_AP=0.9949 | val_loss=1.3535 val_AP=0.6125 | test_AP=0.6255 | novelty_loss=-0.6146 | diversity_loss=0.3080 | inter_proxy_cosine_mean=0.3080 std=0.2878
Epoch 641/1000 [58.8s mem=1226MB] | train_loss=-0.0159 train_AP=0.9948 | val_loss=1.3942 val_AP=0.6121 | test_AP=0.6229 | novelty_loss=-0.6221 | diversity_loss=0.3160 | inter_proxy_cosine_mean=0.3160 std=0.2915
Epoch 642/1000 [56.2s mem=1227MB] | train_loss=-0.0166 train_AP=0.9954 | val_loss=1.3761 val_AP=0.6111 | test_AP=0.6257 | novelty_loss=-0.6149 | diversity_loss=0.3096 | inter_proxy_cosine_mean=0.3096 std=0.2807
Epoch 643/1000 [59.7s mem=1227MB] | train_loss=-0.0161 train_AP=0.9943 | val_loss=1.3778 val_AP=0.6125 | test_AP=0.6272 | novelty_loss=-0.6150 | diversity_loss=0.3079 | inter_proxy_cosine_mean=0.3079 std=0.2845
Epoch 644/1000 [55.1s mem=1228MB] | train_loss=-0.0158 train_AP=0.9948 | val_loss=1.3544 val_AP=0.6137 | test_AP=0.6244 | novelty_loss=-0.6166 | diversity_loss=0.3107 | inter_proxy_cosine_mean=0.3107 std=0.2833
Epoch 645/1000 [56.6s mem=1228MB] | train_loss=-0.0163 train_AP=0.9945 | val_loss=1.3901 val_AP=0.6110 | test_AP=0.6241 | novelty_loss=-0.6152 | diversity_loss=0.3093 | inter_proxy_cosine_mean=0.3093 std=0.2838
Epoch 646/1000 [57.7s mem=1229MB] | train_loss=-0.0169 train_AP=0.9950 | val_loss=1.3845 val_AP=0.6135 | test_AP=0.6246 | novelty_loss=-0.6148 | diversity_loss=0.3079 | inter_proxy_cosine_mean=0.3079 std=0.2891
  -> New best metrics: gen_loss=-0.0169 val_loss=0.3393 val_AP=0.6379 (test=0.6246)
Epoch 647/1000 [58.1s mem=1228MB] | train_loss=-0.0170 train_AP=0.9951 | val_loss=1.3298 val_AP=0.6120 | test_AP=0.6279 | novelty_loss=-0.6170 | diversity_loss=0.3101 | inter_proxy_cosine_mean=0.3101 std=0.2878
  -> New best metrics: gen_loss=-0.0170 val_loss=0.3393 val_AP=0.6379 (test=0.6279)
Epoch 648/1000 [58.4s mem=1230MB] | train_loss=-0.0164 train_AP=0.9941 | val_loss=1.3865 val_AP=0.6113 | test_AP=0.6251 | novelty_loss=-0.6234 | diversity_loss=0.3178 | inter_proxy_cosine_mean=0.3178 std=0.2885
Epoch 649/1000 [60.6s mem=1228MB] | train_loss=-0.0165 train_AP=0.9949 | val_loss=1.3662 val_AP=0.6151 | test_AP=0.6267 | novelty_loss=-0.6159 | diversity_loss=0.3105 | inter_proxy_cosine_mean=0.3105 std=0.2888
Epoch 650/1000 [54.3s mem=1227MB] | train_loss=-0.0172 train_AP=0.9956 | val_loss=1.3852 val_AP=0.6102 | test_AP=0.6261 | novelty_loss=-0.6126 | diversity_loss=0.3073 | inter_proxy_cosine_mean=0.3073 std=0.2823
  -> New best metrics: gen_loss=-0.0172 val_loss=0.3393 val_AP=0.6379 (test=0.6261)
Epoch 651/1000 [59.5s mem=1229MB] | train_loss=-0.0171 train_AP=0.9949 | val_loss=1.4134 val_AP=0.6127 | test_AP=0.6261 | novelty_loss=-0.6156 | diversity_loss=0.3086 | inter_proxy_cosine_mean=0.3086 std=0.2869
Epoch 652/1000 [59.4s mem=1227MB] | train_loss=-0.0166 train_AP=0.9947 | val_loss=1.3798 val_AP=0.6099 | test_AP=0.6240 | novelty_loss=-0.6170 | diversity_loss=0.3096 | inter_proxy_cosine_mean=0.3096 std=0.2890
Epoch 653/1000 [61.0s mem=1228MB] | train_loss=-0.0155 train_AP=0.9943 | val_loss=1.3858 val_AP=0.6119 | test_AP=0.6255 | novelty_loss=-0.6147 | diversity_loss=0.3091 | inter_proxy_cosine_mean=0.3091 std=0.2820
Epoch 654/1000 [56.8s mem=1227MB] | train_loss=-0.0171 train_AP=0.9953 | val_loss=1.3916 val_AP=0.6098 | test_AP=0.6242 | novelty_loss=-0.6205 | diversity_loss=0.3143 | inter_proxy_cosine_mean=0.3143 std=0.2847
Epoch 655/1000 [56.4s mem=1228MB] | train_loss=-0.0162 train_AP=0.9945 | val_loss=1.3754 val_AP=0.6077 | test_AP=0.6269 | novelty_loss=-0.6190 | diversity_loss=0.3124 | inter_proxy_cosine_mean=0.3124 std=0.2863
Epoch 656/1000 [57.3s mem=1230MB] | train_loss=-0.0165 train_AP=0.9951 | val_loss=1.3126 val_AP=0.6175 | test_AP=0.6305 | novelty_loss=-0.6177 | diversity_loss=0.3125 | inter_proxy_cosine_mean=0.3125 std=0.2867
Epoch 657/1000 [57.6s mem=1227MB] | train_loss=-0.0174 train_AP=0.9955 | val_loss=1.3938 val_AP=0.6133 | test_AP=0.6262 | novelty_loss=-0.6169 | diversity_loss=0.3105 | inter_proxy_cosine_mean=0.3105 std=0.2867
  -> New best metrics: gen_loss=-0.0174 val_loss=0.3393 val_AP=0.6379 (test=0.6262)
Epoch 658/1000 [55.4s mem=1226MB] | train_loss=-0.0163 train_AP=0.9943 | val_loss=1.3829 val_AP=0.6130 | test_AP=0.6268 | novelty_loss=-0.6173 | diversity_loss=0.3105 | inter_proxy_cosine_mean=0.3105 std=0.2891
Epoch 659/1000 [55.3s mem=1228MB] | train_loss=-0.0166 train_AP=0.9949 | val_loss=1.4086 val_AP=0.6091 | test_AP=0.6254 | novelty_loss=-0.6200 | diversity_loss=0.3130 | inter_proxy_cosine_mean=0.3130 std=0.2920
Epoch 660/1000 [60.3s mem=1232MB] | train_loss=-0.0157 train_AP=0.9948 | val_loss=1.3487 val_AP=0.6126 | test_AP=0.6283 | novelty_loss=-0.6150 | diversity_loss=0.3094 | inter_proxy_cosine_mean=0.3094 std=0.2864
Epoch 661/1000 [59.0s mem=1229MB] | train_loss=-0.0166 train_AP=0.9943 | val_loss=1.4107 val_AP=0.6107 | test_AP=0.6278 | novelty_loss=-0.6137 | diversity_loss=0.3079 | inter_proxy_cosine_mean=0.3079 std=0.2881
Epoch 662/1000 [59.9s mem=1228MB] | train_loss=-0.0176 train_AP=0.9953 | val_loss=1.4001 val_AP=0.6131 | test_AP=0.6241 | novelty_loss=-0.6163 | diversity_loss=0.3097 | inter_proxy_cosine_mean=0.3097 std=0.2881
  -> New best metrics: gen_loss=-0.0176 val_loss=0.3393 val_AP=0.6379 (test=0.6241)
Epoch 663/1000 [57.8s mem=1227MB] | train_loss=-0.0175 train_AP=0.9951 | val_loss=1.4229 val_AP=0.6081 | test_AP=0.6235 | novelty_loss=-0.6162 | diversity_loss=0.3085 | inter_proxy_cosine_mean=0.3085 std=0.2883
Epoch 664/1000 [55.2s mem=1228MB] | train_loss=-0.0168 train_AP=0.9952 | val_loss=1.3582 val_AP=0.6120 | test_AP=0.6273 | novelty_loss=-0.6209 | diversity_loss=0.3136 | inter_proxy_cosine_mean=0.3136 std=0.2889
Epoch 665/1000 [60.1s mem=1228MB] | train_loss=-0.0173 train_AP=0.9952 | val_loss=1.3839 val_AP=0.6120 | test_AP=0.6277 | novelty_loss=-0.6143 | diversity_loss=0.3072 | inter_proxy_cosine_mean=0.3072 std=0.2848
Epoch 666/1000 [58.6s mem=1226MB] | train_loss=-0.0164 train_AP=0.9947 | val_loss=1.3725 val_AP=0.6159 | test_AP=0.6247 | novelty_loss=-0.6193 | diversity_loss=0.3125 | inter_proxy_cosine_mean=0.3125 std=0.2888
Epoch 667/1000 [58.8s mem=1229MB] | train_loss=-0.0170 train_AP=0.9951 | val_loss=1.3773 val_AP=0.6123 | test_AP=0.6282 | novelty_loss=-0.6127 | diversity_loss=0.3075 | inter_proxy_cosine_mean=0.3075 std=0.2803
Epoch 668/1000 [58.3s mem=1230MB] | train_loss=-0.0175 train_AP=0.9955 | val_loss=1.4262 val_AP=0.6094 | test_AP=0.6249 | novelty_loss=-0.6172 | diversity_loss=0.3112 | inter_proxy_cosine_mean=0.3112 std=0.2864
Epoch 669/1000 [58.8s mem=1228MB] | train_loss=-0.0177 train_AP=0.9956 | val_loss=1.4064 val_AP=0.6143 | test_AP=0.6261 | novelty_loss=-0.6235 | diversity_loss=0.3164 | inter_proxy_cosine_mean=0.3164 std=0.2879
  -> New best metrics: gen_loss=-0.0177 val_loss=0.3393 val_AP=0.6379 (test=0.6261)
Epoch 670/1000 [59.4s mem=1227MB] | train_loss=-0.0169 train_AP=0.9949 | val_loss=1.3858 val_AP=0.6130 | test_AP=0.6262 | novelty_loss=-0.6151 | diversity_loss=0.3079 | inter_proxy_cosine_mean=0.3079 std=0.2858
Epoch 671/1000 [55.7s mem=1230MB] | train_loss=-0.0176 train_AP=0.9955 | val_loss=1.3868 val_AP=0.6128 | test_AP=0.6242 | novelty_loss=-0.6178 | diversity_loss=0.3117 | inter_proxy_cosine_mean=0.3117 std=0.2876
Epoch 672/1000 [55.9s mem=1227MB] | train_loss=-0.0173 train_AP=0.9947 | val_loss=1.4256 val_AP=0.6113 | test_AP=0.6225 | novelty_loss=-0.6101 | diversity_loss=0.3027 | inter_proxy_cosine_mean=0.3027 std=0.2882
Epoch 673/1000 [58.5s mem=1225MB] | train_loss=-0.0169 train_AP=0.9951 | val_loss=1.3986 val_AP=0.6105 | test_AP=0.6262 | novelty_loss=-0.6216 | diversity_loss=0.3150 | inter_proxy_cosine_mean=0.3150 std=0.2898
Epoch 674/1000 [58.2s mem=1230MB] | train_loss=-0.0168 train_AP=0.9952 | val_loss=1.3853 val_AP=0.6099 | test_AP=0.6290 | novelty_loss=-0.6157 | diversity_loss=0.3091 | inter_proxy_cosine_mean=0.3091 std=0.2894
Epoch 675/1000 [57.6s mem=1228MB] | train_loss=-0.0170 train_AP=0.9948 | val_loss=1.4347 val_AP=0.6070 | test_AP=0.6296 | novelty_loss=-0.6211 | diversity_loss=0.3139 | inter_proxy_cosine_mean=0.3139 std=0.2940
Epoch 676/1000 [55.3s mem=1230MB] | train_loss=-0.0176 train_AP=0.9958 | val_loss=1.4462 val_AP=0.6094 | test_AP=0.6283 | novelty_loss=-0.6160 | diversity_loss=0.3089 | inter_proxy_cosine_mean=0.3089 std=0.2907
Epoch 677/1000 [56.5s mem=1228MB] | train_loss=-0.0175 train_AP=0.9955 | val_loss=1.4363 val_AP=0.6086 | test_AP=0.6286 | novelty_loss=-0.6171 | diversity_loss=0.3095 | inter_proxy_cosine_mean=0.3095 std=0.2936
Epoch 678/1000 [57.5s mem=1227MB] | train_loss=-0.0168 train_AP=0.9953 | val_loss=1.4060 val_AP=0.6131 | test_AP=0.6245 | novelty_loss=-0.6198 | diversity_loss=0.3135 | inter_proxy_cosine_mean=0.3135 std=0.2925
Epoch 679/1000 [58.6s mem=1229MB] | train_loss=-0.0170 train_AP=0.9946 | val_loss=1.3827 val_AP=0.6111 | test_AP=0.6267 | novelty_loss=-0.6124 | diversity_loss=0.3055 | inter_proxy_cosine_mean=0.3055 std=0.2854
Epoch 680/1000 [57.6s mem=1225MB] | train_loss=-0.0173 train_AP=0.9956 | val_loss=1.4257 val_AP=0.6107 | test_AP=0.6228 | novelty_loss=-0.6133 | diversity_loss=0.3057 | inter_proxy_cosine_mean=0.3057 std=0.2891
Epoch 681/1000 [85.7s mem=1230MB] | train_loss=-0.0168 train_AP=0.9944 | val_loss=1.4109 val_AP=0.6186 | test_AP=0.6263 | novelty_loss=-0.6167 | diversity_loss=0.3099 | inter_proxy_cosine_mean=0.3099 std=0.2872
Epoch 682/1000 [84.0s mem=1232MB] | train_loss=-0.0176 train_AP=0.9957 | val_loss=1.4199 val_AP=0.6107 | test_AP=0.6228 | novelty_loss=-0.6164 | diversity_loss=0.3100 | inter_proxy_cosine_mean=0.3100 std=0.2833
Epoch 683/1000 [85.2s mem=1224MB] | train_loss=-0.0181 train_AP=0.9958 | val_loss=1.4031 val_AP=0.6140 | test_AP=0.6267 | novelty_loss=-0.6180 | diversity_loss=0.3114 | inter_proxy_cosine_mean=0.3114 std=0.2843
  -> New best metrics: gen_loss=-0.0181 val_loss=0.3393 val_AP=0.6379 (test=0.6267)
Epoch 684/1000 [84.6s mem=1228MB] | train_loss=-0.0176 train_AP=0.9951 | val_loss=1.4182 val_AP=0.6113 | test_AP=0.6244 | novelty_loss=-0.6144 | diversity_loss=0.3081 | inter_proxy_cosine_mean=0.3081 std=0.2883
Epoch 685/1000 [78.1s mem=1226MB] | train_loss=-0.0171 train_AP=0.9957 | val_loss=1.4385 val_AP=0.6139 | test_AP=0.6258 | novelty_loss=-0.6116 | diversity_loss=0.3051 | inter_proxy_cosine_mean=0.3051 std=0.2827
Epoch 686/1000 [84.6s mem=1228MB] | train_loss=-0.0177 train_AP=0.9949 | val_loss=1.3842 val_AP=0.6151 | test_AP=0.6272 | novelty_loss=-0.6145 | diversity_loss=0.3068 | inter_proxy_cosine_mean=0.3068 std=0.2860
Epoch 687/1000 [85.0s mem=1230MB] | train_loss=-0.0179 train_AP=0.9953 | val_loss=1.4035 val_AP=0.6108 | test_AP=0.6266 | novelty_loss=-0.6119 | diversity_loss=0.3054 | inter_proxy_cosine_mean=0.3054 std=0.2856
Epoch 688/1000 [85.0s mem=1227MB] | train_loss=-0.0178 train_AP=0.9956 | val_loss=1.4586 val_AP=0.6127 | test_AP=0.6261 | novelty_loss=-0.6133 | diversity_loss=0.3063 | inter_proxy_cosine_mean=0.3063 std=0.2837
Epoch 689/1000 [82.1s mem=1228MB] | train_loss=-0.0180 train_AP=0.9960 | val_loss=1.4161 val_AP=0.6155 | test_AP=0.6249 | novelty_loss=-0.6163 | diversity_loss=0.3083 | inter_proxy_cosine_mean=0.3083 std=0.2881
Epoch 690/1000 [88.3s mem=1228MB] | train_loss=-0.0178 train_AP=0.9955 | val_loss=1.4138 val_AP=0.6108 | test_AP=0.6273 | novelty_loss=-0.6156 | diversity_loss=0.3091 | inter_proxy_cosine_mean=0.3091 std=0.2847
Epoch 691/1000 [84.0s mem=1226MB] | train_loss=-0.0170 train_AP=0.9956 | val_loss=1.4430 val_AP=0.6160 | test_AP=0.6290 | novelty_loss=-0.6169 | diversity_loss=0.3105 | inter_proxy_cosine_mean=0.3105 std=0.2833
Epoch 692/1000 [88.2s mem=1223MB] | train_loss=-0.0182 train_AP=0.9955 | val_loss=1.3951 val_AP=0.6087 | test_AP=0.6269 | novelty_loss=-0.6179 | diversity_loss=0.3115 | inter_proxy_cosine_mean=0.3115 std=0.2842
  -> New best metrics: gen_loss=-0.0182 val_loss=0.3393 val_AP=0.6379 (test=0.6269)
Epoch 693/1000 [86.9s mem=1228MB] | train_loss=-0.0176 train_AP=0.9953 | val_loss=1.4482 val_AP=0.6145 | test_AP=0.6271 | novelty_loss=-0.6215 | diversity_loss=0.3134 | inter_proxy_cosine_mean=0.3134 std=0.2885
Epoch 694/1000 [82.1s mem=1229MB] | train_loss=-0.0178 train_AP=0.9954 | val_loss=1.4357 val_AP=0.6136 | test_AP=0.6291 | novelty_loss=-0.6172 | diversity_loss=0.3101 | inter_proxy_cosine_mean=0.3101 std=0.2866
Epoch 695/1000 [88.0s mem=1230MB] | train_loss=-0.0176 train_AP=0.9954 | val_loss=1.3979 val_AP=0.6145 | test_AP=0.6313 | novelty_loss=-0.6175 | diversity_loss=0.3101 | inter_proxy_cosine_mean=0.3101 std=0.2901
Epoch 696/1000 [86.4s mem=1228MB] | train_loss=-0.0177 train_AP=0.9954 | val_loss=1.4239 val_AP=0.6117 | test_AP=0.6295 | novelty_loss=-0.6155 | diversity_loss=0.3075 | inter_proxy_cosine_mean=0.3075 std=0.2881
Epoch 697/1000 [86.0s mem=1226MB] | train_loss=-0.0187 train_AP=0.9954 | val_loss=1.4079 val_AP=0.6096 | test_AP=0.6267 | novelty_loss=-0.6158 | diversity_loss=0.3087 | inter_proxy_cosine_mean=0.3087 std=0.2874
  -> New best metrics: gen_loss=-0.0187 val_loss=0.3393 val_AP=0.6379 (test=0.6267)
Epoch 698/1000 [73.3s mem=1226MB] | train_loss=-0.0170 train_AP=0.9955 | val_loss=1.4110 val_AP=0.6126 | test_AP=0.6271 | novelty_loss=-0.6192 | diversity_loss=0.3121 | inter_proxy_cosine_mean=0.3121 std=0.2858
Epoch 699/1000 [86.2s mem=1227MB] | train_loss=-0.0176 train_AP=0.9951 | val_loss=1.4142 val_AP=0.6135 | test_AP=0.6279 | novelty_loss=-0.6187 | diversity_loss=0.3108 | inter_proxy_cosine_mean=0.3108 std=0.2871
Epoch 700/1000 [89.1s mem=1229MB] | train_loss=-0.0177 train_AP=0.9952 | val_loss=1.4363 val_AP=0.6124 | test_AP=0.6248 | novelty_loss=-0.6186 | diversity_loss=0.3117 | inter_proxy_cosine_mean=0.3117 std=0.2890
Epoch 701/1000 [89.0s mem=1231MB] | train_loss=-0.0179 train_AP=0.9959 | val_loss=1.4447 val_AP=0.6112 | test_AP=0.6254 | novelty_loss=-0.6175 | diversity_loss=0.3102 | inter_proxy_cosine_mean=0.3102 std=0.2849
Epoch 702/1000 [84.1s mem=1230MB] | train_loss=-0.0188 train_AP=0.9956 | val_loss=1.4214 val_AP=0.6113 | test_AP=0.6299 | novelty_loss=-0.6163 | diversity_loss=0.3082 | inter_proxy_cosine_mean=0.3082 std=0.2869
  -> New best metrics: gen_loss=-0.0188 val_loss=0.3393 val_AP=0.6379 (test=0.6299)
Epoch 703/1000 [86.6s mem=1228MB] | train_loss=-0.0182 train_AP=0.9958 | val_loss=1.4056 val_AP=0.6110 | test_AP=0.6282 | novelty_loss=-0.6181 | diversity_loss=0.3108 | inter_proxy_cosine_mean=0.3108 std=0.2871
Epoch 704/1000 [85.4s mem=1228MB] | train_loss=-0.0179 train_AP=0.9959 | val_loss=1.4588 val_AP=0.6123 | test_AP=0.6273 | novelty_loss=-0.6159 | diversity_loss=0.3091 | inter_proxy_cosine_mean=0.3091 std=0.2853
Epoch 705/1000 [87.7s mem=1232MB] | train_loss=-0.0173 train_AP=0.9950 | val_loss=1.4818 val_AP=0.6087 | test_AP=0.6234 | novelty_loss=-0.6200 | diversity_loss=0.3121 | inter_proxy_cosine_mean=0.3121 std=0.2893
Epoch 706/1000 [87.8s mem=1227MB] | train_loss=-0.0176 train_AP=0.9954 | val_loss=1.4146 val_AP=0.6120 | test_AP=0.6282 | novelty_loss=-0.6140 | diversity_loss=0.3064 | inter_proxy_cosine_mean=0.3064 std=0.2871
Epoch 707/1000 [73.0s mem=1228MB] | train_loss=-0.0178 train_AP=0.9956 | val_loss=1.4546 val_AP=0.6118 | test_AP=0.6249 | novelty_loss=-0.6136 | diversity_loss=0.3057 | inter_proxy_cosine_mean=0.3057 std=0.2837
Epoch 708/1000 [86.9s mem=1228MB] | train_loss=-0.0179 train_AP=0.9961 | val_loss=1.4460 val_AP=0.6125 | test_AP=0.6266 | novelty_loss=-0.6180 | diversity_loss=0.3111 | inter_proxy_cosine_mean=0.3111 std=0.2846
Epoch 709/1000 [84.6s mem=1228MB] | train_loss=-0.0188 train_AP=0.9958 | val_loss=1.4269 val_AP=0.6103 | test_AP=0.6272 | novelty_loss=-0.6170 | diversity_loss=0.3108 | inter_proxy_cosine_mean=0.3108 std=0.2865
  -> New best metrics: gen_loss=-0.0188 val_loss=0.3393 val_AP=0.6379 (test=0.6272)
Epoch 710/1000 [88.9s mem=1229MB] | train_loss=-0.0186 train_AP=0.9962 | val_loss=1.4337 val_AP=0.6098 | test_AP=0.6268 | novelty_loss=-0.6159 | diversity_loss=0.3080 | inter_proxy_cosine_mean=0.3080 std=0.2856
Epoch 711/1000 [82.9s mem=1225MB] | train_loss=-0.0189 train_AP=0.9958 | val_loss=1.4474 val_AP=0.6093 | test_AP=0.6279 | novelty_loss=-0.6152 | diversity_loss=0.3067 | inter_proxy_cosine_mean=0.3067 std=0.2875
  -> New best metrics: gen_loss=-0.0189 val_loss=0.3393 val_AP=0.6379 (test=0.6279)
Epoch 712/1000 [89.9s mem=1228MB] | train_loss=-0.0181 train_AP=0.9960 | val_loss=1.4319 val_AP=0.6112 | test_AP=0.6290 | novelty_loss=-0.6194 | diversity_loss=0.3129 | inter_proxy_cosine_mean=0.3129 std=0.2862
Epoch 713/1000 [87.2s mem=1230MB] | train_loss=-0.0181 train_AP=0.9957 | val_loss=1.4492 val_AP=0.6129 | test_AP=0.6270 | novelty_loss=-0.6207 | diversity_loss=0.3134 | inter_proxy_cosine_mean=0.3134 std=0.2892
Epoch 714/1000 [86.9s mem=1228MB] | train_loss=-0.0179 train_AP=0.9956 | val_loss=1.4486 val_AP=0.6118 | test_AP=0.6266 | novelty_loss=-0.6139 | diversity_loss=0.3060 | inter_proxy_cosine_mean=0.3060 std=0.2873
Epoch 715/1000 [84.1s mem=1228MB] | train_loss=-0.0182 train_AP=0.9956 | val_loss=1.4198 val_AP=0.6129 | test_AP=0.6281 | novelty_loss=-0.6157 | diversity_loss=0.3085 | inter_proxy_cosine_mean=0.3085 std=0.2872
Epoch 716/1000 [83.3s mem=1228MB] | train_loss=-0.0180 train_AP=0.9956 | val_loss=1.4658 val_AP=0.6132 | test_AP=0.6239 | novelty_loss=-0.6165 | diversity_loss=0.3085 | inter_proxy_cosine_mean=0.3085 std=0.2864
Epoch 717/1000 [86.8s mem=1229MB] | train_loss=-0.0187 train_AP=0.9962 | val_loss=1.4863 val_AP=0.6158 | test_AP=0.6231 | novelty_loss=-0.6180 | diversity_loss=0.3107 | inter_proxy_cosine_mean=0.3107 std=0.2878
Epoch 718/1000 [84.9s mem=1229MB] | train_loss=-0.0185 train_AP=0.9952 | val_loss=1.4403 val_AP=0.6119 | test_AP=0.6276 | novelty_loss=-0.6217 | diversity_loss=0.3145 | inter_proxy_cosine_mean=0.3145 std=0.2868
Epoch 719/1000 [87.0s mem=1227MB] | train_loss=-0.0187 train_AP=0.9953 | val_loss=1.4450 val_AP=0.6109 | test_AP=0.6255 | novelty_loss=-0.6164 | diversity_loss=0.3092 | inter_proxy_cosine_mean=0.3092 std=0.2852
Epoch 720/1000 [72.0s mem=1226MB] | train_loss=-0.0173 train_AP=0.9954 | val_loss=1.4750 val_AP=0.6117 | test_AP=0.6236 | novelty_loss=-0.6137 | diversity_loss=0.3057 | inter_proxy_cosine_mean=0.3057 std=0.2875
Epoch 721/1000 [87.2s mem=1226MB] | train_loss=-0.0179 train_AP=0.9958 | val_loss=1.4332 val_AP=0.6108 | test_AP=0.6251 | novelty_loss=-0.6221 | diversity_loss=0.3147 | inter_proxy_cosine_mean=0.3147 std=0.2898
Epoch 722/1000 [83.4s mem=1228MB] | train_loss=-0.0190 train_AP=0.9962 | val_loss=1.4551 val_AP=0.6119 | test_AP=0.6277 | novelty_loss=-0.6180 | diversity_loss=0.3094 | inter_proxy_cosine_mean=0.3094 std=0.2910
  -> New best metrics: gen_loss=-0.0190 val_loss=0.3393 val_AP=0.6379 (test=0.6277)
Epoch 723/1000 [84.4s mem=1226MB] | train_loss=-0.0192 train_AP=0.9963 | val_loss=1.4761 val_AP=0.6066 | test_AP=0.6240 | novelty_loss=-0.6172 | diversity_loss=0.3096 | inter_proxy_cosine_mean=0.3096 std=0.2908
  -> New best metrics: gen_loss=-0.0192 val_loss=0.3393 val_AP=0.6379 (test=0.6240)
Epoch 724/1000 [79.4s mem=1229MB] | train_loss=-0.0187 train_AP=0.9958 | val_loss=1.4286 val_AP=0.6150 | test_AP=0.6265 | novelty_loss=-0.6172 | diversity_loss=0.3087 | inter_proxy_cosine_mean=0.3087 std=0.2889
Epoch 725/1000 [73.8s mem=1225MB] | train_loss=-0.0185 train_AP=0.9957 | val_loss=1.4686 val_AP=0.6104 | test_AP=0.6242 | novelty_loss=-0.6192 | diversity_loss=0.3114 | inter_proxy_cosine_mean=0.3114 std=0.2892
Epoch 726/1000 [86.8s mem=1226MB] | train_loss=-0.0177 train_AP=0.9957 | val_loss=1.4994 val_AP=0.6143 | test_AP=0.6273 | novelty_loss=-0.6121 | diversity_loss=0.3047 | inter_proxy_cosine_mean=0.3047 std=0.2827
Epoch 727/1000 [86.2s mem=1226MB] | train_loss=-0.0188 train_AP=0.9959 | val_loss=1.4702 val_AP=0.6153 | test_AP=0.6256 | novelty_loss=-0.6142 | diversity_loss=0.3063 | inter_proxy_cosine_mean=0.3063 std=0.2828
Epoch 728/1000 [86.9s mem=1226MB] | train_loss=-0.0182 train_AP=0.9951 | val_loss=1.4637 val_AP=0.6144 | test_AP=0.6260 | novelty_loss=-0.6169 | diversity_loss=0.3091 | inter_proxy_cosine_mean=0.3091 std=0.2873
Epoch 729/1000 [79.6s mem=1226MB] | train_loss=-0.0195 train_AP=0.9961 | val_loss=1.4992 val_AP=0.6110 | test_AP=0.6250 | novelty_loss=-0.6198 | diversity_loss=0.3120 | inter_proxy_cosine_mean=0.3120 std=0.2887
  -> New best metrics: gen_loss=-0.0195 val_loss=0.3393 val_AP=0.6379 (test=0.6250)
Epoch 730/1000 [88.1s mem=1225MB] | train_loss=-0.0184 train_AP=0.9954 | val_loss=1.4583 val_AP=0.6113 | test_AP=0.6231 | novelty_loss=-0.6196 | diversity_loss=0.3119 | inter_proxy_cosine_mean=0.3119 std=0.2883
Epoch 731/1000 [87.2s mem=1227MB] | train_loss=-0.0181 train_AP=0.9953 | val_loss=1.4552 val_AP=0.6125 | test_AP=0.6282 | novelty_loss=-0.6194 | diversity_loss=0.3113 | inter_proxy_cosine_mean=0.3113 std=0.2913
Epoch 732/1000 [83.9s mem=1228MB] | train_loss=-0.0182 train_AP=0.9958 | val_loss=1.4621 val_AP=0.6115 | test_AP=0.6241 | novelty_loss=-0.6140 | diversity_loss=0.3066 | inter_proxy_cosine_mean=0.3066 std=0.2808
Epoch 733/1000 [82.8s mem=1230MB] | train_loss=-0.0189 train_AP=0.9960 | val_loss=1.4790 val_AP=0.6125 | test_AP=0.6272 | novelty_loss=-0.6167 | diversity_loss=0.3083 | inter_proxy_cosine_mean=0.3083 std=0.2870
Epoch 734/1000 [78.8s mem=1228MB] | train_loss=-0.0195 train_AP=0.9964 | val_loss=1.4764 val_AP=0.6134 | test_AP=0.6247 | novelty_loss=-0.6201 | diversity_loss=0.3116 | inter_proxy_cosine_mean=0.3116 std=0.2877
  -> New best metrics: gen_loss=-0.0195 val_loss=0.3393 val_AP=0.6379 (test=0.6247)
Epoch 735/1000 [86.2s mem=1227MB] | train_loss=-0.0180 train_AP=0.9957 | val_loss=1.4071 val_AP=0.6130 | test_AP=0.6282 | novelty_loss=-0.6194 | diversity_loss=0.3107 | inter_proxy_cosine_mean=0.3107 std=0.2892
Epoch 736/1000 [81.9s mem=1227MB] | train_loss=-0.0187 train_AP=0.9954 | val_loss=1.4621 val_AP=0.6126 | test_AP=0.6257 | novelty_loss=-0.6151 | diversity_loss=0.3072 | inter_proxy_cosine_mean=0.3072 std=0.2873
Epoch 737/1000 [79.6s mem=1226MB] | train_loss=-0.0186 train_AP=0.9957 | val_loss=1.4629 val_AP=0.6136 | test_AP=0.6241 | novelty_loss=-0.6171 | diversity_loss=0.3087 | inter_proxy_cosine_mean=0.3087 std=0.2895
Epoch 738/1000 [72.2s mem=1226MB] | train_loss=-0.0190 train_AP=0.9963 | val_loss=1.4961 val_AP=0.6108 | test_AP=0.6219 | novelty_loss=-0.6147 | diversity_loss=0.3065 | inter_proxy_cosine_mean=0.3065 std=0.2864
Epoch 739/1000 [79.2s mem=1227MB] | train_loss=-0.0187 train_AP=0.9954 | val_loss=1.5066 val_AP=0.6114 | test_AP=0.6243 | novelty_loss=-0.6189 | diversity_loss=0.3102 | inter_proxy_cosine_mean=0.3102 std=0.2904
Epoch 740/1000 [79.2s mem=1226MB] | train_loss=-0.0186 train_AP=0.9963 | val_loss=1.4326 val_AP=0.6138 | test_AP=0.6270 | novelty_loss=-0.6213 | diversity_loss=0.3129 | inter_proxy_cosine_mean=0.3129 std=0.2922
Epoch 741/1000 [79.9s mem=1227MB] | train_loss=-0.0186 train_AP=0.9961 | val_loss=1.4364 val_AP=0.6124 | test_AP=0.6259 | novelty_loss=-0.6163 | diversity_loss=0.3077 | inter_proxy_cosine_mean=0.3077 std=0.2902
Epoch 742/1000 [79.5s mem=1226MB] | train_loss=-0.0186 train_AP=0.9963 | val_loss=1.4410 val_AP=0.6143 | test_AP=0.6272 | novelty_loss=-0.6147 | diversity_loss=0.3068 | inter_proxy_cosine_mean=0.3068 std=0.2881
Epoch 743/1000 [69.1s mem=1224MB] | train_loss=-0.0186 train_AP=0.9966 | val_loss=1.4418 val_AP=0.6086 | test_AP=0.6242 | novelty_loss=-0.6156 | diversity_loss=0.3076 | inter_proxy_cosine_mean=0.3076 std=0.2888
Epoch 744/1000 [80.1s mem=1226MB] | train_loss=-0.0186 train_AP=0.9961 | val_loss=1.4796 val_AP=0.6123 | test_AP=0.6239 | novelty_loss=-0.6149 | diversity_loss=0.3079 | inter_proxy_cosine_mean=0.3079 std=0.2860
Epoch 745/1000 [82.6s mem=1225MB] | train_loss=-0.0190 train_AP=0.9959 | val_loss=1.4662 val_AP=0.6127 | test_AP=0.6220 | novelty_loss=-0.6143 | diversity_loss=0.3066 | inter_proxy_cosine_mean=0.3066 std=0.2866
Epoch 746/1000 [81.9s mem=1229MB] | train_loss=-0.0189 train_AP=0.9959 | val_loss=1.5052 val_AP=0.6099 | test_AP=0.6233 | novelty_loss=-0.6209 | diversity_loss=0.3134 | inter_proxy_cosine_mean=0.3134 std=0.2894
Epoch 747/1000 [80.6s mem=1228MB] | train_loss=-0.0190 train_AP=0.9957 | val_loss=1.4681 val_AP=0.6125 | test_AP=0.6230 | novelty_loss=-0.6172 | diversity_loss=0.3093 | inter_proxy_cosine_mean=0.3093 std=0.2890
Epoch 748/1000 [66.0s mem=1229MB] | train_loss=-0.0186 train_AP=0.9956 | val_loss=1.5207 val_AP=0.6092 | test_AP=0.6208 | novelty_loss=-0.6202 | diversity_loss=0.3124 | inter_proxy_cosine_mean=0.3124 std=0.2877
Epoch 749/1000 [79.8s mem=1227MB] | train_loss=-0.0183 train_AP=0.9957 | val_loss=1.4692 val_AP=0.6091 | test_AP=0.6231 | novelty_loss=-0.6156 | diversity_loss=0.3070 | inter_proxy_cosine_mean=0.3070 std=0.2871
Epoch 750/1000 [78.4s mem=1230MB] | train_loss=-0.0186 train_AP=0.9961 | val_loss=1.5060 val_AP=0.6127 | test_AP=0.6264 | novelty_loss=-0.6183 | diversity_loss=0.3102 | inter_proxy_cosine_mean=0.3102 std=0.2901
Epoch 751/1000 [79.0s mem=1227MB] | train_loss=-0.0184 train_AP=0.9958 | val_loss=1.4571 val_AP=0.6129 | test_AP=0.6235 | novelty_loss=-0.6186 | diversity_loss=0.3103 | inter_proxy_cosine_mean=0.3103 std=0.2907
Epoch 752/1000 [78.0s mem=1227MB] | train_loss=-0.0189 train_AP=0.9959 | val_loss=1.4721 val_AP=0.6106 | test_AP=0.6231 | novelty_loss=-0.6226 | diversity_loss=0.3150 | inter_proxy_cosine_mean=0.3150 std=0.2914
Epoch 753/1000 [67.7s mem=1228MB] | train_loss=-0.0192 train_AP=0.9968 | val_loss=1.4589 val_AP=0.6090 | test_AP=0.6247 | novelty_loss=-0.6194 | diversity_loss=0.3116 | inter_proxy_cosine_mean=0.3116 std=0.2919
Epoch 754/1000 [80.9s mem=1227MB] | train_loss=-0.0186 train_AP=0.9956 | val_loss=1.4791 val_AP=0.6111 | test_AP=0.6224 | novelty_loss=-0.6189 | diversity_loss=0.3103 | inter_proxy_cosine_mean=0.3103 std=0.2928
Epoch 755/1000 [78.3s mem=1225MB] | train_loss=-0.0184 train_AP=0.9955 | val_loss=1.4579 val_AP=0.6112 | test_AP=0.6212 | novelty_loss=-0.6200 | diversity_loss=0.3117 | inter_proxy_cosine_mean=0.3117 std=0.2896
Epoch 756/1000 [82.1s mem=1230MB] | train_loss=-0.0199 train_AP=0.9966 | val_loss=1.4961 val_AP=0.6118 | test_AP=0.6235 | novelty_loss=-0.6188 | diversity_loss=0.3097 | inter_proxy_cosine_mean=0.3097 std=0.2926
  -> New best metrics: gen_loss=-0.0199 val_loss=0.3393 val_AP=0.6379 (test=0.6235)
Epoch 757/1000 [74.9s mem=1230MB] | train_loss=-0.0192 train_AP=0.9967 | val_loss=1.4706 val_AP=0.6153 | test_AP=0.6232 | novelty_loss=-0.6114 | diversity_loss=0.3034 | inter_proxy_cosine_mean=0.3034 std=0.2862
Epoch 758/1000 [67.4s mem=1227MB] | train_loss=-0.0187 train_AP=0.9957 | val_loss=1.4914 val_AP=0.6123 | test_AP=0.6201 | novelty_loss=-0.6147 | diversity_loss=0.3068 | inter_proxy_cosine_mean=0.3068 std=0.2880
Epoch 759/1000 [80.6s mem=1229MB] | train_loss=-0.0191 train_AP=0.9958 | val_loss=1.5137 val_AP=0.6121 | test_AP=0.6228 | novelty_loss=-0.6211 | diversity_loss=0.3124 | inter_proxy_cosine_mean=0.3124 std=0.2917
Epoch 760/1000 [79.2s mem=1224MB] | train_loss=-0.0188 train_AP=0.9961 | val_loss=1.4735 val_AP=0.6103 | test_AP=0.6221 | novelty_loss=-0.6181 | diversity_loss=0.3094 | inter_proxy_cosine_mean=0.3094 std=0.2905
Epoch 761/1000 [77.1s mem=1228MB] | train_loss=-0.0182 train_AP=0.9955 | val_loss=1.4890 val_AP=0.6107 | test_AP=0.6239 | novelty_loss=-0.6214 | diversity_loss=0.3144 | inter_proxy_cosine_mean=0.3144 std=0.2876
Epoch 762/1000 [76.5s mem=1225MB] | train_loss=-0.0189 train_AP=0.9962 | val_loss=1.4921 val_AP=0.6118 | test_AP=0.6245 | novelty_loss=-0.6138 | diversity_loss=0.3046 | inter_proxy_cosine_mean=0.3046 std=0.2898
Epoch 763/1000 [70.0s mem=1226MB] | train_loss=-0.0190 train_AP=0.9962 | val_loss=1.4704 val_AP=0.6129 | test_AP=0.6221 | novelty_loss=-0.6237 | diversity_loss=0.3158 | inter_proxy_cosine_mean=0.3158 std=0.2904
Epoch 764/1000 [76.3s mem=1228MB] | train_loss=-0.0195 train_AP=0.9965 | val_loss=1.5274 val_AP=0.6093 | test_AP=0.6235 | novelty_loss=-0.6153 | diversity_loss=0.3065 | inter_proxy_cosine_mean=0.3065 std=0.2900
Epoch 765/1000 [80.5s mem=1230MB] | train_loss=-0.0184 train_AP=0.9957 | val_loss=1.5102 val_AP=0.6108 | test_AP=0.6243 | novelty_loss=-0.6168 | diversity_loss=0.3083 | inter_proxy_cosine_mean=0.3083 std=0.2902
Epoch 766/1000 [81.4s mem=1227MB] | train_loss=-0.0194 train_AP=0.9957 | val_loss=1.5156 val_AP=0.6083 | test_AP=0.6216 | novelty_loss=-0.6168 | diversity_loss=0.3080 | inter_proxy_cosine_mean=0.3080 std=0.2913
Epoch 767/1000 [78.5s mem=1228MB] | train_loss=-0.0202 train_AP=0.9964 | val_loss=1.4928 val_AP=0.6127 | test_AP=0.6226 | novelty_loss=-0.6204 | diversity_loss=0.3117 | inter_proxy_cosine_mean=0.3117 std=0.2924
  -> New best metrics: gen_loss=-0.0202 val_loss=0.3393 val_AP=0.6379 (test=0.6226)
Epoch 768/1000 [72.0s mem=1225MB] | train_loss=-0.0195 train_AP=0.9963 | val_loss=1.4928 val_AP=0.6153 | test_AP=0.6234 | novelty_loss=-0.6151 | diversity_loss=0.3063 | inter_proxy_cosine_mean=0.3063 std=0.2903
Epoch 769/1000 [80.2s mem=1229MB] | train_loss=-0.0194 train_AP=0.9959 | val_loss=1.4871 val_AP=0.6134 | test_AP=0.6245 | novelty_loss=-0.6182 | diversity_loss=0.3104 | inter_proxy_cosine_mean=0.3104 std=0.2905
Epoch 770/1000 [81.8s mem=1227MB] | train_loss=-0.0197 train_AP=0.9965 | val_loss=1.5069 val_AP=0.6114 | test_AP=0.6253 | novelty_loss=-0.6170 | diversity_loss=0.3077 | inter_proxy_cosine_mean=0.3077 std=0.2917
Epoch 771/1000 [81.1s mem=1226MB] | train_loss=-0.0193 train_AP=0.9958 | val_loss=1.5057 val_AP=0.6103 | test_AP=0.6243 | novelty_loss=-0.6175 | diversity_loss=0.3094 | inter_proxy_cosine_mean=0.3094 std=0.2909
Epoch 772/1000 [74.7s mem=1228MB] | train_loss=-0.0188 train_AP=0.9963 | val_loss=1.4866 val_AP=0.6113 | test_AP=0.6263 | novelty_loss=-0.6213 | diversity_loss=0.3133 | inter_proxy_cosine_mean=0.3133 std=0.2936
Epoch 773/1000 [66.3s mem=1226MB] | train_loss=-0.0198 train_AP=0.9959 | val_loss=1.5005 val_AP=0.6126 | test_AP=0.6236 | novelty_loss=-0.6212 | diversity_loss=0.3126 | inter_proxy_cosine_mean=0.3126 std=0.2905
Epoch 774/1000 [78.5s mem=1228MB] | train_loss=-0.0190 train_AP=0.9964 | val_loss=1.4759 val_AP=0.6161 | test_AP=0.6231 | novelty_loss=-0.6109 | diversity_loss=0.3024 | inter_proxy_cosine_mean=0.3024 std=0.2883
Epoch 775/1000 [79.3s mem=1227MB] | train_loss=-0.0194 train_AP=0.9959 | val_loss=1.4967 val_AP=0.6108 | test_AP=0.6220 | novelty_loss=-0.6188 | diversity_loss=0.3094 | inter_proxy_cosine_mean=0.3094 std=0.2928
Epoch 776/1000 [78.3s mem=1229MB] | train_loss=-0.0197 train_AP=0.9965 | val_loss=1.4863 val_AP=0.6137 | test_AP=0.6248 | novelty_loss=-0.6248 | diversity_loss=0.3158 | inter_proxy_cosine_mean=0.3158 std=0.2943
Epoch 777/1000 [80.8s mem=1229MB] | train_loss=-0.0193 train_AP=0.9961 | val_loss=1.4525 val_AP=0.6112 | test_AP=0.6262 | novelty_loss=-0.6182 | diversity_loss=0.3100 | inter_proxy_cosine_mean=0.3100 std=0.2880
Epoch 778/1000 [70.2s mem=1226MB] | train_loss=-0.0195 train_AP=0.9962 | val_loss=1.4737 val_AP=0.6123 | test_AP=0.6246 | novelty_loss=-0.6202 | diversity_loss=0.3120 | inter_proxy_cosine_mean=0.3120 std=0.2901
Epoch 779/1000 [78.8s mem=1226MB] | train_loss=-0.0195 train_AP=0.9961 | val_loss=1.4858 val_AP=0.6140 | test_AP=0.6248 | novelty_loss=-0.6177 | diversity_loss=0.3095 | inter_proxy_cosine_mean=0.3095 std=0.2863
Epoch 780/1000 [81.2s mem=1227MB] | train_loss=-0.0194 train_AP=0.9963 | val_loss=1.5117 val_AP=0.6100 | test_AP=0.6237 | novelty_loss=-0.6146 | diversity_loss=0.3063 | inter_proxy_cosine_mean=0.3063 std=0.2865
Epoch 781/1000 [78.6s mem=1224MB] | train_loss=-0.0194 train_AP=0.9963 | val_loss=1.4920 val_AP=0.6082 | test_AP=0.6230 | novelty_loss=-0.6209 | diversity_loss=0.3124 | inter_proxy_cosine_mean=0.3124 std=0.2906
Epoch 782/1000 [76.3s mem=1225MB] | train_loss=-0.0188 train_AP=0.9957 | val_loss=1.5108 val_AP=0.6094 | test_AP=0.6250 | novelty_loss=-0.6197 | diversity_loss=0.3113 | inter_proxy_cosine_mean=0.3113 std=0.2905
Epoch 783/1000 [77.2s mem=1229MB] | train_loss=-0.0199 train_AP=0.9969 | val_loss=1.4855 val_AP=0.6123 | test_AP=0.6220 | novelty_loss=-0.6169 | diversity_loss=0.3085 | inter_proxy_cosine_mean=0.3085 std=0.2880
Epoch 784/1000 [79.8s mem=1227MB] | train_loss=-0.0195 train_AP=0.9959 | val_loss=1.5033 val_AP=0.6112 | test_AP=0.6228 | novelty_loss=-0.6222 | diversity_loss=0.3136 | inter_proxy_cosine_mean=0.3136 std=0.2925
Epoch 785/1000 [78.3s mem=1228MB] | train_loss=-0.0200 train_AP=0.9969 | val_loss=1.4959 val_AP=0.6098 | test_AP=0.6257 | novelty_loss=-0.6174 | diversity_loss=0.3089 | inter_proxy_cosine_mean=0.3089 std=0.2869
Epoch 786/1000 [78.4s mem=1226MB] | train_loss=-0.0194 train_AP=0.9959 | val_loss=1.4906 val_AP=0.6107 | test_AP=0.6230 | novelty_loss=-0.6220 | diversity_loss=0.3138 | inter_proxy_cosine_mean=0.3138 std=0.2873
Epoch 787/1000 [71.9s mem=1225MB] | train_loss=-0.0195 train_AP=0.9965 | val_loss=1.5287 val_AP=0.6079 | test_AP=0.6232 | novelty_loss=-0.6222 | diversity_loss=0.3136 | inter_proxy_cosine_mean=0.3136 std=0.2917
Epoch 788/1000 [77.8s mem=1226MB] | train_loss=-0.0195 train_AP=0.9963 | val_loss=1.4760 val_AP=0.6100 | test_AP=0.6248 | novelty_loss=-0.6188 | diversity_loss=0.3103 | inter_proxy_cosine_mean=0.3103 std=0.2919
Epoch 789/1000 [80.3s mem=1230MB] | train_loss=-0.0195 train_AP=0.9964 | val_loss=1.4812 val_AP=0.6137 | test_AP=0.6252 | novelty_loss=-0.6245 | diversity_loss=0.3156 | inter_proxy_cosine_mean=0.3156 std=0.2963
Epoch 790/1000 [79.3s mem=1228MB] | train_loss=-0.0194 train_AP=0.9963 | val_loss=1.5357 val_AP=0.6112 | test_AP=0.6230 | novelty_loss=-0.6226 | diversity_loss=0.3132 | inter_proxy_cosine_mean=0.3132 std=0.2932
Epoch 791/1000 [79.5s mem=1226MB] | train_loss=-0.0187 train_AP=0.9963 | val_loss=1.5202 val_AP=0.6112 | test_AP=0.6235 | novelty_loss=-0.6192 | diversity_loss=0.3111 | inter_proxy_cosine_mean=0.3111 std=0.2903
Epoch 792/1000 [70.6s mem=1227MB] | train_loss=-0.0200 train_AP=0.9968 | val_loss=1.5138 val_AP=0.6102 | test_AP=0.6243 | novelty_loss=-0.6209 | diversity_loss=0.3122 | inter_proxy_cosine_mean=0.3122 std=0.2938
Epoch 793/1000 [77.7s mem=1227MB] | train_loss=-0.0188 train_AP=0.9956 | val_loss=1.4902 val_AP=0.6136 | test_AP=0.6217 | novelty_loss=-0.6168 | diversity_loss=0.3084 | inter_proxy_cosine_mean=0.3084 std=0.2891
Epoch 794/1000 [76.4s mem=1229MB] | train_loss=-0.0197 train_AP=0.9963 | val_loss=1.4910 val_AP=0.6114 | test_AP=0.6233 | novelty_loss=-0.6200 | diversity_loss=0.3121 | inter_proxy_cosine_mean=0.3121 std=0.2905
Epoch 795/1000 [81.3s mem=1227MB] | train_loss=-0.0204 train_AP=0.9962 | val_loss=1.5326 val_AP=0.6106 | test_AP=0.6211 | novelty_loss=-0.6203 | diversity_loss=0.3116 | inter_proxy_cosine_mean=0.3116 std=0.2895
  -> New best metrics: gen_loss=-0.0204 val_loss=0.3393 val_AP=0.6379 (test=0.6211)
Epoch 796/1000 [82.8s mem=1226MB] | train_loss=-0.0195 train_AP=0.9961 | val_loss=1.4869 val_AP=0.6135 | test_AP=0.6246 | novelty_loss=-0.6217 | diversity_loss=0.3130 | inter_proxy_cosine_mean=0.3130 std=0.2912
Epoch 797/1000 [64.2s mem=1227MB] | train_loss=-0.0200 train_AP=0.9972 | val_loss=1.4948 val_AP=0.6143 | test_AP=0.6222 | novelty_loss=-0.6232 | diversity_loss=0.3145 | inter_proxy_cosine_mean=0.3145 std=0.2909
Epoch 798/1000 [79.0s mem=1226MB] | train_loss=-0.0198 train_AP=0.9964 | val_loss=1.5069 val_AP=0.6115 | test_AP=0.6244 | novelty_loss=-0.6221 | diversity_loss=0.3133 | inter_proxy_cosine_mean=0.3133 std=0.2899
Epoch 799/1000 [78.3s mem=1225MB] | train_loss=-0.0198 train_AP=0.9966 | val_loss=1.5280 val_AP=0.6111 | test_AP=0.6238 | novelty_loss=-0.6191 | diversity_loss=0.3105 | inter_proxy_cosine_mean=0.3105 std=0.2896
Epoch 800/1000 [78.6s mem=1225MB] | train_loss=-0.0199 train_AP=0.9968 | val_loss=1.4940 val_AP=0.6114 | test_AP=0.6249 | novelty_loss=-0.6219 | diversity_loss=0.3133 | inter_proxy_cosine_mean=0.3133 std=0.2925
Epoch 801/1000 [76.7s mem=1224MB] | train_loss=-0.0197 train_AP=0.9963 | val_loss=1.5138 val_AP=0.6110 | test_AP=0.6237 | novelty_loss=-0.6204 | diversity_loss=0.3106 | inter_proxy_cosine_mean=0.3106 std=0.2926
Epoch 802/1000 [66.4s mem=1227MB] | train_loss=-0.0204 train_AP=0.9965 | val_loss=1.5189 val_AP=0.6116 | test_AP=0.6244 | novelty_loss=-0.6236 | diversity_loss=0.3144 | inter_proxy_cosine_mean=0.3144 std=0.2933
  -> New best metrics: gen_loss=-0.0204 val_loss=0.3393 val_AP=0.6379 (test=0.6244)
Epoch 803/1000 [78.4s mem=1228MB] | train_loss=-0.0197 train_AP=0.9962 | val_loss=1.5046 val_AP=0.6131 | test_AP=0.6255 | novelty_loss=-0.6185 | diversity_loss=0.3092 | inter_proxy_cosine_mean=0.3092 std=0.2895
Epoch 804/1000 [79.9s mem=1227MB] | train_loss=-0.0189 train_AP=0.9961 | val_loss=1.5064 val_AP=0.6097 | test_AP=0.6228 | novelty_loss=-0.6205 | diversity_loss=0.3120 | inter_proxy_cosine_mean=0.3120 std=0.2896
Epoch 805/1000 [80.3s mem=1230MB] | train_loss=-0.0194 train_AP=0.9963 | val_loss=1.4919 val_AP=0.6153 | test_AP=0.6238 | novelty_loss=-0.6184 | diversity_loss=0.3095 | inter_proxy_cosine_mean=0.3095 std=0.2911
Epoch 806/1000 [77.7s mem=1228MB] | train_loss=-0.0191 train_AP=0.9958 | val_loss=1.5118 val_AP=0.6114 | test_AP=0.6228 | novelty_loss=-0.6145 | diversity_loss=0.3069 | inter_proxy_cosine_mean=0.3069 std=0.2830
Epoch 807/1000 [65.7s mem=1226MB] | train_loss=-0.0200 train_AP=0.9965 | val_loss=1.4775 val_AP=0.6127 | test_AP=0.6234 | novelty_loss=-0.6205 | diversity_loss=0.3113 | inter_proxy_cosine_mean=0.3113 std=0.2894
Epoch 808/1000 [79.4s mem=1228MB] | train_loss=-0.0198 train_AP=0.9961 | val_loss=1.5144 val_AP=0.6112 | test_AP=0.6248 | novelty_loss=-0.6214 | diversity_loss=0.3124 | inter_proxy_cosine_mean=0.3124 std=0.2917
Epoch 809/1000 [78.4s mem=1228MB] | train_loss=-0.0203 train_AP=0.9969 | val_loss=1.4757 val_AP=0.6138 | test_AP=0.6249 | novelty_loss=-0.6187 | diversity_loss=0.3095 | inter_proxy_cosine_mean=0.3095 std=0.2893
Epoch 810/1000 [77.5s mem=1226MB] | train_loss=-0.0199 train_AP=0.9961 | val_loss=1.5246 val_AP=0.6119 | test_AP=0.6242 | novelty_loss=-0.6186 | diversity_loss=0.3096 | inter_proxy_cosine_mean=0.3096 std=0.2896
Epoch 811/1000 [77.8s mem=1228MB] | train_loss=-0.0202 train_AP=0.9964 | val_loss=1.5111 val_AP=0.6104 | test_AP=0.6243 | novelty_loss=-0.6197 | diversity_loss=0.3106 | inter_proxy_cosine_mean=0.3106 std=0.2913
Epoch 812/1000 [66.5s mem=1228MB] | train_loss=-0.0201 train_AP=0.9965 | val_loss=1.4985 val_AP=0.6110 | test_AP=0.6236 | novelty_loss=-0.6178 | diversity_loss=0.3093 | inter_proxy_cosine_mean=0.3093 std=0.2892
Epoch 813/1000 [81.6s mem=1226MB] | train_loss=-0.0206 train_AP=0.9970 | val_loss=1.5291 val_AP=0.6096 | test_AP=0.6233 | novelty_loss=-0.6186 | diversity_loss=0.3096 | inter_proxy_cosine_mean=0.3096 std=0.2912
  -> New best metrics: gen_loss=-0.0206 val_loss=0.3393 val_AP=0.6379 (test=0.6233)
Epoch 814/1000 [77.9s mem=1228MB] | train_loss=-0.0197 train_AP=0.9965 | val_loss=1.4949 val_AP=0.6125 | test_AP=0.6263 | novelty_loss=-0.6179 | diversity_loss=0.3095 | inter_proxy_cosine_mean=0.3095 std=0.2872
Epoch 815/1000 [79.6s mem=1227MB] | train_loss=-0.0206 train_AP=0.9963 | val_loss=1.5370 val_AP=0.6087 | test_AP=0.6246 | novelty_loss=-0.6235 | diversity_loss=0.3137 | inter_proxy_cosine_mean=0.3137 std=0.2928
  -> New best metrics: gen_loss=-0.0206 val_loss=0.3393 val_AP=0.6379 (test=0.6246)
Epoch 816/1000 [80.0s mem=1226MB] | train_loss=-0.0203 train_AP=0.9966 | val_loss=1.5348 val_AP=0.6123 | test_AP=0.6251 | novelty_loss=-0.6200 | diversity_loss=0.3113 | inter_proxy_cosine_mean=0.3113 std=0.2910
Epoch 817/1000 [69.0s mem=1228MB] | train_loss=-0.0193 train_AP=0.9965 | val_loss=1.5257 val_AP=0.6090 | test_AP=0.6229 | novelty_loss=-0.6204 | diversity_loss=0.3113 | inter_proxy_cosine_mean=0.3113 std=0.2921
Epoch 818/1000 [78.3s mem=1228MB] | train_loss=-0.0207 train_AP=0.9966 | val_loss=1.5142 val_AP=0.6119 | test_AP=0.6260 | novelty_loss=-0.6204 | diversity_loss=0.3115 | inter_proxy_cosine_mean=0.3115 std=0.2914
  -> New best metrics: gen_loss=-0.0207 val_loss=0.3393 val_AP=0.6379 (test=0.6260)
Epoch 819/1000 [79.9s mem=1228MB] | train_loss=-0.0202 train_AP=0.9968 | val_loss=1.5036 val_AP=0.6123 | test_AP=0.6255 | novelty_loss=-0.6222 | diversity_loss=0.3131 | inter_proxy_cosine_mean=0.3131 std=0.2924
Epoch 820/1000 [79.9s mem=1230MB] | train_loss=-0.0206 train_AP=0.9968 | val_loss=1.5367 val_AP=0.6120 | test_AP=0.6243 | novelty_loss=-0.6154 | diversity_loss=0.3059 | inter_proxy_cosine_mean=0.3059 std=0.2887
Epoch 821/1000 [78.7s mem=1225MB] | train_loss=-0.0202 train_AP=0.9965 | val_loss=1.5203 val_AP=0.6125 | test_AP=0.6233 | novelty_loss=-0.6191 | diversity_loss=0.3101 | inter_proxy_cosine_mean=0.3101 std=0.2914
Epoch 822/1000 [58.8s mem=1227MB] | train_loss=-0.0199 train_AP=0.9967 | val_loss=1.5084 val_AP=0.6128 | test_AP=0.6236 | novelty_loss=-0.6240 | diversity_loss=0.3150 | inter_proxy_cosine_mean=0.3150 std=0.2928
Epoch 823/1000 [79.0s mem=1226MB] | train_loss=-0.0207 train_AP=0.9968 | val_loss=1.4989 val_AP=0.6131 | test_AP=0.6255 | novelty_loss=-0.6169 | diversity_loss=0.3073 | inter_proxy_cosine_mean=0.3073 std=0.2889
Epoch 824/1000 [79.3s mem=1229MB] | train_loss=-0.0204 train_AP=0.9969 | val_loss=1.5108 val_AP=0.6119 | test_AP=0.6256 | novelty_loss=-0.6197 | diversity_loss=0.3107 | inter_proxy_cosine_mean=0.3107 std=0.2914
Epoch 825/1000 [81.2s mem=1225MB] | train_loss=-0.0203 train_AP=0.9968 | val_loss=1.5353 val_AP=0.6101 | test_AP=0.6249 | novelty_loss=-0.6155 | diversity_loss=0.3072 | inter_proxy_cosine_mean=0.3072 std=0.2895
Epoch 826/1000 [79.4s mem=1226MB] | train_loss=-0.0210 train_AP=0.9973 | val_loss=1.5163 val_AP=0.6107 | test_AP=0.6261 | novelty_loss=-0.6188 | diversity_loss=0.3100 | inter_proxy_cosine_mean=0.3100 std=0.2888
  -> New best metrics: gen_loss=-0.0210 val_loss=0.3393 val_AP=0.6379 (test=0.6261)
Epoch 827/1000 [68.0s mem=1228MB] | train_loss=-0.0205 train_AP=0.9966 | val_loss=1.5307 val_AP=0.6140 | test_AP=0.6255 | novelty_loss=-0.6159 | diversity_loss=0.3065 | inter_proxy_cosine_mean=0.3065 std=0.2894
Epoch 828/1000 [79.8s mem=1226MB] | train_loss=-0.0200 train_AP=0.9962 | val_loss=1.5317 val_AP=0.6095 | test_AP=0.6238 | novelty_loss=-0.6190 | diversity_loss=0.3094 | inter_proxy_cosine_mean=0.3094 std=0.2919
Epoch 829/1000 [79.2s mem=1226MB] | train_loss=-0.0202 train_AP=0.9963 | val_loss=1.5359 val_AP=0.6117 | test_AP=0.6238 | novelty_loss=-0.6198 | diversity_loss=0.3113 | inter_proxy_cosine_mean=0.3113 std=0.2910
Epoch 830/1000 [79.9s mem=1228MB] | train_loss=-0.0205 train_AP=0.9967 | val_loss=1.5271 val_AP=0.6127 | test_AP=0.6234 | novelty_loss=-0.6183 | diversity_loss=0.3093 | inter_proxy_cosine_mean=0.3093 std=0.2912
Epoch 831/1000 [78.6s mem=1227MB] | train_loss=-0.0197 train_AP=0.9965 | val_loss=1.5317 val_AP=0.6124 | test_AP=0.6241 | novelty_loss=-0.6234 | diversity_loss=0.3152 | inter_proxy_cosine_mean=0.3152 std=0.2908
Epoch 832/1000 [64.2s mem=1230MB] | train_loss=-0.0197 train_AP=0.9962 | val_loss=1.5156 val_AP=0.6155 | test_AP=0.6229 | novelty_loss=-0.6220 | diversity_loss=0.3138 | inter_proxy_cosine_mean=0.3138 std=0.2917
Epoch 833/1000 [78.8s mem=1227MB] | train_loss=-0.0201 train_AP=0.9963 | val_loss=1.5282 val_AP=0.6125 | test_AP=0.6256 | novelty_loss=-0.6137 | diversity_loss=0.3052 | inter_proxy_cosine_mean=0.3052 std=0.2877
Epoch 834/1000 [79.7s mem=1226MB] | train_loss=-0.0205 train_AP=0.9968 | val_loss=1.5358 val_AP=0.6111 | test_AP=0.6249 | novelty_loss=-0.6139 | diversity_loss=0.3037 | inter_proxy_cosine_mean=0.3037 std=0.2896
Epoch 835/1000 [80.6s mem=1225MB] | train_loss=-0.0208 train_AP=0.9970 | val_loss=1.5453 val_AP=0.6117 | test_AP=0.6245 | novelty_loss=-0.6187 | diversity_loss=0.3095 | inter_proxy_cosine_mean=0.3095 std=0.2936
Epoch 836/1000 [81.0s mem=1229MB] | train_loss=-0.0198 train_AP=0.9965 | val_loss=1.5500 val_AP=0.6087 | test_AP=0.6236 | novelty_loss=-0.6161 | diversity_loss=0.3068 | inter_proxy_cosine_mean=0.3068 std=0.2911
Epoch 837/1000 [64.0s mem=1230MB] | train_loss=-0.0203 train_AP=0.9966 | val_loss=1.5330 val_AP=0.6084 | test_AP=0.6252 | novelty_loss=-0.6181 | diversity_loss=0.3092 | inter_proxy_cosine_mean=0.3092 std=0.2910
Epoch 838/1000 [78.4s mem=1225MB] | train_loss=-0.0208 train_AP=0.9971 | val_loss=1.5254 val_AP=0.6119 | test_AP=0.6269 | novelty_loss=-0.6168 | diversity_loss=0.3072 | inter_proxy_cosine_mean=0.3072 std=0.2911
Epoch 839/1000 [79.9s mem=1228MB] | train_loss=-0.0207 train_AP=0.9970 | val_loss=1.5434 val_AP=0.6103 | test_AP=0.6221 | novelty_loss=-0.6219 | diversity_loss=0.3135 | inter_proxy_cosine_mean=0.3135 std=0.2930
Epoch 840/1000 [80.0s mem=1229MB] | train_loss=-0.0204 train_AP=0.9964 | val_loss=1.5610 val_AP=0.6111 | test_AP=0.6230 | novelty_loss=-0.6201 | diversity_loss=0.3114 | inter_proxy_cosine_mean=0.3114 std=0.2930
Epoch 841/1000 [78.5s mem=1227MB] | train_loss=-0.0201 train_AP=0.9967 | val_loss=1.5265 val_AP=0.6100 | test_AP=0.6242 | novelty_loss=-0.6170 | diversity_loss=0.3085 | inter_proxy_cosine_mean=0.3085 std=0.2918
Epoch 842/1000 [65.6s mem=1226MB] | train_loss=-0.0206 train_AP=0.9969 | val_loss=1.5294 val_AP=0.6109 | test_AP=0.6249 | novelty_loss=-0.6242 | diversity_loss=0.3158 | inter_proxy_cosine_mean=0.3158 std=0.2923
Epoch 843/1000 [75.4s mem=1225MB] | train_loss=-0.0208 train_AP=0.9971 | val_loss=1.5395 val_AP=0.6106 | test_AP=0.6230 | novelty_loss=-0.6194 | diversity_loss=0.3096 | inter_proxy_cosine_mean=0.3096 std=0.2924
Epoch 844/1000 [78.1s mem=1228MB] | train_loss=-0.0202 train_AP=0.9962 | val_loss=1.5466 val_AP=0.6100 | test_AP=0.6255 | novelty_loss=-0.6251 | diversity_loss=0.3172 | inter_proxy_cosine_mean=0.3172 std=0.2913
Epoch 845/1000 [75.2s mem=1228MB] | train_loss=-0.0210 train_AP=0.9967 | val_loss=1.5274 val_AP=0.6107 | test_AP=0.6266 | novelty_loss=-0.6197 | diversity_loss=0.3092 | inter_proxy_cosine_mean=0.3092 std=0.2947
Epoch 846/1000 [78.1s mem=1228MB] | train_loss=-0.0203 train_AP=0.9957 | val_loss=1.5417 val_AP=0.6096 | test_AP=0.6234 | novelty_loss=-0.6180 | diversity_loss=0.3091 | inter_proxy_cosine_mean=0.3091 std=0.2913
Epoch 847/1000 [70.8s mem=1227MB] | train_loss=-0.0208 train_AP=0.9969 | val_loss=1.5274 val_AP=0.6124 | test_AP=0.6229 | novelty_loss=-0.6190 | diversity_loss=0.3097 | inter_proxy_cosine_mean=0.3097 std=0.2911
Epoch 848/1000 [81.0s mem=1227MB] | train_loss=-0.0206 train_AP=0.9970 | val_loss=1.5322 val_AP=0.6132 | test_AP=0.6218 | novelty_loss=-0.6139 | diversity_loss=0.3047 | inter_proxy_cosine_mean=0.3047 std=0.2902
Epoch 849/1000 [82.0s mem=1228MB] | train_loss=-0.0198 train_AP=0.9968 | val_loss=1.5479 val_AP=0.6117 | test_AP=0.6201 | novelty_loss=-0.6196 | diversity_loss=0.3114 | inter_proxy_cosine_mean=0.3114 std=0.2904
Epoch 850/1000 [80.9s mem=1225MB] | train_loss=-0.0205 train_AP=0.9964 | val_loss=1.5379 val_AP=0.6110 | test_AP=0.6226 | novelty_loss=-0.6146 | diversity_loss=0.3046 | inter_proxy_cosine_mean=0.3046 std=0.2907
Epoch 851/1000 [78.6s mem=1226MB] | train_loss=-0.0207 train_AP=0.9965 | val_loss=1.5422 val_AP=0.6133 | test_AP=0.6252 | novelty_loss=-0.6143 | diversity_loss=0.3052 | inter_proxy_cosine_mean=0.3052 std=0.2890
Epoch 852/1000 [74.4s mem=1227MB] | train_loss=-0.0216 train_AP=0.9971 | val_loss=1.5347 val_AP=0.6106 | test_AP=0.6224 | novelty_loss=-0.6166 | diversity_loss=0.3071 | inter_proxy_cosine_mean=0.3071 std=0.2915
  -> New best metrics: gen_loss=-0.0216 val_loss=0.3393 val_AP=0.6379 (test=0.6224)
Epoch 853/1000 [80.0s mem=1227MB] | train_loss=-0.0206 train_AP=0.9965 | val_loss=1.5234 val_AP=0.6112 | test_AP=0.6246 | novelty_loss=-0.6198 | diversity_loss=0.3106 | inter_proxy_cosine_mean=0.3106 std=0.2924
Epoch 854/1000 [78.9s mem=1228MB] | train_loss=-0.0205 train_AP=0.9969 | val_loss=1.5380 val_AP=0.6130 | test_AP=0.6244 | novelty_loss=-0.6131 | diversity_loss=0.3040 | inter_proxy_cosine_mean=0.3040 std=0.2896
Epoch 855/1000 [79.8s mem=1226MB] | train_loss=-0.0200 train_AP=0.9960 | val_loss=1.5442 val_AP=0.6097 | test_AP=0.6226 | novelty_loss=-0.6150 | diversity_loss=0.3060 | inter_proxy_cosine_mean=0.3060 std=0.2899
Epoch 856/1000 [72.4s mem=1227MB] | train_loss=-0.0210 train_AP=0.9966 | val_loss=1.5567 val_AP=0.6094 | test_AP=0.6254 | novelty_loss=-0.6225 | diversity_loss=0.3139 | inter_proxy_cosine_mean=0.3139 std=0.2935
Epoch 857/1000 [75.3s mem=1226MB] | train_loss=-0.0206 train_AP=0.9964 | val_loss=1.5447 val_AP=0.6112 | test_AP=0.6231 | novelty_loss=-0.6176 | diversity_loss=0.3076 | inter_proxy_cosine_mean=0.3076 std=0.2950
Epoch 858/1000 [77.0s mem=1226MB] | train_loss=-0.0202 train_AP=0.9972 | val_loss=1.5529 val_AP=0.6111 | test_AP=0.6228 | novelty_loss=-0.6201 | diversity_loss=0.3097 | inter_proxy_cosine_mean=0.3097 std=0.2958
Epoch 859/1000 [77.9s mem=1230MB] | train_loss=-0.0198 train_AP=0.9968 | val_loss=1.5380 val_AP=0.6113 | test_AP=0.6251 | novelty_loss=-0.6181 | diversity_loss=0.3090 | inter_proxy_cosine_mean=0.3090 std=0.2941
Epoch 860/1000 [79.0s mem=1227MB] | train_loss=-0.0207 train_AP=0.9966 | val_loss=1.5362 val_AP=0.6120 | test_AP=0.6221 | novelty_loss=-0.6165 | diversity_loss=0.3077 | inter_proxy_cosine_mean=0.3077 std=0.2941
Epoch 861/1000 [72.9s mem=1231MB] | train_loss=-0.0207 train_AP=0.9968 | val_loss=1.5432 val_AP=0.6102 | test_AP=0.6261 | novelty_loss=-0.6169 | diversity_loss=0.3076 | inter_proxy_cosine_mean=0.3076 std=0.2940
Epoch 862/1000 [80.4s mem=1228MB] | train_loss=-0.0211 train_AP=0.9967 | val_loss=1.5340 val_AP=0.6106 | test_AP=0.6223 | novelty_loss=-0.6139 | diversity_loss=0.3051 | inter_proxy_cosine_mean=0.3051 std=0.2923
Epoch 863/1000 [81.0s mem=1227MB] | train_loss=-0.0211 train_AP=0.9966 | val_loss=1.5805 val_AP=0.6089 | test_AP=0.6248 | novelty_loss=-0.6176 | diversity_loss=0.3081 | inter_proxy_cosine_mean=0.3081 std=0.2956
Epoch 864/1000 [79.4s mem=1227MB] | train_loss=-0.0210 train_AP=0.9971 | val_loss=1.5458 val_AP=0.6108 | test_AP=0.6241 | novelty_loss=-0.6186 | diversity_loss=0.3085 | inter_proxy_cosine_mean=0.3085 std=0.2973
Epoch 865/1000 [80.3s mem=1225MB] | train_loss=-0.0206 train_AP=0.9968 | val_loss=1.5538 val_AP=0.6116 | test_AP=0.6246 | novelty_loss=-0.6157 | diversity_loss=0.3060 | inter_proxy_cosine_mean=0.3060 std=0.2941
Epoch 866/1000 [67.7s mem=1228MB] | train_loss=-0.0205 train_AP=0.9969 | val_loss=1.5506 val_AP=0.6128 | test_AP=0.6254 | novelty_loss=-0.6178 | diversity_loss=0.3087 | inter_proxy_cosine_mean=0.3087 std=0.2936
Epoch 867/1000 [80.3s mem=1227MB] | train_loss=-0.0207 train_AP=0.9970 | val_loss=1.5330 val_AP=0.6104 | test_AP=0.6232 | novelty_loss=-0.6206 | diversity_loss=0.3111 | inter_proxy_cosine_mean=0.3111 std=0.2943
Epoch 868/1000 [78.8s mem=1224MB] | train_loss=-0.0208 train_AP=0.9970 | val_loss=1.5566 val_AP=0.6112 | test_AP=0.6213 | novelty_loss=-0.6169 | diversity_loss=0.3073 | inter_proxy_cosine_mean=0.3073 std=0.2923
Epoch 869/1000 [77.1s mem=1225MB] | train_loss=-0.0212 train_AP=0.9968 | val_loss=1.5728 val_AP=0.6099 | test_AP=0.6222 | novelty_loss=-0.6171 | diversity_loss=0.3077 | inter_proxy_cosine_mean=0.3077 std=0.2924
Epoch 870/1000 [79.3s mem=1226MB] | train_loss=-0.0197 train_AP=0.9964 | val_loss=1.5239 val_AP=0.6122 | test_AP=0.6246 | novelty_loss=-0.6207 | diversity_loss=0.3118 | inter_proxy_cosine_mean=0.3118 std=0.2927
Epoch 871/1000 [64.5s mem=1228MB] | train_loss=-0.0211 train_AP=0.9969 | val_loss=1.5383 val_AP=0.6094 | test_AP=0.6224 | novelty_loss=-0.6218 | diversity_loss=0.3125 | inter_proxy_cosine_mean=0.3125 std=0.2935
Epoch 872/1000 [70.4s mem=1226MB] | train_loss=-0.0209 train_AP=0.9969 | val_loss=1.5417 val_AP=0.6101 | test_AP=0.6229 | novelty_loss=-0.6223 | diversity_loss=0.3125 | inter_proxy_cosine_mean=0.3125 std=0.2952
Epoch 873/1000 [79.1s mem=1229MB] | train_loss=-0.0206 train_AP=0.9968 | val_loss=1.5566 val_AP=0.6104 | test_AP=0.6225 | novelty_loss=-0.6221 | diversity_loss=0.3123 | inter_proxy_cosine_mean=0.3123 std=0.2963
Epoch 874/1000 [77.0s mem=1229MB] | train_loss=-0.0208 train_AP=0.9972 | val_loss=1.5563 val_AP=0.6090 | test_AP=0.6240 | novelty_loss=-0.6187 | diversity_loss=0.3093 | inter_proxy_cosine_mean=0.3093 std=0.2948
Epoch 875/1000 [78.9s mem=1228MB] | train_loss=-0.0215 train_AP=0.9974 | val_loss=1.5542 val_AP=0.6101 | test_AP=0.6246 | novelty_loss=-0.6190 | diversity_loss=0.3094 | inter_proxy_cosine_mean=0.3094 std=0.2932
Epoch 876/1000 [77.0s mem=1225MB] | train_loss=-0.0209 train_AP=0.9967 | val_loss=1.5511 val_AP=0.6101 | test_AP=0.6231 | novelty_loss=-0.6228 | diversity_loss=0.3132 | inter_proxy_cosine_mean=0.3132 std=0.2955
Epoch 877/1000 [70.7s mem=1226MB] | train_loss=-0.0206 train_AP=0.9966 | val_loss=1.5416 val_AP=0.6087 | test_AP=0.6240 | novelty_loss=-0.6179 | diversity_loss=0.3095 | inter_proxy_cosine_mean=0.3095 std=0.2887
Epoch 878/1000 [79.2s mem=1226MB] | train_loss=-0.0210 train_AP=0.9973 | val_loss=1.5431 val_AP=0.6097 | test_AP=0.6241 | novelty_loss=-0.6226 | diversity_loss=0.3127 | inter_proxy_cosine_mean=0.3127 std=0.2945
Epoch 879/1000 [78.4s mem=1229MB] | train_loss=-0.0210 train_AP=0.9969 | val_loss=1.5432 val_AP=0.6096 | test_AP=0.6230 | novelty_loss=-0.6197 | diversity_loss=0.3105 | inter_proxy_cosine_mean=0.3105 std=0.2952
Epoch 880/1000 [79.4s mem=1225MB] | train_loss=-0.0210 train_AP=0.9971 | val_loss=1.5467 val_AP=0.6099 | test_AP=0.6231 | novelty_loss=-0.6195 | diversity_loss=0.3095 | inter_proxy_cosine_mean=0.3095 std=0.2946
Epoch 881/1000 [77.8s mem=1228MB] | train_loss=-0.0205 train_AP=0.9969 | val_loss=1.5602 val_AP=0.6121 | test_AP=0.6225 | novelty_loss=-0.6216 | diversity_loss=0.3124 | inter_proxy_cosine_mean=0.3124 std=0.2938
Epoch 882/1000 [75.1s mem=1229MB] | train_loss=-0.0212 train_AP=0.9974 | val_loss=1.5532 val_AP=0.6099 | test_AP=0.6224 | novelty_loss=-0.6156 | diversity_loss=0.3063 | inter_proxy_cosine_mean=0.3063 std=0.2906
Epoch 883/1000 [82.7s mem=1227MB] | train_loss=-0.0213 train_AP=0.9972 | val_loss=1.5606 val_AP=0.6105 | test_AP=0.6236 | novelty_loss=-0.6210 | diversity_loss=0.3122 | inter_proxy_cosine_mean=0.3122 std=0.2923
Epoch 884/1000 [83.0s mem=1230MB] | train_loss=-0.0209 train_AP=0.9967 | val_loss=1.5462 val_AP=0.6108 | test_AP=0.6229 | novelty_loss=-0.6173 | diversity_loss=0.3082 | inter_proxy_cosine_mean=0.3082 std=0.2918
Epoch 885/1000 [81.8s mem=1229MB] | train_loss=-0.0213 train_AP=0.9969 | val_loss=1.5725 val_AP=0.6096 | test_AP=0.6236 | novelty_loss=-0.6204 | diversity_loss=0.3115 | inter_proxy_cosine_mean=0.3115 std=0.2943
Epoch 886/1000 [65.2s mem=1226MB] | train_loss=-0.0209 train_AP=0.9969 | val_loss=1.5742 val_AP=0.6108 | test_AP=0.6243 | novelty_loss=-0.6180 | diversity_loss=0.3096 | inter_proxy_cosine_mean=0.3096 std=0.2919
Epoch 887/1000 [77.5s mem=1226MB] | train_loss=-0.0212 train_AP=0.9974 | val_loss=1.5543 val_AP=0.6092 | test_AP=0.6258 | novelty_loss=-0.6201 | diversity_loss=0.3119 | inter_proxy_cosine_mean=0.3119 std=0.2912
Epoch 888/1000 [81.1s mem=1227MB] | train_loss=-0.0205 train_AP=0.9967 | val_loss=1.5571 val_AP=0.6117 | test_AP=0.6247 | novelty_loss=-0.6211 | diversity_loss=0.3114 | inter_proxy_cosine_mean=0.3114 std=0.2926
Epoch 889/1000 [77.3s mem=1226MB] | train_loss=-0.0209 train_AP=0.9971 | val_loss=1.5644 val_AP=0.6097 | test_AP=0.6225 | novelty_loss=-0.6179 | diversity_loss=0.3087 | inter_proxy_cosine_mean=0.3087 std=0.2914
Epoch 890/1000 [78.0s mem=1228MB] | train_loss=-0.0208 train_AP=0.9964 | val_loss=1.5491 val_AP=0.6101 | test_AP=0.6249 | novelty_loss=-0.6153 | diversity_loss=0.3065 | inter_proxy_cosine_mean=0.3065 std=0.2909
Epoch 891/1000 [68.3s mem=1227MB] | train_loss=-0.0214 train_AP=0.9970 | val_loss=1.5574 val_AP=0.6089 | test_AP=0.6250 | novelty_loss=-0.6211 | diversity_loss=0.3112 | inter_proxy_cosine_mean=0.3112 std=0.2955
Epoch 892/1000 [78.5s mem=1229MB] | train_loss=-0.0208 train_AP=0.9971 | val_loss=1.5690 val_AP=0.6113 | test_AP=0.6236 | novelty_loss=-0.6217 | diversity_loss=0.3123 | inter_proxy_cosine_mean=0.3123 std=0.2941
Epoch 893/1000 [82.1s mem=1229MB] | train_loss=-0.0212 train_AP=0.9969 | val_loss=1.5637 val_AP=0.6094 | test_AP=0.6229 | novelty_loss=-0.6171 | diversity_loss=0.3077 | inter_proxy_cosine_mean=0.3077 std=0.2919
Epoch 894/1000 [81.7s mem=1227MB] | train_loss=-0.0210 train_AP=0.9962 | val_loss=1.5590 val_AP=0.6118 | test_AP=0.6244 | novelty_loss=-0.6174 | diversity_loss=0.3078 | inter_proxy_cosine_mean=0.3078 std=0.2915
Epoch 895/1000 [82.4s mem=1227MB] | train_loss=-0.0205 train_AP=0.9972 | val_loss=1.5562 val_AP=0.6122 | test_AP=0.6240 | novelty_loss=-0.6168 | diversity_loss=0.3079 | inter_proxy_cosine_mean=0.3079 std=0.2905
Epoch 896/1000 [67.3s mem=1224MB] | train_loss=-0.0207 train_AP=0.9970 | val_loss=1.5537 val_AP=0.6123 | test_AP=0.6238 | novelty_loss=-0.6190 | diversity_loss=0.3099 | inter_proxy_cosine_mean=0.3099 std=0.2916
Epoch 897/1000 [80.6s mem=1225MB] | train_loss=-0.0210 train_AP=0.9970 | val_loss=1.5535 val_AP=0.6093 | test_AP=0.6231 | novelty_loss=-0.6185 | diversity_loss=0.3091 | inter_proxy_cosine_mean=0.3091 std=0.2909
Epoch 898/1000 [81.9s mem=1229MB] | train_loss=-0.0213 train_AP=0.9971 | val_loss=1.5676 val_AP=0.6108 | test_AP=0.6244 | novelty_loss=-0.6173 | diversity_loss=0.3078 | inter_proxy_cosine_mean=0.3078 std=0.2907
Epoch 899/1000 [82.2s mem=1230MB] | train_loss=-0.0214 train_AP=0.9969 | val_loss=1.5665 val_AP=0.6096 | test_AP=0.6233 | novelty_loss=-0.6182 | diversity_loss=0.3087 | inter_proxy_cosine_mean=0.3087 std=0.2917
Epoch 900/1000 [77.0s mem=1226MB] | train_loss=-0.0211 train_AP=0.9967 | val_loss=1.5734 val_AP=0.6097 | test_AP=0.6244 | novelty_loss=-0.6172 | diversity_loss=0.3076 | inter_proxy_cosine_mean=0.3076 std=0.2944
Epoch 901/1000 [71.5s mem=1229MB] | train_loss=-0.0209 train_AP=0.9967 | val_loss=1.5661 val_AP=0.6112 | test_AP=0.6243 | novelty_loss=-0.6185 | diversity_loss=0.3090 | inter_proxy_cosine_mean=0.3090 std=0.2932
Epoch 902/1000 [79.6s mem=1227MB] | train_loss=-0.0217 train_AP=0.9973 | val_loss=1.5548 val_AP=0.6107 | test_AP=0.6245 | novelty_loss=-0.6197 | diversity_loss=0.3097 | inter_proxy_cosine_mean=0.3097 std=0.2955
  -> New best metrics: gen_loss=-0.0217 val_loss=0.3393 val_AP=0.6379 (test=0.6245)
Epoch 903/1000 [80.3s mem=1228MB] | train_loss=-0.0216 train_AP=0.9972 | val_loss=1.5735 val_AP=0.6117 | test_AP=0.6250 | novelty_loss=-0.6172 | diversity_loss=0.3077 | inter_proxy_cosine_mean=0.3077 std=0.2937
Epoch 904/1000 [77.6s mem=1225MB] | train_loss=-0.0213 train_AP=0.9972 | val_loss=1.5577 val_AP=0.6119 | test_AP=0.6245 | novelty_loss=-0.6193 | diversity_loss=0.3101 | inter_proxy_cosine_mean=0.3101 std=0.2926
Epoch 905/1000 [76.1s mem=1226MB] | train_loss=-0.0215 train_AP=0.9974 | val_loss=1.5586 val_AP=0.6088 | test_AP=0.6240 | novelty_loss=-0.6188 | diversity_loss=0.3097 | inter_proxy_cosine_mean=0.3097 std=0.2928
Epoch 906/1000 [71.0s mem=1230MB] | train_loss=-0.0211 train_AP=0.9966 | val_loss=1.5498 val_AP=0.6091 | test_AP=0.6238 | novelty_loss=-0.6216 | diversity_loss=0.3127 | inter_proxy_cosine_mean=0.3127 std=0.2927
Epoch 907/1000 [78.2s mem=1224MB] | train_loss=-0.0217 train_AP=0.9973 | val_loss=1.5571 val_AP=0.6105 | test_AP=0.6251 | novelty_loss=-0.6191 | diversity_loss=0.3093 | inter_proxy_cosine_mean=0.3093 std=0.2930
Epoch 908/1000 [75.9s mem=1229MB] | train_loss=-0.0213 train_AP=0.9971 | val_loss=1.5550 val_AP=0.6119 | test_AP=0.6255 | novelty_loss=-0.6203 | diversity_loss=0.3102 | inter_proxy_cosine_mean=0.3102 std=0.2946
Epoch 909/1000 [80.4s mem=1227MB] | train_loss=-0.0210 train_AP=0.9968 | val_loss=1.5620 val_AP=0.6089 | test_AP=0.6260 | novelty_loss=-0.6226 | diversity_loss=0.3128 | inter_proxy_cosine_mean=0.3128 std=0.2968
Epoch 910/1000 [79.5s mem=1226MB] | train_loss=-0.0217 train_AP=0.9970 | val_loss=1.5457 val_AP=0.6108 | test_AP=0.6267 | novelty_loss=-0.6213 | diversity_loss=0.3119 | inter_proxy_cosine_mean=0.3119 std=0.2950
Epoch 911/1000 [77.0s mem=1229MB] | train_loss=-0.0205 train_AP=0.9969 | val_loss=1.5638 val_AP=0.6118 | test_AP=0.6238 | novelty_loss=-0.6172 | diversity_loss=0.3082 | inter_proxy_cosine_mean=0.3082 std=0.2927
Epoch 912/1000 [83.4s mem=1226MB] | train_loss=-0.0213 train_AP=0.9970 | val_loss=1.5618 val_AP=0.6113 | test_AP=0.6237 | novelty_loss=-0.6174 | diversity_loss=0.3079 | inter_proxy_cosine_mean=0.3079 std=0.2928
Epoch 913/1000 [80.2s mem=1228MB] | train_loss=-0.0207 train_AP=0.9967 | val_loss=1.5604 val_AP=0.6114 | test_AP=0.6239 | novelty_loss=-0.6213 | diversity_loss=0.3128 | inter_proxy_cosine_mean=0.3128 std=0.2939
Epoch 914/1000 [79.1s mem=1229MB] | train_loss=-0.0212 train_AP=0.9967 | val_loss=1.5670 val_AP=0.6114 | test_AP=0.6242 | novelty_loss=-0.6192 | diversity_loss=0.3099 | inter_proxy_cosine_mean=0.3099 std=0.2924
Epoch 915/1000 [72.7s mem=1230MB] | train_loss=-0.0211 train_AP=0.9970 | val_loss=1.5732 val_AP=0.6112 | test_AP=0.6222 | novelty_loss=-0.6239 | diversity_loss=0.3151 | inter_proxy_cosine_mean=0.3151 std=0.2952
Epoch 916/1000 [81.1s mem=1225MB] | train_loss=-0.0208 train_AP=0.9973 | val_loss=1.5624 val_AP=0.6110 | test_AP=0.6235 | novelty_loss=-0.6169 | diversity_loss=0.3067 | inter_proxy_cosine_mean=0.3067 std=0.2934
Epoch 917/1000 [81.9s mem=1230MB] | train_loss=-0.0208 train_AP=0.9966 | val_loss=1.5597 val_AP=0.6096 | test_AP=0.6244 | novelty_loss=-0.6176 | diversity_loss=0.3079 | inter_proxy_cosine_mean=0.3079 std=0.2929
Epoch 918/1000 [81.5s mem=1228MB] | train_loss=-0.0207 train_AP=0.9969 | val_loss=1.5598 val_AP=0.6116 | test_AP=0.6242 | novelty_loss=-0.6189 | diversity_loss=0.3096 | inter_proxy_cosine_mean=0.3096 std=0.2920
Epoch 919/1000 [80.1s mem=1228MB] | train_loss=-0.0209 train_AP=0.9970 | val_loss=1.5631 val_AP=0.6085 | test_AP=0.6226 | novelty_loss=-0.6193 | diversity_loss=0.3094 | inter_proxy_cosine_mean=0.3094 std=0.2941
Epoch 920/1000 [66.6s mem=1224MB] | train_loss=-0.0216 train_AP=0.9969 | val_loss=1.5614 val_AP=0.6101 | test_AP=0.6229 | novelty_loss=-0.6200 | diversity_loss=0.3106 | inter_proxy_cosine_mean=0.3106 std=0.2942
Epoch 921/1000 [76.4s mem=1228MB] | train_loss=-0.0221 train_AP=0.9973 | val_loss=1.5631 val_AP=0.6106 | test_AP=0.6232 | novelty_loss=-0.6249 | diversity_loss=0.3146 | inter_proxy_cosine_mean=0.3146 std=0.2972
  -> New best metrics: gen_loss=-0.0221 val_loss=0.3393 val_AP=0.6379 (test=0.6232)
Epoch 922/1000 [80.8s mem=1228MB] | train_loss=-0.0206 train_AP=0.9964 | val_loss=1.5615 val_AP=0.6124 | test_AP=0.6239 | novelty_loss=-0.6233 | diversity_loss=0.3138 | inter_proxy_cosine_mean=0.3138 std=0.2969
Epoch 923/1000 [82.1s mem=1227MB] | train_loss=-0.0216 train_AP=0.9972 | val_loss=1.5657 val_AP=0.6112 | test_AP=0.6233 | novelty_loss=-0.6190 | diversity_loss=0.3091 | inter_proxy_cosine_mean=0.3091 std=0.2938
Epoch 924/1000 [80.5s mem=1227MB] | train_loss=-0.0216 train_AP=0.9974 | val_loss=1.5705 val_AP=0.6116 | test_AP=0.6245 | novelty_loss=-0.6176 | diversity_loss=0.3082 | inter_proxy_cosine_mean=0.3082 std=0.2950
Epoch 925/1000 [74.3s mem=1227MB] | train_loss=-0.0216 train_AP=0.9972 | val_loss=1.5585 val_AP=0.6111 | test_AP=0.6243 | novelty_loss=-0.6209 | diversity_loss=0.3106 | inter_proxy_cosine_mean=0.3106 std=0.2950
Epoch 926/1000 [81.0s mem=1227MB] | train_loss=-0.0215 train_AP=0.9971 | val_loss=1.5673 val_AP=0.6117 | test_AP=0.6234 | novelty_loss=-0.6147 | diversity_loss=0.3052 | inter_proxy_cosine_mean=0.3052 std=0.2913
Epoch 927/1000 [81.4s mem=1228MB] | train_loss=-0.0214 train_AP=0.9970 | val_loss=1.5693 val_AP=0.6108 | test_AP=0.6232 | novelty_loss=-0.6205 | diversity_loss=0.3107 | inter_proxy_cosine_mean=0.3107 std=0.2960
Epoch 928/1000 [81.6s mem=1229MB] | train_loss=-0.0210 train_AP=0.9969 | val_loss=1.5641 val_AP=0.6117 | test_AP=0.6242 | novelty_loss=-0.6230 | diversity_loss=0.3142 | inter_proxy_cosine_mean=0.3142 std=0.2939
Epoch 929/1000 [80.1s mem=1228MB] | train_loss=-0.0213 train_AP=0.9974 | val_loss=1.5708 val_AP=0.6102 | test_AP=0.6229 | novelty_loss=-0.6202 | diversity_loss=0.3109 | inter_proxy_cosine_mean=0.3109 std=0.2943
Epoch 930/1000 [67.3s mem=1229MB] | train_loss=-0.0205 train_AP=0.9965 | val_loss=1.5839 val_AP=0.6103 | test_AP=0.6237 | novelty_loss=-0.6214 | diversity_loss=0.3126 | inter_proxy_cosine_mean=0.3126 std=0.2940
Epoch 931/1000 [80.4s mem=1227MB] | train_loss=-0.0207 train_AP=0.9970 | val_loss=1.5757 val_AP=0.6094 | test_AP=0.6245 | novelty_loss=-0.6182 | diversity_loss=0.3092 | inter_proxy_cosine_mean=0.3092 std=0.2942
Epoch 932/1000 [81.0s mem=1227MB] | train_loss=-0.0208 train_AP=0.9967 | val_loss=1.5663 val_AP=0.6102 | test_AP=0.6234 | novelty_loss=-0.6210 | diversity_loss=0.3114 | inter_proxy_cosine_mean=0.3114 std=0.2955
Epoch 933/1000 [82.7s mem=1227MB] | train_loss=-0.0216 train_AP=0.9972 | val_loss=1.5673 val_AP=0.6109 | test_AP=0.6224 | novelty_loss=-0.6167 | diversity_loss=0.3068 | inter_proxy_cosine_mean=0.3068 std=0.2935
Epoch 934/1000 [80.2s mem=1223MB] | train_loss=-0.0212 train_AP=0.9967 | val_loss=1.5651 val_AP=0.6106 | test_AP=0.6227 | novelty_loss=-0.6183 | diversity_loss=0.3098 | inter_proxy_cosine_mean=0.3098 std=0.2914
Epoch 935/1000 [67.6s mem=1227MB] | train_loss=-0.0213 train_AP=0.9970 | val_loss=1.5636 val_AP=0.6114 | test_AP=0.6227 | novelty_loss=-0.6183 | diversity_loss=0.3083 | inter_proxy_cosine_mean=0.3083 std=0.2913
Epoch 936/1000 [80.3s mem=1228MB] | train_loss=-0.0209 train_AP=0.9968 | val_loss=1.5722 val_AP=0.6116 | test_AP=0.6230 | novelty_loss=-0.6215 | diversity_loss=0.3119 | inter_proxy_cosine_mean=0.3119 std=0.2941
Epoch 937/1000 [79.9s mem=1227MB] | train_loss=-0.0209 train_AP=0.9967 | val_loss=1.5679 val_AP=0.6116 | test_AP=0.6241 | novelty_loss=-0.6184 | diversity_loss=0.3093 | inter_proxy_cosine_mean=0.3093 std=0.2923
Epoch 938/1000 [81.0s mem=1228MB] | train_loss=-0.0213 train_AP=0.9970 | val_loss=1.5635 val_AP=0.6116 | test_AP=0.6238 | novelty_loss=-0.6183 | diversity_loss=0.3080 | inter_proxy_cosine_mean=0.3080 std=0.2932
Epoch 939/1000 [75.8s mem=1227MB] | train_loss=-0.0216 train_AP=0.9975 | val_loss=1.5751 val_AP=0.6107 | test_AP=0.6223 | novelty_loss=-0.6205 | diversity_loss=0.3109 | inter_proxy_cosine_mean=0.3109 std=0.2942
Epoch 940/1000 [71.4s mem=1227MB] | train_loss=-0.0214 train_AP=0.9965 | val_loss=1.5628 val_AP=0.6109 | test_AP=0.6235 | novelty_loss=-0.6166 | diversity_loss=0.3065 | inter_proxy_cosine_mean=0.3065 std=0.2933
Epoch 941/1000 [86.7s mem=1227MB] | train_loss=-0.0217 train_AP=0.9973 | val_loss=1.5655 val_AP=0.6108 | test_AP=0.6236 | novelty_loss=-0.6154 | diversity_loss=0.3063 | inter_proxy_cosine_mean=0.3063 std=0.2923
Epoch 942/1000 [85.7s mem=1230MB] | train_loss=-0.0219 train_AP=0.9973 | val_loss=1.5701 val_AP=0.6098 | test_AP=0.6231 | novelty_loss=-0.6170 | diversity_loss=0.3074 | inter_proxy_cosine_mean=0.3074 std=0.2920
Epoch 943/1000 [86.4s mem=1224MB] | train_loss=-0.0212 train_AP=0.9968 | val_loss=1.5693 val_AP=0.6112 | test_AP=0.6232 | novelty_loss=-0.6193 | diversity_loss=0.3090 | inter_proxy_cosine_mean=0.3090 std=0.2945
Epoch 944/1000 [79.9s mem=1224MB] | train_loss=-0.0214 train_AP=0.9970 | val_loss=1.5663 val_AP=0.6103 | test_AP=0.6259 | novelty_loss=-0.6201 | diversity_loss=0.3104 | inter_proxy_cosine_mean=0.3104 std=0.2946
Epoch 945/1000 [85.2s mem=1228MB] | train_loss=-0.0225 train_AP=0.9971 | val_loss=1.5695 val_AP=0.6091 | test_AP=0.6265 | novelty_loss=-0.6173 | diversity_loss=0.3071 | inter_proxy_cosine_mean=0.3071 std=0.2949
  -> New best metrics: gen_loss=-0.0225 val_loss=0.3393 val_AP=0.6379 (test=0.6265)
Epoch 946/1000 [87.9s mem=1228MB] | train_loss=-0.0218 train_AP=0.9975 | val_loss=1.5714 val_AP=0.6122 | test_AP=0.6243 | novelty_loss=-0.6185 | diversity_loss=0.3092 | inter_proxy_cosine_mean=0.3092 std=0.2936
Epoch 947/1000 [87.9s mem=1227MB] | train_loss=-0.0211 train_AP=0.9968 | val_loss=1.5629 val_AP=0.6114 | test_AP=0.6238 | novelty_loss=-0.6191 | diversity_loss=0.3099 | inter_proxy_cosine_mean=0.3099 std=0.2930
Epoch 948/1000 [85.0s mem=1227MB] | train_loss=-0.0208 train_AP=0.9967 | val_loss=1.5642 val_AP=0.6110 | test_AP=0.6230 | novelty_loss=-0.6209 | diversity_loss=0.3112 | inter_proxy_cosine_mean=0.3112 std=0.2935
Epoch 949/1000 [77.2s mem=1228MB] | train_loss=-0.0211 train_AP=0.9969 | val_loss=1.5703 val_AP=0.6112 | test_AP=0.6240 | novelty_loss=-0.6185 | diversity_loss=0.3086 | inter_proxy_cosine_mean=0.3086 std=0.2934
Epoch 950/1000 [87.4s mem=1229MB] | train_loss=-0.0214 train_AP=0.9970 | val_loss=1.5731 val_AP=0.6126 | test_AP=0.6242 | novelty_loss=-0.6195 | diversity_loss=0.3093 | inter_proxy_cosine_mean=0.3093 std=0.2947
Epoch 951/1000 [87.2s mem=1226MB] | train_loss=-0.0218 train_AP=0.9971 | val_loss=1.5662 val_AP=0.6115 | test_AP=0.6231 | novelty_loss=-0.6219 | diversity_loss=0.3118 | inter_proxy_cosine_mean=0.3118 std=0.2952
Epoch 952/1000 [87.5s mem=1228MB] | train_loss=-0.0219 train_AP=0.9969 | val_loss=1.5632 val_AP=0.6113 | test_AP=0.6245 | novelty_loss=-0.6181 | diversity_loss=0.3085 | inter_proxy_cosine_mean=0.3085 std=0.2937
Epoch 953/1000 [76.1s mem=1227MB] | train_loss=-0.0214 train_AP=0.9972 | val_loss=1.5683 val_AP=0.6121 | test_AP=0.6251 | novelty_loss=-0.6177 | diversity_loss=0.3091 | inter_proxy_cosine_mean=0.3091 std=0.2917
Epoch 954/1000 [88.9s mem=1229MB] | train_loss=-0.0214 train_AP=0.9973 | val_loss=1.5673 val_AP=0.6103 | test_AP=0.6257 | novelty_loss=-0.6179 | diversity_loss=0.3079 | inter_proxy_cosine_mean=0.3079 std=0.2938
Epoch 955/1000 [87.1s mem=1227MB] | train_loss=-0.0212 train_AP=0.9968 | val_loss=1.5630 val_AP=0.6114 | test_AP=0.6242 | novelty_loss=-0.6167 | diversity_loss=0.3080 | inter_proxy_cosine_mean=0.3080 std=0.2903
Epoch 956/1000 [86.3s mem=1229MB] | train_loss=-0.0211 train_AP=0.9971 | val_loss=1.5845 val_AP=0.6111 | test_AP=0.6230 | novelty_loss=-0.6176 | diversity_loss=0.3085 | inter_proxy_cosine_mean=0.3085 std=0.2907
Epoch 957/1000 [83.5s mem=1227MB] | train_loss=-0.0210 train_AP=0.9973 | val_loss=1.5720 val_AP=0.6105 | test_AP=0.6232 | novelty_loss=-0.6222 | diversity_loss=0.3124 | inter_proxy_cosine_mean=0.3124 std=0.2954
Epoch 958/1000 [78.7s mem=1230MB] | train_loss=-0.0215 train_AP=0.9970 | val_loss=1.5693 val_AP=0.6115 | test_AP=0.6233 | novelty_loss=-0.6197 | diversity_loss=0.3100 | inter_proxy_cosine_mean=0.3100 std=0.2927
Epoch 959/1000 [88.2s mem=1228MB] | train_loss=-0.0219 train_AP=0.9975 | val_loss=1.5752 val_AP=0.6100 | test_AP=0.6244 | novelty_loss=-0.6195 | diversity_loss=0.3100 | inter_proxy_cosine_mean=0.3100 std=0.2923
Epoch 960/1000 [85.6s mem=1226MB] | train_loss=-0.0211 train_AP=0.9967 | val_loss=1.5705 val_AP=0.6110 | test_AP=0.6241 | novelty_loss=-0.6199 | diversity_loss=0.3117 | inter_proxy_cosine_mean=0.3117 std=0.2922
Epoch 961/1000 [86.1s mem=1228MB] | train_loss=-0.0212 train_AP=0.9975 | val_loss=1.5799 val_AP=0.6093 | test_AP=0.6240 | novelty_loss=-0.6191 | diversity_loss=0.3099 | inter_proxy_cosine_mean=0.3099 std=0.2915
Epoch 962/1000 [73.4s mem=1229MB] | train_loss=-0.0219 train_AP=0.9971 | val_loss=1.5691 val_AP=0.6106 | test_AP=0.6240 | novelty_loss=-0.6197 | diversity_loss=0.3091 | inter_proxy_cosine_mean=0.3091 std=0.2946
Epoch 963/1000 [85.3s mem=1228MB] | train_loss=-0.0215 train_AP=0.9975 | val_loss=1.5775 val_AP=0.6087 | test_AP=0.6227 | novelty_loss=-0.6173 | diversity_loss=0.3079 | inter_proxy_cosine_mean=0.3079 std=0.2924
Epoch 964/1000 [85.3s mem=1228MB] | train_loss=-0.0210 train_AP=0.9973 | val_loss=1.5790 val_AP=0.6120 | test_AP=0.6241 | novelty_loss=-0.6166 | diversity_loss=0.3072 | inter_proxy_cosine_mean=0.3072 std=0.2919
Epoch 965/1000 [89.5s mem=1228MB] | train_loss=-0.0221 train_AP=0.9974 | val_loss=1.5768 val_AP=0.6102 | test_AP=0.6240 | novelty_loss=-0.6193 | diversity_loss=0.3098 | inter_proxy_cosine_mean=0.3098 std=0.2934
Epoch 966/1000 [84.1s mem=1226MB] | train_loss=-0.0211 train_AP=0.9972 | val_loss=1.5696 val_AP=0.6119 | test_AP=0.6235 | novelty_loss=-0.6218 | diversity_loss=0.3126 | inter_proxy_cosine_mean=0.3126 std=0.2953
Epoch 967/1000 [73.2s mem=1227MB] | train_loss=-0.0215 train_AP=0.9968 | val_loss=1.5738 val_AP=0.6095 | test_AP=0.6226 | novelty_loss=-0.6210 | diversity_loss=0.3115 | inter_proxy_cosine_mean=0.3115 std=0.2949
Epoch 968/1000 [89.3s mem=1228MB] | train_loss=-0.0204 train_AP=0.9970 | val_loss=1.5754 val_AP=0.6107 | test_AP=0.6239 | novelty_loss=-0.6234 | diversity_loss=0.3132 | inter_proxy_cosine_mean=0.3132 std=0.2967
Epoch 969/1000 [89.1s mem=1230MB] | train_loss=-0.0212 train_AP=0.9974 | val_loss=1.5710 val_AP=0.6094 | test_AP=0.6234 | novelty_loss=-0.6205 | diversity_loss=0.3111 | inter_proxy_cosine_mean=0.3111 std=0.2953
Epoch 970/1000 [89.6s mem=1224MB] | train_loss=-0.0216 train_AP=0.9970 | val_loss=1.5746 val_AP=0.6102 | test_AP=0.6233 | novelty_loss=-0.6221 | diversity_loss=0.3134 | inter_proxy_cosine_mean=0.3134 std=0.2934
Epoch 971/1000 [79.7s mem=1226MB] | train_loss=-0.0214 train_AP=0.9970 | val_loss=1.5737 val_AP=0.6097 | test_AP=0.6240 | novelty_loss=-0.6199 | diversity_loss=0.3104 | inter_proxy_cosine_mean=0.3104 std=0.2943
Epoch 972/1000 [87.0s mem=1229MB] | train_loss=-0.0217 train_AP=0.9972 | val_loss=1.5725 val_AP=0.6108 | test_AP=0.6252 | novelty_loss=-0.6191 | diversity_loss=0.3094 | inter_proxy_cosine_mean=0.3094 std=0.2945
Epoch 973/1000 [87.2s mem=1228MB] | train_loss=-0.0216 train_AP=0.9971 | val_loss=1.5833 val_AP=0.6100 | test_AP=0.6233 | novelty_loss=-0.6215 | diversity_loss=0.3113 | inter_proxy_cosine_mean=0.3113 std=0.2948
Epoch 974/1000 [86.2s mem=1227MB] | train_loss=-0.0221 train_AP=0.9974 | val_loss=1.5794 val_AP=0.6113 | test_AP=0.6227 | novelty_loss=-0.6164 | diversity_loss=0.3067 | inter_proxy_cosine_mean=0.3067 std=0.2935
Epoch 975/1000 [83.8s mem=1227MB] | train_loss=-0.0203 train_AP=0.9962 | val_loss=1.5745 val_AP=0.6105 | test_AP=0.6233 | novelty_loss=-0.6184 | diversity_loss=0.3090 | inter_proxy_cosine_mean=0.3090 std=0.2925
Epoch 976/1000 [73.3s mem=1229MB] | train_loss=-0.0215 train_AP=0.9974 | val_loss=1.5790 val_AP=0.6097 | test_AP=0.6249 | novelty_loss=-0.6186 | diversity_loss=0.3088 | inter_proxy_cosine_mean=0.3088 std=0.2933
Epoch 977/1000 [88.0s mem=1227MB] | train_loss=-0.0223 train_AP=0.9975 | val_loss=1.5776 val_AP=0.6095 | test_AP=0.6230 | novelty_loss=-0.6216 | diversity_loss=0.3116 | inter_proxy_cosine_mean=0.3116 std=0.2954
Epoch 978/1000 [88.0s mem=1228MB] | train_loss=-0.0215 train_AP=0.9973 | val_loss=1.5697 val_AP=0.6124 | test_AP=0.6239 | novelty_loss=-0.6195 | diversity_loss=0.3111 | inter_proxy_cosine_mean=0.3111 std=0.2941
Epoch 979/1000 [86.1s mem=1225MB] | train_loss=-0.0210 train_AP=0.9973 | val_loss=1.5729 val_AP=0.6101 | test_AP=0.6237 | novelty_loss=-0.6199 | diversity_loss=0.3113 | inter_proxy_cosine_mean=0.3113 std=0.2932
Epoch 980/1000 [80.8s mem=1228MB] | train_loss=-0.0215 train_AP=0.9973 | val_loss=1.5717 val_AP=0.6104 | test_AP=0.6248 | novelty_loss=-0.6209 | diversity_loss=0.3117 | inter_proxy_cosine_mean=0.3117 std=0.2942
Epoch 981/1000 [86.5s mem=1227MB] | train_loss=-0.0215 train_AP=0.9972 | val_loss=1.5702 val_AP=0.6103 | test_AP=0.6232 | novelty_loss=-0.6195 | diversity_loss=0.3097 | inter_proxy_cosine_mean=0.3097 std=0.2944
Epoch 982/1000 [85.4s mem=1227MB] | train_loss=-0.0215 train_AP=0.9966 | val_loss=1.5795 val_AP=0.6110 | test_AP=0.6235 | novelty_loss=-0.6190 | diversity_loss=0.3102 | inter_proxy_cosine_mean=0.3102 std=0.2936
Epoch 983/1000 [85.6s mem=1227MB] | train_loss=-0.0220 train_AP=0.9973 | val_loss=1.5803 val_AP=0.6095 | test_AP=0.6250 | novelty_loss=-0.6208 | diversity_loss=0.3106 | inter_proxy_cosine_mean=0.3106 std=0.2946
Epoch 984/1000 [84.1s mem=1227MB] | train_loss=-0.0219 train_AP=0.9971 | val_loss=1.5754 val_AP=0.6101 | test_AP=0.6236 | novelty_loss=-0.6201 | diversity_loss=0.3101 | inter_proxy_cosine_mean=0.3101 std=0.2946
Epoch 985/1000 [77.1s mem=1227MB] | train_loss=-0.0210 train_AP=0.9973 | val_loss=1.5700 val_AP=0.6108 | test_AP=0.6237 | novelty_loss=-0.6185 | diversity_loss=0.3096 | inter_proxy_cosine_mean=0.3096 std=0.2930
Epoch 986/1000 [83.4s mem=1230MB] | train_loss=-0.0214 train_AP=0.9972 | val_loss=1.5788 val_AP=0.6096 | test_AP=0.6242 | novelty_loss=-0.6200 | diversity_loss=0.3107 | inter_proxy_cosine_mean=0.3107 std=0.2944
Epoch 987/1000 [85.9s mem=1227MB] | train_loss=-0.0210 train_AP=0.9968 | val_loss=1.5720 val_AP=0.6113 | test_AP=0.6245 | novelty_loss=-0.6216 | diversity_loss=0.3126 | inter_proxy_cosine_mean=0.3126 std=0.2945
Epoch 988/1000 [87.7s mem=1229MB] | train_loss=-0.0213 train_AP=0.9973 | val_loss=1.5763 val_AP=0.6111 | test_AP=0.6237 | novelty_loss=-0.6205 | diversity_loss=0.3111 | inter_proxy_cosine_mean=0.3111 std=0.2949
Epoch 989/1000 [78.3s mem=1226MB] | train_loss=-0.0221 train_AP=0.9974 | val_loss=1.5864 val_AP=0.6105 | test_AP=0.6229 | novelty_loss=-0.6207 | diversity_loss=0.3114 | inter_proxy_cosine_mean=0.3114 std=0.2946
Epoch 990/1000 [86.1s mem=1228MB] | train_loss=-0.0212 train_AP=0.9966 | val_loss=1.5729 val_AP=0.6118 | test_AP=0.6225 | novelty_loss=-0.6182 | diversity_loss=0.3093 | inter_proxy_cosine_mean=0.3093 std=0.2926
Epoch 991/1000 [86.6s mem=1228MB] | train_loss=-0.0216 train_AP=0.9971 | val_loss=1.5749 val_AP=0.6099 | test_AP=0.6245 | novelty_loss=-0.6186 | diversity_loss=0.3086 | inter_proxy_cosine_mean=0.3086 std=0.2926
Epoch 992/1000 [87.0s mem=1228MB] | train_loss=-0.0216 train_AP=0.9973 | val_loss=1.5674 val_AP=0.6103 | test_AP=0.6247 | novelty_loss=-0.6161 | diversity_loss=0.3063 | inter_proxy_cosine_mean=0.3063 std=0.2916
Epoch 993/1000 [84.3s mem=1227MB] | train_loss=-0.0207 train_AP=0.9969 | val_loss=1.5692 val_AP=0.6100 | test_AP=0.6234 | novelty_loss=-0.6172 | diversity_loss=0.3075 | inter_proxy_cosine_mean=0.3075 std=0.2928
Epoch 994/1000 [76.6s mem=1227MB] | train_loss=-0.0220 train_AP=0.9972 | val_loss=1.5735 val_AP=0.6112 | test_AP=0.6242 | novelty_loss=-0.6200 | diversity_loss=0.3097 | inter_proxy_cosine_mean=0.3097 std=0.2938
Epoch 995/1000 [86.4s mem=1224MB] | train_loss=-0.0216 train_AP=0.9972 | val_loss=1.5831 val_AP=0.6106 | test_AP=0.6237 | novelty_loss=-0.6187 | diversity_loss=0.3092 | inter_proxy_cosine_mean=0.3092 std=0.2925
Epoch 996/1000 [85.9s mem=1225MB] | train_loss=-0.0218 train_AP=0.9974 | val_loss=1.5768 val_AP=0.6099 | test_AP=0.6234 | novelty_loss=-0.6184 | diversity_loss=0.3081 | inter_proxy_cosine_mean=0.3081 std=0.2934
Epoch 997/1000 [85.6s mem=1229MB] | train_loss=-0.0205 train_AP=0.9973 | val_loss=1.5673 val_AP=0.6123 | test_AP=0.6239 | novelty_loss=-0.6187 | diversity_loss=0.3093 | inter_proxy_cosine_mean=0.3093 std=0.2921
Epoch 998/1000 [77.2s mem=1225MB] | train_loss=-0.0218 train_AP=0.9970 | val_loss=1.5733 val_AP=0.6103 | test_AP=0.6234 | novelty_loss=-0.6172 | diversity_loss=0.3079 | inter_proxy_cosine_mean=0.3079 std=0.2922
Epoch 999/1000 [87.2s mem=1227MB] | train_loss=-0.0221 train_AP=0.9971 | val_loss=1.5728 val_AP=0.6105 | test_AP=0.6232 | novelty_loss=-0.6189 | diversity_loss=0.3087 | inter_proxy_cosine_mean=0.3087 std=0.2934
Epoch 1000/1000 [87.3s mem=1229MB] | train_loss=-0.0214 train_AP=0.9972 | val_loss=1.5732 val_AP=0.6107 | test_AP=0.6240 | novelty_loss=-0.6178 | diversity_loss=0.3079 | inter_proxy_cosine_mean=0.3079 std=0.2929
Stage 4 done. Best val loss=0.3393 at epoch 945.

All requested stages complete.
