+ python main_adversarial_distillation.py --num_cycles 5 --run_stage1 --backbone vanilla_gt --generator flow_matching --num_proxies 64 --hidden_dim 512 --num_layers 4 --num_heads 8 --num_gred_layers 8 --num_transformer_layers 2 --state_dim 88 --batch_size 64 --num_workers 4 --s1_lr 3e-5 --s1_max_epochs 300 --s1_patience 50 --s2_lr 1e-4 --s2_max_epochs 1000 --s2_patience 500 --s3_lr_gen 5e-4 --s3_lr_transformer 1e-5 --s3_max_epochs 1000 --s3_patience 50 --s3_grad_clip 0.5 --dropout 0.2 --s1_weight_decay 1e-3 --novelty_alpha 0.1 --diversity_weight 0.5 --distill_lr 5e-5 --distill_max_epochs 700 --distill_patience 100 --distill_temperature 1.5 --distill_kl_weight 0.5 --distill_node_weight 0.5 --distill_graph_weight 0.00005 --distill_task_weight 1.2 --gap_threshold 0.005 --distill_gap_threshold 0.003 --save_dir checkpoints_adv_distill_8
{'config': None, 'num_cycles': 5, 'resume_cycle': 0, 'gap_threshold': 0.005, 'distill_gap_threshold': 0.003, 'reinit_generator': False, 'run_stage1': True, 'generator': 'flow_matching', 'backbone': 'vanilla_gt', 'model_path': None, 'generator_path': None, 'hidden_dim': 512, 'num_layers': 4, 'num_heads': 8, 'output_dim': 10, 'dropout': 0.2, 'num_proxies': 64, 'use_lap_pe': True, 'lap_pe_dim': 8, 'state_dim': 88, 'num_gred_layers': 8, 'num_transformer_layers': 2, 'gred_expand': 1, 'r_min': 0.0, 'r_max': 1.0, 'max_phase': 6.28, 'gred_act': 'full-glu', 'max_hops': 40, 'dist_mask_workers': 8, 's1_lr': 3e-05, 's1_weight_decay': 0.001, 's1_max_epochs': 300, 's1_patience': 50, 's1_grad_clip': 1.0, 's2_lr': 0.0001, 's2_weight_decay': 0.0003, 's2_max_epochs': 1000, 's2_patience': 500, 's2_eval_every': 1, 's2_grad_clip': 1.0, 's3_lr_gen': 0.0005, 's3_lr_transformer': 1e-05, 's3_max_epochs': 1000, 's3_patience': 50, 's3_grad_clip': 0.5, 's3_weight_decay': 0.0001, 'novelty_alpha': 0.1, 'diversity_weight': 0.5, 'gen_hidden_dim': 256, 'gen_num_layers': 4, 'gen_num_heads': 8, 'gen_dropout': 0.2, 'pma_query_mode': 'farthest_point', 'coarsen_gnn_type': 'GIN', 'coarsen_reg_weight': 0.1, 'coarsen_reg_type': 'mincut', 'gnn_layers': 4, 'gnn_type': 'GINE', 'pool_types': ['max'], 'decode_hidden': 128, 'decode_layers': 3, 'idx_emb_dim': 128, 'decode_mode': 'shared', 'denoiser_dim': 256, 'denoiser_layers': 4, 'denoiser_heads': 8, 'euler_steps': 1, 'use_cross_attn_routing': False, 'num_cross_layers': 2, 'cross_attn_proxy_self_attn': True, 'proxy_insertion_layers': '-1', 'separate_proxy_generators': False, 'separate_proxy_routers': False, 'proxy_aux_loss_decay': 1.0, 'distill_lr': 5e-05, 'distill_weight_decay': 0.0001, 'distill_max_epochs': 700, 'distill_patience': 100, 'distill_grad_clip': 1.0, 'distill_kl_weight': 0.5, 'distill_node_weight': 0.5, 'distill_graph_weight': 5e-05, 'distill_task_weight': 1.2, 'distill_temperature': 1.5, 'distill_partial_swap': False, 'readout_scope': 'all_tokens', 'batch_size': 64, 'num_workers': 4, 'lr_min': 1e-07, 'warmup_ratio': 0.05, 'recurrent_lr_factor': 1.0, 'save_dir': 'checkpoints_adv_distill_8', 'device': 'cuda'}
Saved code snapshot to checkpoints_adv_distill_8/code_snapshot.zip

######################################################################
#  RATCHET CYCLE 0/4
######################################################################

============================================================
STAGE 1: Pretrain backbone (vanilla_gt)
============================================================
  Parameters: 13,227,530
  S1 Epoch   1/300 [34.3s mem=8352MB] | train_loss=5.4243 train_AP=0.1725 | val_loss=1.0243 val_AP=0.2342
    -> New best val loss=1.0243, saved
  S1 Epoch   2/300 [33.5s mem=8349MB] | train_loss=0.6677 train_AP=0.2044 | val_loss=0.5605 val_AP=0.2335
    -> New best val loss=0.5605, saved
  S1 Epoch   3/300 [33.3s mem=8351MB] | train_loss=0.4002 train_AP=0.2250 | val_loss=0.4093 val_AP=0.2527
    -> New best val loss=0.4093, saved
  S1 Epoch   4/300 [33.0s mem=8352MB] | train_loss=0.3671 train_AP=0.2372 | val_loss=0.3711 val_AP=0.2699
    -> New best val loss=0.3711, saved
  S1 Epoch   5/300 [33.6s mem=8347MB] | train_loss=0.3625 train_AP=0.2452 | val_loss=0.3816 val_AP=0.2764
  S1 Epoch   6/300 [33.8s mem=8351MB] | train_loss=0.3635 train_AP=0.2494 | val_loss=0.3422 val_AP=0.2751
    -> New best val loss=0.3422, saved
  S1 Epoch   7/300 [33.6s mem=8351MB] | train_loss=0.3640 train_AP=0.2481 | val_loss=0.3319 val_AP=0.2784
    -> New best val loss=0.3319, saved
  S1 Epoch   8/300 [32.8s mem=8352MB] | train_loss=0.3647 train_AP=0.2439 | val_loss=0.3399 val_AP=0.2909
  S1 Epoch   9/300 [33.4s mem=8356MB] | train_loss=0.3667 train_AP=0.2426 | val_loss=0.3413 val_AP=0.2683
  S1 Epoch  10/300 [33.3s mem=8350MB] | train_loss=0.3701 train_AP=0.2432 | val_loss=0.3246 val_AP=0.2812
    -> New best val loss=0.3246, saved
  S1 Epoch  11/300 [33.4s mem=8350MB] | train_loss=0.3671 train_AP=0.2437 | val_loss=0.3422 val_AP=0.2601
  S1 Epoch  12/300 [33.4s mem=8350MB] | train_loss=0.3637 train_AP=0.2423 | val_loss=0.3433 val_AP=0.2753
  S1 Epoch  13/300 [33.1s mem=8352MB] | train_loss=0.3653 train_AP=0.2425 | val_loss=0.3279 val_AP=0.2701
  S1 Epoch  14/300 [33.5s mem=8353MB] | train_loss=0.3609 train_AP=0.2456 | val_loss=0.3424 val_AP=0.2849
  S1 Epoch  15/300 [33.5s mem=8351MB] | train_loss=0.3557 train_AP=0.2448 | val_loss=0.3552 val_AP=0.2691
  S1 Epoch  16/300 [33.4s mem=8351MB] | train_loss=0.3515 train_AP=0.2499 | val_loss=0.3439 val_AP=0.2765
  S1 Epoch  17/300 [33.4s mem=8349MB] | train_loss=0.3519 train_AP=0.2513 | val_loss=0.3293 val_AP=0.2754
  S1 Epoch  18/300 [33.6s mem=8350MB] | train_loss=0.3470 train_AP=0.2528 | val_loss=0.3286 val_AP=0.2819
  S1 Epoch  19/300 [32.7s mem=8354MB] | train_loss=0.3449 train_AP=0.2572 | val_loss=0.3195 val_AP=0.2804
    -> New best val loss=0.3195, saved
  S1 Epoch  20/300 [33.5s mem=8349MB] | train_loss=0.3471 train_AP=0.2533 | val_loss=0.3267 val_AP=0.2827
  S1 Epoch  21/300 [33.0s mem=8351MB] | train_loss=0.3426 train_AP=0.2579 | val_loss=0.3190 val_AP=0.2825
    -> New best val loss=0.3190, saved
  S1 Epoch  22/300 [33.7s mem=8347MB] | train_loss=0.3435 train_AP=0.2579 | val_loss=0.3201 val_AP=0.2838
  S1 Epoch  23/300 [33.6s mem=8349MB] | train_loss=0.3435 train_AP=0.2587 | val_loss=0.3342 val_AP=0.2895
  S1 Epoch  24/300 [33.5s mem=8351MB] | train_loss=0.3408 train_AP=0.2587 | val_loss=0.3224 val_AP=0.2808
  S1 Epoch  25/300 [33.5s mem=8353MB] | train_loss=0.3373 train_AP=0.2611 | val_loss=0.3254 val_AP=0.2878
  S1 Epoch  26/300 [33.4s mem=8351MB] | train_loss=0.3386 train_AP=0.2623 | val_loss=0.3391 val_AP=0.2997
  S1 Epoch  27/300 [33.3s mem=8348MB] | train_loss=0.3385 train_AP=0.2625 | val_loss=0.3168 val_AP=0.2961
    -> New best val loss=0.3168, saved
  S1 Epoch  28/300 [33.8s mem=8349MB] | train_loss=0.3367 train_AP=0.2621 | val_loss=0.3206 val_AP=0.2958
  S1 Epoch  29/300 [33.4s mem=8347MB] | train_loss=0.3355 train_AP=0.2669 | val_loss=0.3225 val_AP=0.3010
  S1 Epoch  30/300 [33.2s mem=8349MB] | train_loss=0.3363 train_AP=0.2651 | val_loss=0.3242 val_AP=0.2881
  S1 Epoch  31/300 [33.3s mem=8354MB] | train_loss=0.3339 train_AP=0.2681 | val_loss=0.3198 val_AP=0.2913
  S1 Epoch  32/300 [33.6s mem=8352MB] | train_loss=0.3345 train_AP=0.2712 | val_loss=0.3209 val_AP=0.3045
  S1 Epoch  33/300 [33.4s mem=8346MB] | train_loss=0.3317 train_AP=0.2709 | val_loss=0.3224 val_AP=0.2851
  S1 Epoch  34/300 [33.3s mem=8353MB] | train_loss=0.3309 train_AP=0.2722 | val_loss=0.3183 val_AP=0.3088
  S1 Epoch  35/300 [32.9s mem=8346MB] | train_loss=0.3302 train_AP=0.2721 | val_loss=0.3153 val_AP=0.2984
    -> New best val loss=0.3153, saved
  S1 Epoch  36/300 [33.7s mem=8356MB] | train_loss=0.3300 train_AP=0.2765 | val_loss=0.3150 val_AP=0.3113
    -> New best val loss=0.3150, saved
  S1 Epoch  37/300 [33.6s mem=8354MB] | train_loss=0.3295 train_AP=0.2749 | val_loss=0.3229 val_AP=0.3150
  S1 Epoch  38/300 [33.4s mem=8347MB] | train_loss=0.3275 train_AP=0.2818 | val_loss=0.3143 val_AP=0.3160
    -> New best val loss=0.3143, saved
  S1 Epoch  39/300 [33.9s mem=8352MB] | train_loss=0.3267 train_AP=0.2838 | val_loss=0.3157 val_AP=0.3106
  S1 Epoch  40/300 [33.3s mem=8356MB] | train_loss=0.3260 train_AP=0.2819 | val_loss=0.3171 val_AP=0.3177
  S1 Epoch  41/300 [33.5s mem=8348MB] | train_loss=0.3222 train_AP=0.2957 | val_loss=0.3145 val_AP=0.3319
  S1 Epoch  42/300 [32.8s mem=8350MB] | train_loss=0.3203 train_AP=0.3077 | val_loss=0.3051 val_AP=0.3402
    -> New best val loss=0.3051, saved
  S1 Epoch  43/300 [33.6s mem=8349MB] | train_loss=0.3175 train_AP=0.3108 | val_loss=0.3055 val_AP=0.3403
  S1 Epoch  44/300 [33.3s mem=8347MB] | train_loss=0.3130 train_AP=0.3217 | val_loss=0.3044 val_AP=0.3553
    -> New best val loss=0.3044, saved
  S1 Epoch  45/300 [33.6s mem=8348MB] | train_loss=0.3110 train_AP=0.3256 | val_loss=0.3075 val_AP=0.3629
  S1 Epoch  46/300 [33.3s mem=8344MB] | train_loss=0.3112 train_AP=0.3261 | val_loss=0.2994 val_AP=0.3677
    -> New best val loss=0.2994, saved
  S1 Epoch  47/300 [33.0s mem=8351MB] | train_loss=0.3104 train_AP=0.3272 | val_loss=0.2929 val_AP=0.3724
    -> New best val loss=0.2929, saved
  S1 Epoch  48/300 [33.0s mem=8354MB] | train_loss=0.3073 train_AP=0.3364 | val_loss=0.2946 val_AP=0.3639
  S1 Epoch  49/300 [33.4s mem=8353MB] | train_loss=0.3049 train_AP=0.3412 | val_loss=0.2927 val_AP=0.3711
    -> New best val loss=0.2927, saved
  S1 Epoch  50/300 [33.3s mem=8352MB] | train_loss=0.3043 train_AP=0.3419 | val_loss=0.3132 val_AP=0.3741
  S1 Epoch  51/300 [18.4s mem=8358MB] | train_loss=0.3041 train_AP=0.3462 | val_loss=0.2965 val_AP=0.3747
  S1 Epoch  52/300 [19.0s mem=8353MB] | train_loss=0.3003 train_AP=0.3506 | val_loss=0.3006 val_AP=0.3804
  S1 Epoch  53/300 [17.6s mem=8363MB] | train_loss=0.2959 train_AP=0.3593 | val_loss=0.2997 val_AP=0.3811
  S1 Epoch  54/300 [18.9s mem=8354MB] | train_loss=0.2947 train_AP=0.3644 | val_loss=0.2987 val_AP=0.3889
  S1 Epoch  55/300 [33.5s mem=8344MB] | train_loss=0.2962 train_AP=0.3625 | val_loss=0.2941 val_AP=0.3841
  S1 Epoch  56/300 [33.7s mem=8356MB] | train_loss=0.2940 train_AP=0.3694 | val_loss=0.2860 val_AP=0.4004
    -> New best val loss=0.2860, saved
  S1 Epoch  57/300 [33.9s mem=8335MB] | train_loss=0.2930 train_AP=0.3692 | val_loss=0.2924 val_AP=0.3860
  S1 Epoch  58/300 [33.6s mem=8351MB] | train_loss=0.2881 train_AP=0.3820 | val_loss=0.3073 val_AP=0.3886
  S1 Epoch  59/300 [33.9s mem=8351MB] | train_loss=0.2895 train_AP=0.3787 | val_loss=0.2973 val_AP=0.4046
  S1 Epoch  60/300 [33.4s mem=8355MB] | train_loss=0.2849 train_AP=0.3898 | val_loss=0.2984 val_AP=0.4071
  S1 Epoch  61/300 [33.6s mem=8358MB] | train_loss=0.2823 train_AP=0.3982 | val_loss=0.2866 val_AP=0.4035
  S1 Epoch  62/300 [33.1s mem=8355MB] | train_loss=0.2836 train_AP=0.3960 | val_loss=0.3021 val_AP=0.4048
  S1 Epoch  63/300 [34.0s mem=8351MB] | train_loss=0.2817 train_AP=0.3971 | val_loss=0.3023 val_AP=0.4049
  S1 Epoch  64/300 [33.0s mem=8353MB] | train_loss=0.2759 train_AP=0.4144 | val_loss=0.2986 val_AP=0.4005
  S1 Epoch  65/300 [33.8s mem=8349MB] | train_loss=0.2754 train_AP=0.4156 | val_loss=0.2947 val_AP=0.4059
  S1 Epoch  66/300 [32.9s mem=8354MB] | train_loss=0.2738 train_AP=0.4201 | val_loss=0.3096 val_AP=0.4209
  S1 Epoch  67/300 [34.0s mem=8345MB] | train_loss=0.2721 train_AP=0.4249 | val_loss=0.3180 val_AP=0.4113
  S1 Epoch  68/300 [33.4s mem=8353MB] | train_loss=0.2699 train_AP=0.4281 | val_loss=0.3060 val_AP=0.4165
  S1 Epoch  69/300 [32.7s mem=8351MB] | train_loss=0.2663 train_AP=0.4406 | val_loss=0.3190 val_AP=0.4131
  S1 Epoch  70/300 [33.7s mem=8351MB] | train_loss=0.2645 train_AP=0.4436 | val_loss=0.3074 val_AP=0.4196
  S1 Epoch  71/300 [33.0s mem=8347MB] | train_loss=0.2607 train_AP=0.4545 | val_loss=0.3139 val_AP=0.4258
  S1 Epoch  72/300 [33.6s mem=8348MB] | train_loss=0.2581 train_AP=0.4620 | val_loss=0.3301 val_AP=0.4194
  S1 Epoch  73/300 [33.6s mem=8354MB] | train_loss=0.2567 train_AP=0.4653 | val_loss=0.3292 val_AP=0.4188
  S1 Epoch  74/300 [33.4s mem=8357MB] | train_loss=0.2514 train_AP=0.4732 | val_loss=0.3326 val_AP=0.4343
  S1 Epoch  75/300 [33.0s mem=8353MB] | train_loss=0.2485 train_AP=0.4855 | val_loss=0.3454 val_AP=0.4254
  S1 Epoch  76/300 [33.4s mem=8357MB] | train_loss=0.2432 train_AP=0.4947 | val_loss=0.3209 val_AP=0.4178
  S1 Epoch  77/300 [33.7s mem=8349MB] | train_loss=0.2410 train_AP=0.4988 | val_loss=0.3387 val_AP=0.4339
  S1 Epoch  78/300 [33.6s mem=8354MB] | train_loss=0.2385 train_AP=0.5122 | val_loss=0.3368 val_AP=0.4392
  S1 Epoch  79/300 [33.4s mem=8350MB] | train_loss=0.2361 train_AP=0.5128 | val_loss=0.3544 val_AP=0.4268
  S1 Epoch  80/300 [33.2s mem=8348MB] | train_loss=0.2328 train_AP=0.5272 | val_loss=0.3482 val_AP=0.4222
  S1 Epoch  81/300 [33.4s mem=8353MB] | train_loss=0.2310 train_AP=0.5264 | val_loss=0.3762 val_AP=0.4322
  S1 Epoch  82/300 [33.3s mem=8354MB] | train_loss=0.2262 train_AP=0.5393 | val_loss=0.3456 val_AP=0.4320
  S1 Epoch  83/300 [33.3s mem=8349MB] | train_loss=0.2236 train_AP=0.5497 | val_loss=0.3643 val_AP=0.4338
  S1 Epoch  84/300 [33.7s mem=8354MB] | train_loss=0.2210 train_AP=0.5558 | val_loss=0.3575 val_AP=0.4326
  S1 Epoch  85/300 [33.7s mem=8350MB] | train_loss=0.2162 train_AP=0.5701 | val_loss=0.3623 val_AP=0.4315
  S1 Epoch  86/300 [33.3s mem=8347MB] | train_loss=0.2119 train_AP=0.5788 | val_loss=0.3964 val_AP=0.4295
  S1 Epoch  87/300 [33.7s mem=8350MB] | train_loss=0.2078 train_AP=0.5887 | val_loss=0.4182 val_AP=0.4300
  S1 Epoch  88/300 [33.5s mem=8358MB] | train_loss=0.2031 train_AP=0.6015 | val_loss=0.4279 val_AP=0.4267
  S1 Epoch  89/300 [33.4s mem=8353MB] | train_loss=0.2004 train_AP=0.6038 | val_loss=0.3909 val_AP=0.4399
  S1 Epoch  90/300 [33.4s mem=8351MB] | train_loss=0.1999 train_AP=0.6083 | val_loss=0.4482 val_AP=0.4345
  S1 Epoch  91/300 [33.3s mem=8353MB] | train_loss=0.1961 train_AP=0.6192 | val_loss=0.4694 val_AP=0.4367
  S1 Epoch  92/300 [33.5s mem=8346MB] | train_loss=0.1919 train_AP=0.6284 | val_loss=0.4301 val_AP=0.4427
  S1 Epoch  93/300 [33.3s mem=8350MB] | train_loss=0.1898 train_AP=0.6316 | val_loss=0.4258 val_AP=0.4424
  S1 Epoch  94/300 [33.6s mem=8349MB] | train_loss=0.1882 train_AP=0.6363 | val_loss=0.4696 val_AP=0.4537
  S1 Epoch  95/300 [33.2s mem=8353MB] | train_loss=0.1804 train_AP=0.6574 | val_loss=0.4353 val_AP=0.4609
  S1 Epoch  96/300 [33.5s mem=8350MB] | train_loss=0.1787 train_AP=0.6619 | val_loss=0.4831 val_AP=0.4460
  S1 Epoch  97/300 [33.4s mem=8351MB] | train_loss=0.1783 train_AP=0.6660 | val_loss=0.4578 val_AP=0.4504
  S1 Epoch  98/300 [33.3s mem=8354MB] | train_loss=0.1711 train_AP=0.6795 | val_loss=0.4688 val_AP=0.4499
  S1 Epoch  99/300 [33.8s mem=8346MB] | train_loss=0.1696 train_AP=0.6804 | val_loss=0.4692 val_AP=0.4542
  S1 Epoch 100/300 [33.1s mem=8348MB] | train_loss=0.1649 train_AP=0.6951 | val_loss=0.5216 val_AP=0.4512
  S1 Epoch 101/300 [33.3s mem=8352MB] | train_loss=0.1625 train_AP=0.7027 | val_loss=0.4558 val_AP=0.4636
  S1 Epoch 102/300 [33.6s mem=8349MB] | train_loss=0.1597 train_AP=0.7026 | val_loss=0.6146 val_AP=0.4593
  S1 Epoch 103/300 [33.4s mem=8351MB] | train_loss=0.1567 train_AP=0.7139 | val_loss=0.4908 val_AP=0.4650
  S1 Epoch 104/300 [32.4s mem=8351MB] | train_loss=0.1527 train_AP=0.7244 | val_loss=0.5058 val_AP=0.4592
  S1 Epoch 105/300 [33.3s mem=8348MB] | train_loss=0.1494 train_AP=0.7286 | val_loss=0.5071 val_AP=0.4688
  S1 Epoch 106/300 [33.6s mem=8351MB] | train_loss=0.1468 train_AP=0.7335 | val_loss=0.4738 val_AP=0.4695
  Early stopping at epoch 106. Best val loss=0.2860 at epoch 56.
Stage 1 done. Best val loss=0.2860 at epoch 56.

============================================================
STAGE 2: Train generator (flow_matching) with self-novelty
  Backbone: vanilla_gt (frozen)
  novelty_alpha=0.1
============================================================
  Generator parameters: 3,684,864
  S2 Epoch   1/1000 [42.0s mem=8855MB] | total=0.3109 task=0.2747 novelty=0.0024 | div=0.0719 ip_mean=0.0719 | val_AP=0.3994 test_AP=0.3785
    -> New best val loss=0.2849
  S2 Epoch   2/1000 [41.8s mem=8855MB] | total=0.2837 task=0.2710 novelty=-0.0206 | div=0.0295 ip_mean=0.0295 | val_AP=0.3996 test_AP=0.3803
  S2 Epoch   3/1000 [42.1s mem=8854MB] | total=0.2722 task=0.2698 novelty=-0.0424 | div=0.0132 ip_mean=0.0132 | val_AP=0.3999 test_AP=0.3847
    -> New best val loss=0.2840
  S2 Epoch   4/1000 [42.5s mem=8854MB] | total=0.2690 task=0.2694 novelty=-0.0539 | div=0.0101 ip_mean=0.0101 | val_AP=0.4038 test_AP=0.3815
  S2 Epoch   5/1000 [41.6s mem=8855MB] | total=0.2679 task=0.2693 novelty=-0.0626 | div=0.0098 ip_mean=0.0098 | val_AP=0.4017 test_AP=0.3829
    -> New best val loss=0.2831
  S2 Epoch   6/1000 [41.7s mem=8854MB] | total=0.2668 task=0.2689 novelty=-0.0722 | div=0.0103 ip_mean=0.0103 | val_AP=0.4026 test_AP=0.3832
  S2 Epoch   7/1000 [41.6s mem=8855MB] | total=0.2664 task=0.2689 novelty=-0.0807 | div=0.0111 ip_mean=0.0111 | val_AP=0.4035 test_AP=0.3807
  S2 Epoch   8/1000 [41.7s mem=8857MB] | total=0.2658 task=0.2686 novelty=-0.0859 | div=0.0115 ip_mean=0.0115 | val_AP=0.4019 test_AP=0.3830
  S2 Epoch   9/1000 [42.0s mem=8858MB] | total=0.2654 task=0.2683 novelty=-0.0882 | div=0.0119 ip_mean=0.0119 | val_AP=0.4047 test_AP=0.3840
  S2 Epoch  10/1000 [42.1s mem=8854MB] | total=0.2653 task=0.2681 novelty=-0.0897 | div=0.0122 ip_mean=0.0122 | val_AP=0.4025 test_AP=0.3846
  S2 Epoch  11/1000 [41.8s mem=8855MB] | total=0.2657 task=0.2687 novelty=-0.0894 | div=0.0120 ip_mean=0.0120 | val_AP=0.4051 test_AP=0.3797
    -> New best val loss=0.2822
  S2 Epoch  12/1000 [42.1s mem=8855MB] | total=0.2659 task=0.2689 novelty=-0.0898 | div=0.0120 ip_mean=0.0120 | val_AP=0.4025 test_AP=0.3889
  S2 Epoch  13/1000 [41.9s mem=8853MB] | total=0.2659 task=0.2687 novelty=-0.0897 | div=0.0122 ip_mean=0.0122 | val_AP=0.4009 test_AP=0.3821
  S2 Epoch  14/1000 [41.8s mem=8852MB] | total=0.2656 task=0.2685 novelty=-0.0899 | div=0.0121 ip_mean=0.0121 | val_AP=0.4018 test_AP=0.3891
  S2 Epoch  15/1000 [41.6s mem=8855MB] | total=0.2654 task=0.2683 novelty=-0.0899 | div=0.0121 ip_mean=0.0121 | val_AP=0.4028 test_AP=0.3836
  S2 Epoch  16/1000 [42.3s mem=8854MB] | total=0.2650 task=0.2680 novelty=-0.0906 | div=0.0121 ip_mean=0.0121 | val_AP=0.4026 test_AP=0.3836
  S2 Epoch  17/1000 [41.9s mem=8855MB] | total=0.2651 task=0.2680 novelty=-0.0902 | div=0.0123 ip_mean=0.0123 | val_AP=0.4052 test_AP=0.3838
    -> New best val loss=0.2812
  S2 Epoch  18/1000 [41.9s mem=8852MB] | total=0.2656 task=0.2684 novelty=-0.0881 | div=0.0120 ip_mean=0.0120 | val_AP=0.4031 test_AP=0.3826
    -> New best val loss=0.2812
  S2 Epoch  19/1000 [41.9s mem=8856MB] | total=0.2649 task=0.2679 novelty=-0.0903 | div=0.0120 ip_mean=0.0120 | val_AP=0.4053 test_AP=0.3816
  S2 Epoch  20/1000 [42.2s mem=8856MB] | total=0.2651 task=0.2682 novelty=-0.0894 | div=0.0118 ip_mean=0.0118 | val_AP=0.3990 test_AP=0.3863
  S2 Epoch  21/1000 [41.7s mem=8856MB] | total=0.2651 task=0.2680 novelty=-0.0887 | div=0.0119 ip_mean=0.0119 | val_AP=0.4045 test_AP=0.3816
    -> New best val loss=0.2810
  S2 Epoch  22/1000 [41.6s mem=8852MB] | total=0.2644 task=0.2673 novelty=-0.0914 | div=0.0123 ip_mean=0.0123 | val_AP=0.4031 test_AP=0.3872
  S2 Epoch  23/1000 [42.5s mem=8854MB] | total=0.2645 task=0.2675 novelty=-0.0905 | div=0.0120 ip_mean=0.0120 | val_AP=0.4035 test_AP=0.3867
  S2 Epoch  24/1000 [42.2s mem=8855MB] | total=0.2639 task=0.2671 novelty=-0.0900 | div=0.0117 ip_mean=0.0117 | val_AP=0.4032 test_AP=0.3852
  S2 Epoch  25/1000 [41.7s mem=8855MB] | total=0.2641 task=0.2672 novelty=-0.0923 | div=0.0123 ip_mean=0.0123 | val_AP=0.4021 test_AP=0.3852
  S2 Epoch  26/1000 [42.0s mem=8855MB] | total=0.2637 task=0.2670 novelty=-0.0924 | div=0.0118 ip_mean=0.0118 | val_AP=0.4064 test_AP=0.3882
  S2 Epoch  27/1000 [42.5s mem=8855MB] | total=0.2634 task=0.2669 novelty=-0.0940 | div=0.0119 ip_mean=0.0119 | val_AP=0.4045 test_AP=0.3849
  S2 Epoch  28/1000 [41.3s mem=8860MB] | total=0.2631 task=0.2666 novelty=-0.0952 | div=0.0121 ip_mean=0.0121 | val_AP=0.4081 test_AP=0.3839
    -> New best val loss=0.2802
  S2 Epoch  29/1000 [42.4s mem=8851MB] | total=0.2620 task=0.2657 novelty=-0.0980 | div=0.0121 ip_mean=0.0121 | val_AP=0.4064 test_AP=0.3850
  S2 Epoch  30/1000 [42.1s mem=8855MB] | total=0.2619 task=0.2659 novelty=-0.0992 | div=0.0119 ip_mean=0.0119 | val_AP=0.4061 test_AP=0.3860
    -> New best val loss=0.2799
  S2 Epoch  31/1000 [42.2s mem=8854MB] | total=0.2613 task=0.2654 novelty=-0.0999 | div=0.0119 ip_mean=0.0119 | val_AP=0.4026 test_AP=0.3907
  S2 Epoch  32/1000 [41.8s mem=8853MB] | total=0.2611 task=0.2650 novelty=-0.1010 | div=0.0124 ip_mean=0.0124 | val_AP=0.4002 test_AP=0.3902
  S2 Epoch  33/1000 [42.5s mem=8857MB] | total=0.2614 task=0.2654 novelty=-0.1043 | div=0.0129 ip_mean=0.0129 | val_AP=0.4078 test_AP=0.3908
  S2 Epoch  34/1000 [41.8s mem=8856MB] | total=0.2609 task=0.2652 novelty=-0.1048 | div=0.0125 ip_mean=0.0125 | val_AP=0.4033 test_AP=0.3914
  S2 Epoch  35/1000 [41.1s mem=8855MB] | total=0.2604 task=0.2647 novelty=-0.1050 | div=0.0124 ip_mean=0.0124 | val_AP=0.4037 test_AP=0.3891
  S2 Epoch  36/1000 [42.0s mem=8855MB] | total=0.2596 task=0.2641 novelty=-0.1065 | div=0.0124 ip_mean=0.0124 | val_AP=0.4071 test_AP=0.3839
  S2 Epoch  37/1000 [41.9s mem=8854MB] | total=0.2594 task=0.2641 novelty=-0.1075 | div=0.0121 ip_mean=0.0121 | val_AP=0.4018 test_AP=0.3887
  S2 Epoch  38/1000 [42.4s mem=8857MB] | total=0.2595 task=0.2640 novelty=-0.1070 | div=0.0125 ip_mean=0.0125 | val_AP=0.4008 test_AP=0.3939
  S2 Epoch  39/1000 [42.0s mem=8855MB] | total=0.2592 task=0.2637 novelty=-0.1059 | div=0.0122 ip_mean=0.0122 | val_AP=0.4049 test_AP=0.3859
  S2 Epoch  40/1000 [41.4s mem=8855MB] | total=0.2588 task=0.2633 novelty=-0.1078 | div=0.0126 ip_mean=0.0126 | val_AP=0.4007 test_AP=0.3896
  S2 Epoch  41/1000 [42.7s mem=8856MB] | total=0.2588 task=0.2633 novelty=-0.1094 | div=0.0128 ip_mean=0.0128 | val_AP=0.4073 test_AP=0.3895
  S2 Epoch  42/1000 [42.1s mem=8857MB] | total=0.2588 task=0.2632 novelty=-0.1065 | div=0.0124 ip_mean=0.0124 | val_AP=0.4045 test_AP=0.3895
  S2 Epoch  43/1000 [42.0s mem=8856MB] | total=0.2586 task=0.2632 novelty=-0.1091 | div=0.0127 ip_mean=0.0127 | val_AP=0.4039 test_AP=0.3894
  S2 Epoch  44/1000 [42.3s mem=8855MB] | total=0.2583 task=0.2628 novelty=-0.1084 | div=0.0127 ip_mean=0.0127 | val_AP=0.4040 test_AP=0.3924
  S2 Epoch  45/1000 [42.6s mem=8853MB] | total=0.2579 task=0.2626 novelty=-0.1108 | div=0.0128 ip_mean=0.0128 | val_AP=0.4019 test_AP=0.3903
  S2 Epoch  46/1000 [42.0s mem=8855MB] | total=0.2578 task=0.2622 novelty=-0.1073 | div=0.0125 ip_mean=0.0125 | val_AP=0.4071 test_AP=0.3917
  S2 Epoch  47/1000 [42.1s mem=8856MB] | total=0.2571 task=0.2614 novelty=-0.1100 | div=0.0134 ip_mean=0.0134 | val_AP=0.4037 test_AP=0.3906
  S2 Epoch  48/1000 [42.5s mem=8853MB] | total=0.2567 task=0.2611 novelty=-0.1092 | div=0.0129 ip_mean=0.0129 | val_AP=0.4035 test_AP=0.3977
  S2 Epoch  49/1000 [42.7s mem=8855MB] | total=0.2564 task=0.2609 novelty=-0.1103 | div=0.0130 ip_mean=0.0130 | val_AP=0.4037 test_AP=0.3899
  S2 Epoch  50/1000 [42.3s mem=8855MB] | total=0.2564 task=0.2608 novelty=-0.1101 | div=0.0133 ip_mean=0.0133 | val_AP=0.3986 test_AP=0.3875
  S2 Epoch  51/1000 [42.1s mem=8856MB] | total=0.2562 task=0.2604 novelty=-0.1089 | div=0.0134 ip_mean=0.0134 | val_AP=0.4058 test_AP=0.3942
  S2 Epoch  52/1000 [41.9s mem=8857MB] | total=0.2568 task=0.2609 novelty=-0.1098 | div=0.0139 ip_mean=0.0139 | val_AP=0.4059 test_AP=0.3956
  S2 Epoch  53/1000 [42.5s mem=8856MB] | total=0.2549 task=0.2593 novelty=-0.1113 | div=0.0135 ip_mean=0.0135 | val_AP=0.4041 test_AP=0.3930
  S2 Epoch  54/1000 [42.1s mem=8852MB] | total=0.2544 task=0.2587 novelty=-0.1111 | div=0.0137 ip_mean=0.0137 | val_AP=0.4035 test_AP=0.3917
  S2 Epoch  55/1000 [41.9s mem=8855MB] | total=0.2535 task=0.2578 novelty=-0.1089 | div=0.0133 ip_mean=0.0133 | val_AP=0.4034 test_AP=0.3927
  S2 Epoch  56/1000 [41.9s mem=8853MB] | total=0.2541 task=0.2581 novelty=-0.1104 | div=0.0140 ip_mean=0.0140 | val_AP=0.4039 test_AP=0.3944
  S2 Epoch  57/1000 [41.7s mem=8853MB] | total=0.2523 task=0.2564 novelty=-0.1108 | div=0.0140 ip_mean=0.0140 | val_AP=0.4048 test_AP=0.4004
  S2 Epoch  58/1000 [42.3s mem=8855MB] | total=0.2524 task=0.2565 novelty=-0.1082 | div=0.0133 ip_mean=0.0133 | val_AP=0.3977 test_AP=0.3924
  S2 Epoch  59/1000 [42.3s mem=8854MB] | total=0.2518 task=0.2556 novelty=-0.1099 | div=0.0143 ip_mean=0.0143 | val_AP=0.4024 test_AP=0.3988
  S2 Epoch  60/1000 [42.0s mem=8856MB] | total=0.2508 task=0.2546 novelty=-0.1086 | div=0.0141 ip_mean=0.0141 | val_AP=0.4055 test_AP=0.3947
  S2 Epoch  61/1000 [42.4s mem=8854MB] | total=0.2501 task=0.2539 novelty=-0.1093 | div=0.0141 ip_mean=0.0141 | val_AP=0.4013 test_AP=0.3995
  S2 Epoch  62/1000 [41.9s mem=8854MB] | total=0.2497 task=0.2532 novelty=-0.1097 | div=0.0149 ip_mean=0.0149 | val_AP=0.4015 test_AP=0.3984
  S2 Epoch  63/1000 [42.3s mem=8855MB] | total=0.2485 task=0.2521 novelty=-0.1101 | div=0.0148 ip_mean=0.0148 | val_AP=0.3988 test_AP=0.3944
  S2 Epoch  64/1000 [41.5s mem=8857MB] | total=0.2475 task=0.2510 novelty=-0.1082 | div=0.0145 ip_mean=0.0145 | val_AP=0.4006 test_AP=0.3918
  S2 Epoch  65/1000 [42.6s mem=8855MB] | total=0.2472 task=0.2506 novelty=-0.1084 | div=0.0147 ip_mean=0.0147 | val_AP=0.3955 test_AP=0.3945
  S2 Epoch  66/1000 [42.3s mem=8853MB] | total=0.2458 task=0.2495 novelty=-0.1075 | div=0.0141 ip_mean=0.0141 | val_AP=0.4007 test_AP=0.3977
  S2 Epoch  67/1000 [42.2s mem=8855MB] | total=0.2449 task=0.2484 novelty=-0.1076 | div=0.0145 ip_mean=0.0145 | val_AP=0.3992 test_AP=0.3922
  S2 Epoch  68/1000 [41.9s mem=8856MB] | total=0.2443 task=0.2478 novelty=-0.1086 | div=0.0148 ip_mean=0.0148 | val_AP=0.4000 test_AP=0.3918
  S2 Epoch  69/1000 [42.1s mem=8854MB] | total=0.2429 task=0.2464 novelty=-0.1088 | div=0.0146 ip_mean=0.0146 | val_AP=0.3988 test_AP=0.3923
  S2 Epoch  70/1000 [42.0s mem=8855MB] | total=0.2417 task=0.2452 novelty=-0.1084 | div=0.0148 ip_mean=0.0148 | val_AP=0.4009 test_AP=0.3902
  S2 Epoch  71/1000 [42.1s mem=8856MB] | total=0.2411 task=0.2444 novelty=-0.1090 | div=0.0153 ip_mean=0.0153 | val_AP=0.4045 test_AP=0.3934
  S2 Epoch  72/1000 [42.4s mem=8854MB] | total=0.2399 task=0.2431 novelty=-0.1089 | div=0.0153 ip_mean=0.0153 | val_AP=0.4054 test_AP=0.3943
  S2 Epoch  73/1000 [42.4s mem=8854MB] | total=0.2388 task=0.2421 novelty=-0.1071 | div=0.0147 ip_mean=0.0147 | val_AP=0.4004 test_AP=0.3952
  S2 Epoch  74/1000 [41.9s mem=8854MB] | total=0.2385 task=0.2419 novelty=-0.1080 | div=0.0147 ip_mean=0.0147 | val_AP=0.3999 test_AP=0.3950
  S2 Epoch  75/1000 [41.7s mem=8856MB] | total=0.2368 task=0.2400 novelty=-0.1064 | div=0.0149 ip_mean=0.0149 | val_AP=0.4057 test_AP=0.3946
  S2 Epoch  76/1000 [42.0s mem=8852MB] | total=0.2350 task=0.2382 novelty=-0.1070 | div=0.0150 ip_mean=0.0150 | val_AP=0.3991 test_AP=0.3906
  S2 Epoch  77/1000 [42.4s mem=8854MB] | total=0.2351 task=0.2381 novelty=-0.1062 | div=0.0153 ip_mean=0.0153 | val_AP=0.4002 test_AP=0.3902
  S2 Epoch  78/1000 [42.0s mem=8853MB] | total=0.2325 task=0.2354 novelty=-0.1056 | div=0.0153 ip_mean=0.0153 | val_AP=0.4005 test_AP=0.3942
  S2 Epoch  79/1000 [42.4s mem=8855MB] | total=0.2318 task=0.2346 novelty=-0.1082 | div=0.0159 ip_mean=0.0159 | val_AP=0.3987 test_AP=0.3905
  S2 Epoch  80/1000 [42.2s mem=8854MB] | total=0.2308 task=0.2333 novelty=-0.1069 | div=0.0162 ip_mean=0.0162 | val_AP=0.3985 test_AP=0.3895
  S2 Epoch  81/1000 [41.8s mem=8855MB] | total=0.2295 task=0.2322 novelty=-0.1051 | div=0.0158 ip_mean=0.0158 | val_AP=0.3982 test_AP=0.3922
  S2 Epoch  82/1000 [39.5s mem=8859MB] | total=0.2290 task=0.2315 novelty=-0.1075 | div=0.0164 ip_mean=0.0164 | val_AP=0.4056 test_AP=0.3887
  S2 Epoch  83/1000 [34.1s mem=8858MB] | total=0.2272 task=0.2299 novelty=-0.1050 | div=0.0156 ip_mean=0.0156 | val_AP=0.4053 test_AP=0.3921
  S2 Epoch  84/1000 [43.5s mem=8854MB] | total=0.2254 task=0.2278 novelty=-0.1052 | div=0.0161 ip_mean=0.0161 | val_AP=0.3998 test_AP=0.3836
  S2 Epoch  85/1000 [43.6s mem=8853MB] | total=0.2242 task=0.2269 novelty=-0.1075 | div=0.0162 ip_mean=0.0162 | val_AP=0.4006 test_AP=0.3869
  S2 Epoch  86/1000 [43.3s mem=8852MB] | total=0.2241 task=0.2264 novelty=-0.1056 | div=0.0166 ip_mean=0.0166 | val_AP=0.3985 test_AP=0.3908
  S2 Epoch  87/1000 [43.5s mem=8857MB] | total=0.2217 task=0.2243 novelty=-0.1061 | div=0.0159 ip_mean=0.0159 | val_AP=0.4026 test_AP=0.3800
  S2 Epoch  88/1000 [43.6s mem=8854MB] | total=0.2210 task=0.2234 novelty=-0.1055 | div=0.0164 ip_mean=0.0164 | val_AP=0.4034 test_AP=0.3777
  S2 Epoch  89/1000 [43.5s mem=8856MB] | total=0.2190 task=0.2214 novelty=-0.1060 | div=0.0163 ip_mean=0.0163 | val_AP=0.3992 test_AP=0.3834
  S2 Epoch  90/1000 [43.1s mem=8855MB] | total=0.2183 task=0.2202 novelty=-0.1053 | div=0.0172 ip_mean=0.0172 | val_AP=0.3977 test_AP=0.3799
  S2 Epoch  91/1000 [43.5s mem=8852MB] | total=0.2164 task=0.2186 novelty=-0.1054 | div=0.0168 ip_mean=0.0168 | val_AP=0.4061 test_AP=0.3886
  S2 Epoch  92/1000 [42.9s mem=8856MB] | total=0.2149 task=0.2168 novelty=-0.1057 | div=0.0173 ip_mean=0.0173 | val_AP=0.3980 test_AP=0.3798
  S2 Epoch  93/1000 [44.1s mem=8854MB] | total=0.2139 task=0.2161 novelty=-0.1052 | div=0.0167 ip_mean=0.0167 | val_AP=0.3940 test_AP=0.3719
  S2 Epoch  94/1000 [43.4s mem=8854MB] | total=0.2118 task=0.2137 novelty=-0.1046 | div=0.0171 ip_mean=0.0171 | val_AP=0.4015 test_AP=0.3798
  S2 Epoch  95/1000 [43.4s mem=8856MB] | total=0.2099 task=0.2118 novelty=-0.1062 | div=0.0175 ip_mean=0.0175 | val_AP=0.4017 test_AP=0.3799
  S2 Epoch  96/1000 [43.0s mem=8856MB] | total=0.2079 task=0.2098 novelty=-0.1050 | div=0.0171 ip_mean=0.0171 | val_AP=0.4016 test_AP=0.3878
  S2 Epoch  97/1000 [43.7s mem=8854MB] | total=0.2071 task=0.2089 novelty=-0.1037 | div=0.0172 ip_mean=0.0172 | val_AP=0.3910 test_AP=0.3801
  S2 Epoch  98/1000 [43.5s mem=8855MB] | total=0.2053 task=0.2073 novelty=-0.1059 | div=0.0172 ip_mean=0.0172 | val_AP=0.3981 test_AP=0.3816
  S2 Epoch  99/1000 [43.5s mem=8856MB] | total=0.2034 task=0.2051 novelty=-0.1079 | div=0.0182 ip_mean=0.0182 | val_AP=0.4038 test_AP=0.3909
  S2 Epoch 100/1000 [43.3s mem=8855MB] | total=0.2020 task=0.2036 novelty=-0.1053 | div=0.0179 ip_mean=0.0179 | val_AP=0.4047 test_AP=0.3857
  S2 Epoch 101/1000 [43.9s mem=8853MB] | total=0.2004 task=0.2018 novelty=-0.1047 | div=0.0181 ip_mean=0.0181 | val_AP=0.3999 test_AP=0.3865
  S2 Epoch 102/1000 [43.6s mem=8853MB] | total=0.1977 task=0.1993 novelty=-0.1048 | div=0.0177 ip_mean=0.0177 | val_AP=0.4069 test_AP=0.3895
  S2 Epoch 103/1000 [43.6s mem=8855MB] | total=0.1970 task=0.1985 novelty=-0.1028 | div=0.0174 ip_mean=0.0174 | val_AP=0.3968 test_AP=0.3836
  S2 Epoch 104/1000 [43.7s mem=8855MB] | total=0.1937 task=0.1950 novelty=-0.1032 | div=0.0180 ip_mean=0.0180 | val_AP=0.3998 test_AP=0.3856
  S2 Epoch 105/1000 [43.1s mem=8854MB] | total=0.1917 task=0.1933 novelty=-0.1037 | div=0.0176 ip_mean=0.0176 | val_AP=0.4031 test_AP=0.3878
  S2 Epoch 106/1000 [43.4s mem=8854MB] | total=0.1894 task=0.1909 novelty=-0.1044 | div=0.0178 ip_mean=0.0178 | val_AP=0.4005 test_AP=0.3900
  S2 Epoch 107/1000 [43.8s mem=8854MB] | total=0.1875 task=0.1890 novelty=-0.1019 | div=0.0173 ip_mean=0.0173 | val_AP=0.4033 test_AP=0.3867
  S2 Epoch 108/1000 [43.5s mem=8853MB] | total=0.1850 task=0.1862 novelty=-0.1037 | div=0.0183 ip_mean=0.0183 | val_AP=0.4021 test_AP=0.3917
  S2 Epoch 109/1000 [43.6s mem=8853MB] | total=0.1834 task=0.1847 novelty=-0.1048 | div=0.0184 ip_mean=0.0184 | val_AP=0.4065 test_AP=0.3907
  S2 Epoch 110/1000 [43.8s mem=8853MB] | total=0.1802 task=0.1813 novelty=-0.1033 | div=0.0185 ip_mean=0.0185 | val_AP=0.3915 test_AP=0.3837
  S2 Epoch 111/1000 [44.1s mem=8854MB] | total=0.1775 task=0.1788 novelty=-0.0998 | div=0.0174 ip_mean=0.0174 | val_AP=0.4062 test_AP=0.3950
  S2 Epoch 112/1000 [43.5s mem=8854MB] | total=0.1765 task=0.1774 novelty=-0.1022 | div=0.0185 ip_mean=0.0185 | val_AP=0.4003 test_AP=0.3926
  S2 Epoch 113/1000 [43.9s mem=8853MB] | total=0.1731 task=0.1741 novelty=-0.1022 | div=0.0183 ip_mean=0.0183 | val_AP=0.4039 test_AP=0.3952
  S2 Epoch 114/1000 [43.5s mem=8855MB] | total=0.1697 task=0.1709 novelty=-0.1016 | div=0.0179 ip_mean=0.0179 | val_AP=0.4032 test_AP=0.4010
  S2 Epoch 115/1000 [43.1s mem=8854MB] | total=0.1680 task=0.1692 novelty=-0.1018 | div=0.0180 ip_mean=0.0180 | val_AP=0.3962 test_AP=0.3993
  S2 Epoch 116/1000 [43.6s mem=8853MB] | total=0.1661 task=0.1673 novelty=-0.0996 | div=0.0175 ip_mean=0.0175 | val_AP=0.3995 test_AP=0.3928
  S2 Epoch 117/1000 [43.7s mem=8854MB] | total=0.1630 task=0.1644 novelty=-0.1002 | div=0.0173 ip_mean=0.0173 | val_AP=0.4013 test_AP=0.3924
  S2 Epoch 118/1000 [43.8s mem=8855MB] | total=0.1617 task=0.1626 novelty=-0.1009 | div=0.0182 ip_mean=0.0182 | val_AP=0.4049 test_AP=0.3953
  S2 Epoch 119/1000 [43.4s mem=8852MB] | total=0.1585 task=0.1594 novelty=-0.1019 | div=0.0188 ip_mean=0.0188 | val_AP=0.3920 test_AP=0.3911
  S2 Epoch 120/1000 [43.1s mem=8855MB] | total=0.1563 task=0.1569 novelty=-0.1003 | div=0.0189 ip_mean=0.0189 | val_AP=0.4030 test_AP=0.3988
  S2 Epoch 121/1000 [44.0s mem=8853MB] | total=0.1543 task=0.1551 novelty=-0.0996 | div=0.0182 ip_mean=0.0182 | val_AP=0.3995 test_AP=0.3895
  S2 Epoch 122/1000 [43.4s mem=8855MB] | total=0.1498 task=0.1505 novelty=-0.1020 | div=0.0190 ip_mean=0.0190 | val_AP=0.4014 test_AP=0.3912
  S2 Epoch 123/1000 [43.7s mem=8858MB] | total=0.1489 task=0.1496 novelty=-0.1021 | div=0.0191 ip_mean=0.0191 | val_AP=0.3994 test_AP=0.4069
  S2 Epoch 124/1000 [43.8s mem=8855MB] | total=0.1459 task=0.1468 novelty=-0.1007 | div=0.0182 ip_mean=0.0182 | val_AP=0.4028 test_AP=0.3971
  S2 Epoch 125/1000 [43.6s mem=8854MB] | total=0.1439 task=0.1445 novelty=-0.1009 | div=0.0189 ip_mean=0.0189 | val_AP=0.4021 test_AP=0.3967
  S2 Epoch 126/1000 [43.3s mem=8853MB] | total=0.1401 task=0.1410 novelty=-0.0998 | div=0.0184 ip_mean=0.0184 | val_AP=0.3991 test_AP=0.3987
  S2 Epoch 127/1000 [43.3s mem=8853MB] | total=0.1360 task=0.1370 novelty=-0.0999 | div=0.0178 ip_mean=0.0178 | val_AP=0.4044 test_AP=0.4024
  S2 Epoch 128/1000 [43.5s mem=8852MB] | total=0.1343 task=0.1350 novelty=-0.0997 | div=0.0186 ip_mean=0.0186 | val_AP=0.3999 test_AP=0.4014
  S2 Epoch 129/1000 [43.5s mem=8854MB] | total=0.1318 task=0.1324 novelty=-0.0984 | div=0.0185 ip_mean=0.0185 | val_AP=0.4043 test_AP=0.4005
  S2 Epoch 130/1000 [44.1s mem=8857MB] | total=0.1286 task=0.1291 novelty=-0.0992 | div=0.0188 ip_mean=0.0188 | val_AP=0.4011 test_AP=0.3956
  S2 Epoch 131/1000 [43.6s mem=8858MB] | total=0.1263 task=0.1272 novelty=-0.0970 | div=0.0176 ip_mean=0.0176 | val_AP=0.4039 test_AP=0.4049
  S2 Epoch 132/1000 [43.5s mem=8855MB] | total=0.1246 task=0.1254 novelty=-0.0980 | div=0.0180 ip_mean=0.0180 | val_AP=0.4058 test_AP=0.4059
  S2 Epoch 133/1000 [43.4s mem=8856MB] | total=0.1210 task=0.1220 novelty=-0.0984 | div=0.0177 ip_mean=0.0177 | val_AP=0.4071 test_AP=0.4025
  S2 Epoch 134/1000 [43.4s mem=8854MB] | total=0.1191 task=0.1200 novelty=-0.1009 | div=0.0184 ip_mean=0.0184 | val_AP=0.4030 test_AP=0.4035
  S2 Epoch 135/1000 [43.6s mem=8855MB] | total=0.1158 task=0.1168 novelty=-0.0972 | div=0.0174 ip_mean=0.0174 | val_AP=0.3986 test_AP=0.3992
  S2 Epoch 136/1000 [43.8s mem=8852MB] | total=0.1138 task=0.1146 novelty=-0.0975 | div=0.0180 ip_mean=0.0180 | val_AP=0.4013 test_AP=0.4081
  S2 Epoch 137/1000 [43.6s mem=8855MB] | total=0.1121 task=0.1126 novelty=-0.0992 | div=0.0188 ip_mean=0.0188 | val_AP=0.3945 test_AP=0.3956
  S2 Epoch 138/1000 [43.3s mem=8853MB] | total=0.1086 task=0.1094 novelty=-0.0964 | div=0.0177 ip_mean=0.0177 | val_AP=0.4007 test_AP=0.3974
  S2 Epoch 139/1000 [43.7s mem=8853MB] | total=0.1076 task=0.1083 novelty=-0.0982 | div=0.0182 ip_mean=0.0182 | val_AP=0.4153 test_AP=0.4122
  S2 Epoch 140/1000 [43.9s mem=8854MB] | total=0.1046 task=0.1054 novelty=-0.0981 | div=0.0180 ip_mean=0.0180 | val_AP=0.4060 test_AP=0.4125
  S2 Epoch 141/1000 [43.8s mem=8856MB] | total=0.1022 task=0.1029 novelty=-0.0992 | div=0.0186 ip_mean=0.0186 | val_AP=0.4128 test_AP=0.4084
  S2 Epoch 142/1000 [43.1s mem=8855MB] | total=0.0992 task=0.1001 novelty=-0.0960 | div=0.0173 ip_mean=0.0173 | val_AP=0.4042 test_AP=0.4094
  S2 Epoch 143/1000 [43.6s mem=8854MB] | total=0.0964 task=0.0974 novelty=-0.0955 | div=0.0171 ip_mean=0.0171 | val_AP=0.4131 test_AP=0.4033
  S2 Epoch 144/1000 [44.2s mem=8855MB] | total=0.0947 task=0.0957 novelty=-0.0976 | div=0.0177 ip_mean=0.0177 | val_AP=0.4118 test_AP=0.4064
  S2 Epoch 145/1000 [42.7s mem=8854MB] | total=0.0920 task=0.0931 novelty=-0.0960 | div=0.0172 ip_mean=0.0172 | val_AP=0.4161 test_AP=0.4115
  S2 Epoch 146/1000 [43.6s mem=8853MB] | total=0.0889 task=0.0898 novelty=-0.0965 | div=0.0176 ip_mean=0.0176 | val_AP=0.4132 test_AP=0.4108
  S2 Epoch 147/1000 [43.6s mem=8853MB] | total=0.0903 task=0.0908 novelty=-0.0973 | div=0.0185 ip_mean=0.0185 | val_AP=0.4053 test_AP=0.4005
  S2 Epoch 148/1000 [43.9s mem=8856MB] | total=0.0851 task=0.0857 novelty=-0.0973 | div=0.0182 ip_mean=0.0182 | val_AP=0.4141 test_AP=0.4138
  S2 Epoch 149/1000 [43.4s mem=8856MB] | total=0.0850 task=0.0857 novelty=-0.0950 | div=0.0177 ip_mean=0.0177 | val_AP=0.4181 test_AP=0.4164
  S2 Epoch 150/1000 [43.5s mem=8853MB] | total=0.0810 task=0.0820 novelty=-0.0967 | div=0.0173 ip_mean=0.0173 | val_AP=0.4117 test_AP=0.4137
  S2 Epoch 151/1000 [43.8s mem=8854MB] | total=0.0789 task=0.0796 novelty=-0.0975 | div=0.0180 ip_mean=0.0180 | val_AP=0.4127 test_AP=0.4049
  S2 Epoch 152/1000 [43.3s mem=8856MB] | total=0.0777 task=0.0785 novelty=-0.0969 | div=0.0178 ip_mean=0.0178 | val_AP=0.4096 test_AP=0.4076
  S2 Epoch 153/1000 [43.8s mem=8852MB] | total=0.0741 task=0.0750 novelty=-0.0959 | div=0.0174 ip_mean=0.0174 | val_AP=0.4184 test_AP=0.4089
  S2 Epoch 154/1000 [43.5s mem=8856MB] | total=0.0727 task=0.0737 novelty=-0.0953 | div=0.0171 ip_mean=0.0171 | val_AP=0.4181 test_AP=0.4192
  S2 Epoch 155/1000 [44.0s mem=8856MB] | total=0.0730 task=0.0738 novelty=-0.0955 | div=0.0176 ip_mean=0.0176 | val_AP=0.4194 test_AP=0.4175
  S2 Epoch 156/1000 [43.5s mem=8853MB] | total=0.0693 task=0.0702 novelty=-0.0966 | div=0.0176 ip_mean=0.0176 | val_AP=0.4215 test_AP=0.4300
  S2 Epoch 157/1000 [43.7s mem=8854MB] | total=0.0677 task=0.0687 novelty=-0.0951 | div=0.0170 ip_mean=0.0170 | val_AP=0.4205 test_AP=0.4207
  S2 Epoch 158/1000 [43.5s mem=8852MB] | total=0.0657 task=0.0666 novelty=-0.0956 | div=0.0173 ip_mean=0.0173 | val_AP=0.4211 test_AP=0.4145
  S2 Epoch 159/1000 [43.7s mem=8854MB] | total=0.0654 task=0.0662 novelty=-0.0944 | div=0.0172 ip_mean=0.0172 | val_AP=0.4183 test_AP=0.4209
  S2 Epoch 160/1000 [43.4s mem=8853MB] | total=0.0635 task=0.0644 novelty=-0.0953 | div=0.0171 ip_mean=0.0171 | val_AP=0.4229 test_AP=0.4199
  S2 Epoch 161/1000 [43.5s mem=8854MB] | total=0.0617 task=0.0624 novelty=-0.0958 | div=0.0179 ip_mean=0.0179 | val_AP=0.4154 test_AP=0.4169
  S2 Epoch 162/1000 [43.9s mem=8858MB] | total=0.0607 task=0.0613 novelty=-0.0944 | div=0.0177 ip_mean=0.0177 | val_AP=0.4220 test_AP=0.4230
  S2 Epoch 163/1000 [43.9s mem=8854MB] | total=0.0590 task=0.0601 novelty=-0.0963 | div=0.0171 ip_mean=0.0171 | val_AP=0.4218 test_AP=0.4146
  S2 Epoch 164/1000 [43.1s mem=8854MB] | total=0.0577 task=0.0585 novelty=-0.0945 | div=0.0173 ip_mean=0.0173 | val_AP=0.4251 test_AP=0.4248
  S2 Epoch 165/1000 [44.1s mem=8856MB] | total=0.0556 task=0.0566 novelty=-0.0943 | div=0.0169 ip_mean=0.0169 | val_AP=0.4262 test_AP=0.4253
  S2 Epoch 166/1000 [43.3s mem=8852MB] | total=0.0545 task=0.0554 novelty=-0.0937 | div=0.0169 ip_mean=0.0169 | val_AP=0.4246 test_AP=0.4239
  S2 Epoch 167/1000 [43.8s mem=8854MB] | total=0.0545 task=0.0553 novelty=-0.0950 | div=0.0173 ip_mean=0.0173 | val_AP=0.4263 test_AP=0.4304
  S2 Epoch 168/1000 [43.6s mem=8854MB] | total=0.0504 task=0.0514 novelty=-0.0940 | div=0.0168 ip_mean=0.0168 | val_AP=0.4225 test_AP=0.4305
  S2 Epoch 169/1000 [43.7s mem=8856MB] | total=0.0521 task=0.0533 novelty=-0.0922 | div=0.0160 ip_mean=0.0160 | val_AP=0.4240 test_AP=0.4318
  S2 Epoch 170/1000 [43.5s mem=8855MB] | total=0.0483 task=0.0495 novelty=-0.0943 | div=0.0165 ip_mean=0.0165 | val_AP=0.4217 test_AP=0.4230
  S2 Epoch 171/1000 [44.0s mem=8851MB] | total=0.0481 task=0.0491 novelty=-0.0935 | div=0.0166 ip_mean=0.0166 | val_AP=0.4341 test_AP=0.4334
  S2 Epoch 172/1000 [43.9s mem=8856MB] | total=0.0482 task=0.0493 novelty=-0.0952 | div=0.0169 ip_mean=0.0169 | val_AP=0.4295 test_AP=0.4379
  S2 Epoch 173/1000 [43.8s mem=8854MB] | total=0.0474 task=0.0483 novelty=-0.0950 | div=0.0173 ip_mean=0.0173 | val_AP=0.4253 test_AP=0.4311
  S2 Epoch 174/1000 [43.5s mem=8853MB] | total=0.0455 task=0.0463 novelty=-0.0957 | div=0.0174 ip_mean=0.0174 | val_AP=0.4323 test_AP=0.4244
  S2 Epoch 175/1000 [43.3s mem=8854MB] | total=0.0457 task=0.0467 novelty=-0.0948 | div=0.0169 ip_mean=0.0169 | val_AP=0.4291 test_AP=0.4296
  S2 Epoch 176/1000 [43.5s mem=8852MB] | total=0.0444 task=0.0455 novelty=-0.0929 | div=0.0165 ip_mean=0.0165 | val_AP=0.4327 test_AP=0.4348
  S2 Epoch 177/1000 [43.8s mem=8856MB] | total=0.0442 task=0.0451 novelty=-0.0934 | div=0.0167 ip_mean=0.0167 | val_AP=0.4295 test_AP=0.4280
  S2 Epoch 178/1000 [43.3s mem=8853MB] | total=0.0413 task=0.0424 novelty=-0.0934 | div=0.0164 ip_mean=0.0164 | val_AP=0.4315 test_AP=0.4380
  S2 Epoch 179/1000 [43.0s mem=8853MB] | total=0.0414 task=0.0425 novelty=-0.0933 | div=0.0165 ip_mean=0.0165 | val_AP=0.4281 test_AP=0.4372
  S2 Epoch 180/1000 [43.7s mem=8854MB] | total=0.0412 task=0.0423 novelty=-0.0921 | div=0.0161 ip_mean=0.0161 | val_AP=0.4301 test_AP=0.4341
  S2 Epoch 181/1000 [43.4s mem=8853MB] | total=0.0393 task=0.0407 novelty=-0.0927 | div=0.0158 ip_mean=0.0158 | val_AP=0.4263 test_AP=0.4400
  S2 Epoch 182/1000 [43.5s mem=8854MB] | total=0.0394 task=0.0407 novelty=-0.0919 | div=0.0159 ip_mean=0.0159 | val_AP=0.4335 test_AP=0.4380
  S2 Epoch 183/1000 [43.1s mem=8856MB] | total=0.0392 task=0.0403 novelty=-0.0944 | div=0.0167 ip_mean=0.0167 | val_AP=0.4254 test_AP=0.4297
  S2 Epoch 184/1000 [43.9s mem=8856MB] | total=0.0377 task=0.0390 novelty=-0.0937 | div=0.0161 ip_mean=0.0161 | val_AP=0.4290 test_AP=0.4339
  S2 Epoch 185/1000 [43.9s mem=8854MB] | total=0.0380 task=0.0393 novelty=-0.0923 | div=0.0158 ip_mean=0.0158 | val_AP=0.4245 test_AP=0.4327
  S2 Epoch 186/1000 [43.2s mem=8854MB] | total=0.0360 task=0.0372 novelty=-0.0939 | div=0.0163 ip_mean=0.0163 | val_AP=0.4264 test_AP=0.4375
  S2 Epoch 187/1000 [44.0s mem=8853MB] | total=0.0351 task=0.0364 novelty=-0.0929 | div=0.0158 ip_mean=0.0158 | val_AP=0.4246 test_AP=0.4327
  S2 Epoch 188/1000 [43.6s mem=8854MB] | total=0.0353 task=0.0360 novelty=-0.0919 | div=0.0171 ip_mean=0.0171 | val_AP=0.4319 test_AP=0.4293
  S2 Epoch 189/1000 [43.2s mem=8852MB] | total=0.0353 task=0.0364 novelty=-0.0942 | div=0.0167 ip_mean=0.0167 | val_AP=0.4333 test_AP=0.4440
  S2 Epoch 190/1000 [43.6s mem=8856MB] | total=0.0341 task=0.0350 novelty=-0.0937 | div=0.0169 ip_mean=0.0169 | val_AP=0.4286 test_AP=0.4467
  S2 Epoch 191/1000 [43.5s mem=8855MB] | total=0.0342 task=0.0353 novelty=-0.0920 | div=0.0160 ip_mean=0.0160 | val_AP=0.4317 test_AP=0.4381
  S2 Epoch 192/1000 [44.0s mem=8852MB] | total=0.0331 task=0.0343 novelty=-0.0934 | div=0.0163 ip_mean=0.0163 | val_AP=0.4292 test_AP=0.4415
  S2 Epoch 193/1000 [43.4s mem=8856MB] | total=0.0317 task=0.0334 novelty=-0.0923 | div=0.0151 ip_mean=0.0151 | val_AP=0.4411 test_AP=0.4387
  S2 Epoch 194/1000 [43.7s mem=8854MB] | total=0.0313 task=0.0328 novelty=-0.0939 | div=0.0157 ip_mean=0.0157 | val_AP=0.4365 test_AP=0.4399
  S2 Epoch 195/1000 [43.7s mem=8855MB] | total=0.0308 task=0.0323 novelty=-0.0937 | div=0.0157 ip_mean=0.0157 | val_AP=0.4341 test_AP=0.4411
  S2 Epoch 196/1000 [43.8s mem=8853MB] | total=0.0306 task=0.0320 novelty=-0.0921 | div=0.0158 ip_mean=0.0158 | val_AP=0.4281 test_AP=0.4411
  S2 Epoch 197/1000 [43.3s mem=8854MB] | total=0.0314 task=0.0331 novelty=-0.0931 | div=0.0153 ip_mean=0.0153 | val_AP=0.4322 test_AP=0.4379
  S2 Epoch 198/1000 [43.6s mem=8854MB] | total=0.0312 task=0.0324 novelty=-0.0916 | div=0.0160 ip_mean=0.0160 | val_AP=0.4326 test_AP=0.4405
  S2 Epoch 199/1000 [42.8s mem=8854MB] | total=0.0287 task=0.0301 novelty=-0.0931 | div=0.0158 ip_mean=0.0158 | val_AP=0.4336 test_AP=0.4400
  S2 Epoch 200/1000 [43.5s mem=8855MB] | total=0.0293 task=0.0306 novelty=-0.0948 | div=0.0163 ip_mean=0.0163 | val_AP=0.4305 test_AP=0.4456
  S2 Epoch 201/1000 [43.6s mem=8851MB] | total=0.0290 task=0.0305 novelty=-0.0926 | div=0.0154 ip_mean=0.0154 | val_AP=0.4285 test_AP=0.4395
  S2 Epoch 202/1000 [43.6s mem=8855MB] | total=0.0286 task=0.0298 novelty=-0.0901 | div=0.0156 ip_mean=0.0156 | val_AP=0.4355 test_AP=0.4425
  S2 Epoch 203/1000 [43.7s mem=8854MB] | total=0.0292 task=0.0307 novelty=-0.0918 | div=0.0155 ip_mean=0.0155 | val_AP=0.4281 test_AP=0.4448
  S2 Epoch 204/1000 [43.5s mem=8855MB] | total=0.0281 task=0.0297 novelty=-0.0932 | div=0.0154 ip_mean=0.0154 | val_AP=0.4323 test_AP=0.4381
  S2 Epoch 205/1000 [42.9s mem=8855MB] | total=0.0269 task=0.0285 novelty=-0.0927 | div=0.0154 ip_mean=0.0154 | val_AP=0.4302 test_AP=0.4430
  S2 Epoch 206/1000 [43.4s mem=8853MB] | total=0.0266 task=0.0281 novelty=-0.0920 | div=0.0154 ip_mean=0.0154 | val_AP=0.4271 test_AP=0.4410
  S2 Epoch 207/1000 [42.8s mem=8851MB] | total=0.0254 task=0.0272 novelty=-0.0920 | div=0.0149 ip_mean=0.0149 | val_AP=0.4317 test_AP=0.4414
  S2 Epoch 208/1000 [43.2s mem=8857MB] | total=0.0260 task=0.0277 novelty=-0.0930 | div=0.0151 ip_mean=0.0151 | val_AP=0.4289 test_AP=0.4484
  S2 Epoch 209/1000 [43.8s mem=8856MB] | total=0.0245 task=0.0264 novelty=-0.0925 | div=0.0148 ip_mean=0.0148 | val_AP=0.4318 test_AP=0.4443
  S2 Epoch 210/1000 [43.1s mem=8855MB] | total=0.0259 task=0.0271 novelty=-0.0922 | div=0.0160 ip_mean=0.0160 | val_AP=0.4277 test_AP=0.4396
  S2 Epoch 211/1000 [43.6s mem=8853MB] | total=0.0260 task=0.0275 novelty=-0.0957 | div=0.0162 ip_mean=0.0162 | val_AP=0.4254 test_AP=0.4389
  S2 Epoch 212/1000 [43.3s mem=8856MB] | total=0.0271 task=0.0286 novelty=-0.0931 | div=0.0157 ip_mean=0.0157 | val_AP=0.4287 test_AP=0.4387
  S2 Epoch 213/1000 [43.7s mem=8856MB] | total=0.0240 task=0.0258 novelty=-0.0938 | div=0.0152 ip_mean=0.0152 | val_AP=0.4308 test_AP=0.4407
  S2 Epoch 214/1000 [43.2s mem=8854MB] | total=0.0243 task=0.0262 novelty=-0.0934 | div=0.0148 ip_mean=0.0148 | val_AP=0.4296 test_AP=0.4433
  S2 Epoch 215/1000 [44.0s mem=8853MB] | total=0.0236 task=0.0255 novelty=-0.0941 | div=0.0152 ip_mean=0.0152 | val_AP=0.4317 test_AP=0.4417
  S2 Epoch 216/1000 [43.7s mem=8856MB] | total=0.0231 task=0.0246 novelty=-0.0943 | div=0.0157 ip_mean=0.0157 | val_AP=0.4284 test_AP=0.4531
  S2 Epoch 217/1000 [43.6s mem=8852MB] | total=0.0231 task=0.0248 novelty=-0.0932 | div=0.0151 ip_mean=0.0151 | val_AP=0.4229 test_AP=0.4487
  S2 Epoch 218/1000 [43.2s mem=8856MB] | total=0.0225 task=0.0242 novelty=-0.0928 | div=0.0150 ip_mean=0.0150 | val_AP=0.4316 test_AP=0.4512
  S2 Epoch 219/1000 [43.2s mem=8854MB] | total=0.0229 task=0.0247 novelty=-0.0912 | div=0.0145 ip_mean=0.0145 | val_AP=0.4290 test_AP=0.4545
  S2 Epoch 220/1000 [43.3s mem=8854MB] | total=0.0219 task=0.0239 novelty=-0.0924 | div=0.0143 ip_mean=0.0143 | val_AP=0.4346 test_AP=0.4528
  S2 Epoch 221/1000 [43.9s mem=8853MB] | total=0.0217 task=0.0235 novelty=-0.0932 | div=0.0152 ip_mean=0.0152 | val_AP=0.4258 test_AP=0.4502
  S2 Epoch 222/1000 [43.4s mem=8854MB] | total=0.0229 task=0.0246 novelty=-0.0944 | div=0.0155 ip_mean=0.0155 | val_AP=0.4283 test_AP=0.4471
  S2 Epoch 223/1000 [43.7s mem=8857MB] | total=0.0214 task=0.0233 novelty=-0.0941 | div=0.0150 ip_mean=0.0150 | val_AP=0.4247 test_AP=0.4432
  S2 Epoch 224/1000 [43.6s mem=8855MB] | total=0.0207 task=0.0227 novelty=-0.0919 | div=0.0143 ip_mean=0.0143 | val_AP=0.4188 test_AP=0.4453
  S2 Epoch 225/1000 [43.5s mem=8856MB] | total=0.0210 task=0.0230 novelty=-0.0934 | div=0.0148 ip_mean=0.0148 | val_AP=0.4318 test_AP=0.4392
  S2 Epoch 226/1000 [43.3s mem=8854MB] | total=0.0206 task=0.0226 novelty=-0.0932 | div=0.0146 ip_mean=0.0146 | val_AP=0.4241 test_AP=0.4419
  S2 Epoch 227/1000 [43.6s mem=8851MB] | total=0.0210 task=0.0232 novelty=-0.0925 | div=0.0143 ip_mean=0.0143 | val_AP=0.4199 test_AP=0.4416
  S2 Epoch 228/1000 [43.4s mem=8856MB] | total=0.0212 task=0.0231 novelty=-0.0946 | div=0.0151 ip_mean=0.0151 | val_AP=0.4260 test_AP=0.4420
  S2 Epoch 229/1000 [43.0s mem=8856MB] | total=0.0208 task=0.0225 novelty=-0.0944 | div=0.0154 ip_mean=0.0154 | val_AP=0.4239 test_AP=0.4446
  S2 Epoch 230/1000 [43.3s mem=8854MB] | total=0.0205 task=0.0226 novelty=-0.0929 | div=0.0144 ip_mean=0.0144 | val_AP=0.4311 test_AP=0.4499
  S2 Epoch 231/1000 [43.4s mem=8857MB] | total=0.0203 task=0.0221 novelty=-0.0920 | div=0.0148 ip_mean=0.0148 | val_AP=0.4250 test_AP=0.4432
  S2 Epoch 232/1000 [43.4s mem=8853MB] | total=0.0216 task=0.0236 novelty=-0.0958 | div=0.0152 ip_mean=0.0152 | val_AP=0.4307 test_AP=0.4413
  S2 Epoch 233/1000 [43.7s mem=8853MB] | total=0.0216 task=0.0233 novelty=-0.0932 | div=0.0151 ip_mean=0.0151 | val_AP=0.4227 test_AP=0.4457
  S2 Epoch 234/1000 [43.4s mem=8855MB] | total=0.0203 task=0.0220 novelty=-0.0919 | div=0.0150 ip_mean=0.0150 | val_AP=0.4246 test_AP=0.4450
  S2 Epoch 235/1000 [43.6s mem=8854MB] | total=0.0207 task=0.0225 novelty=-0.0941 | div=0.0152 ip_mean=0.0152 | val_AP=0.4337 test_AP=0.4470
  S2 Epoch 236/1000 [43.4s mem=8857MB] | total=0.0190 task=0.0208 novelty=-0.0905 | div=0.0144 ip_mean=0.0144 | val_AP=0.4236 test_AP=0.4404
  S2 Epoch 237/1000 [43.4s mem=8855MB] | total=0.0195 task=0.0216 novelty=-0.0914 | div=0.0141 ip_mean=0.0141 | val_AP=0.4229 test_AP=0.4407
  S2 Epoch 238/1000 [43.0s mem=8856MB] | total=0.0199 task=0.0219 novelty=-0.0920 | div=0.0144 ip_mean=0.0144 | val_AP=0.4199 test_AP=0.4401
  S2 Epoch 239/1000 [43.5s mem=8853MB] | total=0.0183 task=0.0204 novelty=-0.0912 | div=0.0141 ip_mean=0.0141 | val_AP=0.4280 test_AP=0.4465
  S2 Epoch 240/1000 [43.1s mem=8855MB] | total=0.0177 task=0.0199 novelty=-0.0925 | div=0.0142 ip_mean=0.0142 | val_AP=0.4299 test_AP=0.4458
  S2 Epoch 241/1000 [43.7s mem=8851MB] | total=0.0182 task=0.0203 novelty=-0.0928 | div=0.0143 ip_mean=0.0143 | val_AP=0.4240 test_AP=0.4451
  S2 Epoch 242/1000 [43.9s mem=8855MB] | total=0.0187 task=0.0208 novelty=-0.0923 | div=0.0142 ip_mean=0.0142 | val_AP=0.4271 test_AP=0.4389
  S2 Epoch 243/1000 [43.6s mem=8852MB] | total=0.0181 task=0.0204 novelty=-0.0945 | div=0.0143 ip_mean=0.0143 | val_AP=0.4263 test_AP=0.4460
  S2 Epoch 244/1000 [44.0s mem=8855MB] | total=0.0187 task=0.0205 novelty=-0.0945 | div=0.0152 ip_mean=0.0152 | val_AP=0.4259 test_AP=0.4494
  S2 Epoch 245/1000 [43.8s mem=8854MB] | total=0.0182 task=0.0203 novelty=-0.0926 | div=0.0143 ip_mean=0.0143 | val_AP=0.4258 test_AP=0.4394
  S2 Epoch 246/1000 [43.4s mem=8856MB] | total=0.0170 task=0.0191 novelty=-0.0923 | div=0.0143 ip_mean=0.0143 | val_AP=0.4252 test_AP=0.4428
  S2 Epoch 247/1000 [43.3s mem=8852MB] | total=0.0172 task=0.0195 novelty=-0.0909 | div=0.0136 ip_mean=0.0136 | val_AP=0.4328 test_AP=0.4449
  S2 Epoch 248/1000 [43.5s mem=8855MB] | total=0.0173 task=0.0199 novelty=-0.0914 | div=0.0131 ip_mean=0.0131 | val_AP=0.4306 test_AP=0.4450
  S2 Epoch 249/1000 [43.5s mem=8853MB] | total=0.0169 task=0.0192 novelty=-0.0926 | div=0.0139 ip_mean=0.0139 | val_AP=0.4314 test_AP=0.4494
  S2 Epoch 250/1000 [43.2s mem=8857MB] | total=0.0159 task=0.0184 novelty=-0.0928 | div=0.0135 ip_mean=0.0135 | val_AP=0.4339 test_AP=0.4444
  S2 Epoch 251/1000 [43.2s mem=8857MB] | total=0.0174 task=0.0197 novelty=-0.0941 | div=0.0143 ip_mean=0.0143 | val_AP=0.4314 test_AP=0.4504
  S2 Epoch 252/1000 [43.1s mem=8854MB] | total=0.0162 task=0.0186 novelty=-0.0922 | div=0.0137 ip_mean=0.0137 | val_AP=0.4219 test_AP=0.4519
  S2 Epoch 253/1000 [43.6s mem=8855MB] | total=0.0172 task=0.0194 novelty=-0.0933 | div=0.0142 ip_mean=0.0142 | val_AP=0.4271 test_AP=0.4405
  S2 Epoch 254/1000 [43.2s mem=8854MB] | total=0.0159 task=0.0183 novelty=-0.0928 | div=0.0137 ip_mean=0.0137 | val_AP=0.4339 test_AP=0.4461
  S2 Epoch 255/1000 [43.8s mem=8854MB] | total=0.0163 task=0.0186 novelty=-0.0942 | div=0.0143 ip_mean=0.0143 | val_AP=0.4273 test_AP=0.4476
  S2 Epoch 256/1000 [43.8s mem=8855MB] | total=0.0165 task=0.0188 novelty=-0.0936 | div=0.0143 ip_mean=0.0143 | val_AP=0.4261 test_AP=0.4481
  S2 Epoch 257/1000 [43.4s mem=8851MB] | total=0.0158 task=0.0182 novelty=-0.0940 | div=0.0140 ip_mean=0.0140 | val_AP=0.4286 test_AP=0.4440
  S2 Epoch 258/1000 [43.5s mem=8854MB] | total=0.0161 task=0.0185 novelty=-0.0947 | div=0.0140 ip_mean=0.0140 | val_AP=0.4319 test_AP=0.4423
  S2 Epoch 259/1000 [43.7s mem=8853MB] | total=0.0165 task=0.0186 novelty=-0.0953 | div=0.0147 ip_mean=0.0147 | val_AP=0.4309 test_AP=0.4429
  S2 Epoch 260/1000 [43.7s mem=8854MB] | total=0.0160 task=0.0185 novelty=-0.0912 | div=0.0133 ip_mean=0.0133 | val_AP=0.4278 test_AP=0.4447
  S2 Epoch 261/1000 [43.6s mem=8854MB] | total=0.0162 task=0.0186 novelty=-0.0919 | div=0.0136 ip_mean=0.0136 | val_AP=0.4265 test_AP=0.4492
  S2 Epoch 262/1000 [43.6s mem=8854MB] | total=0.0145 task=0.0170 novelty=-0.0951 | div=0.0140 ip_mean=0.0140 | val_AP=0.4233 test_AP=0.4426
  S2 Epoch 263/1000 [42.4s mem=8856MB] | total=0.0147 task=0.0172 novelty=-0.0934 | div=0.0137 ip_mean=0.0137 | val_AP=0.4269 test_AP=0.4480
  S2 Epoch 264/1000 [44.0s mem=8855MB] | total=0.0148 task=0.0174 novelty=-0.0953 | div=0.0137 ip_mean=0.0137 | val_AP=0.4342 test_AP=0.4507
  S2 Epoch 265/1000 [43.4s mem=8856MB] | total=0.0152 task=0.0177 novelty=-0.0941 | div=0.0138 ip_mean=0.0138 | val_AP=0.4281 test_AP=0.4488
  S2 Epoch 266/1000 [43.8s mem=8853MB] | total=0.0167 task=0.0191 novelty=-0.0939 | div=0.0141 ip_mean=0.0141 | val_AP=0.4304 test_AP=0.4526
  S2 Epoch 267/1000 [43.8s mem=8851MB] | total=0.0143 task=0.0167 novelty=-0.0929 | div=0.0138 ip_mean=0.0138 | val_AP=0.4330 test_AP=0.4531
  S2 Epoch 268/1000 [43.2s mem=8857MB] | total=0.0152 task=0.0172 novelty=-0.0950 | div=0.0150 ip_mean=0.0150 | val_AP=0.4264 test_AP=0.4583
  S2 Epoch 269/1000 [43.4s mem=8853MB] | total=0.0145 task=0.0170 novelty=-0.0964 | div=0.0143 ip_mean=0.0143 | val_AP=0.4275 test_AP=0.4397
  S2 Epoch 270/1000 [43.7s mem=8853MB] | total=0.0141 task=0.0168 novelty=-0.0947 | div=0.0137 ip_mean=0.0137 | val_AP=0.4240 test_AP=0.4428
  S2 Epoch 271/1000 [43.8s mem=8856MB] | total=0.0148 task=0.0172 novelty=-0.0930 | div=0.0137 ip_mean=0.0137 | val_AP=0.4285 test_AP=0.4482
  S2 Epoch 272/1000 [43.6s mem=8855MB] | total=0.0143 task=0.0170 novelty=-0.0955 | div=0.0137 ip_mean=0.0137 | val_AP=0.4282 test_AP=0.4450
  S2 Epoch 273/1000 [44.0s mem=8855MB] | total=0.0142 task=0.0167 novelty=-0.0928 | div=0.0135 ip_mean=0.0135 | val_AP=0.4220 test_AP=0.4445
  S2 Epoch 274/1000 [43.7s mem=8855MB] | total=0.0145 task=0.0170 novelty=-0.0940 | div=0.0138 ip_mean=0.0138 | val_AP=0.4274 test_AP=0.4531
  S2 Epoch 275/1000 [43.8s mem=8855MB] | total=0.0138 task=0.0165 novelty=-0.0955 | div=0.0137 ip_mean=0.0137 | val_AP=0.4328 test_AP=0.4563
  S2 Epoch 276/1000 [44.1s mem=8853MB] | total=0.0135 task=0.0161 novelty=-0.0942 | div=0.0137 ip_mean=0.0137 | val_AP=0.4325 test_AP=0.4513
  S2 Epoch 277/1000 [43.6s mem=8856MB] | total=0.0143 task=0.0170 novelty=-0.0934 | div=0.0132 ip_mean=0.0132 | val_AP=0.4294 test_AP=0.4406
  S2 Epoch 278/1000 [43.6s mem=8856MB] | total=0.0133 task=0.0160 novelty=-0.0958 | div=0.0138 ip_mean=0.0138 | val_AP=0.4303 test_AP=0.4548
  S2 Epoch 279/1000 [43.6s mem=8853MB] | total=0.0138 task=0.0162 novelty=-0.0936 | div=0.0140 ip_mean=0.0140 | val_AP=0.4346 test_AP=0.4568
  S2 Epoch 280/1000 [43.6s mem=8853MB] | total=0.0141 task=0.0167 novelty=-0.0955 | div=0.0138 ip_mean=0.0138 | val_AP=0.4374 test_AP=0.4565
  S2 Epoch 281/1000 [44.0s mem=8856MB] | total=0.0141 task=0.0167 novelty=-0.0955 | div=0.0139 ip_mean=0.0139 | val_AP=0.4275 test_AP=0.4524
  S2 Epoch 282/1000 [43.4s mem=8856MB] | total=0.0131 task=0.0160 novelty=-0.0939 | div=0.0131 ip_mean=0.0131 | val_AP=0.4258 test_AP=0.4458
  S2 Epoch 283/1000 [43.4s mem=8853MB] | total=0.0129 task=0.0155 novelty=-0.0952 | div=0.0139 ip_mean=0.0139 | val_AP=0.4282 test_AP=0.4481
  S2 Epoch 284/1000 [44.1s mem=8854MB] | total=0.0138 task=0.0165 novelty=-0.0947 | div=0.0137 ip_mean=0.0137 | val_AP=0.4235 test_AP=0.4420
  S2 Epoch 285/1000 [43.6s mem=8836MB] | total=0.0137 task=0.0164 novelty=-0.0961 | div=0.0138 ip_mean=0.0138 | val_AP=0.4257 test_AP=0.4472
  S2 Epoch 286/1000 [43.8s mem=8851MB] | total=0.0131 task=0.0155 novelty=-0.0938 | div=0.0138 ip_mean=0.0138 | val_AP=0.4254 test_AP=0.4507
  S2 Epoch 287/1000 [43.4s mem=8854MB] | total=0.0130 task=0.0157 novelty=-0.0925 | div=0.0132 ip_mean=0.0132 | val_AP=0.4262 test_AP=0.4489
  S2 Epoch 288/1000 [43.9s mem=8853MB] | total=0.0119 task=0.0145 novelty=-0.0930 | div=0.0135 ip_mean=0.0135 | val_AP=0.4264 test_AP=0.4543
  S2 Epoch 289/1000 [43.8s mem=8854MB] | total=0.0130 task=0.0157 novelty=-0.0936 | div=0.0133 ip_mean=0.0133 | val_AP=0.4292 test_AP=0.4576
  S2 Epoch 290/1000 [43.9s mem=8856MB] | total=0.0120 task=0.0149 novelty=-0.0948 | div=0.0131 ip_mean=0.0131 | val_AP=0.4280 test_AP=0.4434
  S2 Epoch 291/1000 [44.2s mem=8858MB] | total=0.0128 task=0.0155 novelty=-0.0940 | div=0.0135 ip_mean=0.0135 | val_AP=0.4257 test_AP=0.4494
  S2 Epoch 292/1000 [44.2s mem=8857MB] | total=0.0137 task=0.0161 novelty=-0.0963 | div=0.0145 ip_mean=0.0145 | val_AP=0.4272 test_AP=0.4511
  S2 Epoch 293/1000 [44.0s mem=8853MB] | total=0.0118 task=0.0146 novelty=-0.0943 | div=0.0133 ip_mean=0.0133 | val_AP=0.4186 test_AP=0.4457
  S2 Epoch 294/1000 [43.9s mem=8854MB] | total=0.0132 task=0.0159 novelty=-0.0932 | div=0.0133 ip_mean=0.0133 | val_AP=0.4240 test_AP=0.4494
  S2 Epoch 295/1000 [44.2s mem=8855MB] | total=0.0129 task=0.0156 novelty=-0.0956 | div=0.0136 ip_mean=0.0136 | val_AP=0.4281 test_AP=0.4484
  S2 Epoch 296/1000 [43.6s mem=8856MB] | total=0.0117 task=0.0147 novelty=-0.0948 | div=0.0129 ip_mean=0.0129 | val_AP=0.4197 test_AP=0.4541
  S2 Epoch 297/1000 [43.6s mem=8856MB] | total=0.0124 task=0.0153 novelty=-0.0946 | div=0.0131 ip_mean=0.0131 | val_AP=0.4302 test_AP=0.4537
  S2 Epoch 298/1000 [43.7s mem=8855MB] | total=0.0120 task=0.0149 novelty=-0.0963 | div=0.0136 ip_mean=0.0136 | val_AP=0.4347 test_AP=0.4542
  S2 Epoch 299/1000 [43.4s mem=8854MB] | total=0.0115 task=0.0143 novelty=-0.0958 | div=0.0135 ip_mean=0.0135 | val_AP=0.4230 test_AP=0.4553
  S2 Epoch 300/1000 [44.0s mem=8853MB] | total=0.0121 task=0.0146 novelty=-0.0954 | div=0.0141 ip_mean=0.0141 | val_AP=0.4237 test_AP=0.4570
  S2 Epoch 301/1000 [43.2s mem=8856MB] | total=0.0121 task=0.0148 novelty=-0.0945 | div=0.0135 ip_mean=0.0135 | val_AP=0.4257 test_AP=0.4496
  S2 Epoch 302/1000 [34.4s mem=8854MB] | total=0.0108 task=0.0137 novelty=-0.0958 | div=0.0133 ip_mean=0.0133 | val_AP=0.4318 test_AP=0.4526
  S2 Epoch 303/1000 [43.1s mem=8855MB] | total=0.0108 task=0.0139 novelty=-0.0964 | div=0.0132 ip_mean=0.0132 | val_AP=0.4234 test_AP=0.4472
  S2 Epoch 304/1000 [43.3s mem=8854MB] | total=0.0111 task=0.0142 novelty=-0.0955 | div=0.0130 ip_mean=0.0130 | val_AP=0.4314 test_AP=0.4543
  S2 Epoch 305/1000 [43.5s mem=8855MB] | total=0.0108 task=0.0137 novelty=-0.0974 | div=0.0136 ip_mean=0.0136 | val_AP=0.4316 test_AP=0.4508
  S2 Epoch 306/1000 [43.3s mem=8854MB] | total=0.0114 task=0.0143 novelty=-0.0947 | div=0.0131 ip_mean=0.0131 | val_AP=0.4242 test_AP=0.4578
  S2 Epoch 307/1000 [43.9s mem=8855MB] | total=0.0110 task=0.0139 novelty=-0.0966 | div=0.0136 ip_mean=0.0136 | val_AP=0.4290 test_AP=0.4533
  S2 Epoch 308/1000 [43.7s mem=8852MB] | total=0.0116 task=0.0144 novelty=-0.0967 | div=0.0138 ip_mean=0.0138 | val_AP=0.4283 test_AP=0.4528
  S2 Epoch 309/1000 [43.7s mem=8852MB] | total=0.0113 task=0.0141 novelty=-0.0962 | div=0.0136 ip_mean=0.0136 | val_AP=0.4249 test_AP=0.4536
  S2 Epoch 310/1000 [43.7s mem=8851MB] | total=0.0117 task=0.0142 novelty=-0.0960 | div=0.0141 ip_mean=0.0141 | val_AP=0.4256 test_AP=0.4483
  S2 Epoch 311/1000 [43.9s mem=8854MB] | total=0.0116 task=0.0141 novelty=-0.0939 | div=0.0138 ip_mean=0.0138 | val_AP=0.4318 test_AP=0.4469
  S2 Epoch 312/1000 [43.2s mem=8852MB] | total=0.0119 task=0.0149 novelty=-0.0965 | div=0.0133 ip_mean=0.0133 | val_AP=0.4309 test_AP=0.4475
  S2 Epoch 313/1000 [43.1s mem=8855MB] | total=0.0105 task=0.0132 novelty=-0.0966 | div=0.0139 ip_mean=0.0139 | val_AP=0.4314 test_AP=0.4474
  S2 Epoch 314/1000 [42.9s mem=8852MB] | total=0.0110 task=0.0137 novelty=-0.0984 | div=0.0142 ip_mean=0.0142 | val_AP=0.4288 test_AP=0.4525
  S2 Epoch 315/1000 [43.3s mem=8853MB] | total=0.0122 task=0.0149 novelty=-0.0979 | div=0.0142 ip_mean=0.0142 | val_AP=0.4293 test_AP=0.4399
  S2 Epoch 316/1000 [44.0s mem=8855MB] | total=0.0113 task=0.0143 novelty=-0.0966 | div=0.0133 ip_mean=0.0133 | val_AP=0.4299 test_AP=0.4452
  S2 Epoch 317/1000 [43.7s mem=8857MB] | total=0.0105 task=0.0134 novelty=-0.0968 | div=0.0137 ip_mean=0.0137 | val_AP=0.4294 test_AP=0.4544
  S2 Epoch 318/1000 [43.5s mem=8857MB] | total=0.0108 task=0.0135 novelty=-0.0963 | div=0.0139 ip_mean=0.0139 | val_AP=0.4357 test_AP=0.4516
  S2 Epoch 319/1000 [43.6s mem=8852MB] | total=0.0106 task=0.0135 novelty=-0.0970 | div=0.0136 ip_mean=0.0136 | val_AP=0.4367 test_AP=0.4524
  S2 Epoch 320/1000 [42.8s mem=8853MB] | total=0.0105 task=0.0136 novelty=-0.0963 | div=0.0131 ip_mean=0.0131 | val_AP=0.4286 test_AP=0.4434
  S2 Epoch 321/1000 [43.6s mem=8856MB] | total=0.0116 task=0.0144 novelty=-0.0988 | div=0.0142 ip_mean=0.0142 | val_AP=0.4329 test_AP=0.4564
  S2 Epoch 322/1000 [43.1s mem=8853MB] | total=0.0112 task=0.0139 novelty=-0.0974 | div=0.0141 ip_mean=0.0141 | val_AP=0.4322 test_AP=0.4439
  S2 Epoch 323/1000 [43.4s mem=8857MB] | total=0.0109 task=0.0139 novelty=-0.0950 | div=0.0131 ip_mean=0.0131 | val_AP=0.4336 test_AP=0.4472
  S2 Epoch 324/1000 [42.9s mem=8855MB] | total=0.0100 task=0.0131 novelty=-0.0940 | div=0.0127 ip_mean=0.0127 | val_AP=0.4309 test_AP=0.4432
  S2 Epoch 325/1000 [43.1s mem=8855MB] | total=0.0099 task=0.0131 novelty=-0.0955 | div=0.0128 ip_mean=0.0128 | val_AP=0.4363 test_AP=0.4509
  S2 Epoch 326/1000 [43.8s mem=8852MB] | total=0.0110 task=0.0139 novelty=-0.0956 | div=0.0132 ip_mean=0.0132 | val_AP=0.4315 test_AP=0.4465
  S2 Epoch 327/1000 [43.4s mem=8854MB] | total=0.0108 task=0.0137 novelty=-0.0977 | div=0.0138 ip_mean=0.0138 | val_AP=0.4293 test_AP=0.4495
  S2 Epoch 328/1000 [43.5s mem=8854MB] | total=0.0097 task=0.0129 novelty=-0.1002 | div=0.0137 ip_mean=0.0137 | val_AP=0.4302 test_AP=0.4507
  S2 Epoch 329/1000 [43.4s mem=8854MB] | total=0.0099 task=0.0131 novelty=-0.0957 | div=0.0128 ip_mean=0.0128 | val_AP=0.4266 test_AP=0.4541
  S2 Epoch 330/1000 [43.2s mem=8857MB] | total=0.0094 task=0.0125 novelty=-0.0973 | div=0.0133 ip_mean=0.0133 | val_AP=0.4284 test_AP=0.4505
  S2 Epoch 331/1000 [43.8s mem=8853MB] | total=0.0093 task=0.0124 novelty=-0.0967 | div=0.0131 ip_mean=0.0131 | val_AP=0.4303 test_AP=0.4527
  S2 Epoch 332/1000 [42.9s mem=8854MB] | total=0.0098 task=0.0129 novelty=-0.0959 | div=0.0129 ip_mean=0.0129 | val_AP=0.4304 test_AP=0.4523
  S2 Epoch 333/1000 [43.2s mem=8855MB] | total=0.0092 task=0.0125 novelty=-0.0944 | div=0.0124 ip_mean=0.0124 | val_AP=0.4411 test_AP=0.4565
  S2 Epoch 334/1000 [44.1s mem=8853MB] | total=0.0096 task=0.0127 novelty=-0.0960 | div=0.0129 ip_mean=0.0129 | val_AP=0.4350 test_AP=0.4494
  S2 Epoch 335/1000 [43.5s mem=8855MB] | total=0.0108 task=0.0139 novelty=-0.0959 | div=0.0130 ip_mean=0.0130 | val_AP=0.4330 test_AP=0.4528
  S2 Epoch 336/1000 [43.7s mem=8854MB] | total=0.0101 task=0.0132 novelty=-0.0943 | div=0.0127 ip_mean=0.0127 | val_AP=0.4288 test_AP=0.4505
  S2 Epoch 337/1000 [43.8s mem=8855MB] | total=0.0091 task=0.0123 novelty=-0.0958 | div=0.0126 ip_mean=0.0126 | val_AP=0.4262 test_AP=0.4533
  S2 Epoch 338/1000 [43.9s mem=8855MB] | total=0.0090 task=0.0122 novelty=-0.0970 | div=0.0128 ip_mean=0.0128 | val_AP=0.4266 test_AP=0.4477
  S2 Epoch 339/1000 [43.2s mem=8854MB] | total=0.0104 task=0.0136 novelty=-0.0975 | div=0.0132 ip_mean=0.0132 | val_AP=0.4297 test_AP=0.4503
  S2 Epoch 340/1000 [43.9s mem=8601MB] | total=0.0097 task=0.0130 novelty=-0.0981 | div=0.0131 ip_mean=0.0131 | val_AP=0.4366 test_AP=0.4513
  S2 Epoch 341/1000 [43.7s mem=8856MB] | total=0.0091 task=0.0124 novelty=-0.0974 | div=0.0128 ip_mean=0.0128 | val_AP=0.4312 test_AP=0.4485
  S2 Epoch 342/1000 [44.1s mem=8858MB] | total=0.0098 task=0.0131 novelty=-0.0964 | div=0.0126 ip_mean=0.0126 | val_AP=0.4331 test_AP=0.4485
  S2 Epoch 343/1000 [43.5s mem=8855MB] | total=0.0103 task=0.0135 novelty=-0.0968 | div=0.0130 ip_mean=0.0130 | val_AP=0.4343 test_AP=0.4479
  S2 Epoch 344/1000 [43.3s mem=8855MB] | total=0.0089 task=0.0122 novelty=-0.0963 | div=0.0127 ip_mean=0.0127 | val_AP=0.4311 test_AP=0.4466
  S2 Epoch 345/1000 [43.5s mem=8856MB] | total=0.0087 task=0.0120 novelty=-0.0957 | div=0.0126 ip_mean=0.0126 | val_AP=0.4306 test_AP=0.4444
  S2 Epoch 346/1000 [43.6s mem=8855MB] | total=0.0083 task=0.0117 novelty=-0.0971 | div=0.0126 ip_mean=0.0126 | val_AP=0.4270 test_AP=0.4521
  S2 Epoch 347/1000 [44.1s mem=8854MB] | total=0.0086 task=0.0119 novelty=-0.0960 | div=0.0125 ip_mean=0.0125 | val_AP=0.4288 test_AP=0.4500
  S2 Epoch 348/1000 [43.4s mem=8853MB] | total=0.0091 task=0.0122 novelty=-0.0979 | div=0.0133 ip_mean=0.0133 | val_AP=0.4294 test_AP=0.4525
  S2 Epoch 349/1000 [43.5s mem=8854MB] | total=0.0082 task=0.0116 novelty=-0.0966 | div=0.0125 ip_mean=0.0125 | val_AP=0.4231 test_AP=0.4508
  S2 Epoch 350/1000 [43.8s mem=8853MB] | total=0.0091 task=0.0125 novelty=-0.0977 | div=0.0129 ip_mean=0.0129 | val_AP=0.4317 test_AP=0.4515
  S2 Epoch 351/1000 [43.4s mem=8854MB] | total=0.0091 task=0.0123 novelty=-0.0969 | div=0.0131 ip_mean=0.0131 | val_AP=0.4253 test_AP=0.4456
  S2 Epoch 352/1000 [43.2s mem=8855MB] | total=0.0085 task=0.0118 novelty=-0.0976 | div=0.0129 ip_mean=0.0129 | val_AP=0.4303 test_AP=0.4468
  S2 Epoch 353/1000 [43.4s mem=8856MB] | total=0.0077 task=0.0113 novelty=-0.0959 | div=0.0121 ip_mean=0.0121 | val_AP=0.4272 test_AP=0.4496
  S2 Epoch 354/1000 [43.7s mem=8854MB] | total=0.0089 task=0.0124 novelty=-0.0962 | div=0.0123 ip_mean=0.0123 | val_AP=0.4263 test_AP=0.4504
  S2 Epoch 355/1000 [43.6s mem=8854MB] | total=0.0079 task=0.0113 novelty=-0.0968 | div=0.0125 ip_mean=0.0125 | val_AP=0.4314 test_AP=0.4479
  S2 Epoch 356/1000 [43.7s mem=8854MB] | total=0.0086 task=0.0120 novelty=-0.0979 | div=0.0128 ip_mean=0.0128 | val_AP=0.4244 test_AP=0.4531
  S2 Epoch 357/1000 [43.6s mem=8855MB] | total=0.0085 task=0.0117 novelty=-0.0994 | div=0.0135 ip_mean=0.0135 | val_AP=0.4270 test_AP=0.4470
  S2 Epoch 358/1000 [43.3s mem=8852MB] | total=0.0095 task=0.0129 novelty=-0.0971 | div=0.0127 ip_mean=0.0127 | val_AP=0.4334 test_AP=0.4604
  S2 Epoch 359/1000 [43.9s mem=8854MB] | total=0.0087 task=0.0120 novelty=-0.0981 | div=0.0130 ip_mean=0.0130 | val_AP=0.4219 test_AP=0.4454
  S2 Epoch 360/1000 [43.3s mem=8855MB] | total=0.0082 task=0.0116 novelty=-0.0979 | div=0.0128 ip_mean=0.0128 | val_AP=0.4300 test_AP=0.4441
  S2 Epoch 361/1000 [43.8s mem=8854MB] | total=0.0082 task=0.0117 novelty=-0.0994 | div=0.0129 ip_mean=0.0129 | val_AP=0.4271 test_AP=0.4430
  S2 Epoch 362/1000 [42.7s mem=8854MB] | total=0.0082 task=0.0116 novelty=-0.0979 | div=0.0127 ip_mean=0.0127 | val_AP=0.4289 test_AP=0.4455
  S2 Epoch 363/1000 [43.3s mem=8860MB] | total=0.0085 task=0.0117 novelty=-0.0965 | div=0.0130 ip_mean=0.0130 | val_AP=0.4331 test_AP=0.4476
  S2 Epoch 364/1000 [44.1s mem=8855MB] | total=0.0083 task=0.0115 novelty=-0.0986 | div=0.0132 ip_mean=0.0132 | val_AP=0.4316 test_AP=0.4498
  S2 Epoch 365/1000 [43.6s mem=8854MB] | total=0.0079 task=0.0115 novelty=-0.0970 | div=0.0122 ip_mean=0.0122 | val_AP=0.4278 test_AP=0.4461
  S2 Epoch 366/1000 [43.7s mem=8854MB] | total=0.0073 task=0.0107 novelty=-0.0989 | div=0.0128 ip_mean=0.0128 | val_AP=0.4266 test_AP=0.4504
  S2 Epoch 367/1000 [44.1s mem=8853MB] | total=0.0079 task=0.0113 novelty=-0.0979 | div=0.0128 ip_mean=0.0128 | val_AP=0.4291 test_AP=0.4483
  S2 Epoch 368/1000 [44.0s mem=8853MB] | total=0.0080 task=0.0113 novelty=-0.1020 | div=0.0137 ip_mean=0.0137 | val_AP=0.4305 test_AP=0.4445
  S2 Epoch 369/1000 [43.4s mem=8857MB] | total=0.0083 task=0.0117 novelty=-0.0988 | div=0.0131 ip_mean=0.0131 | val_AP=0.4319 test_AP=0.4520
  S2 Epoch 370/1000 [43.6s mem=8855MB] | total=0.0082 task=0.0115 novelty=-0.0998 | div=0.0132 ip_mean=0.0132 | val_AP=0.4334 test_AP=0.4537
  S2 Epoch 371/1000 [43.3s mem=8855MB] | total=0.0085 task=0.0117 novelty=-0.0979 | div=0.0131 ip_mean=0.0131 | val_AP=0.4295 test_AP=0.4560
  S2 Epoch 372/1000 [43.4s mem=8854MB] | total=0.0074 task=0.0108 novelty=-0.0969 | div=0.0127 ip_mean=0.0127 | val_AP=0.4265 test_AP=0.4510
  S2 Epoch 373/1000 [43.4s mem=8854MB] | total=0.0086 task=0.0120 novelty=-0.0959 | div=0.0124 ip_mean=0.0124 | val_AP=0.4253 test_AP=0.4479
  S2 Epoch 374/1000 [43.3s mem=8855MB] | total=0.0079 task=0.0111 novelty=-0.0968 | div=0.0130 ip_mean=0.0130 | val_AP=0.4225 test_AP=0.4526
  S2 Epoch 375/1000 [43.5s mem=8856MB] | total=0.0080 task=0.0111 novelty=-0.0959 | div=0.0128 ip_mean=0.0128 | val_AP=0.4256 test_AP=0.4544
  S2 Epoch 376/1000 [44.0s mem=8854MB] | total=0.0072 task=0.0108 novelty=-0.0972 | div=0.0122 ip_mean=0.0122 | val_AP=0.4301 test_AP=0.4566
  S2 Epoch 377/1000 [43.7s mem=8855MB] | total=0.0068 task=0.0104 novelty=-0.0978 | div=0.0123 ip_mean=0.0123 | val_AP=0.4279 test_AP=0.4520
  S2 Epoch 378/1000 [43.4s mem=8854MB] | total=0.0078 task=0.0113 novelty=-0.0964 | div=0.0123 ip_mean=0.0123 | val_AP=0.4222 test_AP=0.4507
  S2 Epoch 379/1000 [43.3s mem=8854MB] | total=0.0079 task=0.0116 novelty=-0.0987 | div=0.0125 ip_mean=0.0125 | val_AP=0.4277 test_AP=0.4548
  S2 Epoch 380/1000 [43.4s mem=8854MB] | total=0.0070 task=0.0106 novelty=-0.0978 | div=0.0125 ip_mean=0.0125 | val_AP=0.4263 test_AP=0.4540
  S2 Epoch 381/1000 [43.4s mem=8856MB] | total=0.0068 task=0.0103 novelty=-0.0993 | div=0.0129 ip_mean=0.0129 | val_AP=0.4351 test_AP=0.4542
  S2 Epoch 382/1000 [43.9s mem=8852MB] | total=0.0073 task=0.0108 novelty=-0.0972 | div=0.0125 ip_mean=0.0125 | val_AP=0.4268 test_AP=0.4468
  S2 Epoch 383/1000 [43.6s mem=8855MB] | total=0.0074 task=0.0109 novelty=-0.0975 | div=0.0127 ip_mean=0.0127 | val_AP=0.4206 test_AP=0.4519
  S2 Epoch 384/1000 [43.6s mem=8856MB] | total=0.0072 task=0.0109 novelty=-0.0981 | div=0.0124 ip_mean=0.0124 | val_AP=0.4232 test_AP=0.4486
  S2 Epoch 385/1000 [43.8s mem=8853MB] | total=0.0065 task=0.0102 novelty=-0.0981 | div=0.0123 ip_mean=0.0123 | val_AP=0.4244 test_AP=0.4507
  S2 Epoch 386/1000 [44.1s mem=8855MB] | total=0.0065 task=0.0101 novelty=-0.0988 | div=0.0125 ip_mean=0.0125 | val_AP=0.4254 test_AP=0.4489
  S2 Epoch 387/1000 [43.3s mem=8852MB] | total=0.0067 task=0.0104 novelty=-0.0971 | div=0.0120 ip_mean=0.0120 | val_AP=0.4225 test_AP=0.4577
  S2 Epoch 388/1000 [42.8s mem=8853MB] | total=0.0075 task=0.0111 novelty=-0.0993 | div=0.0127 ip_mean=0.0127 | val_AP=0.4190 test_AP=0.4499
  S2 Epoch 389/1000 [43.5s mem=8855MB] | total=0.0074 task=0.0109 novelty=-0.1004 | div=0.0129 ip_mean=0.0129 | val_AP=0.4276 test_AP=0.4516
  S2 Epoch 390/1000 [44.1s mem=8854MB] | total=0.0071 task=0.0106 novelty=-0.0977 | div=0.0127 ip_mean=0.0127 | val_AP=0.4273 test_AP=0.4517
  S2 Epoch 391/1000 [43.8s mem=8855MB] | total=0.0066 task=0.0102 novelty=-0.0979 | div=0.0125 ip_mean=0.0125 | val_AP=0.4321 test_AP=0.4469
  S2 Epoch 392/1000 [43.4s mem=8854MB] | total=0.0078 task=0.0114 novelty=-0.0968 | div=0.0121 ip_mean=0.0121 | val_AP=0.4296 test_AP=0.4459
  S2 Epoch 393/1000 [44.0s mem=8854MB] | total=0.0068 task=0.0103 novelty=-0.0982 | div=0.0126 ip_mean=0.0126 | val_AP=0.4267 test_AP=0.4438
  S2 Epoch 394/1000 [44.1s mem=8853MB] | total=0.0063 task=0.0100 novelty=-0.0959 | div=0.0119 ip_mean=0.0119 | val_AP=0.4264 test_AP=0.4419
  S2 Epoch 395/1000 [43.1s mem=8853MB] | total=0.0073 task=0.0108 novelty=-0.0992 | div=0.0127 ip_mean=0.0127 | val_AP=0.4199 test_AP=0.4514
  S2 Epoch 396/1000 [43.3s mem=8855MB] | total=0.0074 task=0.0108 novelty=-0.1007 | div=0.0133 ip_mean=0.0133 | val_AP=0.4289 test_AP=0.4509
  S2 Epoch 397/1000 [43.6s mem=8855MB] | total=0.0063 task=0.0099 novelty=-0.0988 | div=0.0126 ip_mean=0.0126 | val_AP=0.4266 test_AP=0.4538
  S2 Epoch 398/1000 [43.7s mem=8855MB] | total=0.0060 task=0.0100 novelty=-0.0987 | div=0.0119 ip_mean=0.0119 | val_AP=0.4265 test_AP=0.4504
  S2 Epoch 399/1000 [43.6s mem=8853MB] | total=0.0066 task=0.0102 novelty=-0.0976 | div=0.0124 ip_mean=0.0124 | val_AP=0.4249 test_AP=0.4538
  S2 Epoch 400/1000 [43.8s mem=8851MB] | total=0.0067 task=0.0103 novelty=-0.0989 | div=0.0127 ip_mean=0.0127 | val_AP=0.4321 test_AP=0.4523
  S2 Epoch 401/1000 [43.5s mem=8855MB] | total=0.0070 task=0.0105 novelty=-0.0992 | div=0.0129 ip_mean=0.0129 | val_AP=0.4302 test_AP=0.4584
  S2 Epoch 402/1000 [43.1s mem=8855MB] | total=0.0061 task=0.0097 novelty=-0.0990 | div=0.0126 ip_mean=0.0126 | val_AP=0.4271 test_AP=0.4535
  S2 Epoch 403/1000 [43.3s mem=8853MB] | total=0.0066 task=0.0103 novelty=-0.0989 | div=0.0123 ip_mean=0.0123 | val_AP=0.4280 test_AP=0.4459
  S2 Epoch 404/1000 [43.4s mem=8854MB] | total=0.0061 task=0.0099 novelty=-0.0993 | div=0.0123 ip_mean=0.0123 | val_AP=0.4319 test_AP=0.4471
  S2 Epoch 405/1000 [43.6s mem=8854MB] | total=0.0074 task=0.0111 novelty=-0.0981 | div=0.0123 ip_mean=0.0123 | val_AP=0.4348 test_AP=0.4568
  S2 Epoch 406/1000 [43.4s mem=8856MB] | total=0.0069 task=0.0106 novelty=-0.0991 | div=0.0125 ip_mean=0.0125 | val_AP=0.4351 test_AP=0.4517
  S2 Epoch 407/1000 [43.8s mem=8851MB] | total=0.0060 task=0.0099 novelty=-0.0993 | div=0.0120 ip_mean=0.0120 | val_AP=0.4370 test_AP=0.4469
  S2 Epoch 408/1000 [43.9s mem=8855MB] | total=0.0072 task=0.0107 novelty=-0.0999 | div=0.0129 ip_mean=0.0129 | val_AP=0.4253 test_AP=0.4453
  S2 Epoch 409/1000 [43.5s mem=8852MB] | total=0.0066 task=0.0101 novelty=-0.1002 | div=0.0129 ip_mean=0.0129 | val_AP=0.4320 test_AP=0.4505
  S2 Epoch 410/1000 [43.5s mem=8855MB] | total=0.0072 task=0.0104 novelty=-0.1016 | div=0.0139 ip_mean=0.0139 | val_AP=0.4329 test_AP=0.4424
  S2 Epoch 411/1000 [44.1s mem=8857MB] | total=0.0056 task=0.0094 novelty=-0.1004 | div=0.0125 ip_mean=0.0125 | val_AP=0.4307 test_AP=0.4508
  S2 Epoch 412/1000 [43.6s mem=8855MB] | total=0.0055 task=0.0090 novelty=-0.0970 | div=0.0123 ip_mean=0.0123 | val_AP=0.4343 test_AP=0.4511
  S2 Epoch 413/1000 [43.3s mem=8856MB] | total=0.0055 task=0.0094 novelty=-0.0989 | div=0.0119 ip_mean=0.0119 | val_AP=0.4302 test_AP=0.4505
  S2 Epoch 414/1000 [43.0s mem=8855MB] | total=0.0063 task=0.0101 novelty=-0.0997 | div=0.0122 ip_mean=0.0122 | val_AP=0.4276 test_AP=0.4497
  S2 Epoch 415/1000 [43.3s mem=8855MB] | total=0.0055 task=0.0093 novelty=-0.0996 | div=0.0123 ip_mean=0.0123 | val_AP=0.4321 test_AP=0.4515
  S2 Epoch 416/1000 [43.8s mem=8855MB] | total=0.0060 task=0.0097 novelty=-0.0989 | div=0.0125 ip_mean=0.0125 | val_AP=0.4346 test_AP=0.4478
  S2 Epoch 417/1000 [43.7s mem=8855MB] | total=0.0056 task=0.0095 novelty=-0.0984 | div=0.0119 ip_mean=0.0119 | val_AP=0.4269 test_AP=0.4493
  S2 Epoch 418/1000 [43.3s mem=8856MB] | total=0.0058 task=0.0096 novelty=-0.0984 | div=0.0120 ip_mean=0.0120 | val_AP=0.4294 test_AP=0.4471
  S2 Epoch 419/1000 [43.4s mem=8856MB] | total=0.0055 task=0.0092 novelty=-0.0981 | div=0.0123 ip_mean=0.0123 | val_AP=0.4249 test_AP=0.4491
  S2 Epoch 420/1000 [43.8s mem=8854MB] | total=0.0059 task=0.0098 novelty=-0.0999 | div=0.0122 ip_mean=0.0122 | val_AP=0.4238 test_AP=0.4505
  S2 Epoch 421/1000 [43.2s mem=8857MB] | total=0.0065 task=0.0105 novelty=-0.1008 | div=0.0121 ip_mean=0.0121 | val_AP=0.4241 test_AP=0.4528
  S2 Epoch 422/1000 [43.7s mem=8856MB] | total=0.0066 task=0.0100 novelty=-0.1001 | div=0.0131 ip_mean=0.0131 | val_AP=0.4244 test_AP=0.4562
  S2 Epoch 423/1000 [44.2s mem=8855MB] | total=0.0052 task=0.0090 novelty=-0.0989 | div=0.0122 ip_mean=0.0122 | val_AP=0.4252 test_AP=0.4588
  S2 Epoch 424/1000 [43.9s mem=8852MB] | total=0.0054 task=0.0091 novelty=-0.1002 | div=0.0127 ip_mean=0.0127 | val_AP=0.4293 test_AP=0.4515
  S2 Epoch 425/1000 [43.6s mem=8854MB] | total=0.0065 task=0.0104 novelty=-0.0983 | div=0.0119 ip_mean=0.0119 | val_AP=0.4332 test_AP=0.4506
  S2 Epoch 426/1000 [43.2s mem=8853MB] | total=0.0061 task=0.0098 novelty=-0.0999 | div=0.0125 ip_mean=0.0125 | val_AP=0.4340 test_AP=0.4513
  S2 Epoch 427/1000 [43.5s mem=8853MB] | total=0.0056 task=0.0093 novelty=-0.1025 | div=0.0131 ip_mean=0.0131 | val_AP=0.4345 test_AP=0.4503
  S2 Epoch 428/1000 [43.6s mem=8855MB] | total=0.0060 task=0.0097 novelty=-0.1032 | div=0.0132 ip_mean=0.0132 | val_AP=0.4413 test_AP=0.4591
  S2 Epoch 429/1000 [43.3s mem=8854MB] | total=0.0059 task=0.0096 novelty=-0.1023 | div=0.0132 ip_mean=0.0132 | val_AP=0.4411 test_AP=0.4497
  S2 Epoch 430/1000 [43.7s mem=8852MB] | total=0.0050 task=0.0090 novelty=-0.0998 | div=0.0119 ip_mean=0.0119 | val_AP=0.4340 test_AP=0.4580
  S2 Epoch 431/1000 [43.4s mem=8854MB] | total=0.0049 task=0.0087 novelty=-0.1011 | div=0.0126 ip_mean=0.0126 | val_AP=0.4317 test_AP=0.4526
  S2 Epoch 432/1000 [43.9s mem=8853MB] | total=0.0054 task=0.0093 novelty=-0.0997 | div=0.0122 ip_mean=0.0122 | val_AP=0.4281 test_AP=0.4473
  S2 Epoch 433/1000 [43.9s mem=8854MB] | total=0.0055 task=0.0095 novelty=-0.1010 | div=0.0122 ip_mean=0.0122 | val_AP=0.4385 test_AP=0.4505
  S2 Epoch 434/1000 [43.6s mem=8602MB] | total=0.0052 task=0.0089 novelty=-0.1026 | div=0.0132 ip_mean=0.0132 | val_AP=0.4377 test_AP=0.4491
  S2 Epoch 435/1000 [43.9s mem=8856MB] | total=0.0055 task=0.0092 novelty=-0.1010 | div=0.0128 ip_mean=0.0128 | val_AP=0.4351 test_AP=0.4509
  S2 Epoch 436/1000 [42.9s mem=8602MB] | total=0.0060 task=0.0099 novelty=-0.1010 | div=0.0124 ip_mean=0.0124 | val_AP=0.4349 test_AP=0.4505
  S2 Epoch 437/1000 [43.8s mem=8852MB] | total=0.0051 task=0.0089 novelty=-0.1004 | div=0.0126 ip_mean=0.0126 | val_AP=0.4362 test_AP=0.4562
  S2 Epoch 438/1000 [43.8s mem=8854MB] | total=0.0048 task=0.0087 novelty=-0.1016 | div=0.0124 ip_mean=0.0124 | val_AP=0.4324 test_AP=0.4550
  S2 Epoch 439/1000 [43.9s mem=8853MB] | total=0.0051 task=0.0092 novelty=-0.0989 | div=0.0115 ip_mean=0.0115 | val_AP=0.4397 test_AP=0.4530
  S2 Epoch 440/1000 [43.7s mem=8854MB] | total=0.0052 task=0.0092 novelty=-0.0988 | div=0.0118 ip_mean=0.0118 | val_AP=0.4359 test_AP=0.4528
  S2 Epoch 441/1000 [43.0s mem=8855MB] | total=0.0052 task=0.0092 novelty=-0.1006 | div=0.0121 ip_mean=0.0121 | val_AP=0.4408 test_AP=0.4592
  S2 Epoch 442/1000 [43.5s mem=8857MB] | total=0.0055 task=0.0094 novelty=-0.0991 | div=0.0119 ip_mean=0.0119 | val_AP=0.4293 test_AP=0.4529
  S2 Epoch 443/1000 [43.3s mem=8855MB] | total=0.0059 task=0.0097 novelty=-0.0982 | div=0.0120 ip_mean=0.0120 | val_AP=0.4315 test_AP=0.4527
  S2 Epoch 444/1000 [44.0s mem=8856MB] | total=0.0054 task=0.0094 novelty=-0.0993 | div=0.0119 ip_mean=0.0119 | val_AP=0.4322 test_AP=0.4554
  S2 Epoch 445/1000 [43.6s mem=8855MB] | total=0.0054 task=0.0092 novelty=-0.1002 | div=0.0126 ip_mean=0.0126 | val_AP=0.4366 test_AP=0.4634
  S2 Epoch 446/1000 [43.4s mem=8854MB] | total=0.0052 task=0.0089 novelty=-0.1000 | div=0.0125 ip_mean=0.0125 | val_AP=0.4322 test_AP=0.4592
  S2 Epoch 447/1000 [43.5s mem=8852MB] | total=0.0045 task=0.0083 novelty=-0.1029 | div=0.0130 ip_mean=0.0130 | val_AP=0.4295 test_AP=0.4552
  S2 Epoch 448/1000 [43.5s mem=8854MB] | total=0.0048 task=0.0086 novelty=-0.1019 | div=0.0129 ip_mean=0.0129 | val_AP=0.4300 test_AP=0.4439
  S2 Epoch 449/1000 [43.5s mem=8856MB] | total=0.0049 task=0.0087 novelty=-0.1002 | div=0.0125 ip_mean=0.0125 | val_AP=0.4317 test_AP=0.4522
  S2 Epoch 450/1000 [43.0s mem=8853MB] | total=0.0048 task=0.0086 novelty=-0.1006 | div=0.0124 ip_mean=0.0124 | val_AP=0.4332 test_AP=0.4552
  S2 Epoch 451/1000 [43.6s mem=8853MB] | total=0.0045 task=0.0085 novelty=-0.1016 | div=0.0123 ip_mean=0.0123 | val_AP=0.4336 test_AP=0.4551
  S2 Epoch 452/1000 [43.3s mem=8855MB] | total=0.0044 task=0.0084 novelty=-0.0980 | div=0.0116 ip_mean=0.0116 | val_AP=0.4339 test_AP=0.4619
  S2 Epoch 453/1000 [43.3s mem=8853MB] | total=0.0046 task=0.0084 novelty=-0.0987 | div=0.0121 ip_mean=0.0121 | val_AP=0.4255 test_AP=0.4547
  S2 Epoch 454/1000 [43.1s mem=8858MB] | total=0.0045 task=0.0085 novelty=-0.0959 | div=0.0113 ip_mean=0.0113 | val_AP=0.4318 test_AP=0.4498
  S2 Epoch 455/1000 [43.6s mem=8853MB] | total=0.0052 task=0.0092 novelty=-0.1003 | div=0.0121 ip_mean=0.0121 | val_AP=0.4331 test_AP=0.4541
  S2 Epoch 456/1000 [43.8s mem=8854MB] | total=0.0048 task=0.0088 novelty=-0.0981 | div=0.0116 ip_mean=0.0116 | val_AP=0.4276 test_AP=0.4558
  S2 Epoch 457/1000 [43.9s mem=8853MB] | total=0.0047 task=0.0087 novelty=-0.0991 | div=0.0119 ip_mean=0.0119 | val_AP=0.4336 test_AP=0.4565
  S2 Epoch 458/1000 [43.6s mem=8856MB] | total=0.0036 task=0.0077 novelty=-0.1009 | div=0.0121 ip_mean=0.0121 | val_AP=0.4287 test_AP=0.4568
  S2 Epoch 459/1000 [43.5s mem=8854MB] | total=0.0047 task=0.0087 novelty=-0.1024 | div=0.0125 ip_mean=0.0125 | val_AP=0.4364 test_AP=0.4553
  S2 Epoch 460/1000 [43.3s mem=8854MB] | total=0.0054 task=0.0096 novelty=-0.1017 | div=0.0121 ip_mean=0.0121 | val_AP=0.4318 test_AP=0.4549
  S2 Epoch 461/1000 [43.8s mem=8855MB] | total=0.0042 task=0.0082 novelty=-0.0999 | div=0.0120 ip_mean=0.0120 | val_AP=0.4330 test_AP=0.4577
  S2 Epoch 462/1000 [43.7s mem=8854MB] | total=0.0040 task=0.0082 novelty=-0.1020 | div=0.0121 ip_mean=0.0121 | val_AP=0.4309 test_AP=0.4550
  S2 Epoch 463/1000 [43.3s mem=8854MB] | total=0.0048 task=0.0090 novelty=-0.1013 | div=0.0119 ip_mean=0.0119 | val_AP=0.4326 test_AP=0.4552
  S2 Epoch 464/1000 [43.6s mem=8854MB] | total=0.0045 task=0.0085 novelty=-0.1006 | div=0.0123 ip_mean=0.0123 | val_AP=0.4357 test_AP=0.4533
  S2 Epoch 465/1000 [43.5s mem=8856MB] | total=0.0043 task=0.0083 novelty=-0.1014 | div=0.0122 ip_mean=0.0122 | val_AP=0.4361 test_AP=0.4589
  S2 Epoch 466/1000 [43.5s mem=8854MB] | total=0.0045 task=0.0085 novelty=-0.1000 | div=0.0119 ip_mean=0.0119 | val_AP=0.4327 test_AP=0.4585
  S2 Epoch 467/1000 [43.7s mem=8854MB] | total=0.0045 task=0.0086 novelty=-0.1020 | div=0.0122 ip_mean=0.0122 | val_AP=0.4360 test_AP=0.4551
  S2 Epoch 468/1000 [44.0s mem=8858MB] | total=0.0050 task=0.0088 novelty=-0.0998 | div=0.0123 ip_mean=0.0123 | val_AP=0.4321 test_AP=0.4546
  S2 Epoch 469/1000 [43.4s mem=8853MB] | total=0.0044 task=0.0085 novelty=-0.1014 | div=0.0122 ip_mean=0.0122 | val_AP=0.4368 test_AP=0.4570
  S2 Epoch 470/1000 [43.3s mem=8855MB] | total=0.0036 task=0.0078 novelty=-0.1005 | div=0.0117 ip_mean=0.0117 | val_AP=0.4322 test_AP=0.4573
  S2 Epoch 471/1000 [43.8s mem=8855MB] | total=0.0038 task=0.0078 novelty=-0.0991 | div=0.0118 ip_mean=0.0118 | val_AP=0.4332 test_AP=0.4577
  S2 Epoch 472/1000 [43.8s mem=8853MB] | total=0.0038 task=0.0079 novelty=-0.0998 | div=0.0117 ip_mean=0.0117 | val_AP=0.4315 test_AP=0.4547
  S2 Epoch 473/1000 [43.6s mem=8853MB] | total=0.0043 task=0.0085 novelty=-0.0995 | div=0.0117 ip_mean=0.0117 | val_AP=0.4352 test_AP=0.4580
  S2 Epoch 474/1000 [43.4s mem=8853MB] | total=0.0041 task=0.0081 novelty=-0.1014 | div=0.0122 ip_mean=0.0122 | val_AP=0.4323 test_AP=0.4526
  S2 Epoch 475/1000 [43.7s mem=8856MB] | total=0.0040 task=0.0082 novelty=-0.1028 | div=0.0122 ip_mean=0.0122 | val_AP=0.4324 test_AP=0.4547
  S2 Epoch 476/1000 [43.6s mem=8852MB] | total=0.0041 task=0.0082 novelty=-0.1014 | div=0.0122 ip_mean=0.0122 | val_AP=0.4319 test_AP=0.4503
  S2 Epoch 477/1000 [43.1s mem=8855MB] | total=0.0041 task=0.0082 novelty=-0.1025 | div=0.0123 ip_mean=0.0123 | val_AP=0.4386 test_AP=0.4585
  S2 Epoch 478/1000 [43.0s mem=8852MB] | total=0.0046 task=0.0086 novelty=-0.0986 | div=0.0117 ip_mean=0.0117 | val_AP=0.4293 test_AP=0.4507
  S2 Epoch 479/1000 [43.7s mem=8855MB] | total=0.0042 task=0.0082 novelty=-0.1014 | div=0.0123 ip_mean=0.0123 | val_AP=0.4278 test_AP=0.4571
  S2 Epoch 480/1000 [43.8s mem=8854MB] | total=0.0041 task=0.0081 novelty=-0.1023 | div=0.0124 ip_mean=0.0124 | val_AP=0.4336 test_AP=0.4538
  S2 Epoch 481/1000 [43.5s mem=8854MB] | total=0.0036 task=0.0079 novelty=-0.1000 | div=0.0115 ip_mean=0.0115 | val_AP=0.4304 test_AP=0.4497
  S2 Epoch 482/1000 [44.0s mem=8855MB] | total=0.0035 task=0.0076 novelty=-0.0995 | div=0.0118 ip_mean=0.0118 | val_AP=0.4277 test_AP=0.4511
  S2 Epoch 483/1000 [43.5s mem=8854MB] | total=0.0041 task=0.0081 novelty=-0.0989 | div=0.0118 ip_mean=0.0118 | val_AP=0.4281 test_AP=0.4465
  S2 Epoch 484/1000 [43.3s mem=8855MB] | total=0.0039 task=0.0080 novelty=-0.0992 | div=0.0117 ip_mean=0.0117 | val_AP=0.4358 test_AP=0.4481
  S2 Epoch 485/1000 [43.4s mem=8854MB] | total=0.0043 task=0.0084 novelty=-0.1006 | div=0.0119 ip_mean=0.0119 | val_AP=0.4269 test_AP=0.4492
  S2 Epoch 486/1000 [42.8s mem=8853MB] | total=0.0044 task=0.0084 novelty=-0.1004 | div=0.0121 ip_mean=0.0121 | val_AP=0.4355 test_AP=0.4490
  S2 Epoch 487/1000 [43.0s mem=8858MB] | total=0.0036 task=0.0080 novelty=-0.1008 | div=0.0115 ip_mean=0.0115 | val_AP=0.4361 test_AP=0.4519
  S2 Epoch 488/1000 [43.2s mem=8853MB] | total=0.0036 task=0.0077 novelty=-0.1022 | div=0.0121 ip_mean=0.0121 | val_AP=0.4340 test_AP=0.4564
  S2 Epoch 489/1000 [43.3s mem=8857MB] | total=0.0032 task=0.0074 novelty=-0.1029 | div=0.0122 ip_mean=0.0122 | val_AP=0.4327 test_AP=0.4537
  S2 Epoch 490/1000 [43.8s mem=8854MB] | total=0.0045 task=0.0086 novelty=-0.1018 | div=0.0122 ip_mean=0.0122 | val_AP=0.4324 test_AP=0.4494
  S2 Epoch 491/1000 [43.7s mem=8856MB] | total=0.0043 task=0.0084 novelty=-0.0995 | div=0.0118 ip_mean=0.0118 | val_AP=0.4282 test_AP=0.4501
  S2 Epoch 492/1000 [43.4s mem=8855MB] | total=0.0034 task=0.0076 novelty=-0.1008 | div=0.0117 ip_mean=0.0117 | val_AP=0.4292 test_AP=0.4481
  S2 Epoch 493/1000 [43.8s mem=8854MB] | total=0.0038 task=0.0076 novelty=-0.1045 | div=0.0133 ip_mean=0.0133 | val_AP=0.4299 test_AP=0.4554
  S2 Epoch 494/1000 [44.0s mem=8855MB] | total=0.0037 task=0.0080 novelty=-0.1029 | div=0.0121 ip_mean=0.0121 | val_AP=0.4280 test_AP=0.4526
  S2 Epoch 495/1000 [43.7s mem=8601MB] | total=0.0030 task=0.0073 novelty=-0.1012 | div=0.0117 ip_mean=0.0117 | val_AP=0.4294 test_AP=0.4547
  S2 Epoch 496/1000 [43.6s mem=8854MB] | total=0.0037 task=0.0080 novelty=-0.1017 | div=0.0119 ip_mean=0.0119 | val_AP=0.4269 test_AP=0.4532
  S2 Epoch 497/1000 [43.4s mem=8854MB] | total=0.0034 task=0.0076 novelty=-0.1024 | div=0.0120 ip_mean=0.0120 | val_AP=0.4280 test_AP=0.4501
  S2 Epoch 498/1000 [43.8s mem=8857MB] | total=0.0042 task=0.0085 novelty=-0.1014 | div=0.0117 ip_mean=0.0117 | val_AP=0.4313 test_AP=0.4516
  S2 Epoch 499/1000 [43.6s mem=8854MB] | total=0.0031 task=0.0072 novelty=-0.1017 | div=0.0121 ip_mean=0.0121 | val_AP=0.4305 test_AP=0.4494
  S2 Epoch 500/1000 [43.2s mem=8855MB] | total=0.0031 task=0.0073 novelty=-0.1016 | div=0.0119 ip_mean=0.0119 | val_AP=0.4308 test_AP=0.4525
  S2 Epoch 501/1000 [43.3s mem=8854MB] | total=0.0038 task=0.0081 novelty=-0.1017 | div=0.0116 ip_mean=0.0116 | val_AP=0.4286 test_AP=0.4527
  S2 Epoch 502/1000 [43.9s mem=8851MB] | total=0.0033 task=0.0073 novelty=-0.1017 | div=0.0123 ip_mean=0.0123 | val_AP=0.4297 test_AP=0.4486
  S2 Epoch 503/1000 [43.8s mem=8855MB] | total=0.0037 task=0.0077 novelty=-0.0999 | div=0.0121 ip_mean=0.0121 | val_AP=0.4287 test_AP=0.4478
  S2 Epoch 504/1000 [43.7s mem=8854MB] | total=0.0029 task=0.0071 novelty=-0.1016 | div=0.0119 ip_mean=0.0119 | val_AP=0.4323 test_AP=0.4511
  S2 Epoch 505/1000 [43.9s mem=8854MB] | total=0.0031 task=0.0074 novelty=-0.1004 | div=0.0115 ip_mean=0.0115 | val_AP=0.4312 test_AP=0.4548
  S2 Epoch 506/1000 [43.9s mem=8851MB] | total=0.0039 task=0.0081 novelty=-0.0998 | div=0.0115 ip_mean=0.0115 | val_AP=0.4284 test_AP=0.4538
  S2 Epoch 507/1000 [43.7s mem=8854MB] | total=0.0030 task=0.0073 novelty=-0.0999 | div=0.0115 ip_mean=0.0115 | val_AP=0.4265 test_AP=0.4517
  S2 Epoch 508/1000 [43.8s mem=8855MB] | total=0.0032 task=0.0074 novelty=-0.1008 | div=0.0117 ip_mean=0.0117 | val_AP=0.4282 test_AP=0.4477
  S2 Epoch 509/1000 [43.5s mem=8854MB] | total=0.0037 task=0.0078 novelty=-0.1006 | div=0.0119 ip_mean=0.0119 | val_AP=0.4303 test_AP=0.4544
  S2 Epoch 510/1000 [43.5s mem=8857MB] | total=0.0032 task=0.0073 novelty=-0.0998 | div=0.0118 ip_mean=0.0118 | val_AP=0.4304 test_AP=0.4540
  S2 Epoch 511/1000 [43.0s mem=8855MB] | total=0.0034 task=0.0076 novelty=-0.0998 | div=0.0114 ip_mean=0.0114 | val_AP=0.4322 test_AP=0.4501
  S2 Epoch 512/1000 [43.6s mem=8859MB] | total=0.0027 task=0.0070 novelty=-0.1027 | div=0.0120 ip_mean=0.0120 | val_AP=0.4370 test_AP=0.4511
  S2 Epoch 513/1000 [43.5s mem=8855MB] | total=0.0028 task=0.0069 novelty=-0.1032 | div=0.0125 ip_mean=0.0125 | val_AP=0.4302 test_AP=0.4478
  S2 Epoch 514/1000 [43.3s mem=8852MB] | total=0.0028 task=0.0071 novelty=-0.1026 | div=0.0118 ip_mean=0.0118 | val_AP=0.4237 test_AP=0.4498
  S2 Epoch 515/1000 [43.7s mem=8852MB] | total=0.0029 task=0.0071 novelty=-0.1011 | div=0.0119 ip_mean=0.0119 | val_AP=0.4418 test_AP=0.4482
  S2 Epoch 516/1000 [43.8s mem=8855MB] | total=0.0024 task=0.0067 novelty=-0.1023 | div=0.0118 ip_mean=0.0118 | val_AP=0.4368 test_AP=0.4541
  S2 Epoch 517/1000 [43.3s mem=8857MB] | total=0.0033 task=0.0076 novelty=-0.1018 | div=0.0118 ip_mean=0.0118 | val_AP=0.4324 test_AP=0.4458
  S2 Epoch 518/1000 [43.7s mem=8852MB] | total=0.0032 task=0.0075 novelty=-0.1020 | div=0.0119 ip_mean=0.0119 | val_AP=0.4313 test_AP=0.4492
  S2 Epoch 519/1000 [43.5s mem=8855MB] | total=0.0036 task=0.0078 novelty=-0.1025 | div=0.0120 ip_mean=0.0120 | val_AP=0.4356 test_AP=0.4485
  S2 Epoch 520/1000 [39.3s mem=8851MB] | total=0.0033 task=0.0075 novelty=-0.1009 | div=0.0117 ip_mean=0.0117 | val_AP=0.4302 test_AP=0.4490
  S2 Epoch 521/1000 [43.9s mem=8852MB] | total=0.0033 task=0.0077 novelty=-0.1007 | div=0.0113 ip_mean=0.0113 | val_AP=0.4297 test_AP=0.4475
  S2 Epoch 522/1000 [43.4s mem=8853MB] | total=0.0031 task=0.0075 novelty=-0.1021 | div=0.0115 ip_mean=0.0115 | val_AP=0.4296 test_AP=0.4459
  S2 Epoch 523/1000 [43.6s mem=8852MB] | total=0.0029 task=0.0072 novelty=-0.1018 | div=0.0117 ip_mean=0.0117 | val_AP=0.4345 test_AP=0.4518
  S2 Epoch 524/1000 [43.4s mem=8856MB] | total=0.0026 task=0.0072 novelty=-0.1043 | div=0.0117 ip_mean=0.0117 | val_AP=0.4348 test_AP=0.4558
  S2 Epoch 525/1000 [43.5s mem=8857MB] | total=0.0030 task=0.0074 novelty=-0.1031 | div=0.0118 ip_mean=0.0118 | val_AP=0.4337 test_AP=0.4531
  S2 Epoch 526/1000 [43.6s mem=8855MB] | total=0.0032 task=0.0075 novelty=-0.1026 | div=0.0119 ip_mean=0.0119 | val_AP=0.4348 test_AP=0.4519
  S2 Epoch 527/1000 [43.6s mem=8853MB] | total=0.0024 task=0.0070 novelty=-0.1014 | div=0.0110 ip_mean=0.0110 | val_AP=0.4326 test_AP=0.4556
  S2 Epoch 528/1000 [43.9s mem=8856MB] | total=0.0030 task=0.0073 novelty=-0.1036 | div=0.0121 ip_mean=0.0121 | val_AP=0.4345 test_AP=0.4509
  S2 Epoch 529/1000 [43.8s mem=8856MB] | total=0.0031 task=0.0075 novelty=-0.1041 | div=0.0120 ip_mean=0.0120 | val_AP=0.4297 test_AP=0.4548
  S2 Epoch 530/1000 [43.7s mem=8854MB] | total=0.0030 task=0.0074 novelty=-0.1001 | div=0.0111 ip_mean=0.0111 | val_AP=0.4334 test_AP=0.4535
  Early stopping at epoch 530. Best val loss=0.2799 at epoch 30.
Stage 2 done. Best val loss=0.2799 at epoch 30.

============================================================
STAGE 3: Joint finetune (backbone + generator)
  Backbone: vanilla_gt
  lr_gen=0.0005 lr_backbone=1e-05
============================================================
  S3 Epoch   1/1000 [51.4s mem=11406MB] | total=0.2826 task=0.2870 train_AP=0.3801 | novelty=-0.0984 div=0.0109 | val_AP=0.4079 test_AP=0.3932
    -> New best val loss=0.2898 (test=0.3932)
  S3 Epoch   2/1000 [51.7s mem=11407MB] | total=0.2811 task=0.2857 train_AP=0.3820 | novelty=-0.1007 div=0.0110 | val_AP=0.4047 test_AP=0.3874
  S3 Epoch   3/1000 [51.8s mem=11403MB] | total=0.2791 task=0.2837 train_AP=0.3847 | novelty=-0.1014 div=0.0112 | val_AP=0.4044 test_AP=0.3894
    -> New best val loss=0.2893 (test=0.3894)
  S3 Epoch   4/1000 [51.2s mem=11405MB] | total=0.2803 task=0.2848 train_AP=0.3840 | novelty=-0.1023 div=0.0114 | val_AP=0.4021 test_AP=0.3919
  S3 Epoch   5/1000 [50.9s mem=11402MB] | total=0.2784 task=0.2829 train_AP=0.3887 | novelty=-0.1031 div=0.0117 | val_AP=0.4013 test_AP=0.3922
  S3 Epoch   6/1000 [51.7s mem=11402MB] | total=0.2780 task=0.2825 train_AP=0.3892 | novelty=-0.1038 div=0.0119 | val_AP=0.4014 test_AP=0.3957
  S3 Epoch   7/1000 [51.4s mem=11401MB] | total=0.2791 task=0.2834 train_AP=0.3894 | novelty=-0.1059 div=0.0126 | val_AP=0.4084 test_AP=0.3970
  S3 Epoch   8/1000 [51.3s mem=11402MB] | total=0.2777 task=0.2820 train_AP=0.3897 | novelty=-0.1053 div=0.0124 | val_AP=0.4049 test_AP=0.3975
  S3 Epoch   9/1000 [51.4s mem=11401MB] | total=0.2778 task=0.2820 train_AP=0.3934 | novelty=-0.1074 div=0.0132 | val_AP=0.4064 test_AP=0.3986
  S3 Epoch  10/1000 [51.8s mem=11404MB] | total=0.2774 task=0.2818 train_AP=0.3930 | novelty=-0.1079 div=0.0128 | val_AP=0.4066 test_AP=0.4002
  S3 Epoch  11/1000 [51.1s mem=11406MB] | total=0.2758 task=0.2800 train_AP=0.3967 | novelty=-0.1085 div=0.0132 | val_AP=0.4041 test_AP=0.4005
  S3 Epoch  12/1000 [50.8s mem=11400MB] | total=0.2756 task=0.2798 train_AP=0.3975 | novelty=-0.1093 div=0.0135 | val_AP=0.4024 test_AP=0.3988
  S3 Epoch  13/1000 [51.3s mem=11404MB] | total=0.2739 task=0.2782 train_AP=0.3992 | novelty=-0.1114 div=0.0136 | val_AP=0.3979 test_AP=0.3999
  S3 Epoch  14/1000 [52.0s mem=11399MB] | total=0.2742 task=0.2784 train_AP=0.4014 | novelty=-0.1097 div=0.0136 | val_AP=0.4003 test_AP=0.3930
  S3 Epoch  15/1000 [51.7s mem=11404MB] | total=0.2740 task=0.2782 train_AP=0.3998 | novelty=-0.1097 div=0.0134 | val_AP=0.4007 test_AP=0.3921
  S3 Epoch  16/1000 [51.3s mem=11402MB] | total=0.2724 task=0.2766 train_AP=0.4063 | novelty=-0.1109 div=0.0137 | val_AP=0.3986 test_AP=0.3989
  S3 Epoch  17/1000 [51.0s mem=11408MB] | total=0.2718 task=0.2761 train_AP=0.4089 | novelty=-0.1107 div=0.0134 | val_AP=0.4096 test_AP=0.4013
  S3 Epoch  18/1000 [50.8s mem=11404MB] | total=0.2714 task=0.2756 train_AP=0.4089 | novelty=-0.1130 div=0.0141 | val_AP=0.4064 test_AP=0.4030
  S3 Epoch  19/1000 [51.3s mem=11405MB] | total=0.2703 task=0.2746 train_AP=0.4127 | novelty=-0.1098 div=0.0132 | val_AP=0.4140 test_AP=0.4060
  S3 Epoch  20/1000 [51.1s mem=11405MB] | total=0.2708 task=0.2750 train_AP=0.4146 | novelty=-0.1096 div=0.0136 | val_AP=0.4115 test_AP=0.4022
  S3 Epoch  21/1000 [50.8s mem=11411MB] | total=0.2700 task=0.2741 train_AP=0.4122 | novelty=-0.1120 div=0.0142 | val_AP=0.4077 test_AP=0.3994
  S3 Epoch  22/1000 [51.2s mem=11400MB] | total=0.2688 task=0.2727 train_AP=0.4159 | novelty=-0.1107 div=0.0143 | val_AP=0.4077 test_AP=0.4039
  S3 Epoch  23/1000 [51.4s mem=11399MB] | total=0.2681 task=0.2723 train_AP=0.4198 | novelty=-0.1134 div=0.0144 | val_AP=0.3966 test_AP=0.3997
  S3 Epoch  24/1000 [51.4s mem=11405MB] | total=0.2681 task=0.2721 train_AP=0.4201 | novelty=-0.1122 div=0.0145 | val_AP=0.4086 test_AP=0.4110
  S3 Epoch  25/1000 [51.5s mem=11404MB] | total=0.2675 task=0.2716 train_AP=0.4186 | novelty=-0.1114 div=0.0141 | val_AP=0.4004 test_AP=0.3946
  S3 Epoch  26/1000 [51.3s mem=11400MB] | total=0.2647 task=0.2689 train_AP=0.4299 | novelty=-0.1111 div=0.0138 | val_AP=0.4015 test_AP=0.4116
  S3 Epoch  27/1000 [51.3s mem=11404MB] | total=0.2664 task=0.2701 train_AP=0.4229 | novelty=-0.1120 div=0.0149 | val_AP=0.4028 test_AP=0.4074
  S3 Epoch  28/1000 [51.5s mem=11402MB] | total=0.2642 task=0.2681 train_AP=0.4328 | novelty=-0.1095 div=0.0140 | val_AP=0.4059 test_AP=0.4104
  S3 Epoch  29/1000 [51.5s mem=11403MB] | total=0.2639 task=0.2674 train_AP=0.4345 | novelty=-0.1085 div=0.0146 | val_AP=0.4068 test_AP=0.4044
  S3 Epoch  30/1000 [51.6s mem=11405MB] | total=0.2630 task=0.2668 train_AP=0.4349 | novelty=-0.1104 div=0.0144 | val_AP=0.4063 test_AP=0.4111
  S3 Epoch  31/1000 [51.4s mem=11403MB] | total=0.2627 task=0.2666 train_AP=0.4381 | novelty=-0.1110 div=0.0143 | val_AP=0.4111 test_AP=0.4045
  S3 Epoch  32/1000 [51.5s mem=11406MB] | total=0.2612 task=0.2645 train_AP=0.4413 | novelty=-0.1095 div=0.0152 | val_AP=0.4103 test_AP=0.4116
  S3 Epoch  33/1000 [51.3s mem=11398MB] | total=0.2598 task=0.2635 train_AP=0.4437 | novelty=-0.1107 div=0.0147 | val_AP=0.4160 test_AP=0.4172
  S3 Epoch  34/1000 [51.3s mem=11400MB] | total=0.2578 task=0.2613 train_AP=0.4521 | novelty=-0.1097 div=0.0150 | val_AP=0.4056 test_AP=0.4109
  S3 Epoch  35/1000 [51.3s mem=11405MB] | total=0.2574 task=0.2610 train_AP=0.4503 | novelty=-0.1101 div=0.0147 | val_AP=0.4162 test_AP=0.4127
  S3 Epoch  36/1000 [51.5s mem=11408MB] | total=0.2571 task=0.2606 train_AP=0.4553 | novelty=-0.1085 div=0.0147 | val_AP=0.4032 test_AP=0.4099
  S3 Epoch  37/1000 [51.0s mem=11402MB] | total=0.2565 task=0.2600 train_AP=0.4585 | novelty=-0.1084 div=0.0146 | val_AP=0.4008 test_AP=0.3977
  S3 Epoch  38/1000 [51.5s mem=11407MB] | total=0.2571 task=0.2599 train_AP=0.4542 | novelty=-0.1068 div=0.0157 | val_AP=0.4195 test_AP=0.4090
  S3 Epoch  39/1000 [51.2s mem=11405MB] | total=0.2547 task=0.2580 train_AP=0.4576 | novelty=-0.1101 div=0.0154 | val_AP=0.4118 test_AP=0.4081
  S3 Epoch  40/1000 [51.2s mem=11401MB] | total=0.2520 task=0.2554 train_AP=0.4686 | novelty=-0.1078 div=0.0148 | val_AP=0.4089 test_AP=0.4019
  S3 Epoch  41/1000 [51.1s mem=11411MB] | total=0.2528 task=0.2559 train_AP=0.4673 | novelty=-0.1101 div=0.0157 | val_AP=0.4133 test_AP=0.4110
  S3 Epoch  42/1000 [51.7s mem=11402MB] | total=0.2500 task=0.2536 train_AP=0.4740 | novelty=-0.1066 div=0.0142 | val_AP=0.4086 test_AP=0.4058
  S3 Epoch  43/1000 [51.5s mem=11403MB] | total=0.2497 task=0.2533 train_AP=0.4761 | novelty=-0.1075 div=0.0142 | val_AP=0.4155 test_AP=0.4222
  S3 Epoch  44/1000 [51.9s mem=11411MB] | total=0.2507 task=0.2536 train_AP=0.4757 | novelty=-0.1073 div=0.0156 | val_AP=0.4158 test_AP=0.4188
  S3 Epoch  45/1000 [51.8s mem=11399MB] | total=0.2477 task=0.2508 train_AP=0.4800 | novelty=-0.1065 div=0.0151 | val_AP=0.4092 test_AP=0.4104
  S3 Epoch  46/1000 [51.4s mem=11404MB] | total=0.2483 task=0.2519 train_AP=0.4758 | novelty=-0.1057 div=0.0140 | val_AP=0.4212 test_AP=0.4199
  S3 Epoch  47/1000 [51.8s mem=11404MB] | total=0.2451 task=0.2485 train_AP=0.4869 | novelty=-0.1051 div=0.0142 | val_AP=0.4141 test_AP=0.4097
  S3 Epoch  48/1000 [52.2s mem=11401MB] | total=0.2461 task=0.2490 train_AP=0.4898 | novelty=-0.1036 div=0.0151 | val_AP=0.4219 test_AP=0.4252
  S3 Epoch  49/1000 [51.2s mem=11407MB] | total=0.2446 task=0.2478 train_AP=0.4923 | novelty=-0.1044 div=0.0147 | val_AP=0.4255 test_AP=0.4302
  S3 Epoch  50/1000 [51.5s mem=11405MB] | total=0.2402 task=0.2440 train_AP=0.5019 | novelty=-0.1041 div=0.0133 | val_AP=0.4172 test_AP=0.4185
  S3 Epoch  51/1000 [51.5s mem=11399MB] | total=0.2413 task=0.2445 train_AP=0.4945 | novelty=-0.1032 div=0.0143 | val_AP=0.4306 test_AP=0.4222
  S3 Epoch  52/1000 [51.5s mem=11401MB] | total=0.2366 task=0.2401 train_AP=0.5107 | novelty=-0.1008 div=0.0132 | val_AP=0.4281 test_AP=0.4270
  S3 Epoch  53/1000 [51.1s mem=11405MB] | total=0.2355 task=0.2390 train_AP=0.5159 | novelty=-0.1056 div=0.0142 | val_AP=0.4141 test_AP=0.4119
  Early stopping at epoch 53. Best val loss=0.2893 at epoch 3.
Stage 3 done. Best val loss=0.2893 at epoch 3.

  Cycle 0 proxy result: val_AP=0.4044 test_AP=0.3894

============================================================
DISTILLATION: Train M_base to mimic frozen M_proxy (+ proxies)
  kl_w=0.5 node_w=0.5 graph_w=5e-05 task_w=1.2 T=1.5
  lr=5e-05 patience=100
============================================================
  Student parameters: 13,227,530
  Distill Epoch   1/700 [53.5s mem=8767MB] | total=0.6621 kl=0.3855 node_l2=0.183419 graph_l2=731.442743 task=0.2842 | val_AP=0.4010 test_AP=0.3898
    -> New best distilled val loss=0.3007 (test=0.3898)
  Distill Epoch   2/700 [52.7s mem=8765MB] | total=0.6175 kl=0.3583 node_l2=0.164200 graph_l2=313.882394 task=0.2838 | val_AP=0.3976 test_AP=0.3885
  Distill Epoch   3/700 [52.9s mem=8760MB] | total=0.6100 kl=0.3568 node_l2=0.155651 graph_l2=260.363314 task=0.2839 | val_AP=0.3949 test_AP=0.3863
  Distill Epoch   4/700 [52.7s mem=8762MB] | total=0.5987 kl=0.3471 node_l2=0.147612 graph_l2=238.321575 task=0.2828 | val_AP=0.3929 test_AP=0.3864
    -> New best distilled val loss=0.3005 (test=0.3864)
  Distill Epoch   5/700 [53.3s mem=8760MB] | total=0.5979 kl=0.3518 node_l2=0.139700 graph_l2=229.842350 task=0.2838 | val_AP=0.3907 test_AP=0.3861
  Distill Epoch   6/700 [52.9s mem=8765MB] | total=0.5916 kl=0.3472 node_l2=0.132348 graph_l2=223.617407 task=0.2838 | val_AP=0.3919 test_AP=0.3836
  Distill Epoch   7/700 [53.2s mem=8760MB] | total=0.5909 kl=0.3525 node_l2=0.125926 graph_l2=227.184516 task=0.2836 | val_AP=0.3927 test_AP=0.3854
    -> New best distilled val loss=0.2971 (test=0.3854)
  Distill Epoch   8/700 [52.4s mem=8765MB] | total=0.5843 kl=0.3442 node_l2=0.120093 graph_l2=221.445214 task=0.2842 | val_AP=0.3915 test_AP=0.3825
  Distill Epoch   9/700 [53.1s mem=8761MB] | total=0.5816 kl=0.3449 node_l2=0.115424 graph_l2=228.448392 task=0.2834 | val_AP=0.3903 test_AP=0.3821
  Distill Epoch  10/700 [53.1s mem=8772MB] | total=0.5792 kl=0.3457 node_l2=0.110547 graph_l2=224.164663 task=0.2832 | val_AP=0.3890 test_AP=0.3839
  Distill Epoch  11/700 [52.9s mem=8757MB] | total=0.5735 kl=0.3394 node_l2=0.106230 graph_l2=223.317020 task=0.2829 | val_AP=0.3912 test_AP=0.3838
  Distill Epoch  12/700 [53.0s mem=8767MB] | total=0.5710 kl=0.3396 node_l2=0.102405 graph_l2=227.871654 task=0.2822 | val_AP=0.3913 test_AP=0.3867
  Distill Epoch  13/700 [54.4s mem=8767MB] | total=0.5767 kl=0.3503 node_l2=0.099164 graph_l2=234.795132 task=0.2836 | val_AP=0.3957 test_AP=0.3873
  Distill Epoch  14/700 [53.4s mem=8762MB] | total=0.5662 kl=0.3349 node_l2=0.096634 graph_l2=241.822127 task=0.2819 | val_AP=0.3906 test_AP=0.3828
  Distill Epoch  15/700 [53.1s mem=8758MB] | total=0.5583 kl=0.3238 node_l2=0.093736 graph_l2=238.650792 task=0.2814 | val_AP=0.3909 test_AP=0.3874
  Distill Epoch  16/700 [52.7s mem=8765MB] | total=0.5598 kl=0.3299 node_l2=0.091573 graph_l2=240.636182 task=0.2809 | val_AP=0.3975 test_AP=0.3919
    -> New best distilled val loss=0.2963 (test=0.3919)
  Distill Epoch  17/700 [53.3s mem=8764MB] | total=0.5555 kl=0.3221 node_l2=0.089305 graph_l2=248.562500 task=0.2811 | val_AP=0.3901 test_AP=0.3859
  Distill Epoch  18/700 [52.9s mem=8764MB] | total=0.5559 kl=0.3222 node_l2=0.088359 graph_l2=267.990514 task=0.2810 | val_AP=0.3901 test_AP=0.3875
  Distill Epoch  19/700 [53.3s mem=8761MB] | total=0.5512 kl=0.3164 node_l2=0.087000 graph_l2=276.888901 task=0.2797 | val_AP=0.3915 test_AP=0.3927
  Distill Epoch  20/700 [53.3s mem=8764MB] | total=0.5380 kl=0.2963 node_l2=0.084928 graph_l2=266.752976 task=0.2784 | val_AP=0.3947 test_AP=0.3844
    -> New best distilled val loss=0.2950 (test=0.3844)
  Distill Epoch  21/700 [53.1s mem=8758MB] | total=0.5479 kl=0.3125 node_l2=0.083407 graph_l2=270.024507 task=0.2804 | val_AP=0.3886 test_AP=0.3804
  Distill Epoch  22/700 [53.2s mem=8765MB] | total=0.5441 kl=0.3063 node_l2=0.082467 graph_l2=276.426618 task=0.2799 | val_AP=0.3949 test_AP=0.3849
  Distill Epoch  23/700 [53.2s mem=8763MB] | total=0.5356 kl=0.2940 node_l2=0.081089 graph_l2=272.676083 task=0.2787 | val_AP=0.3964 test_AP=0.3905
  Distill Epoch  24/700 [53.1s mem=8760MB] | total=0.5297 kl=0.2848 node_l2=0.079525 graph_l2=266.837159 task=0.2785 | val_AP=0.3937 test_AP=0.3816
  Distill Epoch  25/700 [52.8s mem=8764MB] | total=0.5387 kl=0.2993 node_l2=0.079187 graph_l2=290.077907 task=0.2791 | val_AP=0.3955 test_AP=0.3903
  Distill Epoch  26/700 [52.5s mem=8773MB] | total=0.5291 kl=0.2833 node_l2=0.077910 graph_l2=279.013380 task=0.2788 | val_AP=0.3984 test_AP=0.3922
  Distill Epoch  27/700 [52.7s mem=8763MB] | total=0.5211 kl=0.2722 node_l2=0.076529 graph_l2=271.801884 task=0.2777 | val_AP=0.4000 test_AP=0.3873
  Distill Epoch  28/700 [52.6s mem=8765MB] | total=0.5139 kl=0.2626 node_l2=0.076291 graph_l2=297.564055 task=0.2747 | val_AP=0.3961 test_AP=0.3926
  Distill Epoch  29/700 [53.9s mem=8763MB] | total=0.5139 kl=0.2596 node_l2=0.075076 graph_l2=289.928894 task=0.2767 | val_AP=0.3938 test_AP=0.3863
  Distill Epoch  30/700 [53.4s mem=8770MB] | total=0.5080 kl=0.2515 node_l2=0.074788 graph_l2=300.910977 task=0.2749 | val_AP=0.3991 test_AP=0.3919
  Distill Epoch  31/700 [52.5s mem=8766MB] | total=0.5118 kl=0.2569 node_l2=0.074185 graph_l2=300.534553 task=0.2760 | val_AP=0.3977 test_AP=0.3888
  Distill Epoch  32/700 [53.5s mem=8761MB] | total=0.5062 kl=0.2515 node_l2=0.072742 graph_l2=279.549983 task=0.2751 | val_AP=0.4002 test_AP=0.3925
  Distill Epoch  33/700 [53.0s mem=8767MB] | total=0.4991 kl=0.2409 node_l2=0.071681 graph_l2=278.563146 task=0.2740 | val_AP=0.3950 test_AP=0.3936
    -> New best distilled val loss=0.2944 (test=0.3936)
  Distill Epoch  34/700 [52.9s mem=8771MB] | total=0.5033 kl=0.2443 node_l2=0.072477 graph_l2=321.288559 task=0.2740 | val_AP=0.3995 test_AP=0.3932
    -> New best distilled val loss=0.2905 (test=0.3932)
  Distill Epoch  35/700 [53.1s mem=8779MB] | total=0.5001 kl=0.2426 node_l2=0.071006 graph_l2=290.633085 task=0.2740 | val_AP=0.3971 test_AP=0.3880
  Distill Epoch  36/700 [53.4s mem=8760MB] | total=0.4953 kl=0.2352 node_l2=0.070081 graph_l2=290.213208 task=0.2734 | val_AP=0.3955 test_AP=0.3883
  Distill Epoch  37/700 [53.4s mem=8771MB] | total=0.4910 kl=0.2296 node_l2=0.069153 graph_l2=281.961258 task=0.2730 | val_AP=0.4011 test_AP=0.3937
  Distill Epoch  38/700 [53.2s mem=8769MB] | total=0.4894 kl=0.2263 node_l2=0.068646 graph_l2=283.163368 task=0.2731 | val_AP=0.4010 test_AP=0.3928
  Distill Epoch  39/700 [52.3s mem=8761MB] | total=0.4834 kl=0.2189 node_l2=0.068142 graph_l2=280.010357 task=0.2715 | val_AP=0.4068 test_AP=0.3928
    -> New best distilled val loss=0.2900 (test=0.3928)
  Distill Epoch  40/700 [53.2s mem=8765MB] | total=0.4763 kl=0.2070 node_l2=0.066827 graph_l2=268.708264 task=0.2716 | val_AP=0.4010 test_AP=0.3987
  Distill Epoch  41/700 [53.2s mem=8767MB] | total=0.4728 kl=0.2045 node_l2=0.065602 graph_l2=255.874416 task=0.2708 | val_AP=0.4025 test_AP=0.3946
  Distill Epoch  42/700 [52.6s mem=8766MB] | total=0.4682 kl=0.1954 node_l2=0.065208 graph_l2=265.947130 task=0.2704 | val_AP=0.4046 test_AP=0.3979
  Distill Epoch  43/700 [53.0s mem=8769MB] | total=0.4666 kl=0.1971 node_l2=0.063986 graph_l2=252.077327 task=0.2695 | val_AP=0.4055 test_AP=0.3933
  Distill Epoch  44/700 [53.5s mem=8759MB] | total=0.4680 kl=0.1982 node_l2=0.063571 graph_l2=255.152002 task=0.2703 | val_AP=0.4088 test_AP=0.3976
    -> New best distilled val loss=0.2896 (test=0.3976)
  Distill Epoch  45/700 [53.1s mem=8767MB] | total=0.4633 kl=0.1909 node_l2=0.062626 graph_l2=249.577751 task=0.2701 | val_AP=0.4022 test_AP=0.3950
    -> New best distilled val loss=0.2890 (test=0.3950)
  Distill Epoch  46/700 [53.0s mem=8761MB] | total=0.4688 kl=0.1996 node_l2=0.062835 graph_l2=269.312470 task=0.2701 | val_AP=0.3990 test_AP=0.3943
  Distill Epoch  47/700 [52.3s mem=8767MB] | total=0.4679 kl=0.1987 node_l2=0.062417 graph_l2=260.817052 task=0.2703 | val_AP=0.4052 test_AP=0.3978
  Distill Epoch  48/700 [53.2s mem=8764MB] | total=0.4651 kl=0.1948 node_l2=0.062079 graph_l2=262.230465 task=0.2696 | val_AP=0.4121 test_AP=0.4030
  Distill Epoch  49/700 [53.0s mem=8762MB] | total=0.4609 kl=0.1895 node_l2=0.061452 graph_l2=258.893668 task=0.2688 | val_AP=0.4060 test_AP=0.3967
  Distill Epoch  50/700 [53.2s mem=8770MB] | total=0.4580 kl=0.1882 node_l2=0.060281 graph_l2=243.738841 task=0.2680 | val_AP=0.4055 test_AP=0.4018
  Distill Epoch  51/700 [53.1s mem=8761MB] | total=0.4563 kl=0.1840 node_l2=0.059773 graph_l2=246.557025 task=0.2684 | val_AP=0.4073 test_AP=0.3984
  Distill Epoch  52/700 [53.4s mem=8761MB] | total=0.4576 kl=0.1853 node_l2=0.059444 graph_l2=250.075010 task=0.2689 | val_AP=0.4088 test_AP=0.3984
    -> New best distilled val loss=0.2882 (test=0.3984)
  Distill Epoch  53/700 [53.6s mem=8765MB] | total=0.4535 kl=0.1813 node_l2=0.058536 graph_l2=244.659960 task=0.2678 | val_AP=0.4084 test_AP=0.3996
  Distill Epoch  54/700 [52.8s mem=8764MB] | total=0.4543 kl=0.1841 node_l2=0.058019 graph_l2=239.110890 task=0.2678 | val_AP=0.4084 test_AP=0.3995
  Distill Epoch  55/700 [53.3s mem=8763MB] | total=0.4530 kl=0.1820 node_l2=0.057308 graph_l2=232.350814 task=0.2681 | val_AP=0.4008 test_AP=0.3981
  Distill Epoch  56/700 [53.3s mem=8759MB] | total=0.4496 kl=0.1763 node_l2=0.056784 graph_l2=235.766327 task=0.2677 | val_AP=0.4032 test_AP=0.3917
  Distill Epoch  57/700 [52.5s mem=8760MB] | total=0.4476 kl=0.1741 node_l2=0.056238 graph_l2=229.671233 task=0.2674 | val_AP=0.4105 test_AP=0.3991
  Distill Epoch  58/700 [52.9s mem=8765MB] | total=0.4483 kl=0.1763 node_l2=0.056030 graph_l2=231.660019 task=0.2671 | val_AP=0.4085 test_AP=0.3955
  Distill Epoch  59/700 [53.4s mem=8769MB] | total=0.4435 kl=0.1677 node_l2=0.055645 graph_l2=234.864911 task=0.2667 | val_AP=0.4055 test_AP=0.4043
  Distill Epoch  60/700 [53.2s mem=8769MB] | total=0.4394 kl=0.1619 node_l2=0.054400 graph_l2=221.135726 task=0.2668 | val_AP=0.4037 test_AP=0.3989
    -> New best distilled val loss=0.2875 (test=0.3989)
  Distill Epoch  61/700 [53.3s mem=8765MB] | total=0.4431 kl=0.1705 node_l2=0.054023 graph_l2=224.064604 task=0.2664 | val_AP=0.4072 test_AP=0.4035
  Distill Epoch  62/700 [52.9s mem=8765MB] | total=0.4417 kl=0.1688 node_l2=0.053803 graph_l2=227.319081 task=0.2659 | val_AP=0.4090 test_AP=0.4012
  Distill Epoch  63/700 [52.9s mem=8766MB] | total=0.4384 kl=0.1617 node_l2=0.053804 graph_l2=238.533281 task=0.2656 | val_AP=0.4133 test_AP=0.3986
  Distill Epoch  64/700 [52.9s mem=8769MB] | total=0.4394 kl=0.1638 node_l2=0.053158 graph_l2=233.049442 task=0.2660 | val_AP=0.4042 test_AP=0.3971
  Distill Epoch  65/700 [52.0s mem=8760MB] | total=0.4389 kl=0.1642 node_l2=0.052476 graph_l2=220.772219 task=0.2663 | val_AP=0.4093 test_AP=0.4025
  Distill Epoch  66/700 [53.2s mem=8763MB] | total=0.4370 kl=0.1615 node_l2=0.052034 graph_l2=221.517996 task=0.2660 | val_AP=0.4051 test_AP=0.3988
  Distill Epoch  67/700 [53.3s mem=8758MB] | total=0.4335 kl=0.1583 node_l2=0.051281 graph_l2=213.407993 task=0.2651 | val_AP=0.4100 test_AP=0.3999
  Distill Epoch  68/700 [53.0s mem=8761MB] | total=0.4341 kl=0.1607 node_l2=0.050680 graph_l2=205.009450 task=0.2651 | val_AP=0.4138 test_AP=0.4015
  Distill Epoch  69/700 [53.3s mem=8762MB] | total=0.4312 kl=0.1560 node_l2=0.050226 graph_l2=204.736681 task=0.2649 | val_AP=0.4092 test_AP=0.3977
  Distill Epoch  70/700 [52.9s mem=8759MB] | total=0.4296 kl=0.1532 node_l2=0.050039 graph_l2=209.603205 task=0.2646 | val_AP=0.4072 test_AP=0.3959
  Distill Epoch  71/700 [52.8s mem=8763MB] | total=0.4291 kl=0.1545 node_l2=0.049234 graph_l2=204.242397 task=0.2641 | val_AP=0.4100 test_AP=0.3982
  Distill Epoch  72/700 [58.8s mem=8764MB] | total=0.4315 kl=0.1574 node_l2=0.049261 graph_l2=208.916170 task=0.2648 | val_AP=0.4113 test_AP=0.3978
  Distill Epoch  73/700 [64.9s mem=8767MB] | total=0.4322 kl=0.1586 node_l2=0.049289 graph_l2=215.340732 task=0.2646 | val_AP=0.4139 test_AP=0.4000
    -> New best distilled val loss=0.2872 (test=0.4000)
  Distill Epoch  74/700 [65.8s mem=8762MB] | total=0.4286 kl=0.1533 node_l2=0.048386 graph_l2=206.396983 task=0.2645 | val_AP=0.4105 test_AP=0.4017
    -> New best distilled val loss=0.2867 (test=0.4017)
  Distill Epoch  75/700 [65.5s mem=8756MB] | total=0.4251 kl=0.1477 node_l2=0.048411 graph_l2=209.252877 task=0.2638 | val_AP=0.4155 test_AP=0.4002
  Distill Epoch  76/700 [65.4s mem=8764MB] | total=0.4292 kl=0.1550 node_l2=0.048154 graph_l2=215.205062 task=0.2640 | val_AP=0.4118 test_AP=0.3989
  Distill Epoch  77/700 [65.5s mem=8767MB] | total=0.4266 kl=0.1527 node_l2=0.047591 graph_l2=210.489215 task=0.2633 | val_AP=0.4050 test_AP=0.4036
  Distill Epoch  78/700 [65.3s mem=8762MB] | total=0.4243 kl=0.1495 node_l2=0.046855 graph_l2=202.279786 task=0.2634 | val_AP=0.4130 test_AP=0.4036
  Distill Epoch  79/700 [65.3s mem=8761MB] | total=0.4224 kl=0.1468 node_l2=0.046451 graph_l2=198.847144 task=0.2632 | val_AP=0.4111 test_AP=0.3981
  Distill Epoch  80/700 [66.0s mem=8762MB] | total=0.4248 kl=0.1509 node_l2=0.046419 graph_l2=206.672119 task=0.2632 | val_AP=0.4114 test_AP=0.4029
  Distill Epoch  81/700 [64.9s mem=8757MB] | total=0.4257 kl=0.1502 node_l2=0.046298 graph_l2=210.182115 task=0.2641 | val_AP=0.4068 test_AP=0.3996
  Distill Epoch  82/700 [65.2s mem=8764MB] | total=0.4199 kl=0.1437 node_l2=0.045565 graph_l2=198.695157 task=0.2628 | val_AP=0.4134 test_AP=0.4019
  Distill Epoch  83/700 [65.8s mem=8756MB] | total=0.4190 kl=0.1428 node_l2=0.045223 graph_l2=199.257677 task=0.2625 | val_AP=0.4140 test_AP=0.4036
    -> New best distilled val loss=0.2860 (test=0.4036)
  Distill Epoch  84/700 [65.9s mem=8765MB] | total=0.4175 kl=0.1419 node_l2=0.044651 graph_l2=194.950635 task=0.2621 | val_AP=0.4133 test_AP=0.4094
  Distill Epoch  85/700 [65.5s mem=8766MB] | total=0.4178 kl=0.1410 node_l2=0.044573 graph_l2=200.085295 task=0.2625 | val_AP=0.4078 test_AP=0.4046
  Distill Epoch  86/700 [64.8s mem=8777MB] | total=0.4181 kl=0.1435 node_l2=0.044147 graph_l2=197.536595 task=0.2620 | val_AP=0.4077 test_AP=0.4035
  Distill Epoch  87/700 [65.8s mem=8774MB] | total=0.4161 kl=0.1401 node_l2=0.043752 graph_l2=193.041621 task=0.2621 | val_AP=0.4102 test_AP=0.4026
  Distill Epoch  88/700 [65.2s mem=8767MB] | total=0.4144 kl=0.1382 node_l2=0.043458 graph_l2=193.724730 task=0.2615 | val_AP=0.4082 test_AP=0.4030
  Distill Epoch  89/700 [65.3s mem=8766MB] | total=0.4136 kl=0.1370 node_l2=0.042778 graph_l2=184.293087 task=0.2621 | val_AP=0.4084 test_AP=0.4014
  Distill Epoch  90/700 [65.9s mem=8765MB] | total=0.4133 kl=0.1379 node_l2=0.042549 graph_l2=189.029282 task=0.2614 | val_AP=0.4146 test_AP=0.4054
  Distill Epoch  91/700 [65.1s mem=8763MB] | total=0.4122 kl=0.1378 node_l2=0.042420 graph_l2=187.201684 task=0.2606 | val_AP=0.4104 test_AP=0.4054
  Distill Epoch  92/700 [65.3s mem=8755MB] | total=0.4168 kl=0.1427 node_l2=0.042677 graph_l2=196.465521 task=0.2619 | val_AP=0.4111 test_AP=0.4061
  Distill Epoch  93/700 [65.7s mem=8770MB] | total=0.4114 kl=0.1343 node_l2=0.042126 graph_l2=192.592010 task=0.2613 | val_AP=0.4102 test_AP=0.4051
  Distill Epoch  94/700 [64.7s mem=8772MB] | total=0.4084 kl=0.1336 node_l2=0.041655 graph_l2=190.157203 task=0.2594 | val_AP=0.4119 test_AP=0.4037
  Distill Epoch  95/700 [66.3s mem=8761MB] | total=0.4120 kl=0.1376 node_l2=0.041776 graph_l2=198.218646 task=0.2603 | val_AP=0.4061 test_AP=0.4006
  Distill Epoch  96/700 [65.5s mem=8761MB] | total=0.4083 kl=0.1315 node_l2=0.040968 graph_l2=184.737395 task=0.2607 | val_AP=0.4131 test_AP=0.4031
  Distill Epoch  97/700 [65.3s mem=8769MB] | total=0.4110 kl=0.1355 node_l2=0.041325 graph_l2=199.010176 task=0.2606 | val_AP=0.4161 test_AP=0.4044
    -> New best distilled val loss=0.2835 (test=0.4044)
  Distill Epoch  98/700 [65.4s mem=8765MB] | total=0.4104 kl=0.1348 node_l2=0.041072 graph_l2=194.166783 task=0.2606 | val_AP=0.4157 test_AP=0.4044
  Distill Epoch  99/700 [65.1s mem=8768MB] | total=0.4077 kl=0.1341 node_l2=0.040242 graph_l2=183.549761 task=0.2595 | val_AP=0.4147 test_AP=0.4107
  Distill Epoch 100/700 [66.2s mem=8763MB] | total=0.4058 kl=0.1294 node_l2=0.039926 graph_l2=183.816283 task=0.2599 | val_AP=0.4115 test_AP=0.4042
  Distill Epoch 101/700 [65.5s mem=8767MB] | total=0.4052 kl=0.1296 node_l2=0.039742 graph_l2=183.451423 task=0.2595 | val_AP=0.4147 test_AP=0.4094
  Distill Epoch 102/700 [64.5s mem=8760MB] | total=0.4042 kl=0.1276 node_l2=0.039359 graph_l2=176.997359 task=0.2599 | val_AP=0.4175 test_AP=0.4045
  Distill Epoch 103/700 [65.9s mem=8759MB] | total=0.4032 kl=0.1270 node_l2=0.039012 graph_l2=179.588266 task=0.2594 | val_AP=0.4201 test_AP=0.4071
    -> New best distilled val loss=0.2808 (test=0.4071)
  Distill Epoch 104/700 [64.7s mem=8765MB] | total=0.4032 kl=0.1279 node_l2=0.038804 graph_l2=178.923494 task=0.2590 | val_AP=0.4154 test_AP=0.4043
  Distill Epoch 105/700 [65.9s mem=8763MB] | total=0.4055 kl=0.1309 node_l2=0.039030 graph_l2=187.884678 task=0.2593 | val_AP=0.4148 test_AP=0.4056
  Distill Epoch 106/700 [66.0s mem=8761MB] | total=0.4047 kl=0.1301 node_l2=0.038463 graph_l2=178.063307 task=0.2596 | val_AP=0.4171 test_AP=0.4060
  Distill Epoch 107/700 [65.7s mem=8756MB] | total=0.4007 kl=0.1252 node_l2=0.038042 graph_l2=176.235845 task=0.2586 | val_AP=0.4159 test_AP=0.4052
  Distill Epoch 108/700 [66.0s mem=8769MB] | total=0.4010 kl=0.1258 node_l2=0.037843 graph_l2=177.399873 task=0.2586 | val_AP=0.4135 test_AP=0.4050
  Distill Epoch 109/700 [64.6s mem=8766MB] | total=0.3998 kl=0.1233 node_l2=0.037485 graph_l2=173.104131 task=0.2589 | val_AP=0.4149 test_AP=0.4035
  Distill Epoch 110/700 [38.6s mem=8763MB] | total=0.4042 kl=0.1306 node_l2=0.037825 graph_l2=184.117726 task=0.2590 | val_AP=0.4164 test_AP=0.4040
  Distill Epoch 111/700 [35.6s mem=8764MB] | total=0.4031 kl=0.1306 node_l2=0.037546 graph_l2=179.819545 task=0.2584 | val_AP=0.4153 test_AP=0.4058
  Distill Epoch 112/700 [35.9s mem=8771MB] | total=0.4003 kl=0.1247 node_l2=0.037201 graph_l2=176.210254 task=0.2588 | val_AP=0.4157 test_AP=0.4099
  Distill Epoch 113/700 [37.4s mem=8758MB] | total=0.4028 kl=0.1289 node_l2=0.037167 graph_l2=182.913743 task=0.2588 | val_AP=0.4135 test_AP=0.4019
  Distill Epoch 114/700 [35.7s mem=8774MB] | total=0.3999 kl=0.1259 node_l2=0.036785 graph_l2=176.343639 task=0.2581 | val_AP=0.4153 test_AP=0.4074
  Distill Epoch 115/700 [36.7s mem=8764MB] | total=0.3986 kl=0.1241 node_l2=0.036461 graph_l2=175.128698 task=0.2580 | val_AP=0.4139 test_AP=0.4059
  Distill Epoch 116/700 [35.3s mem=8772MB] | total=0.3969 kl=0.1207 node_l2=0.036247 graph_l2=174.920764 task=0.2581 | val_AP=0.4147 test_AP=0.4070
  Distill Epoch 117/700 [36.6s mem=8763MB] | total=0.3986 kl=0.1242 node_l2=0.036319 graph_l2=177.466179 task=0.2579 | val_AP=0.4142 test_AP=0.4048
  Distill Epoch 118/700 [36.4s mem=8763MB] | total=0.3946 kl=0.1187 node_l2=0.035690 graph_l2=168.867304 task=0.2575 | val_AP=0.4165 test_AP=0.4065
  Distill Epoch 119/700 [36.0s mem=8762MB] | total=0.3954 kl=0.1203 node_l2=0.035490 graph_l2=169.585626 task=0.2575 | val_AP=0.4164 test_AP=0.4093
  Distill Epoch 120/700 [36.4s mem=8767MB] | total=0.3970 kl=0.1231 node_l2=0.035567 graph_l2=173.523851 task=0.2574 | val_AP=0.4164 test_AP=0.4054
  Distill Epoch 121/700 [37.0s mem=8764MB] | total=0.3956 kl=0.1208 node_l2=0.035351 graph_l2=173.899188 task=0.2574 | val_AP=0.4157 test_AP=0.4068
  Distill Epoch 122/700 [37.1s mem=8761MB] | total=0.3945 kl=0.1193 node_l2=0.035257 graph_l2=173.843452 task=0.2571 | val_AP=0.4164 test_AP=0.4080
  Distill Epoch 123/700 [36.8s mem=8764MB] | total=0.3939 kl=0.1202 node_l2=0.034842 graph_l2=169.413304 task=0.2566 | val_AP=0.4132 test_AP=0.4082
  Distill Epoch 124/700 [36.4s mem=8770MB] | total=0.3932 kl=0.1187 node_l2=0.034579 graph_l2=166.885981 task=0.2569 | val_AP=0.4195 test_AP=0.4144
  Distill Epoch 125/700 [36.7s mem=8763MB] | total=0.3937 kl=0.1196 node_l2=0.034449 graph_l2=169.144363 task=0.2569 | val_AP=0.4138 test_AP=0.4079
  Distill Epoch 126/700 [37.2s mem=8762MB] | total=0.3918 kl=0.1178 node_l2=0.034197 graph_l2=165.446134 task=0.2563 | val_AP=0.4171 test_AP=0.4077
  Distill Epoch 127/700 [36.2s mem=8768MB] | total=0.3901 kl=0.1146 node_l2=0.033804 graph_l2=163.567476 task=0.2565 | val_AP=0.4207 test_AP=0.4078
  Distill Epoch 128/700 [37.0s mem=8776MB] | total=0.3895 kl=0.1145 node_l2=0.033649 graph_l2=162.138882 task=0.2561 | val_AP=0.4165 test_AP=0.4090
  Distill Epoch 129/700 [36.0s mem=8767MB] | total=0.3930 kl=0.1202 node_l2=0.033751 graph_l2=166.081833 task=0.2564 | val_AP=0.4163 test_AP=0.4139
  Distill Epoch 130/700 [36.8s mem=8762MB] | total=0.3881 kl=0.1133 node_l2=0.033401 graph_l2=161.521656 task=0.2556 | val_AP=0.4162 test_AP=0.4107
  Distill Epoch 131/700 [36.7s mem=8765MB] | total=0.3889 kl=0.1154 node_l2=0.033364 graph_l2=165.744271 task=0.2552 | val_AP=0.4122 test_AP=0.4103
  Distill Epoch 132/700 [36.5s mem=8762MB] | total=0.3888 kl=0.1143 node_l2=0.032941 graph_l2=162.350053 task=0.2559 | val_AP=0.4201 test_AP=0.4107
  Distill Epoch 133/700 [36.5s mem=8764MB] | total=0.3901 kl=0.1168 node_l2=0.033263 graph_l2=168.118234 task=0.2556 | val_AP=0.4151 test_AP=0.4076
  Distill Epoch 134/700 [37.1s mem=8760MB] | total=0.3884 kl=0.1146 node_l2=0.032888 graph_l2=165.211724 task=0.2553 | val_AP=0.4197 test_AP=0.4085
  Distill Epoch 135/700 [35.9s mem=8762MB] | total=0.3871 kl=0.1133 node_l2=0.032515 graph_l2=161.528957 task=0.2551 | val_AP=0.4218 test_AP=0.4113
    -> New best distilled val loss=0.2804 (test=0.4113)
  Distill Epoch 136/700 [36.4s mem=8765MB] | total=0.3892 kl=0.1161 node_l2=0.032602 graph_l2=166.226358 task=0.2554 | val_AP=0.4150 test_AP=0.4065
  Distill Epoch 137/700 [36.3s mem=8764MB] | total=0.3858 kl=0.1114 node_l2=0.032239 graph_l2=158.466763 task=0.2551 | val_AP=0.4181 test_AP=0.4124
  Distill Epoch 138/700 [36.4s mem=8760MB] | total=0.3883 kl=0.1146 node_l2=0.032196 graph_l2=162.427310 task=0.2556 | val_AP=0.4154 test_AP=0.4086
  Distill Epoch 139/700 [34.4s mem=8762MB] | total=0.3860 kl=0.1135 node_l2=0.031929 graph_l2=158.809631 task=0.2545 | val_AP=0.4162 test_AP=0.4091
  Distill Epoch 140/700 [35.8s mem=8766MB] | total=0.3864 kl=0.1143 node_l2=0.031876 graph_l2=162.146430 task=0.2543 | val_AP=0.4198 test_AP=0.4089
  Distill Epoch 141/700 [37.5s mem=8759MB] | total=0.3875 kl=0.1150 node_l2=0.031935 graph_l2=164.950721 task=0.2549 | val_AP=0.4180 test_AP=0.4084
  Distill Epoch 142/700 [35.0s mem=8763MB] | total=0.3851 kl=0.1114 node_l2=0.031854 graph_l2=166.237897 task=0.2543 | val_AP=0.4151 test_AP=0.4107
  Distill Epoch 143/700 [35.3s mem=8764MB] | total=0.3835 kl=0.1097 node_l2=0.031595 graph_l2=160.723697 task=0.2540 | val_AP=0.4184 test_AP=0.4129
  Distill Epoch 144/700 [35.7s mem=8761MB] | total=0.3862 kl=0.1138 node_l2=0.031323 graph_l2=158.475131 task=0.2547 | val_AP=0.4241 test_AP=0.4165
  Distill Epoch 145/700 [37.4s mem=8761MB] | total=0.3828 kl=0.1085 node_l2=0.031239 graph_l2=156.804393 task=0.2542 | val_AP=0.4224 test_AP=0.4089
  Distill Epoch 146/700 [37.0s mem=8766MB] | total=0.3832 kl=0.1089 node_l2=0.031117 graph_l2=158.727541 task=0.2544 | val_AP=0.4173 test_AP=0.4132
  Distill Epoch 147/700 [36.7s mem=8769MB] | total=0.3844 kl=0.1108 node_l2=0.031046 graph_l2=161.356171 task=0.2545 | val_AP=0.4195 test_AP=0.4092
  Distill Epoch 148/700 [37.1s mem=8765MB] | total=0.3825 kl=0.1092 node_l2=0.030922 graph_l2=158.616749 task=0.2537 | val_AP=0.4204 test_AP=0.4117
  Distill Epoch 149/700 [37.6s mem=8754MB] | total=0.3829 kl=0.1106 node_l2=0.030625 graph_l2=155.878747 task=0.2538 | val_AP=0.4187 test_AP=0.4125
  Distill Epoch 150/700 [36.9s mem=8766MB] | total=0.3830 kl=0.1116 node_l2=0.030649 graph_l2=158.441161 task=0.2533 | val_AP=0.4193 test_AP=0.4130
  Distill Epoch 151/700 [37.0s mem=8771MB] | total=0.3817 kl=0.1089 node_l2=0.030489 graph_l2=155.600859 task=0.2535 | val_AP=0.4197 test_AP=0.4128
  Distill Epoch 152/700 [37.0s mem=8763MB] | total=0.3808 kl=0.1081 node_l2=0.030338 graph_l2=156.416316 task=0.2531 | val_AP=0.4207 test_AP=0.4112
  Distill Epoch 153/700 [36.6s mem=8769MB] | total=0.3831 kl=0.1114 node_l2=0.030204 graph_l2=154.881207 task=0.2537 | val_AP=0.4187 test_AP=0.4164
  Distill Epoch 154/700 [34.6s mem=8756MB] | total=0.3801 kl=0.1085 node_l2=0.029908 graph_l2=150.678281 task=0.2528 | val_AP=0.4195 test_AP=0.4128
  Distill Epoch 155/700 [36.6s mem=8762MB] | total=0.3809 kl=0.1086 node_l2=0.029990 graph_l2=155.789096 task=0.2532 | val_AP=0.4155 test_AP=0.4134
  Distill Epoch 156/700 [36.5s mem=8763MB] | total=0.3807 kl=0.1087 node_l2=0.029929 graph_l2=156.390148 task=0.2530 | val_AP=0.4216 test_AP=0.4143
  Distill Epoch 157/700 [36.2s mem=8760MB] | total=0.3813 kl=0.1105 node_l2=0.029789 graph_l2=154.248242 task=0.2528 | val_AP=0.4204 test_AP=0.4102
  Distill Epoch 158/700 [36.0s mem=8770MB] | total=0.3796 kl=0.1081 node_l2=0.029520 graph_l2=149.571148 task=0.2527 | val_AP=0.4230 test_AP=0.4165
  Distill Epoch 159/700 [37.1s mem=8487MB] | total=0.3780 kl=0.1070 node_l2=0.029374 graph_l2=151.054470 task=0.2519 | val_AP=0.4181 test_AP=0.4120
  Distill Epoch 160/700 [37.0s mem=8764MB] | total=0.3792 kl=0.1075 node_l2=0.029472 graph_l2=153.522406 task=0.2525 | val_AP=0.4208 test_AP=0.4116
  Distill Epoch 161/700 [36.8s mem=8769MB] | total=0.3798 kl=0.1086 node_l2=0.029474 graph_l2=155.278102 task=0.2525 | val_AP=0.4185 test_AP=0.4135
  Distill Epoch 162/700 [37.5s mem=8768MB] | total=0.3783 kl=0.1073 node_l2=0.029289 graph_l2=152.393069 task=0.2520 | val_AP=0.4218 test_AP=0.4120
  Distill Epoch 163/700 [36.8s mem=8767MB] | total=0.3785 kl=0.1082 node_l2=0.029171 graph_l2=154.709418 task=0.2518 | val_AP=0.4227 test_AP=0.4107
  Distill Epoch 164/700 [36.1s mem=8766MB] | total=0.3786 kl=0.1079 node_l2=0.029182 graph_l2=155.404566 task=0.2519 | val_AP=0.4197 test_AP=0.4104
  Distill Epoch 165/700 [36.8s mem=8769MB] | total=0.3778 kl=0.1067 node_l2=0.029073 graph_l2=154.387133 task=0.2518 | val_AP=0.4173 test_AP=0.4133
  Distill Epoch 166/700 [37.3s mem=8759MB] | total=0.3779 kl=0.1075 node_l2=0.028831 graph_l2=152.328464 task=0.2518 | val_AP=0.4239 test_AP=0.4119
  Distill Epoch 167/700 [37.1s mem=8756MB] | total=0.3768 kl=0.1065 node_l2=0.028705 graph_l2=150.058079 task=0.2514 | val_AP=0.4231 test_AP=0.4134
  Distill Epoch 168/700 [35.9s mem=8764MB] | total=0.3758 kl=0.1050 node_l2=0.028585 graph_l2=151.237981 task=0.2511 | val_AP=0.4197 test_AP=0.4154
  Distill Epoch 169/700 [36.5s mem=8758MB] | total=0.3774 kl=0.1063 node_l2=0.028647 graph_l2=151.607915 task=0.2519 | val_AP=0.4232 test_AP=0.4134
  Distill Epoch 170/700 [36.9s mem=8767MB] | total=0.3758 kl=0.1049 node_l2=0.028385 graph_l2=148.252622 task=0.2514 | val_AP=0.4236 test_AP=0.4164
  Distill Epoch 171/700 [37.3s mem=8769MB] | total=0.3749 kl=0.1043 node_l2=0.028226 graph_l2=146.983859 task=0.2511 | val_AP=0.4244 test_AP=0.4121
  Distill Epoch 172/700 [37.4s mem=8760MB] | total=0.3753 kl=0.1048 node_l2=0.028281 graph_l2=150.999687 task=0.2510 | val_AP=0.4201 test_AP=0.4136
  Distill Epoch 173/700 [38.2s mem=8764MB] | total=0.3755 kl=0.1062 node_l2=0.028140 graph_l2=149.350199 task=0.2507 | val_AP=0.4221 test_AP=0.4128
  Distill Epoch 174/700 [37.4s mem=8763MB] | total=0.3744 kl=0.1044 node_l2=0.028036 graph_l2=147.136225 task=0.2507 | val_AP=0.4225 test_AP=0.4151
  Distill Epoch 175/700 [36.3s mem=8774MB] | total=0.3750 kl=0.1059 node_l2=0.027969 graph_l2=148.489277 task=0.2505 | val_AP=0.4220 test_AP=0.4126
  Distill Epoch 176/700 [36.7s mem=8767MB] | total=0.3733 kl=0.1033 node_l2=0.027700 graph_l2=145.039622 task=0.2505 | val_AP=0.4221 test_AP=0.4119
  Distill Epoch 177/700 [37.3s mem=8764MB] | total=0.3719 kl=0.1011 node_l2=0.027628 graph_l2=144.283536 task=0.2503 | val_AP=0.4237 test_AP=0.4137
  Distill Epoch 178/700 [36.7s mem=8764MB] | total=0.3735 kl=0.1042 node_l2=0.027688 graph_l2=147.383046 task=0.2502 | val_AP=0.4211 test_AP=0.4114
  Distill Epoch 179/700 [36.5s mem=8765MB] | total=0.3736 kl=0.1049 node_l2=0.027623 graph_l2=147.183689 task=0.2500 | val_AP=0.4245 test_AP=0.4179
  Distill Epoch 180/700 [37.6s mem=8771MB] | total=0.3740 kl=0.1034 node_l2=0.028231 graph_l2=164.712516 task=0.2500 | val_AP=0.4267 test_AP=0.4173
  Distill Epoch 181/700 [36.0s mem=8764MB] | total=0.3735 kl=0.1042 node_l2=0.027613 graph_l2=152.925563 task=0.2499 | val_AP=0.4256 test_AP=0.4206
  Distill Epoch 182/700 [36.0s mem=8762MB] | total=0.3753 kl=0.1067 node_l2=0.027738 graph_l2=154.362848 task=0.2503 | val_AP=0.4217 test_AP=0.4141
  Distill Epoch 183/700 [36.5s mem=8761MB] | total=0.3722 kl=0.1030 node_l2=0.027374 graph_l2=145.909105 task=0.2498 | val_AP=0.4223 test_AP=0.4149
  Distill Epoch 184/700 [36.8s mem=8764MB] | total=0.3700 kl=0.0994 node_l2=0.027145 graph_l2=142.514968 task=0.2497 | val_AP=0.4235 test_AP=0.4195
  Distill Epoch 185/700 [36.7s mem=8760MB] | total=0.3685 kl=0.0982 node_l2=0.026916 graph_l2=140.670287 task=0.2491 | val_AP=0.4277 test_AP=0.4174
  Distill Epoch 186/700 [36.7s mem=8768MB] | total=0.3706 kl=0.1016 node_l2=0.026984 graph_l2=144.938076 task=0.2493 | val_AP=0.4219 test_AP=0.4145
  Distill Epoch 187/700 [36.5s mem=8766MB] | total=0.3711 kl=0.1040 node_l2=0.026955 graph_l2=147.657258 task=0.2485 | val_AP=0.4233 test_AP=0.4138
  Distill Epoch 188/700 [37.6s mem=8771MB] | total=0.3716 kl=0.1038 node_l2=0.026938 graph_l2=145.166626 task=0.2492 | val_AP=0.4237 test_AP=0.4155
  Distill Epoch 189/700 [36.2s mem=8762MB] | total=0.3700 kl=0.1025 node_l2=0.026718 graph_l2=142.995923 task=0.2485 | val_AP=0.4237 test_AP=0.4156
  Distill Epoch 190/700 [36.5s mem=8771MB] | total=0.3700 kl=0.1023 node_l2=0.026778 graph_l2=145.983113 task=0.2484 | val_AP=0.4239 test_AP=0.4157
  Distill Epoch 191/700 [36.1s mem=8763MB] | total=0.3719 kl=0.1054 node_l2=0.026752 graph_l2=144.480965 task=0.2488 | val_AP=0.4277 test_AP=0.4200
    -> New best distilled val loss=0.2802 (test=0.4200)
  Distill Epoch 192/700 [36.9s mem=8762MB] | total=0.3701 kl=0.1027 node_l2=0.026691 graph_l2=145.983943 task=0.2484 | val_AP=0.4264 test_AP=0.4164
  Distill Epoch 193/700 [37.3s mem=8759MB] | total=0.3682 kl=0.1004 node_l2=0.026458 graph_l2=142.547977 task=0.2480 | val_AP=0.4228 test_AP=0.4159
  Distill Epoch 194/700 [36.9s mem=8767MB] | total=0.3683 kl=0.1018 node_l2=0.026414 graph_l2=141.988518 task=0.2476 | val_AP=0.4283 test_AP=0.4216
  Distill Epoch 195/700 [36.9s mem=8765MB] | total=0.3687 kl=0.1027 node_l2=0.026274 graph_l2=141.971562 task=0.2476 | val_AP=0.4244 test_AP=0.4165
  Distill Epoch 196/700 [35.6s mem=8765MB] | total=0.3683 kl=0.1014 node_l2=0.026301 graph_l2=140.284141 task=0.2479 | val_AP=0.4283 test_AP=0.4155
  Distill Epoch 197/700 [36.6s mem=8768MB] | total=0.3671 kl=0.0992 node_l2=0.026024 graph_l2=140.064621 task=0.2479 | val_AP=0.4276 test_AP=0.4166
  Distill Epoch 198/700 [36.8s mem=8759MB] | total=0.3667 kl=0.1005 node_l2=0.025967 graph_l2=138.243313 task=0.2472 | val_AP=0.4273 test_AP=0.4172
  Distill Epoch 199/700 [37.2s mem=8766MB] | total=0.3679 kl=0.1013 node_l2=0.025968 graph_l2=140.341767 task=0.2477 | val_AP=0.4275 test_AP=0.4180
  Distill Epoch 200/700 [37.9s mem=8765MB] | total=0.3667 kl=0.1015 node_l2=0.025953 graph_l2=141.178050 task=0.2466 | val_AP=0.4251 test_AP=0.4201
  Distill Epoch 201/700 [36.3s mem=8764MB] | total=0.3663 kl=0.0997 node_l2=0.025901 graph_l2=139.880503 task=0.2471 | val_AP=0.4274 test_AP=0.4181
  Distill Epoch 202/700 [36.5s mem=8764MB] | total=0.3663 kl=0.1000 node_l2=0.025811 graph_l2=140.161617 task=0.2470 | val_AP=0.4287 test_AP=0.4204
    -> New best distilled val loss=0.2773 (test=0.4204)
  Distill Epoch 203/700 [36.3s mem=8766MB] | total=0.3653 kl=0.0984 node_l2=0.025661 graph_l2=138.347100 task=0.2470 | val_AP=0.4306 test_AP=0.4206
  Distill Epoch 204/700 [36.4s mem=8758MB] | total=0.3659 kl=0.1010 node_l2=0.025542 graph_l2=136.838625 task=0.2465 | val_AP=0.4273 test_AP=0.4169
  Distill Epoch 205/700 [36.2s mem=8762MB] | total=0.3649 kl=0.1001 node_l2=0.025486 graph_l2=135.168494 task=0.2462 | val_AP=0.4311 test_AP=0.4250
  Distill Epoch 206/700 [36.3s mem=8763MB] | total=0.3662 kl=0.1004 node_l2=0.025514 graph_l2=138.781231 task=0.2469 | val_AP=0.4267 test_AP=0.4145
  Distill Epoch 207/700 [37.2s mem=8768MB] | total=0.3663 kl=0.1021 node_l2=0.025558 graph_l2=139.593288 task=0.2462 | val_AP=0.4296 test_AP=0.4197
  Distill Epoch 208/700 [36.0s mem=8764MB] | total=0.3637 kl=0.0983 node_l2=0.025299 graph_l2=135.400014 task=0.2459 | val_AP=0.4310 test_AP=0.4234
  Distill Epoch 209/700 [36.3s mem=8762MB] | total=0.3640 kl=0.0996 node_l2=0.025297 graph_l2=138.011481 task=0.2456 | val_AP=0.4291 test_AP=0.4195
  Distill Epoch 210/700 [36.2s mem=8772MB] | total=0.3642 kl=0.0995 node_l2=0.025358 graph_l2=139.450240 task=0.2456 | val_AP=0.4289 test_AP=0.4185
  Distill Epoch 211/700 [37.5s mem=8767MB] | total=0.3649 kl=0.1002 node_l2=0.025225 graph_l2=139.373173 task=0.2461 | val_AP=0.4278 test_AP=0.4169
  Distill Epoch 212/700 [36.7s mem=8772MB] | total=0.3632 kl=0.0989 node_l2=0.025133 graph_l2=135.879491 task=0.2453 | val_AP=0.4315 test_AP=0.4224
  Distill Epoch 213/700 [36.4s mem=8773MB] | total=0.3628 kl=0.0982 node_l2=0.024999 graph_l2=134.951190 task=0.2454 | val_AP=0.4285 test_AP=0.4167
  Distill Epoch 214/700 [36.5s mem=8761MB] | total=0.3626 kl=0.0973 node_l2=0.024984 graph_l2=136.459018 task=0.2455 | val_AP=0.4291 test_AP=0.4188
  Distill Epoch 215/700 [36.6s mem=8755MB] | total=0.3633 kl=0.0999 node_l2=0.024969 graph_l2=135.720400 task=0.2451 | val_AP=0.4302 test_AP=0.4212
  Distill Epoch 216/700 [36.3s mem=8765MB] | total=0.3613 kl=0.0976 node_l2=0.024769 graph_l2=133.819977 task=0.2445 | val_AP=0.4311 test_AP=0.4241
  Distill Epoch 217/700 [36.8s mem=8766MB] | total=0.3633 kl=0.1000 node_l2=0.024820 graph_l2=136.413733 task=0.2451 | val_AP=0.4330 test_AP=0.4221
  Distill Epoch 218/700 [37.9s mem=8755MB] | total=0.3613 kl=0.0970 node_l2=0.024824 graph_l2=135.459899 task=0.2447 | val_AP=0.4389 test_AP=0.4263
    -> New best distilled val loss=0.2770 (test=0.4263)
  Distill Epoch 219/700 [36.4s mem=8764MB] | total=0.3631 kl=0.1004 node_l2=0.024769 graph_l2=135.419619 task=0.2448 | val_AP=0.4370 test_AP=0.4221
  Distill Epoch 220/700 [36.4s mem=8763MB] | total=0.3622 kl=0.1005 node_l2=0.024724 graph_l2=135.542568 task=0.2440 | val_AP=0.4291 test_AP=0.4177
  Distill Epoch 221/700 [37.1s mem=8768MB] | total=0.3611 kl=0.0981 node_l2=0.024640 graph_l2=134.671283 task=0.2442 | val_AP=0.4374 test_AP=0.4246
  Distill Epoch 222/700 [37.0s mem=8753MB] | total=0.3620 kl=0.1014 node_l2=0.024502 graph_l2=132.020321 task=0.2437 | val_AP=0.4309 test_AP=0.4212
  Distill Epoch 223/700 [36.1s mem=8766MB] | total=0.3619 kl=0.1011 node_l2=0.024587 graph_l2=135.034494 task=0.2436 | val_AP=0.4334 test_AP=0.4240
  Distill Epoch 224/700 [37.0s mem=8768MB] | total=0.3612 kl=0.1003 node_l2=0.024373 graph_l2=130.881442 task=0.2436 | val_AP=0.4344 test_AP=0.4233
  Distill Epoch 225/700 [36.4s mem=8761MB] | total=0.3601 kl=0.0980 node_l2=0.024428 graph_l2=134.108964 task=0.2435 | val_AP=0.4348 test_AP=0.4241
  Distill Epoch 226/700 [37.3s mem=8764MB] | total=0.3613 kl=0.1009 node_l2=0.024512 graph_l2=134.695207 task=0.2432 | val_AP=0.4339 test_AP=0.4218
  Distill Epoch 227/700 [37.4s mem=8762MB] | total=0.3613 kl=0.1009 node_l2=0.024448 graph_l2=134.750732 task=0.2432 | val_AP=0.4323 test_AP=0.4233
  Distill Epoch 228/700 [37.1s mem=8760MB] | total=0.3600 kl=0.0999 node_l2=0.024259 graph_l2=132.427883 task=0.2427 | val_AP=0.4314 test_AP=0.4234
  Distill Epoch 229/700 [35.8s mem=8765MB] | total=0.3610 kl=0.1005 node_l2=0.024273 graph_l2=132.829566 task=0.2433 | val_AP=0.4358 test_AP=0.4259
  Distill Epoch 230/700 [36.8s mem=8764MB] | total=0.3615 kl=0.1032 node_l2=0.024256 graph_l2=134.240666 task=0.2426 | val_AP=0.4372 test_AP=0.4263
  Distill Epoch 231/700 [37.3s mem=8758MB] | total=0.3600 kl=0.1001 node_l2=0.024234 graph_l2=134.367123 task=0.2426 | val_AP=0.4352 test_AP=0.4232
    -> New best distilled val loss=0.2766 (test=0.4232)
  Distill Epoch 232/700 [36.5s mem=8489MB] | total=0.3601 kl=0.1006 node_l2=0.024181 graph_l2=133.032008 task=0.2426 | val_AP=0.4360 test_AP=0.4232
  Distill Epoch 233/700 [36.6s mem=8767MB] | total=0.3607 kl=0.1030 node_l2=0.024142 graph_l2=133.231562 task=0.2421 | val_AP=0.4397 test_AP=0.4276
  Distill Epoch 234/700 [36.7s mem=8759MB] | total=0.3593 kl=0.1004 node_l2=0.023990 graph_l2=130.441770 task=0.2421 | val_AP=0.4370 test_AP=0.4233
  Distill Epoch 235/700 [37.8s mem=8767MB] | total=0.3585 kl=0.0990 node_l2=0.024018 graph_l2=132.258364 task=0.2420 | val_AP=0.4370 test_AP=0.4229
  Distill Epoch 236/700 [35.8s mem=8772MB] | total=0.3585 kl=0.0975 node_l2=0.023894 graph_l2=130.630288 task=0.2427 | val_AP=0.4378 test_AP=0.4316
  Distill Epoch 237/700 [35.7s mem=8771MB] | total=0.3584 kl=0.0986 node_l2=0.023982 graph_l2=133.106425 task=0.2421 | val_AP=0.4382 test_AP=0.4285
  Distill Epoch 238/700 [36.6s mem=8764MB] | total=0.3596 kl=0.1018 node_l2=0.024039 graph_l2=135.054130 task=0.2416 | val_AP=0.4334 test_AP=0.4229
  Distill Epoch 239/700 [36.5s mem=8758MB] | total=0.3587 kl=0.1006 node_l2=0.023854 graph_l2=130.086402 task=0.2417 | val_AP=0.4409 test_AP=0.4265
  Distill Epoch 240/700 [36.7s mem=8757MB] | total=0.3568 kl=0.0986 node_l2=0.023663 graph_l2=126.907386 task=0.2411 | val_AP=0.4418 test_AP=0.4306
  Distill Epoch 241/700 [36.5s mem=8765MB] | total=0.3577 kl=0.0991 node_l2=0.023661 graph_l2=130.231690 task=0.2415 | val_AP=0.4380 test_AP=0.4282
  Distill Epoch 242/700 [37.4s mem=8759MB] | total=0.3579 kl=0.1010 node_l2=0.023718 graph_l2=131.087978 task=0.2408 | val_AP=0.4379 test_AP=0.4262
  Distill Epoch 243/700 [36.8s mem=8762MB] | total=0.3573 kl=0.1002 node_l2=0.023537 graph_l2=128.617625 task=0.2409 | val_AP=0.4420 test_AP=0.4307
    -> New best distilled val loss=0.2744 (test=0.4307)
  Distill Epoch 244/700 [36.3s mem=8773MB] | total=0.3563 kl=0.0988 node_l2=0.023456 graph_l2=128.338027 task=0.2406 | val_AP=0.4386 test_AP=0.4321
  Distill Epoch 245/700 [37.0s mem=8762MB] | total=0.3575 kl=0.1011 node_l2=0.023639 graph_l2=133.991397 task=0.2404 | val_AP=0.4414 test_AP=0.4253
  Distill Epoch 246/700 [37.4s mem=8760MB] | total=0.3570 kl=0.0996 node_l2=0.023534 graph_l2=130.657892 task=0.2407 | val_AP=0.4373 test_AP=0.4282
  Distill Epoch 247/700 [36.0s mem=8771MB] | total=0.3575 kl=0.0998 node_l2=0.023537 graph_l2=130.979458 task=0.2410 | val_AP=0.4310 test_AP=0.4238
  Distill Epoch 248/700 [36.5s mem=8772MB] | total=0.3558 kl=0.0987 node_l2=0.023396 graph_l2=126.115440 task=0.2404 | val_AP=0.4372 test_AP=0.4255
  Distill Epoch 249/700 [36.8s mem=8758MB] | total=0.3567 kl=0.0992 node_l2=0.023845 graph_l2=139.418029 task=0.2402 | val_AP=0.4418 test_AP=0.4280
  Distill Epoch 250/700 [36.2s mem=8773MB] | total=0.3564 kl=0.1000 node_l2=0.023426 graph_l2=130.145144 task=0.2402 | val_AP=0.4425 test_AP=0.4319
  Distill Epoch 251/700 [36.1s mem=8768MB] | total=0.3544 kl=0.0972 node_l2=0.023367 graph_l2=129.667815 task=0.2397 | val_AP=0.4425 test_AP=0.4304
  Distill Epoch 252/700 [37.2s mem=8762MB] | total=0.3552 kl=0.0996 node_l2=0.023238 graph_l2=127.386132 task=0.2395 | val_AP=0.4404 test_AP=0.4284
  Distill Epoch 253/700 [36.8s mem=8760MB] | total=0.3552 kl=0.0994 node_l2=0.023255 graph_l2=128.079751 task=0.2395 | val_AP=0.4392 test_AP=0.4295
  Distill Epoch 254/700 [36.3s mem=8758MB] | total=0.3540 kl=0.0978 node_l2=0.023227 graph_l2=129.042667 task=0.2392 | val_AP=0.4411 test_AP=0.4293
  Distill Epoch 255/700 [36.4s mem=8758MB] | total=0.3560 kl=0.1009 node_l2=0.023256 graph_l2=131.677617 task=0.2395 | val_AP=0.4417 test_AP=0.4326
  Distill Epoch 256/700 [36.3s mem=8761MB] | total=0.3549 kl=0.1003 node_l2=0.023206 graph_l2=127.965961 task=0.2390 | val_AP=0.4432 test_AP=0.4312
  Distill Epoch 257/700 [37.0s mem=8761MB] | total=0.3539 kl=0.0994 node_l2=0.022977 graph_l2=125.278528 task=0.2387 | val_AP=0.4381 test_AP=0.4268
  Distill Epoch 258/700 [36.4s mem=8773MB] | total=0.3543 kl=0.0991 node_l2=0.023115 graph_l2=129.184689 task=0.2389 | val_AP=0.4417 test_AP=0.4331
  Distill Epoch 259/700 [37.2s mem=8767MB] | total=0.3532 kl=0.0986 node_l2=0.023032 graph_l2=127.002891 task=0.2384 | val_AP=0.4405 test_AP=0.4281
  Distill Epoch 260/700 [37.4s mem=8761MB] | total=0.3533 kl=0.0989 node_l2=0.023017 graph_l2=127.842699 task=0.2383 | val_AP=0.4414 test_AP=0.4307
  Distill Epoch 261/700 [36.8s mem=8765MB] | total=0.3533 kl=0.0982 node_l2=0.022872 graph_l2=125.959258 task=0.2387 | val_AP=0.4390 test_AP=0.4284
  Distill Epoch 262/700 [37.0s mem=8763MB] | total=0.3537 kl=0.1005 node_l2=0.022898 graph_l2=127.762807 task=0.2380 | val_AP=0.4468 test_AP=0.4326
  Distill Epoch 263/700 [36.4s mem=8764MB] | total=0.3525 kl=0.0979 node_l2=0.022910 graph_l2=127.877581 task=0.2381 | val_AP=0.4460 test_AP=0.4357
  Distill Epoch 264/700 [37.3s mem=8769MB] | total=0.3516 kl=0.0968 node_l2=0.022775 graph_l2=125.751018 task=0.2379 | val_AP=0.4435 test_AP=0.4287
  Distill Epoch 265/700 [36.4s mem=8776MB] | total=0.3525 kl=0.0999 node_l2=0.022880 graph_l2=127.474560 task=0.2373 | val_AP=0.4398 test_AP=0.4289
  Distill Epoch 266/700 [36.8s mem=8765MB] | total=0.3543 kl=0.1021 node_l2=0.022834 graph_l2=127.656560 task=0.2379 | val_AP=0.4453 test_AP=0.4314
  Distill Epoch 267/700 [37.0s mem=8765MB] | total=0.3528 kl=0.0988 node_l2=0.022814 graph_l2=127.603699 task=0.2380 | val_AP=0.4415 test_AP=0.4260
  Distill Epoch 268/700 [37.4s mem=8766MB] | total=0.3527 kl=0.0997 node_l2=0.022734 graph_l2=127.183235 task=0.2376 | val_AP=0.4431 test_AP=0.4325
  Distill Epoch 269/700 [36.2s mem=8758MB] | total=0.3526 kl=0.0999 node_l2=0.022800 graph_l2=129.952206 task=0.2373 | val_AP=0.4368 test_AP=0.4260
  Distill Epoch 270/700 [35.5s mem=8770MB] | total=0.3507 kl=0.0977 node_l2=0.022689 graph_l2=125.388090 task=0.2369 | val_AP=0.4462 test_AP=0.4318
  Distill Epoch 271/700 [36.8s mem=8762MB] | total=0.3515 kl=0.0993 node_l2=0.022588 graph_l2=124.437847 task=0.2370 | val_AP=0.4432 test_AP=0.4305
  Distill Epoch 272/700 [37.6s mem=8767MB] | total=0.3519 kl=0.0990 node_l2=0.022528 graph_l2=122.973205 task=0.2375 | val_AP=0.4414 test_AP=0.4282
  Distill Epoch 273/700 [35.8s mem=8756MB] | total=0.3515 kl=0.0995 node_l2=0.022629 graph_l2=127.606991 task=0.2367 | val_AP=0.4429 test_AP=0.4291
  Distill Epoch 274/700 [36.9s mem=8756MB] | total=0.3518 kl=0.1004 node_l2=0.022521 graph_l2=125.465440 task=0.2368 | val_AP=0.4503 test_AP=0.4376
  Distill Epoch 275/700 [36.6s mem=8770MB] | total=0.3511 kl=0.0994 node_l2=0.022493 graph_l2=124.587098 task=0.2366 | val_AP=0.4484 test_AP=0.4325
    -> New best distilled val loss=0.2741 (test=0.4325)
  Distill Epoch 276/700 [36.3s mem=8765MB] | total=0.3513 kl=0.1007 node_l2=0.022517 graph_l2=125.710292 task=0.2362 | val_AP=0.4464 test_AP=0.4317
    -> New best distilled val loss=0.2739 (test=0.4317)
  Distill Epoch 277/700 [36.2s mem=8771MB] | total=0.3502 kl=0.0992 node_l2=0.022401 graph_l2=123.836513 task=0.2361 | val_AP=0.4452 test_AP=0.4311
  Distill Epoch 278/700 [37.0s mem=8768MB] | total=0.3512 kl=0.0994 node_l2=0.022461 graph_l2=124.285868 task=0.2368 | val_AP=0.4502 test_AP=0.4359
  Distill Epoch 279/700 [36.8s mem=8765MB] | total=0.3519 kl=0.1013 node_l2=0.022479 graph_l2=126.136234 task=0.2364 | val_AP=0.4482 test_AP=0.4343
  Distill Epoch 280/700 [36.8s mem=8770MB] | total=0.3507 kl=0.0994 node_l2=0.022363 graph_l2=124.943904 task=0.2363 | val_AP=0.4500 test_AP=0.4351
  Distill Epoch 281/700 [36.5s mem=8759MB] | total=0.3495 kl=0.0987 node_l2=0.022306 graph_l2=123.251900 task=0.2357 | val_AP=0.4465 test_AP=0.4328
  Distill Epoch 282/700 [37.0s mem=8765MB] | total=0.3494 kl=0.0994 node_l2=0.022260 graph_l2=123.713194 task=0.2353 | val_AP=0.4467 test_AP=0.4390
  Distill Epoch 283/700 [36.8s mem=8764MB] | total=0.3497 kl=0.0995 node_l2=0.022300 graph_l2=123.944519 task=0.2355 | val_AP=0.4433 test_AP=0.4314
  Distill Epoch 284/700 [36.8s mem=8762MB] | total=0.3498 kl=0.0995 node_l2=0.022193 graph_l2=122.964074 task=0.2356 | val_AP=0.4457 test_AP=0.4318
  Distill Epoch 285/700 [36.4s mem=8767MB] | total=0.3495 kl=0.1014 node_l2=0.022284 graph_l2=125.313706 task=0.2345 | val_AP=0.4487 test_AP=0.4330
  Distill Epoch 286/700 [37.2s mem=8770MB] | total=0.3491 kl=0.0995 node_l2=0.022185 graph_l2=123.951373 task=0.2350 | val_AP=0.4554 test_AP=0.4383
  Distill Epoch 287/700 [36.8s mem=8763MB] | total=0.3499 kl=0.1005 node_l2=0.022207 graph_l2=124.317398 task=0.2353 | val_AP=0.4501 test_AP=0.4336
  Distill Epoch 288/700 [35.7s mem=8763MB] | total=0.3484 kl=0.0989 node_l2=0.022123 graph_l2=123.286850 task=0.2348 | val_AP=0.4442 test_AP=0.4284
  Distill Epoch 289/700 [36.2s mem=8767MB] | total=0.3480 kl=0.0981 node_l2=0.022160 graph_l2=124.323740 task=0.2347 | val_AP=0.4391 test_AP=0.4290
  Distill Epoch 290/700 [37.3s mem=8763MB] | total=0.3494 kl=0.1008 node_l2=0.022038 graph_l2=122.824933 task=0.2349 | val_AP=0.4485 test_AP=0.4358
  Distill Epoch 291/700 [36.7s mem=8761MB] | total=0.3486 kl=0.1001 node_l2=0.022086 graph_l2=123.164338 task=0.2345 | val_AP=0.4403 test_AP=0.4348
  Distill Epoch 292/700 [37.1s mem=8773MB] | total=0.3490 kl=0.1018 node_l2=0.022092 graph_l2=123.784940 task=0.2340 | val_AP=0.4454 test_AP=0.4331
  Distill Epoch 293/700 [35.6s mem=8758MB] | total=0.3484 kl=0.1000 node_l2=0.022080 graph_l2=124.303351 task=0.2343 | val_AP=0.4480 test_AP=0.4363
  Distill Epoch 294/700 [37.1s mem=8768MB] | total=0.3486 kl=0.1005 node_l2=0.021876 graph_l2=121.270917 task=0.2345 | val_AP=0.4466 test_AP=0.4346
  Distill Epoch 295/700 [37.0s mem=8763MB] | total=0.3484 kl=0.1018 node_l2=0.021931 graph_l2=123.135401 task=0.2336 | val_AP=0.4467 test_AP=0.4331
  Distill Epoch 296/700 [36.4s mem=8766MB] | total=0.3474 kl=0.0999 node_l2=0.021939 graph_l2=122.455944 task=0.2336 | val_AP=0.4493 test_AP=0.4372
  Distill Epoch 297/700 [36.2s mem=8779MB] | total=0.3472 kl=0.0994 node_l2=0.021855 graph_l2=121.009669 task=0.2338 | val_AP=0.4453 test_AP=0.4343
  Distill Epoch 298/700 [36.2s mem=8766MB] | total=0.3480 kl=0.1015 node_l2=0.021888 graph_l2=121.474277 task=0.2335 | val_AP=0.4448 test_AP=0.4359
  Distill Epoch 299/700 [35.9s mem=8757MB] | total=0.3474 kl=0.1005 node_l2=0.021876 graph_l2=123.343658 task=0.2333 | val_AP=0.4509 test_AP=0.4380
  Distill Epoch 300/700 [37.4s mem=8764MB] | total=0.3461 kl=0.0982 node_l2=0.021728 graph_l2=119.897216 task=0.2334 | val_AP=0.4513 test_AP=0.4411
  Distill Epoch 301/700 [36.9s mem=8771MB] | total=0.3459 kl=0.0984 node_l2=0.021873 graph_l2=122.985811 task=0.2330 | val_AP=0.4509 test_AP=0.4357
  Distill Epoch 302/700 [37.1s mem=8762MB] | total=0.3461 kl=0.0996 node_l2=0.021845 graph_l2=122.136963 task=0.2327 | val_AP=0.4524 test_AP=0.4386
  Distill Epoch 303/700 [36.4s mem=8771MB] | total=0.3474 kl=0.1014 node_l2=0.021889 graph_l2=124.306758 task=0.2329 | val_AP=0.4469 test_AP=0.4341
  Distill Epoch 304/700 [36.6s mem=8761MB] | total=0.3460 kl=0.0997 node_l2=0.021716 graph_l2=120.475815 task=0.2327 | val_AP=0.4499 test_AP=0.4389
  Distill Epoch 305/700 [37.1s mem=8762MB] | total=0.3462 kl=0.1010 node_l2=0.021704 graph_l2=120.453536 task=0.2323 | val_AP=0.4546 test_AP=0.4409
  Distill Epoch 306/700 [36.5s mem=8762MB] | total=0.3461 kl=0.1006 node_l2=0.021660 graph_l2=120.608161 task=0.2324 | val_AP=0.4493 test_AP=0.4341
  Distill Epoch 307/700 [36.0s mem=8762MB] | total=0.3452 kl=0.1003 node_l2=0.021633 graph_l2=118.866229 task=0.2319 | val_AP=0.4541 test_AP=0.4381
  Distill Epoch 308/700 [36.0s mem=8756MB] | total=0.3462 kl=0.1024 node_l2=0.021715 graph_l2=121.629999 task=0.2317 | val_AP=0.4546 test_AP=0.4438
    -> New best distilled val loss=0.2733 (test=0.4438)
  Distill Epoch 309/700 [37.5s mem=8766MB] | total=0.3445 kl=0.0993 node_l2=0.021601 graph_l2=120.622639 task=0.2317 | val_AP=0.4516 test_AP=0.4353
  Distill Epoch 310/700 [36.7s mem=8764MB] | total=0.3453 kl=0.1003 node_l2=0.021581 graph_l2=120.359006 task=0.2320 | val_AP=0.4514 test_AP=0.4386
  Distill Epoch 311/700 [37.1s mem=8772MB] | total=0.3445 kl=0.0986 node_l2=0.021509 graph_l2=119.782562 task=0.2321 | val_AP=0.4536 test_AP=0.4397
  Distill Epoch 312/700 [36.4s mem=8759MB] | total=0.3440 kl=0.0997 node_l2=0.021416 graph_l2=118.537256 task=0.2313 | val_AP=0.4506 test_AP=0.4367
  Distill Epoch 313/700 [37.2s mem=8766MB] | total=0.3443 kl=0.1003 node_l2=0.021447 graph_l2=118.247881 task=0.2313 | val_AP=0.4546 test_AP=0.4412
  Distill Epoch 314/700 [35.9s mem=8762MB] | total=0.3448 kl=0.1014 node_l2=0.021460 graph_l2=121.229619 task=0.2311 | val_AP=0.4511 test_AP=0.4380
  Distill Epoch 315/700 [36.1s mem=8768MB] | total=0.3435 kl=0.0998 node_l2=0.021370 graph_l2=118.067092 task=0.2309 | val_AP=0.4554 test_AP=0.4388
  Distill Epoch 316/700 [36.5s mem=8767MB] | total=0.3427 kl=0.0990 node_l2=0.021388 graph_l2=118.984711 task=0.2305 | val_AP=0.4516 test_AP=0.4404
  Distill Epoch 317/700 [36.3s mem=8767MB] | total=0.3438 kl=0.1017 node_l2=0.021386 graph_l2=118.823787 task=0.2302 | val_AP=0.4490 test_AP=0.4374
  Distill Epoch 318/700 [37.2s mem=8763MB] | total=0.3436 kl=0.1006 node_l2=0.021461 graph_l2=120.956381 task=0.2304 | val_AP=0.4492 test_AP=0.4366
  Distill Epoch 319/700 [36.5s mem=8764MB] | total=0.3445 kl=0.1017 node_l2=0.021457 graph_l2=120.370689 task=0.2307 | val_AP=0.4503 test_AP=0.4385
  Distill Epoch 320/700 [36.0s mem=8760MB] | total=0.3443 kl=0.1013 node_l2=0.021362 graph_l2=118.972052 task=0.2308 | val_AP=0.4574 test_AP=0.4420
    -> New best distilled val loss=0.2733 (test=0.4420)
  Distill Epoch 321/700 [36.4s mem=8761MB] | total=0.3433 kl=0.1005 node_l2=0.021260 graph_l2=117.242942 task=0.2305 | val_AP=0.4537 test_AP=0.4398
  Distill Epoch 322/700 [35.0s mem=8763MB] | total=0.3436 kl=0.1015 node_l2=0.021413 graph_l2=119.230199 task=0.2302 | val_AP=0.4592 test_AP=0.4392
  Distill Epoch 323/700 [36.7s mem=8766MB] | total=0.3431 kl=0.1002 node_l2=0.021270 graph_l2=117.197772 task=0.2305 | val_AP=0.4569 test_AP=0.4446
  Distill Epoch 324/700 [36.9s mem=8773MB] | total=0.3433 kl=0.1009 node_l2=0.021276 graph_l2=118.537620 task=0.2302 | val_AP=0.4551 test_AP=0.4420
  Distill Epoch 325/700 [36.5s mem=8766MB] | total=0.3426 kl=0.1017 node_l2=0.021136 graph_l2=114.809448 task=0.2295 | val_AP=0.4566 test_AP=0.4420
    -> New best distilled val loss=0.2717 (test=0.4420)
  Distill Epoch 326/700 [37.0s mem=8762MB] | total=0.3425 kl=0.0999 node_l2=0.021175 graph_l2=118.341279 task=0.2300 | val_AP=0.4534 test_AP=0.4395
  Distill Epoch 327/700 [36.5s mem=8770MB] | total=0.3421 kl=0.1008 node_l2=0.021225 graph_l2=117.947722 task=0.2294 | val_AP=0.4518 test_AP=0.4427
  Distill Epoch 328/700 [37.5s mem=8764MB] | total=0.3431 kl=0.1024 node_l2=0.021156 graph_l2=118.019735 task=0.2295 | val_AP=0.4515 test_AP=0.4443
  Distill Epoch 329/700 [37.6s mem=8762MB] | total=0.3421 kl=0.1010 node_l2=0.021188 graph_l2=118.229669 task=0.2292 | val_AP=0.4562 test_AP=0.4389
  Distill Epoch 330/700 [36.5s mem=8762MB] | total=0.3432 kl=0.1016 node_l2=0.021165 graph_l2=118.034801 task=0.2299 | val_AP=0.4551 test_AP=0.4418
  Distill Epoch 331/700 [36.5s mem=8757MB] | total=0.3413 kl=0.1009 node_l2=0.021098 graph_l2=115.344987 task=0.2287 | val_AP=0.4602 test_AP=0.4418
  Distill Epoch 332/700 [36.6s mem=8765MB] | total=0.3417 kl=0.1008 node_l2=0.021088 graph_l2=117.295337 task=0.2290 | val_AP=0.4536 test_AP=0.4384
  Distill Epoch 333/700 [36.8s mem=8760MB] | total=0.3408 kl=0.0992 node_l2=0.021074 graph_l2=117.271729 task=0.2290 | val_AP=0.4546 test_AP=0.4401
  Distill Epoch 334/700 [36.2s mem=8773MB] | total=0.3402 kl=0.1002 node_l2=0.021003 graph_l2=115.336801 task=0.2282 | val_AP=0.4611 test_AP=0.4432
  Distill Epoch 335/700 [36.0s mem=8763MB] | total=0.3400 kl=0.0983 node_l2=0.020931 graph_l2=113.469655 task=0.2289 | val_AP=0.4578 test_AP=0.4462
  Distill Epoch 336/700 [36.9s mem=8759MB] | total=0.3414 kl=0.1014 node_l2=0.020904 graph_l2=115.478020 task=0.2288 | val_AP=0.4579 test_AP=0.4438
  Distill Epoch 337/700 [37.0s mem=8761MB] | total=0.3402 kl=0.0993 node_l2=0.020945 graph_l2=115.209462 task=0.2286 | val_AP=0.4626 test_AP=0.4451
  Distill Epoch 338/700 [37.5s mem=8759MB] | total=0.3411 kl=0.1013 node_l2=0.020966 graph_l2=115.888517 task=0.2285 | val_AP=0.4545 test_AP=0.4397
  Distill Epoch 339/700 [37.0s mem=8761MB] | total=0.3407 kl=0.1008 node_l2=0.020918 graph_l2=115.771202 task=0.2283 | val_AP=0.4561 test_AP=0.4403
  Distill Epoch 340/700 [37.0s mem=8756MB] | total=0.3404 kl=0.1012 node_l2=0.020841 graph_l2=114.628671 task=0.2281 | val_AP=0.4585 test_AP=0.4449
  Distill Epoch 341/700 [36.1s mem=8767MB] | total=0.3397 kl=0.0996 node_l2=0.020799 graph_l2=114.452496 task=0.2282 | val_AP=0.4606 test_AP=0.4447
  Distill Epoch 342/700 [36.9s mem=8762MB] | total=0.3392 kl=0.0980 node_l2=0.020809 graph_l2=115.025336 task=0.2284 | val_AP=0.4608 test_AP=0.4434
  Distill Epoch 343/700 [36.9s mem=8765MB] | total=0.3403 kl=0.1011 node_l2=0.020815 graph_l2=114.890560 task=0.2280 | val_AP=0.4581 test_AP=0.4429
  Distill Epoch 344/700 [37.4s mem=8766MB] | total=0.3388 kl=0.0991 node_l2=0.020832 graph_l2=115.726677 task=0.2275 | val_AP=0.4607 test_AP=0.4467
  Distill Epoch 345/700 [36.8s mem=8767MB] | total=0.3393 kl=0.1004 node_l2=0.020720 graph_l2=113.047759 task=0.2276 | val_AP=0.4604 test_AP=0.4403
  Distill Epoch 346/700 [36.3s mem=8773MB] | total=0.3396 kl=0.1015 node_l2=0.020871 graph_l2=115.643052 task=0.2272 | val_AP=0.4591 test_AP=0.4447
  Distill Epoch 347/700 [36.7s mem=8748MB] | total=0.3394 kl=0.1000 node_l2=0.020747 graph_l2=115.547878 task=0.2277 | val_AP=0.4599 test_AP=0.4441
  Distill Epoch 348/700 [36.5s mem=8763MB] | total=0.3383 kl=0.0995 node_l2=0.020695 graph_l2=113.198996 task=0.2271 | val_AP=0.4604 test_AP=0.4467
  Distill Epoch 349/700 [35.8s mem=8763MB] | total=0.3397 kl=0.1021 node_l2=0.020691 graph_l2=114.134684 task=0.2271 | val_AP=0.4606 test_AP=0.4461
  Distill Epoch 350/700 [36.7s mem=8757MB] | total=0.3393 kl=0.1019 node_l2=0.020707 graph_l2=114.999921 task=0.2269 | val_AP=0.4615 test_AP=0.4437
  Distill Epoch 351/700 [36.6s mem=8764MB] | total=0.3383 kl=0.1003 node_l2=0.020725 graph_l2=114.397619 task=0.2267 | val_AP=0.4571 test_AP=0.4413
  Distill Epoch 352/700 [36.7s mem=8756MB] | total=0.3390 kl=0.1016 node_l2=0.020611 graph_l2=112.843019 task=0.2269 | val_AP=0.4574 test_AP=0.4434
  Distill Epoch 353/700 [35.7s mem=8765MB] | total=0.3391 kl=0.1022 node_l2=0.020677 graph_l2=114.864333 task=0.2266 | val_AP=0.4588 test_AP=0.4420
  Distill Epoch 354/700 [37.2s mem=8767MB] | total=0.3379 kl=0.1003 node_l2=0.020706 graph_l2=115.613685 task=0.2264 | val_AP=0.4592 test_AP=0.4435
  Distill Epoch 355/700 [37.2s mem=8767MB] | total=0.3387 kl=0.1021 node_l2=0.020588 graph_l2=113.214370 task=0.2264 | val_AP=0.4578 test_AP=0.4437
  Distill Epoch 356/700 [36.3s mem=8764MB] | total=0.3378 kl=0.1009 node_l2=0.020507 graph_l2=112.244969 task=0.2262 | val_AP=0.4596 test_AP=0.4439
  Distill Epoch 357/700 [37.4s mem=8766MB] | total=0.3388 kl=0.1025 node_l2=0.020580 graph_l2=113.567678 task=0.2263 | val_AP=0.4568 test_AP=0.4442
  Distill Epoch 358/700 [36.8s mem=8759MB] | total=0.3386 kl=0.1020 node_l2=0.020508 graph_l2=112.446061 task=0.2264 | val_AP=0.4593 test_AP=0.4485
  Distill Epoch 359/700 [36.5s mem=8765MB] | total=0.3371 kl=0.0994 node_l2=0.020425 graph_l2=111.619421 task=0.2263 | val_AP=0.4545 test_AP=0.4388
  Distill Epoch 360/700 [36.4s mem=8758MB] | total=0.3375 kl=0.1012 node_l2=0.020506 graph_l2=113.852130 task=0.2258 | val_AP=0.4568 test_AP=0.4440
  Distill Epoch 361/700 [37.1s mem=8758MB] | total=0.3371 kl=0.0995 node_l2=0.020495 graph_l2=113.404442 task=0.2262 | val_AP=0.4617 test_AP=0.4446
  Distill Epoch 362/700 [36.9s mem=8763MB] | total=0.3365 kl=0.1003 node_l2=0.020377 graph_l2=110.728945 task=0.2256 | val_AP=0.4610 test_AP=0.4451
  Distill Epoch 363/700 [37.0s mem=8761MB] | total=0.3366 kl=0.1008 node_l2=0.020399 graph_l2=112.357531 task=0.2253 | val_AP=0.4608 test_AP=0.4443
  Distill Epoch 364/700 [37.5s mem=8769MB] | total=0.3367 kl=0.1008 node_l2=0.020387 graph_l2=111.870902 task=0.2254 | val_AP=0.4614 test_AP=0.4425
  Distill Epoch 365/700 [37.5s mem=8759MB] | total=0.3378 kl=0.1024 node_l2=0.020337 graph_l2=111.539650 task=0.2257 | val_AP=0.4571 test_AP=0.4407
  Distill Epoch 366/700 [35.8s mem=8757MB] | total=0.3360 kl=0.1003 node_l2=0.020327 graph_l2=111.834692 task=0.2251 | val_AP=0.4579 test_AP=0.4449
  Distill Epoch 367/700 [37.4s mem=8768MB] | total=0.3382 kl=0.1033 node_l2=0.020422 graph_l2=113.087686 task=0.2255 | val_AP=0.4625 test_AP=0.4444
  Distill Epoch 368/700 [36.9s mem=8769MB] | total=0.3371 kl=0.1023 node_l2=0.020321 graph_l2=111.081161 task=0.2252 | val_AP=0.4598 test_AP=0.4441
  Distill Epoch 369/700 [37.1s mem=8763MB] | total=0.3368 kl=0.1022 node_l2=0.020304 graph_l2=110.492794 task=0.2250 | val_AP=0.4621 test_AP=0.4491
  Distill Epoch 370/700 [36.6s mem=8756MB] | total=0.3362 kl=0.1018 node_l2=0.020310 graph_l2=112.202005 task=0.2246 | val_AP=0.4619 test_AP=0.4486
  Distill Epoch 371/700 [37.3s mem=8768MB] | total=0.3364 kl=0.1020 node_l2=0.020233 graph_l2=111.129497 task=0.2247 | val_AP=0.4602 test_AP=0.4455
  Distill Epoch 372/700 [35.8s mem=8764MB] | total=0.3355 kl=0.1002 node_l2=0.020267 graph_l2=112.511447 task=0.2247 | val_AP=0.4608 test_AP=0.4437
  Distill Epoch 373/700 [27.7s mem=8768MB] | total=0.3364 kl=0.1022 node_l2=0.020295 graph_l2=112.258953 task=0.2246 | val_AP=0.4635 test_AP=0.4466
  Distill Epoch 374/700 [27.0s mem=8759MB] | total=0.3366 kl=0.1028 node_l2=0.020247 graph_l2=111.090838 task=0.2246 | val_AP=0.4630 test_AP=0.4513
    -> New best distilled val loss=0.2706 (test=0.4513)
  Distill Epoch 375/700 [26.3s mem=8758MB] | total=0.3367 kl=0.1029 node_l2=0.020229 graph_l2=111.625385 task=0.2246 | val_AP=0.4647 test_AP=0.4488
  Distill Epoch 376/700 [28.0s mem=8773MB] | total=0.3354 kl=0.1012 node_l2=0.020229 graph_l2=111.013262 task=0.2243 | val_AP=0.4648 test_AP=0.4481
  Distill Epoch 377/700 [34.6s mem=8768MB] | total=0.3355 kl=0.1014 node_l2=0.020255 graph_l2=112.176194 task=0.2242 | val_AP=0.4699 test_AP=0.4516
  Distill Epoch 378/700 [35.4s mem=8766MB] | total=0.3351 kl=0.1017 node_l2=0.020191 graph_l2=111.063758 task=0.2239 | val_AP=0.4677 test_AP=0.4502
  Distill Epoch 379/700 [35.9s mem=8768MB] | total=0.3344 kl=0.1010 node_l2=0.020108 graph_l2=109.192102 task=0.2236 | val_AP=0.4639 test_AP=0.4486
  Distill Epoch 380/700 [36.0s mem=8758MB] | total=0.3362 kl=0.1046 node_l2=0.020223 graph_l2=111.876743 task=0.2235 | val_AP=0.4642 test_AP=0.4458
  Distill Epoch 381/700 [36.5s mem=8759MB] | total=0.3350 kl=0.1026 node_l2=0.020115 graph_l2=109.299860 task=0.2235 | val_AP=0.4648 test_AP=0.4472
  Distill Epoch 382/700 [35.8s mem=8773MB] | total=0.3342 kl=0.1007 node_l2=0.020133 graph_l2=110.685307 task=0.2235 | val_AP=0.4662 test_AP=0.4496
  Distill Epoch 383/700 [35.4s mem=8762MB] | total=0.3355 kl=0.1044 node_l2=0.020181 graph_l2=111.122582 task=0.2231 | val_AP=0.4728 test_AP=0.4498
  Distill Epoch 384/700 [35.5s mem=8764MB] | total=0.3349 kl=0.1020 node_l2=0.020059 graph_l2=109.719875 task=0.2237 | val_AP=0.4697 test_AP=0.4515
  Distill Epoch 385/700 [35.4s mem=8760MB] | total=0.3344 kl=0.1024 node_l2=0.020059 graph_l2=109.568529 task=0.2230 | val_AP=0.4633 test_AP=0.4471
  Distill Epoch 386/700 [35.6s mem=8763MB] | total=0.3351 kl=0.1035 node_l2=0.020064 graph_l2=110.410946 task=0.2232 | val_AP=0.4665 test_AP=0.4496
  Distill Epoch 387/700 [36.3s mem=8767MB] | total=0.3342 kl=0.1025 node_l2=0.020044 graph_l2=109.258976 task=0.2229 | val_AP=0.4654 test_AP=0.4512
  Distill Epoch 388/700 [36.0s mem=8771MB] | total=0.3337 kl=0.1014 node_l2=0.020036 graph_l2=110.159536 task=0.2229 | val_AP=0.4684 test_AP=0.4498
    -> New best distilled val loss=0.2695 (test=0.4498)
  Distill Epoch 389/700 [35.7s mem=8774MB] | total=0.3331 kl=0.1014 node_l2=0.019973 graph_l2=108.924017 task=0.2225 | val_AP=0.4688 test_AP=0.4512
  Distill Epoch 390/700 [35.4s mem=8761MB] | total=0.3336 kl=0.1022 node_l2=0.019968 graph_l2=109.003261 task=0.2226 | val_AP=0.4669 test_AP=0.4528
  Distill Epoch 391/700 [35.5s mem=8771MB] | total=0.3335 kl=0.1028 node_l2=0.019906 graph_l2=108.156505 task=0.2222 | val_AP=0.4670 test_AP=0.4515
  Distill Epoch 392/700 [36.1s mem=8756MB] | total=0.3337 kl=0.1034 node_l2=0.020019 graph_l2=110.050772 task=0.2221 | val_AP=0.4659 test_AP=0.4509
  Distill Epoch 393/700 [35.0s mem=8769MB] | total=0.3329 kl=0.1016 node_l2=0.019854 graph_l2=107.438097 task=0.2223 | val_AP=0.4718 test_AP=0.4508
    -> New best distilled val loss=0.2695 (test=0.4508)
  Distill Epoch 394/700 [35.6s mem=8756MB] | total=0.3326 kl=0.1022 node_l2=0.019899 graph_l2=108.277904 task=0.2218 | val_AP=0.4676 test_AP=0.4522
  Distill Epoch 395/700 [36.0s mem=8772MB] | total=0.3320 kl=0.1013 node_l2=0.019837 graph_l2=107.785908 task=0.2217 | val_AP=0.4709 test_AP=0.4515
  Distill Epoch 396/700 [35.5s mem=8760MB] | total=0.3331 kl=0.1035 node_l2=0.019890 graph_l2=109.101030 task=0.2216 | val_AP=0.4699 test_AP=0.4528
  Distill Epoch 397/700 [35.9s mem=8771MB] | total=0.3340 kl=0.1044 node_l2=0.019922 graph_l2=109.132151 task=0.2220 | val_AP=0.4709 test_AP=0.4540
  Distill Epoch 398/700 [35.4s mem=8767MB] | total=0.3329 kl=0.1030 node_l2=0.019834 graph_l2=108.046925 task=0.2217 | val_AP=0.4728 test_AP=0.4600
  Distill Epoch 399/700 [36.1s mem=8770MB] | total=0.3325 kl=0.1016 node_l2=0.019846 graph_l2=107.922725 task=0.2220 | val_AP=0.4636 test_AP=0.4493
  Distill Epoch 400/700 [35.8s mem=8761MB] | total=0.3315 kl=0.1004 node_l2=0.019809 graph_l2=106.582444 task=0.2217 | val_AP=0.4759 test_AP=0.4539
  Distill Epoch 401/700 [35.3s mem=8762MB] | total=0.3313 kl=0.1008 node_l2=0.019787 graph_l2=107.259458 task=0.2214 | val_AP=0.4725 test_AP=0.4533
  Distill Epoch 402/700 [36.6s mem=8763MB] | total=0.3325 kl=0.1034 node_l2=0.019795 graph_l2=107.700622 task=0.2213 | val_AP=0.4684 test_AP=0.4502
  Distill Epoch 403/700 [35.9s mem=8763MB] | total=0.3323 kl=0.1027 node_l2=0.019771 graph_l2=108.403052 task=0.2214 | val_AP=0.4686 test_AP=0.4546
  Distill Epoch 404/700 [35.5s mem=8769MB] | total=0.3321 kl=0.1019 node_l2=0.019751 graph_l2=107.302467 task=0.2216 | val_AP=0.4617 test_AP=0.4493
  Distill Epoch 405/700 [35.4s mem=8770MB] | total=0.3319 kl=0.1024 node_l2=0.019764 graph_l2=106.996381 task=0.2212 | val_AP=0.4693 test_AP=0.4511
  Distill Epoch 406/700 [35.7s mem=8767MB] | total=0.3315 kl=0.1024 node_l2=0.019741 graph_l2=107.263428 task=0.2209 | val_AP=0.4751 test_AP=0.4553
  Distill Epoch 407/700 [35.6s mem=8756MB] | total=0.3320 kl=0.1030 node_l2=0.019740 graph_l2=108.366057 task=0.2210 | val_AP=0.4695 test_AP=0.4590
  Distill Epoch 408/700 [36.7s mem=8763MB] | total=0.3321 kl=0.1032 node_l2=0.019734 graph_l2=108.369095 task=0.2211 | val_AP=0.4668 test_AP=0.4513
  Distill Epoch 409/700 [35.4s mem=8764MB] | total=0.3315 kl=0.1032 node_l2=0.019702 graph_l2=107.653527 task=0.2206 | val_AP=0.4689 test_AP=0.4520
  Distill Epoch 410/700 [36.1s mem=8774MB] | total=0.3316 kl=0.1023 node_l2=0.019711 graph_l2=107.316128 task=0.2210 | val_AP=0.4750 test_AP=0.4551
  Distill Epoch 411/700 [35.7s mem=8759MB] | total=0.3305 kl=0.1016 node_l2=0.019601 graph_l2=105.466162 task=0.2205 | val_AP=0.4714 test_AP=0.4539
  Distill Epoch 412/700 [35.4s mem=8772MB] | total=0.3308 kl=0.1020 node_l2=0.019634 graph_l2=106.674013 task=0.2206 | val_AP=0.4778 test_AP=0.4624
  Distill Epoch 413/700 [34.9s mem=8767MB] | total=0.3310 kl=0.1034 node_l2=0.019700 graph_l2=107.242075 task=0.2201 | val_AP=0.4715 test_AP=0.4601
  Distill Epoch 414/700 [36.0s mem=8772MB] | total=0.3313 kl=0.1044 node_l2=0.019624 graph_l2=106.495802 task=0.2200 | val_AP=0.4766 test_AP=0.4583
  Distill Epoch 415/700 [35.9s mem=8767MB] | total=0.3305 kl=0.1009 node_l2=0.019634 graph_l2=107.129725 task=0.2207 | val_AP=0.4740 test_AP=0.4578
  Distill Epoch 416/700 [35.6s mem=8770MB] | total=0.3303 kl=0.1029 node_l2=0.019654 graph_l2=106.636840 task=0.2197 | val_AP=0.4737 test_AP=0.4574
  Distill Epoch 417/700 [35.6s mem=8768MB] | total=0.3305 kl=0.1025 node_l2=0.019575 graph_l2=106.630713 task=0.2201 | val_AP=0.4757 test_AP=0.4540
  Distill Epoch 418/700 [36.1s mem=8763MB] | total=0.3302 kl=0.1030 node_l2=0.019560 graph_l2=105.893608 task=0.2197 | val_AP=0.4718 test_AP=0.4522
  Distill Epoch 419/700 [35.8s mem=8756MB] | total=0.3307 kl=0.1039 node_l2=0.019582 graph_l2=105.904403 task=0.2197 | val_AP=0.4774 test_AP=0.4604
  Distill Epoch 420/700 [35.8s mem=8767MB] | total=0.3305 kl=0.1031 node_l2=0.019576 graph_l2=106.072928 task=0.2199 | val_AP=0.4728 test_AP=0.4558
  Distill Epoch 421/700 [36.2s mem=8771MB] | total=0.3305 kl=0.1032 node_l2=0.019522 graph_l2=106.468042 task=0.2199 | val_AP=0.4752 test_AP=0.4584
  Distill Epoch 422/700 [35.3s mem=8760MB] | total=0.3298 kl=0.1032 node_l2=0.019490 graph_l2=104.574704 task=0.2193 | val_AP=0.4675 test_AP=0.4525
  Distill Epoch 423/700 [35.5s mem=8765MB] | total=0.3298 kl=0.1022 node_l2=0.019481 graph_l2=105.471574 task=0.2197 | val_AP=0.4743 test_AP=0.4606
  Distill Epoch 424/700 [36.2s mem=8764MB] | total=0.3299 kl=0.1039 node_l2=0.019464 graph_l2=105.469756 task=0.2191 | val_AP=0.4779 test_AP=0.4562
    -> New best distilled val loss=0.2680 (test=0.4562)
  Distill Epoch 425/700 [35.1s mem=8771MB] | total=0.3311 kl=0.1057 node_l2=0.019514 graph_l2=106.006912 task=0.2193 | val_AP=0.4740 test_AP=0.4590
  Distill Epoch 426/700 [35.4s mem=8760MB] | total=0.3294 kl=0.1026 node_l2=0.019444 graph_l2=104.876251 task=0.2193 | val_AP=0.4800 test_AP=0.4609
  Distill Epoch 427/700 [36.1s mem=8759MB] | total=0.3292 kl=0.1029 node_l2=0.019415 graph_l2=104.313883 task=0.2190 | val_AP=0.4855 test_AP=0.4605
  Distill Epoch 428/700 [34.5s mem=8768MB] | total=0.3297 kl=0.1040 node_l2=0.019407 graph_l2=104.717232 task=0.2189 | val_AP=0.4744 test_AP=0.4582
  Distill Epoch 429/700 [36.0s mem=8765MB] | total=0.3292 kl=0.1035 node_l2=0.019393 graph_l2=104.370899 task=0.2188 | val_AP=0.4735 test_AP=0.4566
  Distill Epoch 430/700 [35.5s mem=8770MB] | total=0.3294 kl=0.1030 node_l2=0.019405 graph_l2=104.369466 task=0.2192 | val_AP=0.4768 test_AP=0.4616
  Distill Epoch 431/700 [34.9s mem=8761MB] | total=0.3289 kl=0.1034 node_l2=0.019374 graph_l2=104.845956 task=0.2186 | val_AP=0.4766 test_AP=0.4599
  Distill Epoch 432/700 [35.9s mem=8765MB] | total=0.3295 kl=0.1043 node_l2=0.019364 graph_l2=103.708071 task=0.2187 | val_AP=0.4798 test_AP=0.4580
  Distill Epoch 433/700 [36.2s mem=8769MB] | total=0.3289 kl=0.1036 node_l2=0.019298 graph_l2=103.257290 task=0.2186 | val_AP=0.4823 test_AP=0.4627
  Distill Epoch 434/700 [35.6s mem=8761MB] | total=0.3289 kl=0.1021 node_l2=0.019335 graph_l2=103.848373 task=0.2192 | val_AP=0.4768 test_AP=0.4580
  Distill Epoch 435/700 [35.2s mem=8762MB] | total=0.3287 kl=0.1020 node_l2=0.019304 graph_l2=103.591228 task=0.2191 | val_AP=0.4769 test_AP=0.4586
  Distill Epoch 436/700 [36.1s mem=8765MB] | total=0.3284 kl=0.1021 node_l2=0.019288 graph_l2=103.216407 task=0.2188 | val_AP=0.4752 test_AP=0.4571
  Distill Epoch 437/700 [36.3s mem=8765MB] | total=0.3274 kl=0.1014 node_l2=0.019302 graph_l2=103.687639 task=0.2182 | val_AP=0.4819 test_AP=0.4613
  Distill Epoch 438/700 [34.9s mem=8761MB] | total=0.3281 kl=0.1026 node_l2=0.019260 graph_l2=103.405517 task=0.2183 | val_AP=0.4770 test_AP=0.4568
  Distill Epoch 439/700 [35.9s mem=8764MB] | total=0.3274 kl=0.1021 node_l2=0.019247 graph_l2=103.661955 task=0.2180 | val_AP=0.4771 test_AP=0.4586
  Distill Epoch 440/700 [36.0s mem=8777MB] | total=0.3278 kl=0.1025 node_l2=0.019181 graph_l2=102.987307 task=0.2182 | val_AP=0.4831 test_AP=0.4622
  Distill Epoch 441/700 [35.3s mem=8767MB] | total=0.3282 kl=0.1033 node_l2=0.019170 graph_l2=102.811924 task=0.2181 | val_AP=0.4796 test_AP=0.4628
  Distill Epoch 442/700 [35.5s mem=8763MB] | total=0.3281 kl=0.1023 node_l2=0.019197 graph_l2=103.157724 task=0.2185 | val_AP=0.4777 test_AP=0.4634
  Distill Epoch 443/700 [35.8s mem=8763MB] | total=0.3261 kl=0.1006 node_l2=0.019197 graph_l2=102.909268 task=0.2176 | val_AP=0.4773 test_AP=0.4584
  Distill Epoch 444/700 [35.4s mem=8767MB] | total=0.3285 kl=0.1041 node_l2=0.019216 graph_l2=103.890963 task=0.2180 | val_AP=0.4791 test_AP=0.4587
  Distill Epoch 445/700 [35.6s mem=8758MB] | total=0.3280 kl=0.1035 node_l2=0.019138 graph_l2=102.079631 task=0.2180 | val_AP=0.4784 test_AP=0.4598
  Distill Epoch 446/700 [35.3s mem=8775MB] | total=0.3274 kl=0.1035 node_l2=0.019145 graph_l2=102.144797 task=0.2174 | val_AP=0.4795 test_AP=0.4581
  Distill Epoch 447/700 [35.9s mem=8776MB] | total=0.3268 kl=0.1026 node_l2=0.019161 graph_l2=102.791605 task=0.2173 | val_AP=0.4806 test_AP=0.4599
  Distill Epoch 448/700 [35.7s mem=8764MB] | total=0.3276 kl=0.1034 node_l2=0.019152 graph_l2=102.459130 task=0.2177 | val_AP=0.4791 test_AP=0.4598
  Distill Epoch 449/700 [35.8s mem=8757MB] | total=0.3277 kl=0.1042 node_l2=0.019138 graph_l2=102.334220 task=0.2174 | val_AP=0.4803 test_AP=0.4612
  Distill Epoch 450/700 [35.1s mem=8762MB] | total=0.3264 kl=0.1015 node_l2=0.019122 graph_l2=102.701786 task=0.2175 | val_AP=0.4804 test_AP=0.4625
  Distill Epoch 451/700 [35.8s mem=8768MB] | total=0.3271 kl=0.1030 node_l2=0.019071 graph_l2=102.249408 task=0.2175 | val_AP=0.4799 test_AP=0.4630
  Distill Epoch 452/700 [35.2s mem=8761MB] | total=0.3265 kl=0.1029 node_l2=0.019046 graph_l2=101.436364 task=0.2170 | val_AP=0.4782 test_AP=0.4600
  Distill Epoch 453/700 [35.4s mem=8766MB] | total=0.3268 kl=0.1039 node_l2=0.019077 graph_l2=102.085032 task=0.2168 | val_AP=0.4793 test_AP=0.4667
  Distill Epoch 454/700 [34.9s mem=8761MB] | total=0.3273 kl=0.1041 node_l2=0.019035 graph_l2=101.398107 task=0.2172 | val_AP=0.4809 test_AP=0.4622
  Distill Epoch 455/700 [34.5s mem=8763MB] | total=0.3264 kl=0.1026 node_l2=0.019041 graph_l2=101.715198 task=0.2171 | val_AP=0.4782 test_AP=0.4578
  Distill Epoch 456/700 [36.0s mem=8765MB] | total=0.3261 kl=0.1012 node_l2=0.018991 graph_l2=101.164162 task=0.2174 | val_AP=0.4828 test_AP=0.4600
  Distill Epoch 457/700 [36.1s mem=8758MB] | total=0.3255 kl=0.1015 node_l2=0.018921 graph_l2=100.806904 task=0.2168 | val_AP=0.4797 test_AP=0.4603
  Distill Epoch 458/700 [35.2s mem=8763MB] | total=0.3265 kl=0.1033 node_l2=0.018935 graph_l2=100.761996 task=0.2170 | val_AP=0.4778 test_AP=0.4585
  Distill Epoch 459/700 [35.9s mem=8769MB] | total=0.3260 kl=0.1016 node_l2=0.018928 graph_l2=100.735075 task=0.2173 | val_AP=0.4808 test_AP=0.4642
  Distill Epoch 460/700 [35.2s mem=8765MB] | total=0.3266 kl=0.1026 node_l2=0.018954 graph_l2=100.808750 task=0.2173 | val_AP=0.4806 test_AP=0.4654
  Distill Epoch 461/700 [35.2s mem=8774MB] | total=0.3263 kl=0.1037 node_l2=0.018911 graph_l2=100.455479 task=0.2166 | val_AP=0.4811 test_AP=0.4619
  Distill Epoch 462/700 [36.4s mem=8766MB] | total=0.3264 kl=0.1030 node_l2=0.018895 graph_l2=100.254691 task=0.2170 | val_AP=0.4805 test_AP=0.4626
  Distill Epoch 463/700 [35.3s mem=8766MB] | total=0.3266 kl=0.1033 node_l2=0.018927 graph_l2=101.088225 task=0.2171 | val_AP=0.4772 test_AP=0.4601
  Distill Epoch 464/700 [35.6s mem=8765MB] | total=0.3256 kl=0.1023 node_l2=0.018856 graph_l2=100.092869 task=0.2166 | val_AP=0.4761 test_AP=0.4614
  Distill Epoch 465/700 [35.3s mem=8759MB] | total=0.3265 kl=0.1039 node_l2=0.018876 graph_l2=100.620339 task=0.2167 | val_AP=0.4760 test_AP=0.4600
  Distill Epoch 466/700 [35.5s mem=8757MB] | total=0.3249 kl=0.1020 node_l2=0.018878 graph_l2=100.268754 task=0.2162 | val_AP=0.4821 test_AP=0.4653
  Distill Epoch 467/700 [35.3s mem=8758MB] | total=0.3253 kl=0.1025 node_l2=0.018834 graph_l2=99.446383 task=0.2164 | val_AP=0.4788 test_AP=0.4584
  Distill Epoch 468/700 [35.7s mem=8766MB] | total=0.3247 kl=0.1009 node_l2=0.018850 graph_l2=100.230507 task=0.2165 | val_AP=0.4843 test_AP=0.4676
  Distill Epoch 469/700 [35.3s mem=8760MB] | total=0.3256 kl=0.1022 node_l2=0.018831 graph_l2=99.731364 task=0.2167 | val_AP=0.4801 test_AP=0.4633
  Distill Epoch 470/700 [34.6s mem=8764MB] | total=0.3255 kl=0.1035 node_l2=0.018836 graph_l2=99.611284 task=0.2161 | val_AP=0.4785 test_AP=0.4623
  Distill Epoch 471/700 [35.6s mem=8758MB] | total=0.3250 kl=0.1022 node_l2=0.018795 graph_l2=99.838831 task=0.2163 | val_AP=0.4831 test_AP=0.4673
  Distill Epoch 472/700 [35.8s mem=8767MB] | total=0.3252 kl=0.1034 node_l2=0.018767 graph_l2=99.078809 task=0.2160 | val_AP=0.4818 test_AP=0.4621
  Distill Epoch 473/700 [34.9s mem=8762MB] | total=0.3258 kl=0.1032 node_l2=0.018781 graph_l2=99.644723 task=0.2165 | val_AP=0.4816 test_AP=0.4655
  Distill Epoch 474/700 [36.0s mem=8773MB] | total=0.3254 kl=0.1032 node_l2=0.018738 graph_l2=99.183429 task=0.2162 | val_AP=0.4827 test_AP=0.4663
  Distill Epoch 475/700 [34.9s mem=8768MB] | total=0.3246 kl=0.1035 node_l2=0.018731 graph_l2=99.081010 task=0.2155 | val_AP=0.4798 test_AP=0.4626
  Distill Epoch 476/700 [34.1s mem=8770MB] | total=0.3248 kl=0.1016 node_l2=0.018711 graph_l2=98.856691 task=0.2164 | val_AP=0.4821 test_AP=0.4648
  Distill Epoch 477/700 [35.9s mem=8765MB] | total=0.3251 kl=0.1035 node_l2=0.018718 graph_l2=99.269937 task=0.2159 | val_AP=0.4788 test_AP=0.4629
  Distill Epoch 478/700 [34.9s mem=8765MB] | total=0.3249 kl=0.1027 node_l2=0.018680 graph_l2=98.456303 task=0.2161 | val_AP=0.4806 test_AP=0.4659
  Distill Epoch 479/700 [35.9s mem=8761MB] | total=0.3242 kl=0.1025 node_l2=0.018691 graph_l2=98.150163 task=0.2156 | val_AP=0.4791 test_AP=0.4696
  Distill Epoch 480/700 [36.0s mem=8760MB] | total=0.3243 kl=0.1027 node_l2=0.018630 graph_l2=98.247331 task=0.2156 | val_AP=0.4812 test_AP=0.4636
  Distill Epoch 481/700 [36.1s mem=8769MB] | total=0.3247 kl=0.1035 node_l2=0.018653 graph_l2=98.712918 task=0.2156 | val_AP=0.4827 test_AP=0.4660
  Distill Epoch 482/700 [35.5s mem=8766MB] | total=0.3244 kl=0.1030 node_l2=0.018593 graph_l2=97.386158 task=0.2156 | val_AP=0.4815 test_AP=0.4624
  Distill Epoch 483/700 [35.4s mem=8767MB] | total=0.3244 kl=0.1031 node_l2=0.018646 graph_l2=98.533276 task=0.2155 | val_AP=0.4793 test_AP=0.4616
  Distill Epoch 484/700 [35.9s mem=8769MB] | total=0.3235 kl=0.1024 node_l2=0.018605 graph_l2=97.787448 task=0.2151 | val_AP=0.4782 test_AP=0.4592
  Distill Epoch 485/700 [35.6s mem=8778MB] | total=0.3242 kl=0.1025 node_l2=0.018602 graph_l2=98.201828 task=0.2156 | val_AP=0.4843 test_AP=0.4719
  Distill Epoch 486/700 [35.5s mem=8759MB] | total=0.3244 kl=0.1032 node_l2=0.018595 graph_l2=98.233975 task=0.2155 | val_AP=0.4814 test_AP=0.4652
  Distill Epoch 487/700 [35.0s mem=8766MB] | total=0.3250 kl=0.1047 node_l2=0.018588 graph_l2=98.126326 task=0.2154 | val_AP=0.4785 test_AP=0.4581
  Distill Epoch 488/700 [36.2s mem=8754MB] | total=0.3250 kl=0.1047 node_l2=0.018532 graph_l2=97.501632 task=0.2154 | val_AP=0.4855 test_AP=0.4626
  Distill Epoch 489/700 [35.5s mem=8760MB] | total=0.3233 kl=0.1014 node_l2=0.018528 graph_l2=97.165054 task=0.2154 | val_AP=0.4802 test_AP=0.4612
  Distill Epoch 490/700 [35.6s mem=8762MB] | total=0.3240 kl=0.1028 node_l2=0.018562 graph_l2=97.659432 task=0.2153 | val_AP=0.4808 test_AP=0.4632
  Distill Epoch 491/700 [35.9s mem=8760MB] | total=0.3231 kl=0.1014 node_l2=0.018584 graph_l2=97.481746 task=0.2152 | val_AP=0.4792 test_AP=0.4634
  Distill Epoch 492/700 [35.8s mem=8768MB] | total=0.3241 kl=0.1031 node_l2=0.018526 graph_l2=97.017236 task=0.2154 | val_AP=0.4789 test_AP=0.4611
  Distill Epoch 493/700 [35.5s mem=8767MB] | total=0.3238 kl=0.1028 node_l2=0.018489 graph_l2=96.696631 task=0.2153 | val_AP=0.4801 test_AP=0.4639
  Distill Epoch 494/700 [35.0s mem=8772MB] | total=0.3241 kl=0.1044 node_l2=0.018520 graph_l2=97.686854 task=0.2148 | val_AP=0.4824 test_AP=0.4637
  Distill Epoch 495/700 [36.0s mem=8771MB] | total=0.3232 kl=0.1023 node_l2=0.018464 graph_l2=96.935480 task=0.2150 | val_AP=0.4797 test_AP=0.4610
  Distill Epoch 496/700 [35.1s mem=8763MB] | total=0.3231 kl=0.1023 node_l2=0.018452 graph_l2=96.701055 task=0.2149 | val_AP=0.4789 test_AP=0.4630
  Distill Epoch 497/700 [35.7s mem=8764MB] | total=0.3231 kl=0.1025 node_l2=0.018497 graph_l2=98.147341 task=0.2147 | val_AP=0.4798 test_AP=0.4612
  Distill Epoch 498/700 [35.2s mem=8756MB] | total=0.3240 kl=0.1044 node_l2=0.018401 graph_l2=95.928576 task=0.2148 | val_AP=0.4807 test_AP=0.4630
  Distill Epoch 499/700 [35.7s mem=8768MB] | total=0.3228 kl=0.1022 node_l2=0.018459 graph_l2=97.394958 task=0.2147 | val_AP=0.4819 test_AP=0.4615
  Distill Epoch 500/700 [34.8s mem=8772MB] | total=0.3234 kl=0.1034 node_l2=0.018455 graph_l2=96.871538 task=0.2146 | val_AP=0.4831 test_AP=0.4633
  Distill Epoch 501/700 [35.7s mem=8769MB] | total=0.3235 kl=0.1043 node_l2=0.018391 graph_l2=96.072700 task=0.2145 | val_AP=0.4831 test_AP=0.4655
  Distill Epoch 502/700 [35.1s mem=8766MB] | total=0.3238 kl=0.1039 node_l2=0.018390 graph_l2=96.251641 task=0.2149 | val_AP=0.4810 test_AP=0.4654
  Distill Epoch 503/700 [35.3s mem=8761MB] | total=0.3227 kl=0.1024 node_l2=0.018410 graph_l2=96.362401 task=0.2146 | val_AP=0.4822 test_AP=0.4614
  Distill Epoch 504/700 [35.8s mem=8765MB] | total=0.3233 kl=0.1035 node_l2=0.018390 graph_l2=96.349863 task=0.2146 | val_AP=0.4827 test_AP=0.4680
  Distill Epoch 505/700 [36.1s mem=8763MB] | total=0.3226 kl=0.1017 node_l2=0.018374 graph_l2=96.152768 task=0.2148 | val_AP=0.4826 test_AP=0.4656
  Distill Epoch 506/700 [35.5s mem=8770MB] | total=0.3226 kl=0.1023 node_l2=0.018348 graph_l2=96.534411 task=0.2145 | val_AP=0.4833 test_AP=0.4637
  Distill Epoch 507/700 [35.9s mem=8765MB] | total=0.3230 kl=0.1035 node_l2=0.018339 graph_l2=95.542617 task=0.2144 | val_AP=0.4805 test_AP=0.4611
  Distill Epoch 508/700 [36.0s mem=8762MB] | total=0.3226 kl=0.1022 node_l2=0.018355 graph_l2=95.613410 task=0.2146 | val_AP=0.4818 test_AP=0.4688
  Distill Epoch 509/700 [35.3s mem=8759MB] | total=0.3226 kl=0.1032 node_l2=0.018306 graph_l2=96.045623 task=0.2142 | val_AP=0.4872 test_AP=0.4651
  Distill Epoch 510/700 [36.2s mem=8763MB] | total=0.3228 kl=0.1029 node_l2=0.018291 graph_l2=95.507673 task=0.2145 | val_AP=0.4846 test_AP=0.4681
  Distill Epoch 511/700 [34.2s mem=8761MB] | total=0.3227 kl=0.1023 node_l2=0.018291 graph_l2=95.029149 task=0.2147 | val_AP=0.4846 test_AP=0.4683
  Distill Epoch 512/700 [35.9s mem=8767MB] | total=0.3234 kl=0.1046 node_l2=0.018316 graph_l2=95.513496 task=0.2143 | val_AP=0.4859 test_AP=0.4704
  Distill Epoch 513/700 [35.7s mem=8765MB] | total=0.3217 kl=0.1035 node_l2=0.018275 graph_l2=95.410852 task=0.2134 | val_AP=0.4791 test_AP=0.4634
  Distill Epoch 514/700 [34.8s mem=8764MB] | total=0.3225 kl=0.1034 node_l2=0.018223 graph_l2=94.840448 task=0.2141 | val_AP=0.4830 test_AP=0.4680
  Distill Epoch 515/700 [35.4s mem=8772MB] | total=0.3224 kl=0.1038 node_l2=0.018244 graph_l2=95.267609 task=0.2138 | val_AP=0.4805 test_AP=0.4646
  Distill Epoch 516/700 [35.4s mem=8759MB] | total=0.3224 kl=0.1026 node_l2=0.018244 graph_l2=94.997037 task=0.2144 | val_AP=0.4875 test_AP=0.4683
  Distill Epoch 517/700 [36.0s mem=8761MB] | total=0.3214 kl=0.1015 node_l2=0.018241 graph_l2=95.074567 task=0.2140 | val_AP=0.4809 test_AP=0.4620
  Distill Epoch 518/700 [35.7s mem=8761MB] | total=0.3217 kl=0.1017 node_l2=0.018201 graph_l2=94.800407 task=0.2142 | val_AP=0.4849 test_AP=0.4646
  Distill Epoch 519/700 [35.9s mem=8771MB] | total=0.3218 kl=0.1031 node_l2=0.018185 graph_l2=94.946693 task=0.2137 | val_AP=0.4822 test_AP=0.4643
  Distill Epoch 520/700 [36.0s mem=8765MB] | total=0.3215 kl=0.1024 node_l2=0.018182 graph_l2=95.268258 task=0.2137 | val_AP=0.4784 test_AP=0.4601
  Distill Epoch 521/700 [36.0s mem=8773MB] | total=0.3213 kl=0.1020 node_l2=0.018146 graph_l2=94.389877 task=0.2138 | val_AP=0.4816 test_AP=0.4649
  Distill Epoch 522/700 [35.0s mem=8768MB] | total=0.3216 kl=0.1020 node_l2=0.018173 graph_l2=94.740777 task=0.2140 | val_AP=0.4780 test_AP=0.4591
  Distill Epoch 523/700 [35.9s mem=8762MB] | total=0.3216 kl=0.1028 node_l2=0.018159 graph_l2=94.365844 task=0.2137 | val_AP=0.4837 test_AP=0.4638
  Distill Epoch 524/700 [35.1s mem=8766MB] | total=0.3215 kl=0.1025 node_l2=0.018126 graph_l2=93.892039 task=0.2138 | val_AP=0.4843 test_AP=0.4684
  Distillation early stopping at epoch 524. Best val loss=0.2680 at epoch 424.
Distillation done. Best val loss (M_base)=0.2680 at epoch 424.

  Cycle 0 distillation gap: AP_proxy=0.4044 - AP_base=0.4779 = -0.0736

  WEIGHT SWAP: loading distilled weights as new M_proxy init
    Saved swapped model to checkpoints_adv_distill_8/cycle0/swapped_model.pt

  STOPPING: distillation gap (-0.0736) < threshold (0.003). Proxies offer nothing new to distill.

======================================================================
RATCHET COMPLETE — Summary across cycles:
======================================================================
 Cycle  AP_proxy(val)  AP_proxy(test)  AP_base(val)      Gap
------------------------------------------------------------
     0         0.4044          0.3894        0.4779  -0.0736

Full cycle log saved to checkpoints_adv_distill_8/ratchet_log.pkl
