+ python main_adversarial_distillation.py --num_cycles 5 --run_stage1 --backbone hybrid --generator flow_matching --num_proxies 8 --hidden_dim 512 --num_layers 2 --num_heads 8 --num_gred_layers 8 --num_transformer_layers 2 --state_dim 88 --batch_size 16 --num_workers 4 --s1_lr 3e-5 --s1_max_epochs 300 --s1_patience 50 --s2_lr 1e-4 --s2_max_epochs 1000 --s2_patience 500 --s3_lr_gen 5e-4 --s3_lr_transformer 1e-5 --s3_max_epochs 1000 --s3_patience 50 --s3_grad_clip 0.5 --dropout 0.2 --s1_weight_decay 1e-3 --novelty_alpha 0.1 --diversity_weight 0.5 --distill_lr 5e-5 --distill_max_epochs 700 --distill_patience 100 --distill_temperature 1.5 --distill_kl_weight 0.5 --distill_node_weight 0.5 --distill_graph_weight 0.00005 --distill_task_weight 1.2 --gap_threshold 0.005 --distill_gap_threshold 0.003 --save_dir checkpoints_adv_distill_gred_8
{'config': None, 'num_cycles': 5, 'resume_cycle': 0, 'gap_threshold': 0.005, 'distill_gap_threshold': 0.003, 'reinit_generator': False, 'run_stage1': True, 'generator': 'flow_matching', 'backbone': 'hybrid', 'model_path': None, 'generator_path': None, 'hidden_dim': 512, 'num_layers': 2, 'num_heads': 8, 'output_dim': 10, 'dropout': 0.2, 'num_proxies': 8, 'use_lap_pe': True, 'lap_pe_dim': 8, 'state_dim': 88, 'num_gred_layers': 8, 'num_transformer_layers': 2, 'gred_expand': 1, 'r_min': 0.0, 'r_max': 1.0, 'max_phase': 6.28, 'gred_act': 'full-glu', 'max_hops': 40, 'dist_mask_workers': 8, 's1_lr': 3e-05, 's1_weight_decay': 0.001, 's1_max_epochs': 300, 's1_patience': 50, 's1_grad_clip': 1.0, 's2_lr': 0.0001, 's2_weight_decay': 0.0003, 's2_max_epochs': 1000, 's2_patience': 500, 's2_eval_every': 1, 's2_grad_clip': 1.0, 's3_lr_gen': 0.0005, 's3_lr_transformer': 1e-05, 's3_max_epochs': 1000, 's3_patience': 50, 's3_grad_clip': 0.5, 's3_weight_decay': 0.0001, 'novelty_alpha': 0.1, 'diversity_weight': 0.5, 'gen_hidden_dim': 256, 'gen_num_layers': 4, 'gen_num_heads': 8, 'gen_dropout': 0.2, 'pma_query_mode': 'farthest_point', 'coarsen_gnn_type': 'GIN', 'coarsen_reg_weight': 0.1, 'coarsen_reg_type': 'mincut', 'gnn_layers': 4, 'gnn_type': 'GINE', 'pool_types': ['max'], 'decode_hidden': 128, 'decode_layers': 3, 'idx_emb_dim': 128, 'decode_mode': 'shared', 'denoiser_dim': 256, 'denoiser_layers': 4, 'denoiser_heads': 8, 'euler_steps': 1, 'use_cross_attn_routing': False, 'num_cross_layers': 2, 'cross_attn_proxy_self_attn': True, 'proxy_insertion_layers': '-1', 'separate_proxy_generators': False, 'separate_proxy_routers': False, 'proxy_aux_loss_decay': 1.0, 'distill_lr': 5e-05, 'distill_weight_decay': 0.0001, 'distill_max_epochs': 700, 'distill_patience': 100, 'distill_grad_clip': 1.0, 'distill_kl_weight': 0.5, 'distill_node_weight': 0.5, 'distill_graph_weight': 5e-05, 'distill_task_weight': 1.2, 'distill_temperature': 1.5, 'distill_partial_swap': False, 'readout_scope': 'all_tokens', 'batch_size': 16, 'num_workers': 4, 'lr_min': 1e-07, 'warmup_ratio': 0.05, 'recurrent_lr_factor': 1.0, 'save_dir': 'checkpoints_adv_distill_gred_8', 'device': 'cuda'}
Saved code snapshot to checkpoints_adv_distill_gred_8/code_snapshot.zip

######################################################################
#  RATCHET CYCLE 0/4
######################################################################

============================================================
STAGE 1: Pretrain backbone (hybrid)
============================================================
  Loading cached distance masks from ./data/Peptides-func/dist_masks/train.pkl
  Loading cached distance masks from ./data/Peptides-func/dist_masks/val.pkl
  Loading cached distance masks from ./data/Peptides-func/dist_masks/test.pkl
  Parameters: 16,791,114
  S1 Epoch   1/300 [560.2s mem=38749MB] | train_loss=1.8379 train_AP=0.1920 | val_loss=1.0691 val_AP=0.2465
    -> New best metrics: val_loss=1.0691 val_AP=0.2465, saved
  S1 Epoch   2/300 [561.0s mem=38747MB] | train_loss=0.4340 train_AP=0.2209 | val_loss=0.5909 val_AP=0.2426
    -> New best metrics: val_loss=0.5909 val_AP=0.2465, saved
  S1 Epoch   3/300 [561.1s mem=38748MB] | train_loss=0.3836 train_AP=0.2378 | val_loss=0.9948 val_AP=0.2450
  S1 Epoch   4/300 [558.4s mem=38741MB] | train_loss=0.3819 train_AP=0.2411 | val_loss=0.6680 val_AP=0.2589
    -> New best metrics: val_loss=0.5909 val_AP=0.2589, saved
  S1 Epoch   5/300 [564.5s mem=38750MB] | train_loss=0.3805 train_AP=0.2381 | val_loss=0.9226 val_AP=0.2256
  S1 Epoch   6/300 [561.0s mem=38751MB] | train_loss=0.3756 train_AP=0.2390 | val_loss=1.1589 val_AP=0.2386
  S1 Epoch   7/300 [561.9s mem=38746MB] | train_loss=0.3717 train_AP=0.2385 | val_loss=0.7367 val_AP=0.2219
  S1 Epoch   8/300 [562.1s mem=38748MB] | train_loss=0.3700 train_AP=0.2422 | val_loss=1.2146 val_AP=0.2551
  S1 Epoch   9/300 [563.1s mem=38745MB] | train_loss=0.3720 train_AP=0.2420 | val_loss=0.4289 val_AP=0.2597
    -> New best metrics: val_loss=0.4289 val_AP=0.2597, saved
  S1 Epoch  10/300 [560.8s mem=38752MB] | train_loss=0.3611 train_AP=0.2464 | val_loss=0.3334 val_AP=0.2610
    -> New best metrics: val_loss=0.3334 val_AP=0.2610, saved
  S1 Epoch  11/300 [453.2s mem=38750MB] | train_loss=0.3581 train_AP=0.2460 | val_loss=0.3461 val_AP=0.2634
    -> New best metrics: val_loss=0.3334 val_AP=0.2634, saved
  S1 Epoch  12/300 [534.3s mem=38747MB] | train_loss=0.3549 train_AP=0.2507 | val_loss=0.3435 val_AP=0.2704
    -> New best metrics: val_loss=0.3334 val_AP=0.2704, saved
  S1 Epoch  13/300 [536.3s mem=38744MB] | train_loss=0.3525 train_AP=0.2524 | val_loss=0.3331 val_AP=0.2759
    -> New best metrics: val_loss=0.3331 val_AP=0.2759, saved
  S1 Epoch  14/300 [554.5s mem=38753MB] | train_loss=0.3536 train_AP=0.2523 | val_loss=0.3260 val_AP=0.2827
    -> New best metrics: val_loss=0.3260 val_AP=0.2827, saved
  S1 Epoch  15/300 [565.0s mem=38749MB] | train_loss=0.3466 train_AP=0.2575 | val_loss=0.3489 val_AP=0.2980
    -> New best metrics: val_loss=0.3260 val_AP=0.2980, saved
  S1 Epoch  16/300 [574.3s mem=38746MB] | train_loss=0.3434 train_AP=0.2606 | val_loss=0.3291 val_AP=0.2858
  S1 Epoch  17/300 [570.8s mem=38748MB] | train_loss=0.3401 train_AP=0.2632 | val_loss=0.3438 val_AP=0.2867
  S1 Epoch  18/300 [572.4s mem=38747MB] | train_loss=0.3398 train_AP=0.2654 | val_loss=0.3268 val_AP=0.2927
  S1 Epoch  19/300 [544.9s mem=38747MB] | train_loss=0.3348 train_AP=0.2680 | val_loss=0.3212 val_AP=0.2937
    -> New best metrics: val_loss=0.3212 val_AP=0.2980, saved
  S1 Epoch  20/300 [550.7s mem=38747MB] | train_loss=0.3339 train_AP=0.2716 | val_loss=0.3278 val_AP=0.3133
    -> New best metrics: val_loss=0.3212 val_AP=0.3133, saved
  S1 Epoch  21/300 [550.8s mem=38747MB] | train_loss=0.3296 train_AP=0.2782 | val_loss=0.3301 val_AP=0.3308
    -> New best metrics: val_loss=0.3212 val_AP=0.3308, saved
  S1 Epoch  22/300 [546.6s mem=38742MB] | train_loss=0.3250 train_AP=0.2893 | val_loss=0.3232 val_AP=0.3243
  S1 Epoch  23/300 [553.0s mem=38747MB] | train_loss=0.3168 train_AP=0.3024 | val_loss=0.2960 val_AP=0.3635
    -> New best metrics: val_loss=0.2960 val_AP=0.3635, saved
  S1 Epoch  24/300 [555.8s mem=38751MB] | train_loss=0.3111 train_AP=0.3176 | val_loss=0.3020 val_AP=0.3568
  S1 Epoch  25/300 [554.8s mem=38749MB] | train_loss=0.3082 train_AP=0.3291 | val_loss=0.2821 val_AP=0.3927
    -> New best metrics: val_loss=0.2821 val_AP=0.3927, saved
  S1 Epoch  26/300 [399.5s mem=38748MB] | train_loss=0.2987 train_AP=0.3527 | val_loss=0.3074 val_AP=0.4005
    -> New best metrics: val_loss=0.2821 val_AP=0.4005, saved
  S1 Epoch  27/300 [303.6s mem=38751MB] | train_loss=0.2912 train_AP=0.3659 | val_loss=0.2943 val_AP=0.4110
    -> New best metrics: val_loss=0.2821 val_AP=0.4110, saved
  S1 Epoch  28/300 [301.4s mem=38752MB] | train_loss=0.2878 train_AP=0.3740 | val_loss=0.2753 val_AP=0.4385
    -> New best metrics: val_loss=0.2753 val_AP=0.4385, saved
  S1 Epoch  29/300 [303.4s mem=38754MB] | train_loss=0.2836 train_AP=0.3868 | val_loss=0.2708 val_AP=0.4391
    -> New best metrics: val_loss=0.2708 val_AP=0.4391, saved
  S1 Epoch  30/300 [305.9s mem=38747MB] | train_loss=0.2755 train_AP=0.4049 | val_loss=0.2855 val_AP=0.4348
  S1 Epoch  31/300 [304.1s mem=38746MB] | train_loss=0.2732 train_AP=0.4079 | val_loss=0.2591 val_AP=0.4698
    -> New best metrics: val_loss=0.2591 val_AP=0.4698, saved
  S1 Epoch  32/300 [304.5s mem=38750MB] | train_loss=0.2663 train_AP=0.4228 | val_loss=0.2657 val_AP=0.4561
  S1 Epoch  33/300 [302.9s mem=38747MB] | train_loss=0.2616 train_AP=0.4327 | val_loss=0.2748 val_AP=0.4736
    -> New best metrics: val_loss=0.2591 val_AP=0.4736, saved
  S1 Epoch  34/300 [304.4s mem=38749MB] | train_loss=0.2534 train_AP=0.4498 | val_loss=0.3031 val_AP=0.4682
  S1 Epoch  35/300 [305.4s mem=38750MB] | train_loss=0.2489 train_AP=0.4561 | val_loss=0.2778 val_AP=0.4762
    -> New best metrics: val_loss=0.2591 val_AP=0.4762, saved
  S1 Epoch  36/300 [303.8s mem=38753MB] | train_loss=0.2423 train_AP=0.4667 | val_loss=0.2674 val_AP=0.5024
    -> New best metrics: val_loss=0.2591 val_AP=0.5024, saved
  S1 Epoch  37/300 [304.2s mem=38749MB] | train_loss=0.2398 train_AP=0.4745 | val_loss=0.2663 val_AP=0.5017
  S1 Epoch  38/300 [304.1s mem=38748MB] | train_loss=0.2360 train_AP=0.4874 | val_loss=0.2561 val_AP=0.4925
    -> New best metrics: val_loss=0.2561 val_AP=0.5024, saved
  S1 Epoch  39/300 [302.5s mem=38743MB] | train_loss=0.2294 train_AP=0.5005 | val_loss=0.2745 val_AP=0.4975
  S1 Epoch  40/300 [303.5s mem=38749MB] | train_loss=0.2250 train_AP=0.5085 | val_loss=0.2675 val_AP=0.5210
    -> New best metrics: val_loss=0.2561 val_AP=0.5210, saved
  S1 Epoch  41/300 [303.6s mem=38749MB] | train_loss=0.2196 train_AP=0.5196 | val_loss=0.2647 val_AP=0.5127
  S1 Epoch  42/300 [303.6s mem=38750MB] | train_loss=0.2147 train_AP=0.5383 | val_loss=0.2936 val_AP=0.5238
    -> New best metrics: val_loss=0.2561 val_AP=0.5238, saved
  S1 Epoch  43/300 [305.1s mem=38749MB] | train_loss=0.2096 train_AP=0.5523 | val_loss=0.2980 val_AP=0.5356
    -> New best metrics: val_loss=0.2561 val_AP=0.5356, saved
  S1 Epoch  44/300 [302.2s mem=38749MB] | train_loss=0.2057 train_AP=0.5628 | val_loss=0.3068 val_AP=0.5326
  S1 Epoch  45/300 [303.4s mem=38748MB] | train_loss=0.2007 train_AP=0.5699 | val_loss=0.2949 val_AP=0.5368
    -> New best metrics: val_loss=0.2561 val_AP=0.5368, saved
  S1 Epoch  46/300 [304.8s mem=38747MB] | train_loss=0.1948 train_AP=0.5826 | val_loss=0.2884 val_AP=0.5233
  S1 Epoch  47/300 [303.9s mem=38749MB] | train_loss=0.1919 train_AP=0.5957 | val_loss=0.3001 val_AP=0.5455
    -> New best metrics: val_loss=0.2561 val_AP=0.5455, saved
  S1 Epoch  48/300 [304.0s mem=38750MB] | train_loss=0.1865 train_AP=0.6036 | val_loss=0.3120 val_AP=0.5334
  S1 Epoch  49/300 [304.6s mem=38752MB] | train_loss=0.1830 train_AP=0.6174 | val_loss=0.3103 val_AP=0.5490
    -> New best metrics: val_loss=0.2561 val_AP=0.5490, saved
  S1 Epoch  50/300 [303.8s mem=38751MB] | train_loss=0.1795 train_AP=0.6277 | val_loss=0.3072 val_AP=0.5492
    -> New best metrics: val_loss=0.2561 val_AP=0.5492, saved
  S1 Epoch  51/300 [303.7s mem=38746MB] | train_loss=0.1730 train_AP=0.6441 | val_loss=0.3222 val_AP=0.5585
    -> New best metrics: val_loss=0.2561 val_AP=0.5585, saved
  S1 Epoch  52/300 [303.4s mem=38747MB] | train_loss=0.1683 train_AP=0.6565 | val_loss=0.3706 val_AP=0.5447
  S1 Epoch  53/300 [304.6s mem=38747MB] | train_loss=0.1661 train_AP=0.6611 | val_loss=0.3560 val_AP=0.5595
    -> New best metrics: val_loss=0.2561 val_AP=0.5595, saved
  S1 Epoch  54/300 [305.1s mem=38747MB] | train_loss=0.1617 train_AP=0.6689 | val_loss=0.3871 val_AP=0.5518
  S1 Epoch  55/300 [303.2s mem=38747MB] | train_loss=0.1588 train_AP=0.6823 | val_loss=0.4571 val_AP=0.5570
  S1 Epoch  56/300 [303.2s mem=38748MB] | train_loss=0.1544 train_AP=0.6876 | val_loss=0.3382 val_AP=0.5536
  S1 Epoch  57/300 [303.4s mem=38746MB] | train_loss=0.1518 train_AP=0.6933 | val_loss=0.3801 val_AP=0.5647
    -> New best metrics: val_loss=0.2561 val_AP=0.5647, saved
  S1 Epoch  58/300 [303.2s mem=38751MB] | train_loss=0.1477 train_AP=0.7077 | val_loss=0.3645 val_AP=0.5621
  S1 Epoch  59/300 [304.4s mem=38749MB] | train_loss=0.1458 train_AP=0.7103 | val_loss=0.4253 val_AP=0.5575
  S1 Epoch  60/300 [305.5s mem=38749MB] | train_loss=0.1411 train_AP=0.7208 | val_loss=0.4397 val_AP=0.5669
    -> New best metrics: val_loss=0.2561 val_AP=0.5669, saved
  S1 Epoch  61/300 [303.4s mem=38745MB] | train_loss=0.1382 train_AP=0.7290 | val_loss=0.4294 val_AP=0.5574
  S1 Epoch  62/300 [303.8s mem=38749MB] | train_loss=0.1362 train_AP=0.7362 | val_loss=0.4071 val_AP=0.5658
  S1 Epoch  63/300 [306.2s mem=38749MB] | train_loss=0.1326 train_AP=0.7461 | val_loss=0.4899 val_AP=0.5636
  S1 Epoch  64/300 [303.7s mem=38750MB] | train_loss=0.1283 train_AP=0.7459 | val_loss=0.4763 val_AP=0.5681
    -> New best metrics: val_loss=0.2561 val_AP=0.5681, saved
  S1 Epoch  65/300 [304.9s mem=38746MB] | train_loss=0.1245 train_AP=0.7645 | val_loss=0.4548 val_AP=0.5668
  S1 Epoch  66/300 [302.4s mem=38749MB] | train_loss=0.1243 train_AP=0.7633 | val_loss=0.4414 val_AP=0.5630
  S1 Epoch  67/300 [304.6s mem=38750MB] | train_loss=0.1225 train_AP=0.7688 | val_loss=0.4693 val_AP=0.5614
  S1 Epoch  68/300 [303.6s mem=38745MB] | train_loss=0.1188 train_AP=0.7818 | val_loss=0.4766 val_AP=0.5743
    -> New best metrics: val_loss=0.2561 val_AP=0.5743, saved
  S1 Epoch  69/300 [305.1s mem=38751MB] | train_loss=0.1169 train_AP=0.7854 | val_loss=0.4685 val_AP=0.5706
  S1 Epoch  70/300 [301.3s mem=38750MB] | train_loss=0.1137 train_AP=0.7917 | val_loss=0.4469 val_AP=0.5832
    -> New best metrics: val_loss=0.2561 val_AP=0.5832, saved
  S1 Epoch  71/300 [302.3s mem=38750MB] | train_loss=0.1109 train_AP=0.7971 | val_loss=0.5346 val_AP=0.5654
  S1 Epoch  72/300 [302.9s mem=38752MB] | train_loss=0.1123 train_AP=0.7891 | val_loss=0.4979 val_AP=0.5636
  S1 Epoch  73/300 [302.9s mem=38747MB] | train_loss=0.1077 train_AP=0.8041 | val_loss=0.5118 val_AP=0.5719
  S1 Epoch  74/300 [302.9s mem=38749MB] | train_loss=0.1041 train_AP=0.8131 | val_loss=0.5207 val_AP=0.5766
  S1 Epoch  75/300 [304.3s mem=38747MB] | train_loss=0.1042 train_AP=0.8129 | val_loss=0.6113 val_AP=0.5677
  S1 Epoch  76/300 [304.7s mem=38743MB] | train_loss=0.1023 train_AP=0.8235 | val_loss=0.5206 val_AP=0.5695
  S1 Epoch  77/300 [304.0s mem=38747MB] | train_loss=0.1004 train_AP=0.8195 | val_loss=0.5968 val_AP=0.5661
  S1 Epoch  78/300 [305.0s mem=38748MB] | train_loss=0.0979 train_AP=0.8299 | val_loss=0.6740 val_AP=0.5596
  S1 Epoch  79/300 [304.7s mem=38749MB] | train_loss=0.0949 train_AP=0.8373 | val_loss=0.6106 val_AP=0.5557
  S1 Epoch  80/300 [303.6s mem=38746MB] | train_loss=0.0942 train_AP=0.8404 | val_loss=0.6211 val_AP=0.5711
  S1 Epoch  81/300 [302.8s mem=38749MB] | train_loss=0.0930 train_AP=0.8489 | val_loss=0.5093 val_AP=0.5782
  S1 Epoch  82/300 [303.9s mem=38751MB] | train_loss=0.0909 train_AP=0.8485 | val_loss=0.5892 val_AP=0.5758
  S1 Epoch  83/300 [302.2s mem=38748MB] | train_loss=0.0894 train_AP=0.8482 | val_loss=0.6193 val_AP=0.5676
  S1 Epoch  84/300 [304.1s mem=38747MB] | train_loss=0.0868 train_AP=0.8578 | val_loss=0.6729 val_AP=0.5762
  S1 Epoch  85/300 [304.2s mem=38751MB] | train_loss=0.0861 train_AP=0.8608 | val_loss=0.6043 val_AP=0.5813
  S1 Epoch  86/300 [304.1s mem=38752MB] | train_loss=0.0830 train_AP=0.8666 | val_loss=0.6560 val_AP=0.5735
  S1 Epoch  87/300 [303.9s mem=38748MB] | train_loss=0.0819 train_AP=0.8710 | val_loss=0.6063 val_AP=0.5837
    -> New best metrics: val_loss=0.2561 val_AP=0.5837, saved
  S1 Epoch  88/300 [302.0s mem=38746MB] | train_loss=0.0793 train_AP=0.8759 | val_loss=0.6902 val_AP=0.5885
    -> New best metrics: val_loss=0.2561 val_AP=0.5885, saved
  S1 Epoch  89/300 [302.8s mem=38746MB] | train_loss=0.0786 train_AP=0.8776 | val_loss=0.7182 val_AP=0.5850
  S1 Epoch  90/300 [302.1s mem=38750MB] | train_loss=0.0783 train_AP=0.8790 | val_loss=0.6937 val_AP=0.5870
  S1 Epoch  91/300 [303.8s mem=38744MB] | train_loss=0.0755 train_AP=0.8816 | val_loss=0.6606 val_AP=0.5849
  S1 Epoch  92/300 [304.7s mem=38749MB] | train_loss=0.0736 train_AP=0.8912 | val_loss=0.7080 val_AP=0.5773
  S1 Epoch  93/300 [304.9s mem=38751MB] | train_loss=0.0732 train_AP=0.8902 | val_loss=0.7291 val_AP=0.5874
  S1 Epoch  94/300 [304.5s mem=38747MB] | train_loss=0.0741 train_AP=0.8877 | val_loss=0.7986 val_AP=0.5771
  S1 Epoch  95/300 [306.1s mem=38749MB] | train_loss=0.0713 train_AP=0.8944 | val_loss=0.7655 val_AP=0.5809
  S1 Epoch  96/300 [304.5s mem=38746MB] | train_loss=0.0699 train_AP=0.8967 | val_loss=0.7930 val_AP=0.5891
    -> New best metrics: val_loss=0.2561 val_AP=0.5891, saved
  S1 Epoch  97/300 [303.9s mem=38752MB] | train_loss=0.0697 train_AP=0.8980 | val_loss=0.7771 val_AP=0.5840
  S1 Epoch  98/300 [303.5s mem=38749MB] | train_loss=0.0693 train_AP=0.9006 | val_loss=0.7734 val_AP=0.5941
    -> New best metrics: val_loss=0.2561 val_AP=0.5941, saved
  S1 Epoch  99/300 [303.6s mem=38749MB] | train_loss=0.0655 train_AP=0.9071 | val_loss=0.8199 val_AP=0.5821
  S1 Epoch 100/300 [305.5s mem=38750MB] | train_loss=0.0670 train_AP=0.9050 | val_loss=0.7809 val_AP=0.5781
  S1 Epoch 101/300 [304.6s mem=38747MB] | train_loss=0.0643 train_AP=0.9139 | val_loss=0.7504 val_AP=0.5842
  S1 Epoch 102/300 [303.9s mem=38751MB] | train_loss=0.0644 train_AP=0.9126 | val_loss=0.9088 val_AP=0.5724
  S1 Epoch 103/300 [304.8s mem=38745MB] | train_loss=0.0609 train_AP=0.9172 | val_loss=0.8584 val_AP=0.5846
  S1 Epoch 104/300 [304.4s mem=38746MB] | train_loss=0.0612 train_AP=0.9183 | val_loss=0.8872 val_AP=0.5719
  S1 Epoch 105/300 [304.3s mem=38750MB] | train_loss=0.0608 train_AP=0.9198 | val_loss=0.8077 val_AP=0.5884
  S1 Epoch 106/300 [304.6s mem=38751MB] | train_loss=0.0582 train_AP=0.9232 | val_loss=0.7434 val_AP=0.5806
  S1 Epoch 107/300 [303.7s mem=38753MB] | train_loss=0.0594 train_AP=0.9210 | val_loss=0.7816 val_AP=0.5850
  S1 Epoch 108/300 [305.0s mem=38749MB] | train_loss=0.0571 train_AP=0.9230 | val_loss=0.8448 val_AP=0.5780
  S1 Epoch 109/300 [302.4s mem=38748MB] | train_loss=0.0565 train_AP=0.9260 | val_loss=0.8355 val_AP=0.5907
  S1 Epoch 110/300 [304.2s mem=38752MB] | train_loss=0.0551 train_AP=0.9298 | val_loss=0.8554 val_AP=0.5823
  S1 Epoch 111/300 [303.8s mem=38749MB] | train_loss=0.0541 train_AP=0.9311 | val_loss=0.8936 val_AP=0.5805
  S1 Epoch 112/300 [302.4s mem=38749MB] | train_loss=0.0551 train_AP=0.9315 | val_loss=0.8820 val_AP=0.5831
  S1 Epoch 113/300 [303.1s mem=38747MB] | train_loss=0.0533 train_AP=0.9354 | val_loss=1.0170 val_AP=0.5729
  S1 Epoch 114/300 [304.1s mem=38750MB] | train_loss=0.0521 train_AP=0.9373 | val_loss=0.9606 val_AP=0.5789
  S1 Epoch 115/300 [302.8s mem=38749MB] | train_loss=0.0522 train_AP=0.9368 | val_loss=0.8421 val_AP=0.5890
  S1 Epoch 116/300 [303.3s mem=38750MB] | train_loss=0.0503 train_AP=0.9403 | val_loss=0.9727 val_AP=0.5887
  S1 Epoch 117/300 [305.4s mem=38748MB] | train_loss=0.0515 train_AP=0.9374 | val_loss=0.9541 val_AP=0.5802
  S1 Epoch 118/300 [304.4s mem=38751MB] | train_loss=0.0495 train_AP=0.9377 | val_loss=0.8776 val_AP=0.5807
  S1 Epoch 119/300 [303.0s mem=38750MB] | train_loss=0.0494 train_AP=0.9396 | val_loss=1.1585 val_AP=0.5776
  S1 Epoch 120/300 [304.4s mem=38749MB] | train_loss=0.0483 train_AP=0.9417 | val_loss=0.9321 val_AP=0.5880
  S1 Epoch 121/300 [303.7s mem=38748MB] | train_loss=0.0470 train_AP=0.9475 | val_loss=0.9602 val_AP=0.5885
  S1 Epoch 122/300 [304.8s mem=38747MB] | train_loss=0.0461 train_AP=0.9466 | val_loss=1.0834 val_AP=0.5853
  S1 Epoch 123/300 [303.9s mem=38749MB] | train_loss=0.0457 train_AP=0.9475 | val_loss=0.9817 val_AP=0.5742
  S1 Epoch 124/300 [301.6s mem=38747MB] | train_loss=0.0447 train_AP=0.9471 | val_loss=1.0737 val_AP=0.5892
  S1 Epoch 125/300 [303.6s mem=38748MB] | train_loss=0.0458 train_AP=0.9472 | val_loss=1.0951 val_AP=0.5889
  S1 Epoch 126/300 [304.4s mem=38750MB] | train_loss=0.0434 train_AP=0.9535 | val_loss=1.0321 val_AP=0.5822
  S1 Epoch 127/300 [303.3s mem=38751MB] | train_loss=0.0423 train_AP=0.9560 | val_loss=1.1019 val_AP=0.5838
  S1 Epoch 128/300 [304.0s mem=38745MB] | train_loss=0.0445 train_AP=0.9524 | val_loss=1.0130 val_AP=0.5863
  S1 Epoch 129/300 [306.6s mem=38745MB] | train_loss=0.0432 train_AP=0.9540 | val_loss=1.0887 val_AP=0.5862
  S1 Epoch 130/300 [303.9s mem=38749MB] | train_loss=0.0403 train_AP=0.9598 | val_loss=1.0676 val_AP=0.5879
  S1 Epoch 131/300 [302.3s mem=38750MB] | train_loss=0.0413 train_AP=0.9577 | val_loss=1.0309 val_AP=0.5900
  S1 Epoch 132/300 [305.3s mem=38750MB] | train_loss=0.0404 train_AP=0.9581 | val_loss=1.0749 val_AP=0.5929
  S1 Epoch 133/300 [567.1s mem=38747MB] | train_loss=0.0387 train_AP=0.9616 | val_loss=1.1357 val_AP=0.5910
  S1 Epoch 134/300 [561.5s mem=38749MB] | train_loss=0.0397 train_AP=0.9584 | val_loss=1.0720 val_AP=0.5973
    -> New best metrics: val_loss=0.2561 val_AP=0.5973, saved
  S1 Epoch 135/300 [557.5s mem=38746MB] | train_loss=0.0383 train_AP=0.9620 | val_loss=1.0723 val_AP=0.5914
  S1 Epoch 136/300 [568.3s mem=38747MB] | train_loss=0.0397 train_AP=0.9634 | val_loss=1.1682 val_AP=0.5871
  S1 Epoch 137/300 [314.1s mem=38745MB] | train_loss=0.0370 train_AP=0.9644 | val_loss=1.2976 val_AP=0.5843
  S1 Epoch 138/300 [304.9s mem=38743MB] | train_loss=0.0382 train_AP=0.9601 | val_loss=1.1257 val_AP=0.5877
  S1 Epoch 139/300 [305.4s mem=38750MB] | train_loss=0.0360 train_AP=0.9658 | val_loss=1.0458 val_AP=0.5838
  S1 Epoch 140/300 [302.4s mem=38751MB] | train_loss=0.0367 train_AP=0.9663 | val_loss=1.1388 val_AP=0.5852
  S1 Epoch 141/300 [304.6s mem=38747MB] | train_loss=0.0368 train_AP=0.9679 | val_loss=1.1335 val_AP=0.5891
  S1 Epoch 142/300 [304.6s mem=38745MB] | train_loss=0.0349 train_AP=0.9688 | val_loss=1.1922 val_AP=0.5902
  S1 Epoch 143/300 [302.4s mem=38751MB] | train_loss=0.0347 train_AP=0.9675 | val_loss=1.0621 val_AP=0.5892
  S1 Epoch 144/300 [302.9s mem=38746MB] | train_loss=0.0347 train_AP=0.9658 | val_loss=1.3422 val_AP=0.5835
  S1 Epoch 145/300 [303.9s mem=38746MB] | train_loss=0.0356 train_AP=0.9702 | val_loss=1.1639 val_AP=0.5906
  S1 Epoch 146/300 [302.6s mem=38750MB] | train_loss=0.0326 train_AP=0.9719 | val_loss=1.2769 val_AP=0.5886
  S1 Epoch 147/300 [304.5s mem=38751MB] | train_loss=0.0342 train_AP=0.9663 | val_loss=1.3228 val_AP=0.5875
  S1 Epoch 148/300 [304.1s mem=38748MB] | train_loss=0.0333 train_AP=0.9697 | val_loss=1.3311 val_AP=0.5817
  S1 Epoch 149/300 [303.6s mem=38751MB] | train_loss=0.0325 train_AP=0.9710 | val_loss=1.2907 val_AP=0.5819
  S1 Epoch 150/300 [304.5s mem=38747MB] | train_loss=0.0327 train_AP=0.9707 | val_loss=1.4063 val_AP=0.5792
  S1 Epoch 151/300 [303.4s mem=38745MB] | train_loss=0.0325 train_AP=0.9719 | val_loss=1.2324 val_AP=0.5839
  S1 Epoch 152/300 [302.9s mem=38748MB] | train_loss=0.0307 train_AP=0.9718 | val_loss=1.4405 val_AP=0.5874
  S1 Epoch 153/300 [303.7s mem=38748MB] | train_loss=0.0325 train_AP=0.9735 | val_loss=1.2940 val_AP=0.5827
  S1 Epoch 154/300 [303.4s mem=38748MB] | train_loss=0.0301 train_AP=0.9754 | val_loss=1.4120 val_AP=0.5792
  S1 Epoch 155/300 [305.5s mem=38746MB] | train_loss=0.0297 train_AP=0.9761 | val_loss=1.3673 val_AP=0.5833
  S1 Epoch 156/300 [302.4s mem=38749MB] | train_loss=0.0296 train_AP=0.9771 | val_loss=1.2243 val_AP=0.5814
  S1 Epoch 157/300 [302.4s mem=38749MB] | train_loss=0.0303 train_AP=0.9780 | val_loss=1.4493 val_AP=0.5830
  S1 Epoch 158/300 [303.3s mem=38746MB] | train_loss=0.0289 train_AP=0.9779 | val_loss=1.3688 val_AP=0.5835
  S1 Epoch 159/300 [301.3s mem=38747MB] | train_loss=0.0294 train_AP=0.9763 | val_loss=1.3445 val_AP=0.5812
  S1 Epoch 160/300 [303.7s mem=38747MB] | train_loss=0.0291 train_AP=0.9781 | val_loss=1.3042 val_AP=0.5857
  S1 Epoch 161/300 [304.7s mem=38747MB] | train_loss=0.0285 train_AP=0.9797 | val_loss=1.3573 val_AP=0.5823
  S1 Epoch 162/300 [303.8s mem=38745MB] | train_loss=0.0282 train_AP=0.9810 | val_loss=1.5004 val_AP=0.5801
  S1 Epoch 163/300 [304.6s mem=38750MB] | train_loss=0.0256 train_AP=0.9819 | val_loss=1.4043 val_AP=0.5833
  S1 Epoch 164/300 [303.5s mem=38745MB] | train_loss=0.0264 train_AP=0.9799 | val_loss=1.3501 val_AP=0.5815
  S1 Epoch 165/300 [303.3s mem=38747MB] | train_loss=0.0255 train_AP=0.9836 | val_loss=1.4676 val_AP=0.5784
  S1 Epoch 166/300 [303.7s mem=38748MB] | train_loss=0.0260 train_AP=0.9831 | val_loss=1.4786 val_AP=0.5838
  S1 Epoch 167/300 [301.3s mem=38749MB] | train_loss=0.0254 train_AP=0.9816 | val_loss=1.4595 val_AP=0.5783
  S1 Epoch 168/300 [303.8s mem=38745MB] | train_loss=0.0254 train_AP=0.9821 | val_loss=1.5484 val_AP=0.5771
  S1 Epoch 169/300 [302.4s mem=38750MB] | train_loss=0.0253 train_AP=0.9827 | val_loss=1.3596 val_AP=0.5831
  S1 Epoch 170/300 [304.7s mem=38749MB] | train_loss=0.0246 train_AP=0.9814 | val_loss=1.5799 val_AP=0.5771
  S1 Epoch 171/300 [305.0s mem=38749MB] | train_loss=0.0259 train_AP=0.9819 | val_loss=1.6408 val_AP=0.5651
  S1 Epoch 172/300 [302.9s mem=38746MB] | train_loss=0.0241 train_AP=0.9859 | val_loss=1.4498 val_AP=0.5725
  S1 Epoch 173/300 [304.7s mem=38748MB] | train_loss=0.0244 train_AP=0.9816 | val_loss=1.6338 val_AP=0.5743
  S1 Epoch 174/300 [303.9s mem=38748MB] | train_loss=0.0259 train_AP=0.9817 | val_loss=1.5563 val_AP=0.5790
  S1 Epoch 175/300 [303.0s mem=38745MB] | train_loss=0.0236 train_AP=0.9849 | val_loss=1.5346 val_AP=0.5816
  S1 Epoch 176/300 [304.7s mem=38754MB] | train_loss=0.0226 train_AP=0.9866 | val_loss=1.5090 val_AP=0.5785
  S1 Epoch 177/300 [302.9s mem=38746MB] | train_loss=0.0248 train_AP=0.9856 | val_loss=1.6122 val_AP=0.5759
  S1 Epoch 178/300 [304.9s mem=38746MB] | train_loss=0.0237 train_AP=0.9865 | val_loss=1.6364 val_AP=0.5806
  S1 Epoch 179/300 [304.6s mem=38746MB] | train_loss=0.0233 train_AP=0.9858 | val_loss=1.4913 val_AP=0.5854
  S1 Epoch 180/300 [301.4s mem=38748MB] | train_loss=0.0216 train_AP=0.9860 | val_loss=1.5239 val_AP=0.5854
  S1 Epoch 181/300 [301.3s mem=38749MB] | train_loss=0.0220 train_AP=0.9856 | val_loss=1.4912 val_AP=0.5858
  S1 Epoch 182/300 [302.6s mem=38751MB] | train_loss=0.0206 train_AP=0.9886 | val_loss=1.6063 val_AP=0.5796
  S1 Epoch 183/300 [302.6s mem=38745MB] | train_loss=0.0224 train_AP=0.9875 | val_loss=1.4653 val_AP=0.5832
  S1 Epoch 184/300 [301.0s mem=38748MB] | train_loss=0.0214 train_AP=0.9873 | val_loss=1.6286 val_AP=0.5749
  Early stopping at epoch 184. Best val loss=0.2561 at epoch 134.
Stage 1 done. Best val loss=0.2561 at epoch 134.

============================================================
STAGE 2: Train generator (flow_matching) with self-novelty
  Backbone: hybrid (frozen)
  novelty_alpha=0.1
============================================================
  Loading cached distance masks from ./data/Peptides-func/dist_masks/train.pkl
  Loading cached distance masks from ./data/Peptides-func/dist_masks/val.pkl
  Loading cached distance masks from ./data/Peptides-func/dist_masks/test.pkl
  Generator parameters: 3,684,864
  S2 Epoch   1/1000 [143.8s mem=5443MB] | total=0.0460 task=0.0208 novelty=-0.0271 | div=0.0558 ip_mean=0.0558 | val_AP=0.5960 test_AP=0.5829
    -> New best metrics: gen_loss=0.0460 val_loss=1.0288 val_AP=0.5960
  S2 Epoch   2/1000 [147.7s mem=5387MB] | total=0.0217 task=0.0208 novelty=-0.0505 | div=0.0119 ip_mean=0.0119 | val_AP=0.5986 test_AP=0.5826
    -> New best metrics: gen_loss=0.0217 val_loss=1.0268 val_AP=0.5986
  S2 Epoch   3/1000 [143.5s mem=5354MB] | total=0.0187 task=0.0207 novelty=-0.0718 | div=0.0104 ip_mean=0.0104 | val_AP=0.5954 test_AP=0.5820
    -> New best metrics: gen_loss=0.0187 val_loss=1.0268 val_AP=0.5986
  S2 Epoch   4/1000 [146.0s mem=5416MB] | total=0.0176 task=0.0207 novelty=-0.0851 | div=0.0108 ip_mean=0.0108 | val_AP=0.5949 test_AP=0.5825
    -> New best metrics: gen_loss=0.0176 val_loss=1.0268 val_AP=0.5986
  S2 Epoch   5/1000 [150.0s mem=5495MB] | total=0.0174 task=0.0208 novelty=-0.0903 | div=0.0111 ip_mean=0.0111 | val_AP=0.5981 test_AP=0.5827
    -> New best metrics: gen_loss=0.0174 val_loss=1.0228 val_AP=0.5986
  S2 Epoch   6/1000 [151.8s mem=5451MB] | total=0.0168 task=0.0207 novelty=-0.0927 | div=0.0107 ip_mean=0.0107 | val_AP=0.5959 test_AP=0.5818
    -> New best metrics: gen_loss=0.0168 val_loss=1.0228 val_AP=0.5986
  S2 Epoch   7/1000 [143.1s mem=5424MB] | total=0.0166 task=0.0206 novelty=-0.0939 | div=0.0109 ip_mean=0.0109 | val_AP=0.5973 test_AP=0.5834
    -> New best metrics: gen_loss=0.0166 val_loss=1.0228 val_AP=0.5986
  S2 Epoch   8/1000 [143.4s mem=5468MB] | total=0.0166 task=0.0206 novelty=-0.0951 | div=0.0110 ip_mean=0.0110 | val_AP=0.5948 test_AP=0.5824
    -> New best metrics: gen_loss=0.0166 val_loss=1.0228 val_AP=0.5986
  S2 Epoch   9/1000 [144.2s mem=5366MB] | total=0.0165 task=0.0206 novelty=-0.0953 | div=0.0107 ip_mean=0.0107 | val_AP=0.5936 test_AP=0.5825
    -> New best metrics: gen_loss=0.0165 val_loss=1.0228 val_AP=0.5986
  S2 Epoch  10/1000 [148.2s mem=5369MB] | total=0.0166 task=0.0207 novelty=-0.0958 | div=0.0108 ip_mean=0.0108 | val_AP=0.5970 test_AP=0.5816
  S2 Epoch  11/1000 [145.7s mem=5389MB] | total=0.0166 task=0.0208 novelty=-0.0959 | div=0.0107 ip_mean=0.0107 | val_AP=0.5958 test_AP=0.5812
  S2 Epoch  12/1000 [148.5s mem=5504MB] | total=0.0164 task=0.0207 novelty=-0.0960 | div=0.0107 ip_mean=0.0107 | val_AP=0.5966 test_AP=0.5836
    -> New best metrics: gen_loss=0.0164 val_loss=1.0228 val_AP=0.5986
  S2 Epoch  13/1000 [144.2s mem=5453MB] | total=0.0165 task=0.0208 novelty=-0.0958 | div=0.0107 ip_mean=0.0107 | val_AP=0.5943 test_AP=0.5818
  S2 Epoch  14/1000 [144.0s mem=5397MB] | total=0.0164 task=0.0207 novelty=-0.0961 | div=0.0108 ip_mean=0.0108 | val_AP=0.5977 test_AP=0.5845
  S2 Epoch  15/1000 [149.2s mem=5477MB] | total=0.0163 task=0.0206 novelty=-0.0962 | div=0.0107 ip_mean=0.0107 | val_AP=0.5970 test_AP=0.5824
    -> New best metrics: gen_loss=0.0163 val_loss=1.0228 val_AP=0.5986
  S2 Epoch  16/1000 [148.1s mem=5426MB] | total=0.0163 task=0.0206 novelty=-0.0957 | div=0.0104 ip_mean=0.0104 | val_AP=0.5973 test_AP=0.5820
    -> New best metrics: gen_loss=0.0163 val_loss=1.0228 val_AP=0.5986
  S2 Epoch  17/1000 [147.7s mem=5405MB] | total=0.0163 task=0.0207 novelty=-0.0960 | div=0.0105 ip_mean=0.0105 | val_AP=0.5937 test_AP=0.5834
  S2 Epoch  18/1000 [147.2s mem=5489MB] | total=0.0162 task=0.0206 novelty=-0.0959 | div=0.0105 ip_mean=0.0105 | val_AP=0.5964 test_AP=0.5825
    -> New best metrics: gen_loss=0.0162 val_loss=1.0196 val_AP=0.5986
  S2 Epoch  19/1000 [149.9s mem=5418MB] | total=0.0162 task=0.0206 novelty=-0.0963 | div=0.0106 ip_mean=0.0106 | val_AP=0.5964 test_AP=0.5806
    -> New best metrics: gen_loss=0.0162 val_loss=1.0196 val_AP=0.5986
  S2 Epoch  20/1000 [148.4s mem=5369MB] | total=0.0163 task=0.0205 novelty=-0.0961 | div=0.0107 ip_mean=0.0107 | val_AP=0.5949 test_AP=0.5819
  S2 Epoch  21/1000 [144.8s mem=5367MB] | total=0.0163 task=0.0206 novelty=-0.0960 | div=0.0106 ip_mean=0.0106 | val_AP=0.5940 test_AP=0.5816
  S2 Epoch  22/1000 [143.4s mem=5402MB] | total=0.0162 task=0.0205 novelty=-0.0962 | div=0.0105 ip_mean=0.0105 | val_AP=0.5971 test_AP=0.5820
    -> New best metrics: gen_loss=0.0162 val_loss=1.0181 val_AP=0.5986
  S2 Epoch  23/1000 [150.9s mem=5380MB] | total=0.0164 task=0.0206 novelty=-0.0964 | div=0.0109 ip_mean=0.0109 | val_AP=0.5959 test_AP=0.5799
  S2 Epoch  24/1000 [151.8s mem=5405MB] | total=0.0162 task=0.0205 novelty=-0.0961 | div=0.0106 ip_mean=0.0106 | val_AP=0.5967 test_AP=0.5808
  S2 Epoch  25/1000 [145.6s mem=5360MB] | total=0.0162 task=0.0205 novelty=-0.0963 | div=0.0106 ip_mean=0.0106 | val_AP=0.5950 test_AP=0.5827
  S2 Epoch  26/1000 [147.9s mem=5368MB] | total=0.0162 task=0.0206 novelty=-0.0964 | div=0.0106 ip_mean=0.0106 | val_AP=0.5964 test_AP=0.5807
  S2 Epoch  27/1000 [144.7s mem=5371MB] | total=0.0163 task=0.0206 novelty=-0.0960 | div=0.0106 ip_mean=0.0106 | val_AP=0.5960 test_AP=0.5816
  S2 Epoch  28/1000 [143.7s mem=5397MB] | total=0.0163 task=0.0205 novelty=-0.0961 | div=0.0107 ip_mean=0.0107 | val_AP=0.5957 test_AP=0.5804
    -> New best metrics: gen_loss=0.0162 val_loss=1.0104 val_AP=0.5986
  S2 Epoch  29/1000 [144.4s mem=5418MB] | total=0.0163 task=0.0204 novelty=-0.0964 | div=0.0110 ip_mean=0.0110 | val_AP=0.5943 test_AP=0.5849
    -> New best metrics: gen_loss=0.0162 val_loss=0.9972 val_AP=0.5986
  S2 Epoch  30/1000 [143.5s mem=5505MB] | total=0.0164 task=0.0203 novelty=-0.0963 | div=0.0113 ip_mean=0.0113 | val_AP=0.5976 test_AP=0.5817
  S2 Epoch  31/1000 [148.4s mem=5424MB] | total=0.0164 task=0.0202 novelty=-0.0963 | div=0.0117 ip_mean=0.0117 | val_AP=0.5945 test_AP=0.5835
    -> New best metrics: gen_loss=0.0162 val_loss=0.9769 val_AP=0.5986
  S2 Epoch  32/1000 [147.7s mem=5364MB] | total=0.0160 task=0.0202 novelty=-0.0963 | div=0.0110 ip_mean=0.0110 | val_AP=0.5962 test_AP=0.5813
    -> New best metrics: gen_loss=0.0160 val_loss=0.9769 val_AP=0.5986
  S2 Epoch  33/1000 [151.6s mem=5404MB] | total=0.0158 task=0.0198 novelty=-0.0965 | div=0.0113 ip_mean=0.0113 | val_AP=0.5952 test_AP=0.5813
    -> New best metrics: gen_loss=0.0158 val_loss=0.9668 val_AP=0.5986
  S2 Epoch  34/1000 [150.4s mem=5371MB] | total=0.0159 task=0.0201 novelty=-0.0959 | div=0.0108 ip_mean=0.0108 | val_AP=0.5929 test_AP=0.5860
    -> New best metrics: gen_loss=0.0158 val_loss=0.9410 val_AP=0.5986
  S2 Epoch  35/1000 [143.5s mem=5373MB] | total=0.0158 task=0.0199 novelty=-0.0934 | div=0.0106 ip_mean=0.0106 | val_AP=0.5964 test_AP=0.5865
    -> New best metrics: gen_loss=0.0158 val_loss=0.9139 val_AP=0.5986
  S2 Epoch  36/1000 [143.0s mem=5353MB] | total=0.0148 task=0.0198 novelty=-0.0947 | div=0.0091 ip_mean=0.0091 | val_AP=0.5953 test_AP=0.5836
    -> New best metrics: gen_loss=0.0148 val_loss=0.9139 val_AP=0.5986
  S2 Epoch  37/1000 [143.8s mem=5397MB] | total=0.0148 task=0.0197 novelty=-0.0956 | div=0.0093 ip_mean=0.0093 | val_AP=0.5977 test_AP=0.5876
    -> New best metrics: gen_loss=0.0148 val_loss=0.9139 val_AP=0.5986
  S2 Epoch  38/1000 [146.0s mem=5447MB] | total=0.0175 task=0.0199 novelty=-0.0979 | div=0.0147 ip_mean=0.0147 | val_AP=0.5979 test_AP=0.5854
  S2 Epoch  39/1000 [146.9s mem=5389MB] | total=0.0147 task=0.0196 novelty=-0.0962 | div=0.0095 ip_mean=0.0095 | val_AP=0.5975 test_AP=0.5822
    -> New best metrics: gen_loss=0.0147 val_loss=0.8798 val_AP=0.5986
  S2 Epoch  40/1000 [151.6s mem=5444MB] | total=0.0131 task=0.0196 novelty=-0.0939 | div=0.0059 ip_mean=0.0059 | val_AP=0.5998 test_AP=0.5842
    -> New best metrics: gen_loss=0.0131 val_loss=0.8798 val_AP=0.5998
  S2 Epoch  41/1000 [144.6s mem=5380MB] | total=0.0141 task=0.0196 novelty=-0.0935 | div=0.0077 ip_mean=0.0077 | val_AP=0.5998 test_AP=0.5839
  S2 Epoch  42/1000 [146.5s mem=5397MB] | total=0.0151 task=0.0195 novelty=-0.0936 | div=0.0099 ip_mean=0.0099 | val_AP=0.5991 test_AP=0.5853
  S2 Epoch  43/1000 [142.7s mem=5432MB] | total=0.0149 task=0.0195 novelty=-0.0952 | div=0.0098 ip_mean=0.0098 | val_AP=0.5992 test_AP=0.5927
    -> New best metrics: gen_loss=0.0131 val_loss=0.8737 val_AP=0.5998
  S2 Epoch  44/1000 [143.6s mem=5466MB] | total=0.0140 task=0.0193 novelty=-0.0941 | div=0.0082 ip_mean=0.0082 | val_AP=0.5945 test_AP=0.5829
  S2 Epoch  45/1000 [146.0s mem=5365MB] | total=0.0174 task=0.0194 novelty=-0.0953 | div=0.0152 ip_mean=0.0152 | val_AP=0.5961 test_AP=0.5862
  S2 Epoch  46/1000 [150.4s mem=5366MB] | total=0.0163 task=0.0199 novelty=-0.0971 | div=0.0122 ip_mean=0.0122 | val_AP=0.6007 test_AP=0.5847
    -> New best metrics: gen_loss=0.0131 val_loss=0.8737 val_AP=0.6007
  S2 Epoch  47/1000 [143.6s mem=5374MB] | total=0.0165 task=0.0197 novelty=-0.0943 | div=0.0125 ip_mean=0.0125 | val_AP=0.5982 test_AP=0.5841
  S2 Epoch  48/1000 [148.4s mem=5366MB] | total=0.0150 task=0.0193 novelty=-0.0943 | div=0.0102 ip_mean=0.0102 | val_AP=0.5949 test_AP=0.5899
  S2 Epoch  49/1000 [146.6s mem=5453MB] | total=0.0179 task=0.0193 novelty=-0.0968 | div=0.0164 ip_mean=0.0164 | val_AP=0.5962 test_AP=0.5860
  S2 Epoch  50/1000 [156.9s mem=5511MB] | total=0.0166 task=0.0192 novelty=-0.0954 | div=0.0140 ip_mean=0.0140 | val_AP=0.5980 test_AP=0.5815
  S2 Epoch  51/1000 [146.4s mem=5354MB] | total=0.0158 task=0.0192 novelty=-0.0946 | div=0.0121 ip_mean=0.0121 | val_AP=0.5938 test_AP=0.5852
  S2 Epoch  52/1000 [147.9s mem=5528MB] | total=0.0150 task=0.0191 novelty=-0.0958 | div=0.0111 ip_mean=0.0111 | val_AP=0.5984 test_AP=0.5838
  S2 Epoch  53/1000 [144.9s mem=5517MB] | total=0.0162 task=0.0191 novelty=-0.0952 | div=0.0132 ip_mean=0.0132 | val_AP=0.5982 test_AP=0.5848
  S2 Epoch  54/1000 [143.6s mem=5495MB] | total=0.0165 task=0.0188 novelty=-0.0959 | div=0.0145 ip_mean=0.0145 | val_AP=0.5972 test_AP=0.5838
  S2 Epoch  55/1000 [145.5s mem=5354MB] | total=0.0144 task=0.0188 novelty=-0.0954 | div=0.0102 ip_mean=0.0102 | val_AP=0.5991 test_AP=0.5838
  S2 Epoch  56/1000 [152.4s mem=5377MB] | total=0.0156 task=0.0186 novelty=-0.0952 | div=0.0129 ip_mean=0.0129 | val_AP=0.6027 test_AP=0.5839
    -> New best metrics: gen_loss=0.0131 val_loss=0.8737 val_AP=0.6027
  S2 Epoch  57/1000 [145.5s mem=5435MB] | total=0.0148 task=0.0190 novelty=-0.0940 | div=0.0104 ip_mean=0.0104 | val_AP=0.5941 test_AP=0.5880
  S2 Epoch  58/1000 [147.7s mem=5427MB] | total=0.0166 task=0.0184 novelty=-0.0958 | div=0.0155 ip_mean=0.0155 | val_AP=0.5962 test_AP=0.5860
  S2 Epoch  59/1000 [147.8s mem=5425MB] | total=0.0145 task=0.0184 novelty=-0.0932 | div=0.0108 ip_mean=0.0108 | val_AP=0.5971 test_AP=0.5858
  S2 Epoch  60/1000 [149.2s mem=5373MB] | total=0.0147 task=0.0188 novelty=-0.0928 | div=0.0102 ip_mean=0.0102 | val_AP=0.5962 test_AP=0.5877
  S2 Epoch  61/1000 [146.0s mem=5454MB] | total=0.0141 task=0.0181 novelty=-0.0949 | div=0.0110 ip_mean=0.0110 | val_AP=0.5950 test_AP=0.5826
  S2 Epoch  62/1000 [144.9s mem=5419MB] | total=0.0166 task=0.0181 novelty=-0.0952 | div=0.0161 ip_mean=0.0161 | val_AP=0.5984 test_AP=0.5851
  S2 Epoch  63/1000 [143.7s mem=5397MB] | total=0.0136 task=0.0179 novelty=-0.0955 | div=0.0103 ip_mean=0.0103 | val_AP=0.5994 test_AP=0.5885
  S2 Epoch  64/1000 [143.9s mem=5423MB] | total=0.0149 task=0.0178 novelty=-0.0935 | div=0.0128 ip_mean=0.0128 | val_AP=0.5967 test_AP=0.5821
  S2 Epoch  65/1000 [144.4s mem=5404MB] | total=0.0161 task=0.0181 novelty=-0.0951 | div=0.0150 ip_mean=0.0150 | val_AP=0.5937 test_AP=0.5799
  S2 Epoch  66/1000 [144.3s mem=5424MB] | total=0.0133 task=0.0178 novelty=-0.0943 | div=0.0097 ip_mean=0.0097 | val_AP=0.5978 test_AP=0.5849
  S2 Epoch  67/1000 [142.7s mem=5442MB] | total=0.0159 task=0.0176 novelty=-0.0967 | div=0.0159 ip_mean=0.0159 | val_AP=0.5979 test_AP=0.5810
  S2 Epoch  68/1000 [147.9s mem=5369MB] | total=0.0148 task=0.0178 novelty=-0.0941 | div=0.0128 ip_mean=0.0128 | val_AP=0.5935 test_AP=0.5818
  S2 Epoch  69/1000 [143.4s mem=5400MB] | total=0.0153 task=0.0175 novelty=-0.0950 | div=0.0145 ip_mean=0.0145 | val_AP=0.5967 test_AP=0.5856
  S2 Epoch  70/1000 [152.7s mem=5486MB] | total=0.0135 task=0.0175 novelty=-0.0947 | div=0.0109 ip_mean=0.0109 | val_AP=0.5943 test_AP=0.5813
  S2 Epoch  71/1000 [146.4s mem=5380MB] | total=0.0127 task=0.0176 novelty=-0.0941 | div=0.0091 ip_mean=0.0091 | val_AP=0.5912 test_AP=0.5834
    -> New best metrics: gen_loss=0.0127 val_loss=0.8737 val_AP=0.6027
  S2 Epoch  72/1000 [148.0s mem=5458MB] | total=0.0135 task=0.0170 novelty=-0.0945 | div=0.0120 ip_mean=0.0120 | val_AP=0.5965 test_AP=0.5821
  S2 Epoch  73/1000 [145.9s mem=5392MB] | total=0.0139 task=0.0169 novelty=-0.0949 | div=0.0129 ip_mean=0.0129 | val_AP=0.5936 test_AP=0.5831
  S2 Epoch  74/1000 [146.3s mem=5395MB] | total=0.0131 task=0.0173 novelty=-0.0926 | div=0.0102 ip_mean=0.0102 | val_AP=0.5933 test_AP=0.5865
  S2 Epoch  75/1000 [147.7s mem=5392MB] | total=0.0145 task=0.0167 novelty=-0.0935 | div=0.0143 ip_mean=0.0143 | val_AP=0.5977 test_AP=0.5795
  S2 Epoch  76/1000 [142.3s mem=5355MB] | total=0.0156 task=0.0170 novelty=-0.0961 | div=0.0165 ip_mean=0.0165 | val_AP=0.5913 test_AP=0.5878
  S2 Epoch  77/1000 [144.8s mem=5364MB] | total=0.0146 task=0.0168 novelty=-0.0930 | div=0.0143 ip_mean=0.0143 | val_AP=0.5966 test_AP=0.5916
  S2 Epoch  78/1000 [145.4s mem=5493MB] | total=0.0166 task=0.0172 novelty=-0.0935 | div=0.0174 ip_mean=0.0174 | val_AP=0.5989 test_AP=0.5834
  S2 Epoch  79/1000 [146.0s mem=5355MB] | total=0.0164 task=0.0167 novelty=-0.0952 | div=0.0185 ip_mean=0.0185 | val_AP=0.5958 test_AP=0.5872
  S2 Epoch  80/1000 [145.7s mem=5385MB] | total=0.0139 task=0.0166 novelty=-0.0934 | div=0.0133 ip_mean=0.0133 | val_AP=0.5940 test_AP=0.5858
  S2 Epoch  81/1000 [145.0s mem=5441MB] | total=0.0139 task=0.0167 novelty=-0.0945 | div=0.0135 ip_mean=0.0135 | val_AP=0.5983 test_AP=0.5868
  S2 Epoch  82/1000 [143.3s mem=5434MB] | total=0.0158 task=0.0171 novelty=-0.0936 | div=0.0163 ip_mean=0.0163 | val_AP=0.5966 test_AP=0.5845
  S2 Epoch  83/1000 [145.4s mem=5419MB] | total=0.0123 task=0.0165 novelty=-0.0917 | div=0.0100 ip_mean=0.0100 | val_AP=0.5949 test_AP=0.5837
    -> New best metrics: gen_loss=0.0123 val_loss=0.8737 val_AP=0.6027
  S2 Epoch  84/1000 [147.0s mem=5377MB] | total=0.0132 task=0.0165 novelty=-0.0914 | div=0.0117 ip_mean=0.0117 | val_AP=0.5958 test_AP=0.5839
  S2 Epoch  85/1000 [147.3s mem=5508MB] | total=0.0147 task=0.0163 novelty=-0.0942 | div=0.0156 ip_mean=0.0156 | val_AP=0.5977 test_AP=0.5850
  S2 Epoch  86/1000 [146.5s mem=5369MB] | total=0.0147 task=0.0163 novelty=-0.0931 | div=0.0154 ip_mean=0.0154 | val_AP=0.6005 test_AP=0.5834
  S2 Epoch  87/1000 [153.1s mem=5354MB] | total=0.0207 task=0.0163 novelty=-0.0990 | div=0.0286 ip_mean=0.0286 | val_AP=0.5951 test_AP=0.5849
  S2 Epoch  88/1000 [145.6s mem=5353MB] | total=0.0161 task=0.0162 novelty=-0.0932 | div=0.0185 ip_mean=0.0185 | val_AP=0.5950 test_AP=0.5806
  S2 Epoch  89/1000 [142.9s mem=5355MB] | total=0.0151 task=0.0162 novelty=-0.0948 | div=0.0169 ip_mean=0.0169 | val_AP=0.5937 test_AP=0.5817
  S2 Epoch  90/1000 [145.0s mem=5412MB] | total=0.0150 task=0.0162 novelty=-0.0925 | div=0.0162 ip_mean=0.0162 | val_AP=0.5932 test_AP=0.5836
  S2 Epoch  91/1000 [144.5s mem=5441MB] | total=0.0141 task=0.0160 novelty=-0.0931 | div=0.0149 ip_mean=0.0149 | val_AP=0.5973 test_AP=0.5831
  S2 Epoch  92/1000 [143.1s mem=5437MB] | total=0.0130 task=0.0158 novelty=-0.0942 | div=0.0131 ip_mean=0.0131 | val_AP=0.5939 test_AP=0.5884
  S2 Epoch  93/1000 [144.2s mem=5354MB] | total=0.0142 task=0.0160 novelty=-0.0942 | div=0.0153 ip_mean=0.0153 | val_AP=0.5929 test_AP=0.5867
  S2 Epoch  94/1000 [146.6s mem=5471MB] | total=0.0166 task=0.0158 novelty=-0.0921 | div=0.0202 ip_mean=0.0202 | val_AP=0.5931 test_AP=0.5852
  S2 Epoch  95/1000 [145.9s mem=5376MB] | total=0.0137 task=0.0158 novelty=-0.0928 | div=0.0143 ip_mean=0.0143 | val_AP=0.5905 test_AP=0.5869
  S2 Epoch  96/1000 [149.0s mem=5398MB] | total=0.0139 task=0.0158 novelty=-0.0938 | div=0.0151 ip_mean=0.0151 | val_AP=0.5949 test_AP=0.5838
  S2 Epoch  97/1000 [151.4s mem=5455MB] | total=0.0127 task=0.0154 novelty=-0.0920 | div=0.0129 ip_mean=0.0129 | val_AP=0.5921 test_AP=0.5845
  S2 Epoch  98/1000 [152.4s mem=5355MB] | total=0.0138 task=0.0158 novelty=-0.0923 | div=0.0145 ip_mean=0.0145 | val_AP=0.5924 test_AP=0.5844
  S2 Epoch  99/1000 [142.2s mem=5372MB] | total=0.0125 task=0.0157 novelty=-0.0927 | div=0.0123 ip_mean=0.0123 | val_AP=0.5957 test_AP=0.5857
  S2 Epoch 100/1000 [147.3s mem=5396MB] | total=0.0129 task=0.0157 novelty=-0.0909 | div=0.0125 ip_mean=0.0125 | val_AP=0.5945 test_AP=0.5866
  S2 Epoch 101/1000 [148.8s mem=5458MB] | total=0.0140 task=0.0153 novelty=-0.0926 | div=0.0159 ip_mean=0.0159 | val_AP=0.5931 test_AP=0.5875
  S2 Epoch 102/1000 [149.1s mem=5465MB] | total=0.0161 task=0.0159 novelty=-0.0938 | div=0.0192 ip_mean=0.0192 | val_AP=0.5954 test_AP=0.5861
  S2 Epoch 103/1000 [150.8s mem=5522MB] | total=0.0134 task=0.0151 novelty=-0.0921 | div=0.0150 ip_mean=0.0150 | val_AP=0.5956 test_AP=0.5845
  S2 Epoch 104/1000 [146.1s mem=5438MB] | total=0.0125 task=0.0150 novelty=-0.0934 | div=0.0137 ip_mean=0.0137 | val_AP=0.5896 test_AP=0.5846
  S2 Epoch 105/1000 [142.8s mem=5409MB] | total=0.0116 task=0.0151 novelty=-0.0930 | div=0.0114 ip_mean=0.0114 | val_AP=0.5935 test_AP=0.5866
    -> New best metrics: gen_loss=0.0116 val_loss=0.8737 val_AP=0.6027
  S2 Epoch 106/1000 [147.9s mem=5381MB] | total=0.0131 task=0.0150 novelty=-0.0926 | div=0.0148 ip_mean=0.0148 | val_AP=0.5925 test_AP=0.5832
  S2 Epoch 107/1000 [143.2s mem=5367MB] | total=0.0137 task=0.0152 novelty=-0.0915 | div=0.0153 ip_mean=0.0153 | val_AP=0.5934 test_AP=0.5850
  S2 Epoch 108/1000 [147.2s mem=5398MB] | total=0.0135 task=0.0150 novelty=-0.0927 | div=0.0155 ip_mean=0.0155 | val_AP=0.5921 test_AP=0.5886
  S2 Epoch 109/1000 [145.3s mem=5403MB] | total=0.0156 task=0.0157 novelty=-0.0954 | div=0.0189 ip_mean=0.0189 | val_AP=0.5982 test_AP=0.5860
  S2 Epoch 110/1000 [151.4s mem=5371MB] | total=0.0122 task=0.0150 novelty=-0.0946 | div=0.0132 ip_mean=0.0132 | val_AP=0.5912 test_AP=0.5835
  S2 Epoch 111/1000 [143.8s mem=5353MB] | total=0.0134 task=0.0149 novelty=-0.0937 | div=0.0159 ip_mean=0.0159 | val_AP=0.5969 test_AP=0.5867
  S2 Epoch 112/1000 [144.0s mem=5438MB] | total=0.0131 task=0.0152 novelty=-0.0929 | div=0.0145 ip_mean=0.0145 | val_AP=0.5918 test_AP=0.5820
  S2 Epoch 113/1000 [147.5s mem=5517MB] | total=0.0134 task=0.0146 novelty=-0.0940 | div=0.0164 ip_mean=0.0164 | val_AP=0.5920 test_AP=0.5833
  S2 Epoch 114/1000 [143.8s mem=5438MB] | total=0.0131 task=0.0152 novelty=-0.0960 | div=0.0151 ip_mean=0.0151 | val_AP=0.5955 test_AP=0.5868
  S2 Epoch 115/1000 [152.0s mem=5434MB] | total=0.0116 task=0.0154 novelty=-0.0903 | div=0.0105 ip_mean=0.0105 | val_AP=0.5910 test_AP=0.5868
  S2 Epoch 116/1000 [143.8s mem=5473MB] | total=0.0124 task=0.0146 novelty=-0.0935 | div=0.0144 ip_mean=0.0144 | val_AP=0.5955 test_AP=0.5815
  S2 Epoch 117/1000 [144.9s mem=5450MB] | total=0.0131 task=0.0149 novelty=-0.0914 | div=0.0146 ip_mean=0.0146 | val_AP=0.5966 test_AP=0.5914
  S2 Epoch 118/1000 [143.5s mem=5435MB] | total=0.0118 task=0.0151 novelty=-0.0926 | div=0.0119 ip_mean=0.0119 | val_AP=0.5935 test_AP=0.5855
  S2 Epoch 119/1000 [143.0s mem=5370MB] | total=0.0137 task=0.0146 novelty=-0.0935 | div=0.0168 ip_mean=0.0168 | val_AP=0.5968 test_AP=0.5864
  S2 Epoch 120/1000 [145.1s mem=5403MB] | total=0.0132 task=0.0146 novelty=-0.0923 | div=0.0157 ip_mean=0.0157 | val_AP=0.5942 test_AP=0.5840
  S2 Epoch 121/1000 [140.0s mem=5354MB] | total=0.0127 task=0.0147 novelty=-0.0951 | div=0.0150 ip_mean=0.0150 | val_AP=0.5935 test_AP=0.5843
  S2 Epoch 122/1000 [144.0s mem=5459MB] | total=0.0133 task=0.0148 novelty=-0.0958 | div=0.0162 ip_mean=0.0162 | val_AP=0.5924 test_AP=0.5899
  S2 Epoch 123/1000 [143.5s mem=5443MB] | total=0.0120 task=0.0146 novelty=-0.0892 | div=0.0127 ip_mean=0.0127 | val_AP=0.5931 test_AP=0.5820
  S2 Epoch 124/1000 [143.5s mem=5437MB] | total=0.0129 task=0.0143 novelty=-0.0939 | div=0.0160 ip_mean=0.0160 | val_AP=0.5956 test_AP=0.5910
  S2 Epoch 125/1000 [147.1s mem=5406MB] | total=0.0172 task=0.0143 novelty=-0.0938 | div=0.0245 ip_mean=0.0245 | val_AP=0.5926 test_AP=0.5847
  S2 Epoch 126/1000 [144.3s mem=5431MB] | total=0.0194 task=0.0144 novelty=-0.0947 | div=0.0290 ip_mean=0.0290 | val_AP=0.5969 test_AP=0.5850
  S2 Epoch 127/1000 [150.6s mem=5390MB] | total=0.0135 task=0.0151 novelty=-0.0915 | div=0.0151 ip_mean=0.0151 | val_AP=0.5903 test_AP=0.5830
  S2 Epoch 128/1000 [145.2s mem=5355MB] | total=0.0140 task=0.0150 novelty=-0.0922 | div=0.0165 ip_mean=0.0165 | val_AP=0.5904 test_AP=0.5836
  S2 Epoch 129/1000 [151.1s mem=5465MB] | total=0.0142 task=0.0146 novelty=-0.0967 | div=0.0184 ip_mean=0.0184 | val_AP=0.5896 test_AP=0.5868
  S2 Epoch 130/1000 [144.0s mem=5353MB] | total=0.0146 task=0.0143 novelty=-0.0911 | div=0.0189 ip_mean=0.0189 | val_AP=0.5939 test_AP=0.5870
  S2 Epoch 131/1000 [147.7s mem=5365MB] | total=0.0105 task=0.0145 novelty=-0.0920 | div=0.0103 ip_mean=0.0103 | val_AP=0.5974 test_AP=0.5851
    -> New best metrics: gen_loss=0.0105 val_loss=0.8737 val_AP=0.6027
  S2 Epoch 132/1000 [147.3s mem=5354MB] | total=0.0112 task=0.0142 novelty=-0.0906 | div=0.0121 ip_mean=0.0121 | val_AP=0.5951 test_AP=0.5796
  S2 Epoch 133/1000 [147.0s mem=5529MB] | total=0.0132 task=0.0148 novelty=-0.0927 | div=0.0152 ip_mean=0.0152 | val_AP=0.5940 test_AP=0.5870
  S2 Epoch 134/1000 [154.0s mem=5456MB] | total=0.0116 task=0.0143 novelty=-0.0923 | div=0.0132 ip_mean=0.0132 | val_AP=0.5928 test_AP=0.5851
  S2 Epoch 135/1000 [145.4s mem=5454MB] | total=0.0140 task=0.0147 novelty=-0.0945 | div=0.0176 ip_mean=0.0176 | val_AP=0.5924 test_AP=0.5864
  S2 Epoch 136/1000 [143.7s mem=5434MB] | total=0.0152 task=0.0142 novelty=-0.0958 | div=0.0211 ip_mean=0.0211 | val_AP=0.5902 test_AP=0.5824
  S2 Epoch 137/1000 [153.0s mem=5523MB] | total=0.0143 task=0.0141 novelty=-0.0979 | div=0.0201 ip_mean=0.0201 | val_AP=0.5955 test_AP=0.5835
  S2 Epoch 138/1000 [146.6s mem=5407MB] | total=0.0117 task=0.0143 novelty=-0.0919 | div=0.0133 ip_mean=0.0133 | val_AP=0.5955 test_AP=0.5822
  S2 Epoch 139/1000 [148.0s mem=5395MB] | total=0.0109 task=0.0144 novelty=-0.0918 | div=0.0113 ip_mean=0.0113 | val_AP=0.5926 test_AP=0.5838
  S2 Epoch 140/1000 [148.3s mem=5387MB] | total=0.0135 task=0.0141 novelty=-0.0960 | div=0.0181 ip_mean=0.0181 | val_AP=0.5953 test_AP=0.5808
  S2 Epoch 141/1000 [144.6s mem=5430MB] | total=0.0138 task=0.0146 novelty=-0.0949 | div=0.0174 ip_mean=0.0174 | val_AP=0.5909 test_AP=0.5855
  S2 Epoch 142/1000 [151.1s mem=5419MB] | total=0.0132 task=0.0146 novelty=-0.0935 | div=0.0160 ip_mean=0.0160 | val_AP=0.5915 test_AP=0.5830
  S2 Epoch 143/1000 [143.9s mem=5436MB] | total=0.0106 task=0.0141 novelty=-0.0906 | div=0.0110 ip_mean=0.0110 | val_AP=0.5874 test_AP=0.5756
  S2 Epoch 144/1000 [143.1s mem=5389MB] | total=0.0144 task=0.0147 novelty=-0.0928 | div=0.0180 ip_mean=0.0180 | val_AP=0.5928 test_AP=0.5840
  S2 Epoch 145/1000 [146.6s mem=5355MB] | total=0.0127 task=0.0143 novelty=-0.0922 | div=0.0151 ip_mean=0.0151 | val_AP=0.5900 test_AP=0.5852
  S2 Epoch 146/1000 [155.0s mem=5464MB] | total=0.0139 task=0.0145 novelty=-0.0920 | div=0.0172 ip_mean=0.0172 | val_AP=0.5878 test_AP=0.5812
  S2 Epoch 147/1000 [144.7s mem=5485MB] | total=0.0114 task=0.0137 novelty=-0.0930 | div=0.0141 ip_mean=0.0141 | val_AP=0.5957 test_AP=0.5895
  S2 Epoch 148/1000 [147.7s mem=5447MB] | total=0.0101 task=0.0140 novelty=-0.0926 | div=0.0107 ip_mean=0.0107 | val_AP=0.5948 test_AP=0.5812
    -> New best metrics: gen_loss=0.0101 val_loss=0.8737 val_AP=0.6027
  S2 Epoch 149/1000 [145.3s mem=5452MB] | total=0.0113 task=0.0143 novelty=-0.0913 | div=0.0122 ip_mean=0.0122 | val_AP=0.5971 test_AP=0.5897
  S2 Epoch 150/1000 [145.0s mem=5380MB] | total=0.0122 task=0.0140 novelty=-0.0925 | div=0.0149 ip_mean=0.0149 | val_AP=0.5917 test_AP=0.5876
  S2 Epoch 151/1000 [144.9s mem=5482MB] | total=0.0121 task=0.0139 novelty=-0.0928 | div=0.0149 ip_mean=0.0149 | val_AP=0.5932 test_AP=0.5875
  S2 Epoch 152/1000 [143.2s mem=5367MB] | total=0.0126 task=0.0139 novelty=-0.0929 | div=0.0160 ip_mean=0.0160 | val_AP=0.5997 test_AP=0.5851
  S2 Epoch 153/1000 [143.5s mem=5353MB] | total=0.0123 task=0.0138 novelty=-0.0951 | div=0.0160 ip_mean=0.0160 | val_AP=0.5973 test_AP=0.5828
  S2 Epoch 154/1000 [140.9s mem=5454MB] | total=0.0110 task=0.0143 novelty=-0.0918 | div=0.0118 ip_mean=0.0118 | val_AP=0.5881 test_AP=0.5879
  S2 Epoch 155/1000 [144.5s mem=5355MB] | total=0.0132 task=0.0141 novelty=-0.0934 | div=0.0169 ip_mean=0.0169 | val_AP=0.5894 test_AP=0.5820
  S2 Epoch 156/1000 [155.8s mem=5373MB] | total=0.0113 task=0.0138 novelty=-0.0914 | div=0.0132 ip_mean=0.0132 | val_AP=0.5969 test_AP=0.5874
  S2 Epoch 157/1000 [149.5s mem=5419MB] | total=0.0115 task=0.0140 novelty=-0.0904 | div=0.0131 ip_mean=0.0131 | val_AP=0.5960 test_AP=0.5873
  S2 Epoch 158/1000 [147.8s mem=5506MB] | total=0.0130 task=0.0139 novelty=-0.0919 | div=0.0166 ip_mean=0.0166 | val_AP=0.5963 test_AP=0.5841
  S2 Epoch 159/1000 [143.1s mem=5362MB] | total=0.0116 task=0.0137 novelty=-0.0939 | div=0.0145 ip_mean=0.0145 | val_AP=0.5945 test_AP=0.5838
  S2 Epoch 160/1000 [145.9s mem=5460MB] | total=0.0111 task=0.0136 novelty=-0.0924 | div=0.0135 ip_mean=0.0135 | val_AP=0.5956 test_AP=0.5854
  S2 Epoch 161/1000 [144.0s mem=5355MB] | total=0.0118 task=0.0136 novelty=-0.0924 | div=0.0149 ip_mean=0.0149 | val_AP=0.5965 test_AP=0.5870
  S2 Epoch 162/1000 [141.4s mem=5413MB] | total=0.0123 task=0.0136 novelty=-0.0912 | div=0.0157 ip_mean=0.0157 | val_AP=0.5972 test_AP=0.5854
  S2 Epoch 163/1000 [148.8s mem=5419MB] | total=0.0105 task=0.0134 novelty=-0.0907 | div=0.0124 ip_mean=0.0124 | val_AP=0.5936 test_AP=0.5812
  S2 Epoch 164/1000 [143.4s mem=5455MB] | total=0.0101 task=0.0135 novelty=-0.0931 | div=0.0117 ip_mean=0.0117 | val_AP=0.5918 test_AP=0.5808
    -> New best metrics: gen_loss=0.0101 val_loss=0.8737 val_AP=0.6027
  S2 Epoch 165/1000 [154.7s mem=5389MB] | total=0.0126 task=0.0139 novelty=-0.0936 | div=0.0162 ip_mean=0.0162 | val_AP=0.5911 test_AP=0.5852
  S2 Epoch 166/1000 [144.3s mem=5399MB] | total=0.0119 task=0.0138 novelty=-0.0939 | div=0.0149 ip_mean=0.0149 | val_AP=0.5933 test_AP=0.5830
  S2 Epoch 167/1000 [149.7s mem=5439MB] | total=0.0136 task=0.0147 novelty=-0.0962 | div=0.0170 ip_mean=0.0170 | val_AP=0.5963 test_AP=0.5841
  S2 Epoch 168/1000 [144.5s mem=5509MB] | total=0.0134 task=0.0139 novelty=-0.0911 | div=0.0173 ip_mean=0.0173 | val_AP=0.5942 test_AP=0.5803
  S2 Epoch 169/1000 [145.6s mem=5363MB] | total=0.0113 task=0.0135 novelty=-0.0927 | div=0.0141 ip_mean=0.0141 | val_AP=0.5974 test_AP=0.5873
  S2 Epoch 170/1000 [146.7s mem=5433MB] | total=0.0120 task=0.0137 novelty=-0.0908 | div=0.0147 ip_mean=0.0147 | val_AP=0.5959 test_AP=0.5891
  S2 Epoch 171/1000 [143.3s mem=5422MB] | total=0.0119 task=0.0143 novelty=-0.0897 | div=0.0133 ip_mean=0.0133 | val_AP=0.5960 test_AP=0.5836
  S2 Epoch 172/1000 [143.1s mem=5417MB] | total=0.0116 task=0.0133 novelty=-0.0930 | div=0.0153 ip_mean=0.0153 | val_AP=0.5943 test_AP=0.5873
  S2 Epoch 173/1000 [144.0s mem=5363MB] | total=0.0114 task=0.0136 novelty=-0.0890 | div=0.0134 ip_mean=0.0134 | val_AP=0.5966 test_AP=0.5876
  S2 Epoch 174/1000 [146.0s mem=5405MB] | total=0.0106 task=0.0138 novelty=-0.0932 | div=0.0121 ip_mean=0.0121 | val_AP=0.5912 test_AP=0.5824
  S2 Epoch 175/1000 [144.5s mem=5402MB] | total=0.0097 task=0.0131 novelty=-0.0948 | div=0.0122 ip_mean=0.0122 | val_AP=0.5901 test_AP=0.5815
    -> New best metrics: gen_loss=0.0097 val_loss=0.8737 val_AP=0.6027
  S2 Epoch 176/1000 [144.8s mem=5441MB] | total=0.0090 task=0.0135 novelty=-0.0912 | div=0.0092 ip_mean=0.0092 | val_AP=0.5943 test_AP=0.5797
    -> New best metrics: gen_loss=0.0090 val_loss=0.8737 val_AP=0.6027
  S2 Epoch 177/1000 [143.7s mem=5473MB] | total=0.0107 task=0.0138 novelty=-0.0900 | div=0.0118 ip_mean=0.0118 | val_AP=0.5964 test_AP=0.5811
  S2 Epoch 178/1000 [143.0s mem=5369MB] | total=0.0093 task=0.0131 novelty=-0.0914 | div=0.0107 ip_mean=0.0107 | val_AP=0.5927 test_AP=0.5787
  S2 Epoch 179/1000 [144.8s mem=5354MB] | total=0.0114 task=0.0133 novelty=-0.0912 | div=0.0143 ip_mean=0.0143 | val_AP=0.5965 test_AP=0.5733
  S2 Epoch 180/1000 [143.5s mem=5441MB] | total=0.0115 task=0.0132 novelty=-0.0910 | div=0.0149 ip_mean=0.0149 | val_AP=0.5919 test_AP=0.5858
  S2 Epoch 181/1000 [143.7s mem=5391MB] | total=0.0088 task=0.0129 novelty=-0.0908 | div=0.0099 ip_mean=0.0099 | val_AP=0.5944 test_AP=0.5822
    -> New best metrics: gen_loss=0.0088 val_loss=0.8737 val_AP=0.6027
  S2 Epoch 182/1000 [142.5s mem=5500MB] | total=0.0105 task=0.0134 novelty=-0.0922 | div=0.0126 ip_mean=0.0126 | val_AP=0.5966 test_AP=0.5817
  S2 Epoch 183/1000 [146.1s mem=5353MB] | total=0.0104 task=0.0137 novelty=-0.0947 | div=0.0124 ip_mean=0.0124 | val_AP=0.5958 test_AP=0.5884
  S2 Epoch 184/1000 [150.9s mem=5353MB] | total=0.0102 task=0.0134 novelty=-0.0901 | div=0.0116 ip_mean=0.0116 | val_AP=0.5992 test_AP=0.5827
  S2 Epoch 185/1000 [143.8s mem=5404MB] | total=0.0116 task=0.0134 novelty=-0.0908 | div=0.0144 ip_mean=0.0144 | val_AP=0.5939 test_AP=0.5749
  S2 Epoch 186/1000 [142.9s mem=5431MB] | total=0.0094 task=0.0131 novelty=-0.0914 | div=0.0110 ip_mean=0.0110 | val_AP=0.5971 test_AP=0.5851
  S2 Epoch 187/1000 [144.6s mem=5483MB] | total=0.0097 task=0.0131 novelty=-0.0902 | div=0.0112 ip_mean=0.0112 | val_AP=0.5951 test_AP=0.5862
  S2 Epoch 188/1000 [146.7s mem=5361MB] | total=0.0102 task=0.0128 novelty=-0.0922 | div=0.0131 ip_mean=0.0131 | val_AP=0.5969 test_AP=0.5821
  S2 Epoch 189/1000 [153.5s mem=5431MB] | total=0.0099 task=0.0134 novelty=-0.0930 | div=0.0117 ip_mean=0.0117 | val_AP=0.5908 test_AP=0.5856
  S2 Epoch 190/1000 [144.4s mem=5451MB] | total=0.0110 task=0.0136 novelty=-0.0930 | div=0.0134 ip_mean=0.0134 | val_AP=0.5943 test_AP=0.5833
  S2 Epoch 191/1000 [145.3s mem=5354MB] | total=0.0097 task=0.0133 novelty=-0.0903 | div=0.0110 ip_mean=0.0110 | val_AP=0.5946 test_AP=0.5817
  S2 Epoch 192/1000 [147.5s mem=5407MB] | total=0.0106 task=0.0134 novelty=-0.0895 | div=0.0124 ip_mean=0.0124 | val_AP=0.5946 test_AP=0.5838
  S2 Epoch 193/1000 [142.7s mem=5397MB] | total=0.0088 task=0.0132 novelty=-0.0891 | div=0.0090 ip_mean=0.0090 | val_AP=0.5964 test_AP=0.5869
  S2 Epoch 194/1000 [144.1s mem=5523MB] | total=0.0110 task=0.0131 novelty=-0.0911 | div=0.0139 ip_mean=0.0139 | val_AP=0.5915 test_AP=0.5864
  S2 Epoch 195/1000 [147.8s mem=5491MB] | total=0.0097 task=0.0129 novelty=-0.0913 | div=0.0118 ip_mean=0.0118 | val_AP=0.5982 test_AP=0.5868
  S2 Epoch 196/1000 [145.7s mem=5437MB] | total=0.0087 task=0.0130 novelty=-0.0918 | div=0.0099 ip_mean=0.0099 | val_AP=0.5985 test_AP=0.5843
    -> New best metrics: gen_loss=0.0087 val_loss=0.8737 val_AP=0.6027
  S2 Epoch 197/1000 [143.3s mem=5357MB] | total=0.0103 task=0.0130 novelty=-0.0885 | div=0.0122 ip_mean=0.0122 | val_AP=0.5961 test_AP=0.5889
  S2 Epoch 198/1000 [144.6s mem=5355MB] | total=0.0120 task=0.0130 novelty=-0.0927 | div=0.0164 ip_mean=0.0164 | val_AP=0.5920 test_AP=0.5905
  S2 Epoch 199/1000 [143.5s mem=5423MB] | total=0.0111 task=0.0129 novelty=-0.0960 | div=0.0156 ip_mean=0.0156 | val_AP=0.5898 test_AP=0.5852
  S2 Epoch 200/1000 [148.7s mem=5356MB] | total=0.0104 task=0.0128 novelty=-0.0915 | div=0.0136 ip_mean=0.0136 | val_AP=0.5896 test_AP=0.5861
  S2 Epoch 201/1000 [152.0s mem=5434MB] | total=0.0092 task=0.0127 novelty=-0.0940 | div=0.0118 ip_mean=0.0118 | val_AP=0.5962 test_AP=0.5826
  S2 Epoch 202/1000 [151.7s mem=5407MB] | total=0.0103 task=0.0135 novelty=-0.0908 | div=0.0118 ip_mean=0.0118 | val_AP=0.5914 test_AP=0.5876
  S2 Epoch 203/1000 [144.1s mem=5354MB] | total=0.0126 task=0.0135 novelty=-0.0906 | div=0.0163 ip_mean=0.0163 | val_AP=0.5967 test_AP=0.5816
  S2 Epoch 204/1000 [143.2s mem=5384MB] | total=0.0101 task=0.0136 novelty=-0.0898 | div=0.0110 ip_mean=0.0110 | val_AP=0.5971 test_AP=0.5851
  S2 Epoch 205/1000 [151.5s mem=5433MB] | total=0.0102 task=0.0130 novelty=-0.0919 | div=0.0127 ip_mean=0.0127 | val_AP=0.5954 test_AP=0.5839
  S2 Epoch 206/1000 [144.3s mem=5422MB] | total=0.0100 task=0.0129 novelty=-0.0919 | div=0.0126 ip_mean=0.0126 | val_AP=0.5931 test_AP=0.5834
  S2 Epoch 207/1000 [153.4s mem=5450MB] | total=0.0110 task=0.0132 novelty=-0.0890 | div=0.0135 ip_mean=0.0135 | val_AP=0.5902 test_AP=0.5824
  S2 Epoch 208/1000 [143.6s mem=5365MB] | total=0.0098 task=0.0128 novelty=-0.0917 | div=0.0122 ip_mean=0.0122 | val_AP=0.5935 test_AP=0.5844
  S2 Epoch 209/1000 [144.0s mem=5409MB] | total=0.0092 task=0.0126 novelty=-0.0920 | div=0.0116 ip_mean=0.0116 | val_AP=0.5915 test_AP=0.5847
  S2 Epoch 210/1000 [152.2s mem=5432MB] | total=0.0103 task=0.0129 novelty=-0.0914 | div=0.0130 ip_mean=0.0130 | val_AP=0.5963 test_AP=0.5815
  S2 Epoch 211/1000 [148.9s mem=5422MB] | total=0.0108 task=0.0128 novelty=-0.0903 | div=0.0141 ip_mean=0.0141 | val_AP=0.5950 test_AP=0.5835
  S2 Epoch 212/1000 [146.4s mem=5385MB] | total=0.0082 task=0.0125 novelty=-0.0898 | div=0.0094 ip_mean=0.0094 | val_AP=0.5939 test_AP=0.5840
    -> New best metrics: gen_loss=0.0082 val_loss=0.8737 val_AP=0.6027
  S2 Epoch 213/1000 [144.6s mem=5418MB] | total=0.0079 task=0.0128 novelty=-0.0906 | div=0.0083 ip_mean=0.0083 | val_AP=0.5946 test_AP=0.5858
    -> New best metrics: gen_loss=0.0079 val_loss=0.8737 val_AP=0.6027
  S2 Epoch 214/1000 [146.1s mem=5396MB] | total=0.0098 task=0.0125 novelty=-0.0898 | div=0.0125 ip_mean=0.0125 | val_AP=0.5895 test_AP=0.5795
  S2 Epoch 215/1000 [143.7s mem=5443MB] | total=0.0085 task=0.0123 novelty=-0.0935 | div=0.0109 ip_mean=0.0109 | val_AP=0.5936 test_AP=0.5853
  S2 Epoch 216/1000 [154.3s mem=5369MB] | total=0.0106 task=0.0126 novelty=-0.0943 | div=0.0149 ip_mean=0.0149 | val_AP=0.5928 test_AP=0.5823
  S2 Epoch 217/1000 [154.4s mem=5358MB] | total=0.0105 task=0.0125 novelty=-0.0893 | div=0.0139 ip_mean=0.0139 | val_AP=0.5881 test_AP=0.5892
  S2 Epoch 218/1000 [153.1s mem=5353MB] | total=0.0097 task=0.0124 novelty=-0.0888 | div=0.0124 ip_mean=0.0124 | val_AP=0.5948 test_AP=0.5813
  S2 Epoch 219/1000 [145.0s mem=5376MB] | total=0.0081 task=0.0127 novelty=-0.0930 | div=0.0094 ip_mean=0.0094 | val_AP=0.5901 test_AP=0.5833
  S2 Epoch 220/1000 [144.0s mem=5402MB] | total=0.0103 task=0.0126 novelty=-0.0895 | div=0.0133 ip_mean=0.0133 | val_AP=0.5916 test_AP=0.5835
  S2 Epoch 221/1000 [143.6s mem=5414MB] | total=0.0097 task=0.0125 novelty=-0.0958 | div=0.0135 ip_mean=0.0135 | val_AP=0.5906 test_AP=0.5855
  S2 Epoch 222/1000 [145.1s mem=5467MB] | total=0.0103 task=0.0126 novelty=-0.0938 | div=0.0140 ip_mean=0.0140 | val_AP=0.5897 test_AP=0.5805
  S2 Epoch 223/1000 [147.9s mem=5391MB] | total=0.0097 task=0.0129 novelty=-0.0909 | div=0.0118 ip_mean=0.0118 | val_AP=0.5903 test_AP=0.5833
  S2 Epoch 224/1000 [145.3s mem=5482MB] | total=0.0103 task=0.0131 novelty=-0.0911 | div=0.0126 ip_mean=0.0126 | val_AP=0.5875 test_AP=0.5815
  S2 Epoch 225/1000 [150.0s mem=5434MB] | total=0.0114 task=0.0126 novelty=-0.0939 | div=0.0164 ip_mean=0.0164 | val_AP=0.5961 test_AP=0.5880
  S2 Epoch 226/1000 [148.3s mem=5413MB] | total=0.0111 task=0.0126 novelty=-0.0936 | div=0.0156 ip_mean=0.0156 | val_AP=0.5916 test_AP=0.5799
  S2 Epoch 227/1000 [151.1s mem=5402MB] | total=0.0107 task=0.0126 novelty=-0.0898 | div=0.0143 ip_mean=0.0143 | val_AP=0.5985 test_AP=0.5842
  S2 Epoch 228/1000 [146.4s mem=5397MB] | total=0.0103 task=0.0129 novelty=-0.0868 | div=0.0122 ip_mean=0.0122 | val_AP=0.5967 test_AP=0.5865
  S2 Epoch 229/1000 [141.6s mem=5394MB] | total=0.0097 task=0.0125 novelty=-0.0917 | div=0.0127 ip_mean=0.0127 | val_AP=0.5924 test_AP=0.5849
  S2 Epoch 230/1000 [143.7s mem=5369MB] | total=0.0098 task=0.0124 novelty=-0.0943 | div=0.0137 ip_mean=0.0137 | val_AP=0.5949 test_AP=0.5828
  S2 Epoch 231/1000 [151.7s mem=5435MB] | total=0.0086 task=0.0121 novelty=-0.0916 | div=0.0113 ip_mean=0.0113 | val_AP=0.5935 test_AP=0.5792
  S2 Epoch 232/1000 [150.5s mem=5472MB] | total=0.0119 task=0.0130 novelty=-0.0948 | div=0.0168 ip_mean=0.0168 | val_AP=0.5960 test_AP=0.5814
  S2 Epoch 233/1000 [145.1s mem=5355MB] | total=0.0108 task=0.0128 novelty=-0.0905 | div=0.0141 ip_mean=0.0141 | val_AP=0.5924 test_AP=0.5811
  S2 Epoch 234/1000 [144.0s mem=5387MB] | total=0.0114 task=0.0128 novelty=-0.0892 | div=0.0151 ip_mean=0.0151 | val_AP=0.5938 test_AP=0.5837
  S2 Epoch 235/1000 [145.5s mem=5376MB] | total=0.0097 task=0.0123 novelty=-0.0915 | div=0.0131 ip_mean=0.0131 | val_AP=0.5961 test_AP=0.5827
  S2 Epoch 236/1000 [144.0s mem=5364MB] | total=0.0113 task=0.0125 novelty=-0.0920 | div=0.0161 ip_mean=0.0161 | val_AP=0.5929 test_AP=0.5851
  S2 Epoch 237/1000 [144.2s mem=5365MB] | total=0.0097 task=0.0126 novelty=-0.0922 | div=0.0127 ip_mean=0.0127 | val_AP=0.5896 test_AP=0.5814
  S2 Epoch 238/1000 [144.1s mem=5397MB] | total=0.0123 task=0.0128 novelty=-0.0930 | div=0.0176 ip_mean=0.0176 | val_AP=0.5954 test_AP=0.5879
  S2 Epoch 239/1000 [145.1s mem=5370MB] | total=0.0122 task=0.0124 novelty=-0.0940 | div=0.0183 ip_mean=0.0183 | val_AP=0.5955 test_AP=0.5874
  S2 Epoch 240/1000 [147.0s mem=5416MB] | total=0.0101 task=0.0126 novelty=-0.0921 | div=0.0135 ip_mean=0.0135 | val_AP=0.5899 test_AP=0.5833
  S2 Epoch 241/1000 [142.2s mem=5505MB] | total=0.0103 task=0.0124 novelty=-0.0914 | div=0.0141 ip_mean=0.0141 | val_AP=0.5904 test_AP=0.5810
  S2 Epoch 242/1000 [145.4s mem=5422MB] | total=0.0105 task=0.0127 novelty=-0.0916 | div=0.0140 ip_mean=0.0140 | val_AP=0.5898 test_AP=0.5870
  S2 Epoch 243/1000 [151.7s mem=5353MB] | total=0.0080 task=0.0127 novelty=-0.0896 | div=0.0086 ip_mean=0.0086 | val_AP=0.5955 test_AP=0.5906
  S2 Epoch 244/1000 [144.0s mem=5446MB] | total=0.0118 task=0.0133 novelty=-0.0889 | div=0.0148 ip_mean=0.0148 | val_AP=0.5966 test_AP=0.5897
  S2 Epoch 245/1000 [146.2s mem=5406MB] | total=0.0109 task=0.0126 novelty=-0.0906 | div=0.0147 ip_mean=0.0147 | val_AP=0.5951 test_AP=0.5909
  S2 Epoch 246/1000 [150.2s mem=5455MB] | total=0.0095 task=0.0124 novelty=-0.0938 | div=0.0131 ip_mean=0.0131 | val_AP=0.5885 test_AP=0.5872
  S2 Epoch 247/1000 [149.4s mem=5425MB] | total=0.0112 task=0.0126 novelty=-0.0913 | div=0.0153 ip_mean=0.0153 | val_AP=0.5896 test_AP=0.5825
  S2 Epoch 248/1000 [146.0s mem=5418MB] | total=0.0083 task=0.0121 novelty=-0.0925 | div=0.0109 ip_mean=0.0109 | val_AP=0.5909 test_AP=0.5831
  S2 Epoch 249/1000 [146.1s mem=5511MB] | total=0.0103 task=0.0124 novelty=-0.0891 | div=0.0137 ip_mean=0.0137 | val_AP=0.5937 test_AP=0.5829
  S2 Epoch 250/1000 [148.5s mem=5494MB] | total=0.0120 task=0.0134 novelty=-0.0903 | div=0.0152 ip_mean=0.0152 | val_AP=0.5934 test_AP=0.5861
  S2 Epoch 251/1000 [152.3s mem=5471MB] | total=0.0122 task=0.0123 novelty=-0.0941 | div=0.0186 ip_mean=0.0186 | val_AP=0.5954 test_AP=0.5788
  S2 Epoch 252/1000 [148.1s mem=5402MB] | total=0.0099 task=0.0123 novelty=-0.0902 | div=0.0132 ip_mean=0.0132 | val_AP=0.5915 test_AP=0.5855
  S2 Epoch 253/1000 [154.1s mem=5417MB] | total=0.0089 task=0.0124 novelty=-0.0911 | div=0.0112 ip_mean=0.0112 | val_AP=0.5911 test_AP=0.5880
  S2 Epoch 254/1000 [149.2s mem=5391MB] | total=0.0114 task=0.0130 novelty=-0.0917 | div=0.0151 ip_mean=0.0151 | val_AP=0.5933 test_AP=0.5835
  S2 Epoch 255/1000 [142.9s mem=5410MB] | total=0.0103 task=0.0127 novelty=-0.0915 | div=0.0136 ip_mean=0.0136 | val_AP=0.5921 test_AP=0.5847
  S2 Epoch 256/1000 [143.4s mem=5485MB] | total=0.0101 task=0.0125 novelty=-0.0916 | div=0.0134 ip_mean=0.0134 | val_AP=0.5934 test_AP=0.5832
  S2 Epoch 257/1000 [142.6s mem=5461MB] | total=0.0112 task=0.0131 novelty=-0.0915 | div=0.0146 ip_mean=0.0146 | val_AP=0.5944 test_AP=0.5817
  S2 Epoch 258/1000 [149.9s mem=5359MB] | total=0.0106 task=0.0127 novelty=-0.0901 | div=0.0139 ip_mean=0.0139 | val_AP=0.5956 test_AP=0.5777
  S2 Epoch 259/1000 [146.6s mem=5431MB] | total=0.0092 task=0.0124 novelty=-0.0928 | div=0.0122 ip_mean=0.0122 | val_AP=0.5968 test_AP=0.5798
  S2 Epoch 260/1000 [144.5s mem=5402MB] | total=0.0096 task=0.0121 novelty=-0.0952 | div=0.0139 ip_mean=0.0139 | val_AP=0.5952 test_AP=0.5787
  S2 Epoch 261/1000 [144.4s mem=5468MB] | total=0.0113 task=0.0123 novelty=-0.0954 | div=0.0170 ip_mean=0.0170 | val_AP=0.5933 test_AP=0.5782
  S2 Epoch 262/1000 [144.4s mem=5466MB] | total=0.0115 task=0.0124 novelty=-0.0905 | div=0.0162 ip_mean=0.0162 | val_AP=0.5899 test_AP=0.5845
  S2 Epoch 263/1000 [145.7s mem=5360MB] | total=0.0105 task=0.0129 novelty=-0.0910 | div=0.0133 ip_mean=0.0133 | val_AP=0.5971 test_AP=0.5819
  S2 Epoch 264/1000 [156.2s mem=5433MB] | total=0.0080 task=0.0122 novelty=-0.0902 | div=0.0094 ip_mean=0.0094 | val_AP=0.5878 test_AP=0.5857
  S2 Epoch 265/1000 [145.1s mem=5477MB] | total=0.0102 task=0.0124 novelty=-0.0939 | div=0.0143 ip_mean=0.0143 | val_AP=0.5918 test_AP=0.5808
  S2 Epoch 266/1000 [144.9s mem=5395MB] | total=0.0081 task=0.0124 novelty=-0.0900 | div=0.0095 ip_mean=0.0095 | val_AP=0.5911 test_AP=0.5841
  S2 Epoch 267/1000 [147.0s mem=5373MB] | total=0.0080 task=0.0122 novelty=-0.0881 | div=0.0091 ip_mean=0.0091 | val_AP=0.5948 test_AP=0.5814
  S2 Epoch 268/1000 [143.2s mem=5389MB] | total=0.0095 task=0.0123 novelty=-0.0907 | div=0.0126 ip_mean=0.0126 | val_AP=0.5888 test_AP=0.5822
  S2 Epoch 269/1000 [149.7s mem=5457MB] | total=0.0086 task=0.0125 novelty=-0.0897 | div=0.0100 ip_mean=0.0100 | val_AP=0.5943 test_AP=0.5781
  S2 Epoch 270/1000 [144.1s mem=5356MB] | total=0.0095 task=0.0122 novelty=-0.0885 | div=0.0122 ip_mean=0.0122 | val_AP=0.5879 test_AP=0.5848
  S2 Epoch 271/1000 [151.9s mem=5483MB] | total=0.0079 task=0.0119 novelty=-0.0914 | div=0.0103 ip_mean=0.0103 | val_AP=0.5937 test_AP=0.5854
  S2 Epoch 272/1000 [143.6s mem=5433MB] | total=0.0113 task=0.0130 novelty=-0.0931 | div=0.0154 ip_mean=0.0154 | val_AP=0.5934 test_AP=0.5779
  S2 Epoch 273/1000 [152.0s mem=5499MB] | total=0.0085 task=0.0120 novelty=-0.0905 | div=0.0113 ip_mean=0.0113 | val_AP=0.5951 test_AP=0.5834
  S2 Epoch 274/1000 [143.9s mem=5472MB] | total=0.0089 task=0.0118 novelty=-0.0903 | div=0.0121 ip_mean=0.0121 | val_AP=0.5968 test_AP=0.5849
  S2 Epoch 275/1000 [146.9s mem=5396MB] | total=0.0083 task=0.0120 novelty=-0.0910 | div=0.0106 ip_mean=0.0106 | val_AP=0.5968 test_AP=0.5857
  S2 Epoch 276/1000 [155.8s mem=5422MB] | total=0.0091 task=0.0122 novelty=-0.0898 | div=0.0117 ip_mean=0.0117 | val_AP=0.5949 test_AP=0.5875
  S2 Epoch 277/1000 [146.0s mem=5365MB] | total=0.0103 task=0.0117 novelty=-0.0892 | div=0.0151 ip_mean=0.0151 | val_AP=0.5928 test_AP=0.5812
  S2 Epoch 278/1000 [155.3s mem=5385MB] | total=0.0081 task=0.0121 novelty=-0.0887 | div=0.0099 ip_mean=0.0099 | val_AP=0.5924 test_AP=0.5805
  S2 Epoch 279/1000 [152.3s mem=5418MB] | total=0.0082 task=0.0119 novelty=-0.0909 | div=0.0109 ip_mean=0.0109 | val_AP=0.5915 test_AP=0.5832
  S2 Epoch 280/1000 [153.2s mem=5470MB] | total=0.0099 task=0.0120 novelty=-0.0898 | div=0.0136 ip_mean=0.0136 | val_AP=0.5943 test_AP=0.5792
  S2 Epoch 281/1000 [147.9s mem=5405MB] | total=0.0106 task=0.0126 novelty=-0.0922 | div=0.0145 ip_mean=0.0145 | val_AP=0.5961 test_AP=0.5819
  S2 Epoch 282/1000 [147.2s mem=5382MB] | total=0.0094 task=0.0118 novelty=-0.0898 | div=0.0130 ip_mean=0.0130 | val_AP=0.5932 test_AP=0.5832
  S2 Epoch 283/1000 [150.3s mem=5518MB] | total=0.0089 task=0.0121 novelty=-0.0899 | div=0.0115 ip_mean=0.0115 | val_AP=0.5931 test_AP=0.5807
  S2 Epoch 284/1000 [143.4s mem=5419MB] | total=0.0091 task=0.0120 novelty=-0.0912 | div=0.0123 ip_mean=0.0123 | val_AP=0.5898 test_AP=0.5882
  S2 Epoch 285/1000 [145.2s mem=5354MB] | total=0.0112 task=0.0128 novelty=-0.0905 | div=0.0150 ip_mean=0.0150 | val_AP=0.5891 test_AP=0.5805
  S2 Epoch 286/1000 [148.3s mem=5528MB] | total=0.0091 task=0.0116 novelty=-0.0920 | div=0.0134 ip_mean=0.0134 | val_AP=0.5958 test_AP=0.5865
  S2 Epoch 287/1000 [145.0s mem=5437MB] | total=0.0081 task=0.0117 novelty=-0.0913 | div=0.0111 ip_mean=0.0111 | val_AP=0.5958 test_AP=0.5804
  S2 Epoch 288/1000 [142.2s mem=5411MB] | total=0.0083 task=0.0120 novelty=-0.0876 | div=0.0101 ip_mean=0.0101 | val_AP=0.5933 test_AP=0.5805
  S2 Epoch 289/1000 [143.4s mem=5385MB] | total=0.0080 task=0.0118 novelty=-0.0914 | div=0.0106 ip_mean=0.0106 | val_AP=0.5926 test_AP=0.5826
  S2 Epoch 290/1000 [150.3s mem=5379MB] | total=0.0082 task=0.0117 novelty=-0.0911 | div=0.0113 ip_mean=0.0113 | val_AP=0.5896 test_AP=0.5828
  S2 Epoch 291/1000 [151.1s mem=5468MB] | total=0.0084 task=0.0120 novelty=-0.0913 | div=0.0112 ip_mean=0.0112 | val_AP=0.5962 test_AP=0.5818
  S2 Epoch 292/1000 [145.5s mem=5390MB] | total=0.0114 task=0.0120 novelty=-0.0942 | div=0.0176 ip_mean=0.0176 | val_AP=0.5971 test_AP=0.5794
  S2 Epoch 293/1000 [150.4s mem=5393MB] | total=0.0089 task=0.0117 novelty=-0.0896 | div=0.0123 ip_mean=0.0123 | val_AP=0.5986 test_AP=0.5792
  S2 Epoch 294/1000 [147.4s mem=5410MB] | total=0.0098 task=0.0122 novelty=-0.0898 | div=0.0132 ip_mean=0.0132 | val_AP=0.5968 test_AP=0.5857
  S2 Epoch 295/1000 [150.9s mem=5481MB] | total=0.0087 task=0.0121 novelty=-0.0883 | div=0.0110 ip_mean=0.0110 | val_AP=0.5964 test_AP=0.5847
  S2 Epoch 296/1000 [148.5s mem=5398MB] | total=0.0087 task=0.0118 novelty=-0.0916 | div=0.0122 ip_mean=0.0122 | val_AP=0.5995 test_AP=0.5827
  S2 Epoch 297/1000 [149.2s mem=5460MB] | total=0.0076 task=0.0117 novelty=-0.0898 | div=0.0097 ip_mean=0.0097 | val_AP=0.5960 test_AP=0.5765
    -> New best metrics: gen_loss=0.0076 val_loss=0.8737 val_AP=0.6027
  S2 Epoch 298/1000 [146.8s mem=5405MB] | total=0.0093 task=0.0113 novelty=-0.0951 | div=0.0151 ip_mean=0.0151 | val_AP=0.5945 test_AP=0.5817
  S2 Epoch 299/1000 [142.8s mem=5443MB] | total=0.0096 task=0.0117 novelty=-0.0908 | div=0.0140 ip_mean=0.0140 | val_AP=0.5921 test_AP=0.5799
  S2 Epoch 300/1000 [143.8s mem=5357MB] | total=0.0106 task=0.0117 novelty=-0.0906 | div=0.0158 ip_mean=0.0158 | val_AP=0.5892 test_AP=0.5845
  S2 Epoch 301/1000 [147.5s mem=5511MB] | total=0.0079 task=0.0116 novelty=-0.0918 | div=0.0110 ip_mean=0.0110 | val_AP=0.5925 test_AP=0.5805
  S2 Epoch 302/1000 [146.8s mem=5388MB] | total=0.0080 task=0.0114 novelty=-0.0881 | div=0.0110 ip_mean=0.0110 | val_AP=0.5915 test_AP=0.5804
  S2 Epoch 303/1000 [149.1s mem=5427MB] | total=0.0084 task=0.0115 novelty=-0.0902 | div=0.0118 ip_mean=0.0118 | val_AP=0.5985 test_AP=0.5794
  S2 Epoch 304/1000 [144.4s mem=5438MB] | total=0.0086 task=0.0114 novelty=-0.0918 | div=0.0127 ip_mean=0.0127 | val_AP=0.5968 test_AP=0.5829
  S2 Epoch 305/1000 [147.2s mem=5440MB] | total=0.0083 task=0.0116 novelty=-0.0907 | div=0.0116 ip_mean=0.0116 | val_AP=0.5921 test_AP=0.5840
  S2 Epoch 306/1000 [154.4s mem=5380MB] | total=0.0092 task=0.0119 novelty=-0.0881 | div=0.0123 ip_mean=0.0123 | val_AP=0.5901 test_AP=0.5855
  S2 Epoch 307/1000 [146.4s mem=5365MB] | total=0.0101 task=0.0120 novelty=-0.0930 | div=0.0148 ip_mean=0.0148 | val_AP=0.5955 test_AP=0.5824
  S2 Epoch 308/1000 [143.9s mem=5371MB] | total=0.0081 task=0.0114 novelty=-0.0933 | div=0.0122 ip_mean=0.0122 | val_AP=0.5938 test_AP=0.5767
  S2 Epoch 309/1000 [144.0s mem=5401MB] | total=0.0074 task=0.0117 novelty=-0.0876 | div=0.0089 ip_mean=0.0089 | val_AP=0.5956 test_AP=0.5849
    -> New best metrics: gen_loss=0.0074 val_loss=0.8737 val_AP=0.6027
  S2 Epoch 310/1000 [147.5s mem=5383MB] | total=0.0092 task=0.0120 novelty=-0.0872 | div=0.0119 ip_mean=0.0119 | val_AP=0.5938 test_AP=0.5803
  S2 Epoch 311/1000 [145.0s mem=5390MB] | total=0.0074 task=0.0111 novelty=-0.0917 | div=0.0108 ip_mean=0.0108 | val_AP=0.5891 test_AP=0.5841
    -> New best metrics: gen_loss=0.0074 val_loss=0.8737 val_AP=0.6027
  S2 Epoch 312/1000 [154.6s mem=5378MB] | total=0.0079 task=0.0118 novelty=-0.0910 | div=0.0103 ip_mean=0.0103 | val_AP=0.5905 test_AP=0.5807
  S2 Epoch 313/1000 [145.0s mem=5393MB] | total=0.0074 task=0.0118 novelty=-0.0894 | div=0.0092 ip_mean=0.0092 | val_AP=0.5934 test_AP=0.5841
  S2 Epoch 314/1000 [143.3s mem=5388MB] | total=0.0093 task=0.0113 novelty=-0.0890 | div=0.0137 ip_mean=0.0137 | val_AP=0.5910 test_AP=0.5838
  S2 Epoch 315/1000 [147.0s mem=5358MB] | total=0.0106 task=0.0123 novelty=-0.0923 | div=0.0151 ip_mean=0.0151 | val_AP=0.5968 test_AP=0.5835
  S2 Epoch 316/1000 [153.5s mem=5456MB] | total=0.0086 task=0.0115 novelty=-0.0937 | div=0.0130 ip_mean=0.0130 | val_AP=0.5974 test_AP=0.5780
  S2 Epoch 317/1000 [142.9s mem=5481MB] | total=0.0107 task=0.0118 novelty=-0.0962 | div=0.0171 ip_mean=0.0171 | val_AP=0.5956 test_AP=0.5814
  S2 Epoch 318/1000 [148.8s mem=5354MB] | total=0.0084 task=0.0119 novelty=-0.0926 | div=0.0114 ip_mean=0.0114 | val_AP=0.5962 test_AP=0.5867
  S2 Epoch 319/1000 [146.9s mem=5354MB] | total=0.0090 task=0.0118 novelty=-0.0900 | div=0.0123 ip_mean=0.0123 | val_AP=0.5921 test_AP=0.5845
  S2 Epoch 320/1000 [143.3s mem=5370MB] | total=0.0071 task=0.0117 novelty=-0.0917 | div=0.0092 ip_mean=0.0092 | val_AP=0.5876 test_AP=0.5766
    -> New best metrics: gen_loss=0.0071 val_loss=0.8737 val_AP=0.6027
  S2 Epoch 321/1000 [142.3s mem=5515MB] | total=0.0077 task=0.0112 novelty=-0.0929 | div=0.0114 ip_mean=0.0114 | val_AP=0.5897 test_AP=0.5816
  S2 Epoch 322/1000 [146.5s mem=5413MB] | total=0.0079 task=0.0115 novelty=-0.0906 | div=0.0109 ip_mean=0.0109 | val_AP=0.5947 test_AP=0.5825
  S2 Epoch 323/1000 [145.6s mem=5458MB] | total=0.0080 task=0.0116 novelty=-0.0916 | div=0.0110 ip_mean=0.0110 | val_AP=0.5928 test_AP=0.5777
  S2 Epoch 324/1000 [146.6s mem=5449MB] | total=0.0081 task=0.0116 novelty=-0.0892 | div=0.0108 ip_mean=0.0108 | val_AP=0.5948 test_AP=0.5777
  S2 Epoch 325/1000 [142.9s mem=5500MB] | total=0.0068 task=0.0110 novelty=-0.0915 | div=0.0099 ip_mean=0.0099 | val_AP=0.5980 test_AP=0.5819
    -> New best metrics: gen_loss=0.0068 val_loss=0.8737 val_AP=0.6027
  S2 Epoch 326/1000 [148.1s mem=5374MB] | total=0.0069 task=0.0113 novelty=-0.0909 | div=0.0093 ip_mean=0.0093 | val_AP=0.5914 test_AP=0.5793
  S2 Epoch 327/1000 [148.0s mem=5377MB] | total=0.0069 task=0.0114 novelty=-0.0892 | div=0.0088 ip_mean=0.0088 | val_AP=0.5914 test_AP=0.5800
  S2 Epoch 328/1000 [154.0s mem=5404MB] | total=0.0076 task=0.0115 novelty=-0.0919 | div=0.0106 ip_mean=0.0106 | val_AP=0.5913 test_AP=0.5820
  S2 Epoch 329/1000 [152.7s mem=5402MB] | total=0.0084 task=0.0116 novelty=-0.0917 | div=0.0118 ip_mean=0.0118 | val_AP=0.5975 test_AP=0.5804
  S2 Epoch 330/1000 [147.4s mem=5354MB] | total=0.0081 task=0.0119 novelty=-0.0898 | div=0.0104 ip_mean=0.0104 | val_AP=0.5932 test_AP=0.5837
  S2 Epoch 331/1000 [146.8s mem=5483MB] | total=0.0057 task=0.0111 novelty=-0.0916 | div=0.0074 ip_mean=0.0074 | val_AP=0.5900 test_AP=0.5863
    -> New best metrics: gen_loss=0.0057 val_loss=0.8737 val_AP=0.6027
  S2 Epoch 332/1000 [144.1s mem=5355MB] | total=0.0068 task=0.0114 novelty=-0.0886 | div=0.0086 ip_mean=0.0086 | val_AP=0.5951 test_AP=0.5832
  S2 Epoch 333/1000 [144.8s mem=5388MB] | total=0.0085 task=0.0115 novelty=-0.0929 | div=0.0127 ip_mean=0.0127 | val_AP=0.5975 test_AP=0.5863
  S2 Epoch 334/1000 [144.9s mem=5390MB] | total=0.0092 task=0.0114 novelty=-0.0941 | div=0.0145 ip_mean=0.0145 | val_AP=0.5967 test_AP=0.5840
  S2 Epoch 335/1000 [144.1s mem=5502MB] | total=0.0088 task=0.0117 novelty=-0.0945 | div=0.0132 ip_mean=0.0132 | val_AP=0.5938 test_AP=0.5835
  S2 Epoch 336/1000 [144.4s mem=5383MB] | total=0.0096 task=0.0120 novelty=-0.0911 | div=0.0135 ip_mean=0.0135 | val_AP=0.5967 test_AP=0.5849
  S2 Epoch 337/1000 [144.4s mem=5367MB] | total=0.0083 task=0.0113 novelty=-0.0924 | div=0.0125 ip_mean=0.0125 | val_AP=0.5994 test_AP=0.5825
  S2 Epoch 338/1000 [142.9s mem=5406MB] | total=0.0078 task=0.0113 novelty=-0.0930 | div=0.0117 ip_mean=0.0117 | val_AP=0.5931 test_AP=0.5765
  S2 Epoch 339/1000 [143.0s mem=5368MB] | total=0.0097 task=0.0117 novelty=-0.0933 | div=0.0146 ip_mean=0.0146 | val_AP=0.5937 test_AP=0.5825
  S2 Epoch 340/1000 [153.0s mem=5388MB] | total=0.0055 task=0.0112 novelty=-0.0890 | div=0.0063 ip_mean=0.0063 | val_AP=0.5952 test_AP=0.5799
    -> New best metrics: gen_loss=0.0055 val_loss=0.8737 val_AP=0.6027
  S2 Epoch 341/1000 [151.7s mem=5411MB] | total=0.0080 task=0.0109 novelty=-0.0906 | div=0.0121 ip_mean=0.0121 | val_AP=0.5942 test_AP=0.5854
  S2 Epoch 342/1000 [143.9s mem=5422MB] | total=0.0098 task=0.0119 novelty=-0.0897 | div=0.0136 ip_mean=0.0136 | val_AP=0.5957 test_AP=0.5836
  S2 Epoch 343/1000 [147.9s mem=5435MB] | total=0.0070 task=0.0109 novelty=-0.0881 | div=0.0099 ip_mean=0.0099 | val_AP=0.5918 test_AP=0.5880
  S2 Epoch 344/1000 [148.9s mem=5366MB] | total=0.0081 task=0.0115 novelty=-0.0924 | div=0.0117 ip_mean=0.0117 | val_AP=0.5847 test_AP=0.5803
  S2 Epoch 345/1000 [146.8s mem=5497MB] | total=0.0087 task=0.0112 novelty=-0.0955 | div=0.0141 ip_mean=0.0141 | val_AP=0.5944 test_AP=0.5776
  S2 Epoch 346/1000 [145.3s mem=5447MB] | total=0.0072 task=0.0116 novelty=-0.0918 | div=0.0096 ip_mean=0.0096 | val_AP=0.5897 test_AP=0.5839
  S2 Epoch 347/1000 [151.6s mem=5353MB] | total=0.0077 task=0.0115 novelty=-0.0898 | div=0.0104 ip_mean=0.0104 | val_AP=0.5961 test_AP=0.5814
  S2 Epoch 348/1000 [144.0s mem=5394MB] | total=0.0071 task=0.0113 novelty=-0.0875 | div=0.0092 ip_mean=0.0092 | val_AP=0.5887 test_AP=0.5801
  S2 Epoch 349/1000 [152.5s mem=5410MB] | total=0.0077 task=0.0111 novelty=-0.0882 | div=0.0110 ip_mean=0.0110 | val_AP=0.5936 test_AP=0.5750
  S2 Epoch 350/1000 [147.7s mem=5373MB] | total=0.0091 task=0.0116 novelty=-0.0958 | div=0.0142 ip_mean=0.0142 | val_AP=0.5938 test_AP=0.5804
  S2 Epoch 351/1000 [148.0s mem=5371MB] | total=0.0098 task=0.0113 novelty=-0.0936 | div=0.0156 ip_mean=0.0156 | val_AP=0.5982 test_AP=0.5822
  S2 Epoch 352/1000 [154.0s mem=5367MB] | total=0.0105 task=0.0114 novelty=-0.0906 | div=0.0164 ip_mean=0.0164 | val_AP=0.5941 test_AP=0.5765
  S2 Epoch 353/1000 [154.5s mem=5437MB] | total=0.0087 task=0.0114 novelty=-0.0903 | div=0.0127 ip_mean=0.0127 | val_AP=0.5949 test_AP=0.5795
  S2 Epoch 354/1000 [146.0s mem=5365MB] | total=0.0081 task=0.0112 novelty=-0.0911 | div=0.0120 ip_mean=0.0120 | val_AP=0.5976 test_AP=0.5768
  S2 Epoch 355/1000 [145.7s mem=5496MB] | total=0.0090 task=0.0107 novelty=-0.0912 | div=0.0149 ip_mean=0.0149 | val_AP=0.5950 test_AP=0.5843
  S2 Epoch 356/1000 [143.6s mem=5397MB] | total=0.0087 task=0.0113 novelty=-0.0919 | div=0.0131 ip_mean=0.0131 | val_AP=0.5978 test_AP=0.5799
  S2 Epoch 357/1000 [149.7s mem=5496MB] | total=0.0088 task=0.0112 novelty=-0.0923 | div=0.0136 ip_mean=0.0136 | val_AP=0.5983 test_AP=0.5773
  S2 Epoch 358/1000 [149.5s mem=5431MB] | total=0.0075 task=0.0111 novelty=-0.0941 | div=0.0116 ip_mean=0.0116 | val_AP=0.5947 test_AP=0.5820
  S2 Epoch 359/1000 [146.0s mem=5385MB] | total=0.0092 task=0.0116 novelty=-0.0891 | div=0.0132 ip_mean=0.0132 | val_AP=0.5937 test_AP=0.5850
  S2 Epoch 360/1000 [149.2s mem=5498MB] | total=0.0100 task=0.0112 novelty=-0.0899 | div=0.0156 ip_mean=0.0156 | val_AP=0.5997 test_AP=0.5841
  S2 Epoch 361/1000 [161.8s mem=5452MB] | total=0.0084 task=0.0107 novelty=-0.0889 | div=0.0131 ip_mean=0.0131 | val_AP=0.5899 test_AP=0.5834
  S2 Epoch 362/1000 [168.8s mem=5455MB] | total=0.0110 task=0.0112 novelty=-0.0916 | div=0.0180 ip_mean=0.0180 | val_AP=0.5943 test_AP=0.5836
  S2 Epoch 363/1000 [176.9s mem=5489MB] | total=0.0114 task=0.0112 novelty=-0.0922 | div=0.0188 ip_mean=0.0188 | val_AP=0.5945 test_AP=0.5853
  S2 Epoch 364/1000 [184.0s mem=5501MB] | total=0.0076 task=0.0108 novelty=-0.0934 | div=0.0123 ip_mean=0.0123 | val_AP=0.5963 test_AP=0.5836
  S2 Epoch 365/1000 [179.8s mem=5452MB] | total=0.0068 task=0.0112 novelty=-0.0919 | div=0.0097 ip_mean=0.0097 | val_AP=0.5955 test_AP=0.5817
  S2 Epoch 366/1000 [181.6s mem=5366MB] | total=0.0079 task=0.0110 novelty=-0.0914 | div=0.0122 ip_mean=0.0122 | val_AP=0.5940 test_AP=0.5804
  S2 Epoch 367/1000 [178.9s mem=5452MB] | total=0.0074 task=0.0112 novelty=-0.0920 | div=0.0109 ip_mean=0.0109 | val_AP=0.5908 test_AP=0.5838
  S2 Epoch 368/1000 [176.9s mem=5445MB] | total=0.0077 task=0.0114 novelty=-0.0868 | div=0.0101 ip_mean=0.0101 | val_AP=0.5951 test_AP=0.5831
  S2 Epoch 369/1000 [177.9s mem=5425MB] | total=0.0101 task=0.0110 novelty=-0.0863 | div=0.0154 ip_mean=0.0154 | val_AP=0.5925 test_AP=0.5834
  S2 Epoch 370/1000 [182.1s mem=5463MB] | total=0.0087 task=0.0113 novelty=-0.0951 | div=0.0140 ip_mean=0.0140 | val_AP=0.5922 test_AP=0.5795
  S2 Epoch 371/1000 [180.7s mem=5431MB] | total=0.0095 task=0.0112 novelty=-0.0912 | div=0.0147 ip_mean=0.0147 | val_AP=0.5919 test_AP=0.5817
  S2 Epoch 372/1000 [182.8s mem=5422MB] | total=0.0078 task=0.0107 novelty=-0.0938 | div=0.0130 ip_mean=0.0130 | val_AP=0.5951 test_AP=0.5810
  S2 Epoch 373/1000 [178.8s mem=5367MB] | total=0.0079 task=0.0104 novelty=-0.0943 | div=0.0137 ip_mean=0.0137 | val_AP=0.5901 test_AP=0.5845
  S2 Epoch 374/1000 [178.8s mem=5369MB] | total=0.0090 task=0.0108 novelty=-0.0922 | div=0.0150 ip_mean=0.0150 | val_AP=0.5884 test_AP=0.5854
  S2 Epoch 375/1000 [181.5s mem=5417MB] | total=0.0084 task=0.0109 novelty=-0.0907 | div=0.0131 ip_mean=0.0131 | val_AP=0.5914 test_AP=0.5802
  S2 Epoch 376/1000 [177.7s mem=5503MB] | total=0.0078 task=0.0106 novelty=-0.0922 | div=0.0128 ip_mean=0.0128 | val_AP=0.5949 test_AP=0.5831
  S2 Epoch 377/1000 [181.0s mem=5395MB] | total=0.0067 task=0.0107 novelty=-0.0916 | div=0.0103 ip_mean=0.0103 | val_AP=0.5950 test_AP=0.5823
  S2 Epoch 378/1000 [180.2s mem=5494MB] | total=0.0084 task=0.0107 novelty=-0.0919 | div=0.0138 ip_mean=0.0138 | val_AP=0.5976 test_AP=0.5810
  S2 Epoch 379/1000 [180.2s mem=5437MB] | total=0.0071 task=0.0109 novelty=-0.0913 | div=0.0108 ip_mean=0.0108 | val_AP=0.5942 test_AP=0.5812
  S2 Epoch 380/1000 [181.1s mem=5414MB] | total=0.0079 task=0.0108 novelty=-0.0921 | div=0.0127 ip_mean=0.0127 | val_AP=0.5930 test_AP=0.5828
  S2 Epoch 381/1000 [180.5s mem=5375MB] | total=0.0082 task=0.0109 novelty=-0.0877 | div=0.0120 ip_mean=0.0120 | val_AP=0.5972 test_AP=0.5832
  S2 Epoch 382/1000 [177.5s mem=5372MB] | total=0.0081 task=0.0109 novelty=-0.0905 | div=0.0125 ip_mean=0.0125 | val_AP=0.6005 test_AP=0.5865
  S2 Epoch 383/1000 [176.6s mem=5417MB] | total=0.0065 task=0.0106 novelty=-0.0880 | div=0.0094 ip_mean=0.0094 | val_AP=0.5935 test_AP=0.5835
  S2 Epoch 384/1000 [178.1s mem=5431MB] | total=0.0063 task=0.0108 novelty=-0.0906 | div=0.0092 ip_mean=0.0092 | val_AP=0.5922 test_AP=0.5885
  S2 Epoch 385/1000 [184.2s mem=5364MB] | total=0.0070 task=0.0106 novelty=-0.0927 | div=0.0114 ip_mean=0.0114 | val_AP=0.5922 test_AP=0.5855
  S2 Epoch 386/1000 [179.8s mem=5398MB] | total=0.0085 task=0.0107 novelty=-0.0918 | div=0.0141 ip_mean=0.0141 | val_AP=0.5977 test_AP=0.5857
  S2 Epoch 387/1000 [176.7s mem=5484MB] | total=0.0073 task=0.0110 novelty=-0.0914 | div=0.0109 ip_mean=0.0109 | val_AP=0.5938 test_AP=0.5796
  S2 Epoch 388/1000 [179.8s mem=5378MB] | total=0.0070 task=0.0107 novelty=-0.0889 | div=0.0105 ip_mean=0.0105 | val_AP=0.5931 test_AP=0.5839
  S2 Epoch 389/1000 [164.5s mem=5422MB] | total=0.0090 task=0.0113 novelty=-0.0860 | div=0.0127 ip_mean=0.0127 | val_AP=0.5942 test_AP=0.5813
  S2 Epoch 390/1000 [144.3s mem=5419MB] | total=0.0073 task=0.0105 novelty=-0.0954 | div=0.0127 ip_mean=0.0127 | val_AP=0.5965 test_AP=0.5790
  S2 Epoch 391/1000 [146.6s mem=5421MB] | total=0.0061 task=0.0108 novelty=-0.0899 | div=0.0086 ip_mean=0.0086 | val_AP=0.5910 test_AP=0.5811
  S2 Epoch 392/1000 [147.7s mem=5402MB] | total=0.0084 task=0.0111 novelty=-0.0874 | div=0.0120 ip_mean=0.0120 | val_AP=0.5951 test_AP=0.5819
  S2 Epoch 393/1000 [153.0s mem=5521MB] | total=0.0079 task=0.0109 novelty=-0.0907 | div=0.0121 ip_mean=0.0121 | val_AP=0.5937 test_AP=0.5828
  S2 Epoch 394/1000 [151.9s mem=5390MB] | total=0.0070 task=0.0108 novelty=-0.0918 | div=0.0107 ip_mean=0.0107 | val_AP=0.5983 test_AP=0.5825
  S2 Epoch 395/1000 [143.3s mem=5435MB] | total=0.0071 task=0.0104 novelty=-0.0876 | div=0.0109 ip_mean=0.0109 | val_AP=0.5963 test_AP=0.5814
  S2 Epoch 396/1000 [146.8s mem=5420MB] | total=0.0074 task=0.0109 novelty=-0.0882 | div=0.0106 ip_mean=0.0106 | val_AP=0.5947 test_AP=0.5814
  S2 Epoch 397/1000 [146.7s mem=5397MB] | total=0.0082 task=0.0108 novelty=-0.0892 | div=0.0126 ip_mean=0.0126 | val_AP=0.5946 test_AP=0.5799
  S2 Epoch 398/1000 [147.3s mem=5353MB] | total=0.0074 task=0.0103 novelty=-0.0894 | div=0.0121 ip_mean=0.0121 | val_AP=0.5928 test_AP=0.5822
  S2 Epoch 399/1000 [154.4s mem=5385MB] | total=0.0092 task=0.0103 novelty=-0.0921 | div=0.0162 ip_mean=0.0162 | val_AP=0.5963 test_AP=0.5837
  S2 Epoch 400/1000 [148.8s mem=5487MB] | total=0.0077 task=0.0101 novelty=-0.0898 | div=0.0130 ip_mean=0.0130 | val_AP=0.5953 test_AP=0.5798
  S2 Epoch 401/1000 [147.9s mem=5426MB] | total=0.0074 task=0.0108 novelty=-0.0902 | div=0.0112 ip_mean=0.0112 | val_AP=0.5936 test_AP=0.5838
  S2 Epoch 402/1000 [146.5s mem=5354MB] | total=0.0086 task=0.0108 novelty=-0.0936 | div=0.0143 ip_mean=0.0143 | val_AP=0.5907 test_AP=0.5877
  S2 Epoch 403/1000 [145.5s mem=5482MB] | total=0.0073 task=0.0103 novelty=-0.0942 | div=0.0128 ip_mean=0.0128 | val_AP=0.5912 test_AP=0.5826
  S2 Epoch 404/1000 [150.1s mem=5368MB] | total=0.0082 task=0.0103 novelty=-0.0887 | div=0.0135 ip_mean=0.0135 | val_AP=0.5966 test_AP=0.5888
  S2 Epoch 405/1000 [143.0s mem=5381MB] | total=0.0068 task=0.0102 novelty=-0.0936 | div=0.0119 ip_mean=0.0119 | val_AP=0.5947 test_AP=0.5835
  S2 Epoch 406/1000 [148.4s mem=5451MB] | total=0.0066 task=0.0103 novelty=-0.0924 | div=0.0110 ip_mean=0.0110 | val_AP=0.5930 test_AP=0.5840
  S2 Epoch 407/1000 [154.0s mem=5511MB] | total=0.0078 task=0.0106 novelty=-0.0874 | div=0.0120 ip_mean=0.0120 | val_AP=0.5932 test_AP=0.5809
  S2 Epoch 408/1000 [147.6s mem=5486MB] | total=0.0066 task=0.0102 novelty=-0.0944 | div=0.0116 ip_mean=0.0116 | val_AP=0.5931 test_AP=0.5820
  S2 Epoch 409/1000 [144.0s mem=5483MB] | total=0.0087 task=0.0106 novelty=-0.0917 | div=0.0146 ip_mean=0.0146 | val_AP=0.5940 test_AP=0.5838
  S2 Epoch 410/1000 [143.5s mem=5354MB] | total=0.0102 task=0.0108 novelty=-0.0909 | div=0.0169 ip_mean=0.0169 | val_AP=0.5964 test_AP=0.5869
  S2 Epoch 411/1000 [146.8s mem=5358MB] | total=0.0079 task=0.0101 novelty=-0.0934 | div=0.0143 ip_mean=0.0143 | val_AP=0.5941 test_AP=0.5838
  S2 Epoch 412/1000 [142.3s mem=5406MB] | total=0.0065 task=0.0104 novelty=-0.0895 | div=0.0102 ip_mean=0.0102 | val_AP=0.5932 test_AP=0.5824
  S2 Epoch 413/1000 [142.7s mem=5484MB] | total=0.0076 task=0.0103 novelty=-0.0920 | div=0.0129 ip_mean=0.0129 | val_AP=0.5953 test_AP=0.5853
  S2 Epoch 414/1000 [144.5s mem=5354MB] | total=0.0063 task=0.0103 novelty=-0.0894 | div=0.0098 ip_mean=0.0098 | val_AP=0.5950 test_AP=0.5840
  S2 Epoch 415/1000 [147.8s mem=5355MB] | total=0.0069 task=0.0107 novelty=-0.0883 | div=0.0099 ip_mean=0.0099 | val_AP=0.5916 test_AP=0.5860
  S2 Epoch 416/1000 [149.3s mem=5360MB] | total=0.0072 task=0.0104 novelty=-0.0888 | div=0.0115 ip_mean=0.0115 | val_AP=0.5961 test_AP=0.5780
  S2 Epoch 417/1000 [144.1s mem=5369MB] | total=0.0079 task=0.0103 novelty=-0.0898 | div=0.0132 ip_mean=0.0132 | val_AP=0.5957 test_AP=0.5797
  S2 Epoch 418/1000 [148.2s mem=5442MB] | total=0.0067 task=0.0103 novelty=-0.0932 | div=0.0115 ip_mean=0.0115 | val_AP=0.5896 test_AP=0.5848
  S2 Epoch 419/1000 [150.1s mem=5442MB] | total=0.0078 task=0.0102 novelty=-0.0870 | div=0.0127 ip_mean=0.0127 | val_AP=0.5915 test_AP=0.5827
  S2 Epoch 420/1000 [147.4s mem=5388MB] | total=0.0083 task=0.0105 novelty=-0.0890 | div=0.0133 ip_mean=0.0133 | val_AP=0.5911 test_AP=0.5837
  S2 Epoch 421/1000 [152.4s mem=5355MB] | total=0.0062 task=0.0103 novelty=-0.0897 | div=0.0098 ip_mean=0.0098 | val_AP=0.5930 test_AP=0.5818
  S2 Epoch 422/1000 [149.2s mem=5354MB] | total=0.0068 task=0.0101 novelty=-0.0904 | div=0.0115 ip_mean=0.0115 | val_AP=0.5957 test_AP=0.5810
  S2 Epoch 423/1000 [146.3s mem=5353MB] | total=0.0074 task=0.0099 novelty=-0.0921 | div=0.0134 ip_mean=0.0134 | val_AP=0.5915 test_AP=0.5898
  S2 Epoch 424/1000 [149.6s mem=5484MB] | total=0.0071 task=0.0099 novelty=-0.0933 | div=0.0131 ip_mean=0.0131 | val_AP=0.5892 test_AP=0.5851
  S2 Epoch 425/1000 [147.2s mem=5464MB] | total=0.0052 task=0.0098 novelty=-0.0921 | div=0.0091 ip_mean=0.0091 | val_AP=0.5922 test_AP=0.5841
    -> New best metrics: gen_loss=0.0052 val_loss=0.8737 val_AP=0.6027
  S2 Epoch 426/1000 [151.4s mem=5356MB] | total=0.0061 task=0.0099 novelty=-0.0919 | div=0.0107 ip_mean=0.0107 | val_AP=0.5927 test_AP=0.5846
  S2 Epoch 427/1000 [147.0s mem=5531MB] | total=0.0063 task=0.0100 novelty=-0.0912 | div=0.0109 ip_mean=0.0109 | val_AP=0.5931 test_AP=0.5827
  S2 Epoch 428/1000 [143.7s mem=5470MB] | total=0.0074 task=0.0101 novelty=-0.0902 | div=0.0125 ip_mean=0.0125 | val_AP=0.5949 test_AP=0.5811
  S2 Epoch 429/1000 [144.2s mem=5353MB] | total=0.0061 task=0.0102 novelty=-0.0904 | div=0.0100 ip_mean=0.0100 | val_AP=0.5930 test_AP=0.5834
  S2 Epoch 430/1000 [143.9s mem=5385MB] | total=0.0048 task=0.0098 novelty=-0.0912 | div=0.0081 ip_mean=0.0081 | val_AP=0.5909 test_AP=0.5803
    -> New best metrics: gen_loss=0.0048 val_loss=0.8737 val_AP=0.6027
  S2 Epoch 431/1000 [146.0s mem=5371MB] | total=0.0075 task=0.0102 novelty=-0.0903 | div=0.0126 ip_mean=0.0126 | val_AP=0.5926 test_AP=0.5825
  S2 Epoch 432/1000 [146.2s mem=5361MB] | total=0.0050 task=0.0100 novelty=-0.0908 | div=0.0081 ip_mean=0.0081 | val_AP=0.5887 test_AP=0.5836
  S2 Epoch 433/1000 [147.7s mem=5484MB] | total=0.0078 task=0.0100 novelty=-0.0887 | div=0.0135 ip_mean=0.0135 | val_AP=0.5896 test_AP=0.5779
  S2 Epoch 434/1000 [145.3s mem=5403MB] | total=0.0060 task=0.0094 novelty=-0.0904 | div=0.0113 ip_mean=0.0113 | val_AP=0.5895 test_AP=0.5802
  S2 Epoch 435/1000 [148.1s mem=5446MB] | total=0.0054 task=0.0097 novelty=-0.0927 | div=0.0099 ip_mean=0.0099 | val_AP=0.5873 test_AP=0.5888
  S2 Epoch 436/1000 [151.8s mem=5393MB] | total=0.0073 task=0.0100 novelty=-0.0919 | div=0.0130 ip_mean=0.0130 | val_AP=0.5895 test_AP=0.5845
  S2 Epoch 437/1000 [142.5s mem=5376MB] | total=0.0067 task=0.0097 novelty=-0.0931 | div=0.0126 ip_mean=0.0126 | val_AP=0.5950 test_AP=0.5805
  S2 Epoch 438/1000 [149.4s mem=5405MB] | total=0.0077 task=0.0096 novelty=-0.0933 | div=0.0148 ip_mean=0.0148 | val_AP=0.5933 test_AP=0.5808
  S2 Epoch 439/1000 [143.3s mem=5374MB] | total=0.0068 task=0.0100 novelty=-0.0912 | div=0.0118 ip_mean=0.0118 | val_AP=0.5946 test_AP=0.5825
  S2 Epoch 440/1000 [144.9s mem=5496MB] | total=0.0049 task=0.0096 novelty=-0.0884 | div=0.0081 ip_mean=0.0081 | val_AP=0.5919 test_AP=0.5802
  S2 Epoch 441/1000 [142.9s mem=5354MB] | total=0.0056 task=0.0097 novelty=-0.0873 | div=0.0093 ip_mean=0.0093 | val_AP=0.5960 test_AP=0.5780
  S2 Epoch 442/1000 [146.4s mem=5450MB] | total=0.0057 task=0.0101 novelty=-0.0882 | div=0.0087 ip_mean=0.0087 | val_AP=0.5983 test_AP=0.5798
  S2 Epoch 443/1000 [143.2s mem=5422MB] | total=0.0058 task=0.0099 novelty=-0.0866 | div=0.0092 ip_mean=0.0092 | val_AP=0.5911 test_AP=0.5812
  S2 Epoch 444/1000 [147.4s mem=5430MB] | total=0.0073 task=0.0098 novelty=-0.0892 | div=0.0130 ip_mean=0.0130 | val_AP=0.5950 test_AP=0.5776
  S2 Epoch 445/1000 [151.3s mem=5387MB] | total=0.0061 task=0.0097 novelty=-0.0914 | div=0.0112 ip_mean=0.0112 | val_AP=0.5921 test_AP=0.5807
  S2 Epoch 446/1000 [144.2s mem=5445MB] | total=0.0071 task=0.0100 novelty=-0.0877 | div=0.0117 ip_mean=0.0117 | val_AP=0.5983 test_AP=0.5854
  S2 Epoch 447/1000 [149.0s mem=5501MB] | total=0.0069 task=0.0096 novelty=-0.0947 | div=0.0135 ip_mean=0.0135 | val_AP=0.5965 test_AP=0.5888
  S2 Epoch 448/1000 [144.9s mem=5389MB] | total=0.0060 task=0.0097 novelty=-0.0939 | div=0.0113 ip_mean=0.0113 | val_AP=0.5992 test_AP=0.5858
  S2 Epoch 449/1000 [143.6s mem=5410MB] | total=0.0050 task=0.0097 novelty=-0.0915 | div=0.0089 ip_mean=0.0089 | val_AP=0.5931 test_AP=0.5837
  S2 Epoch 450/1000 [148.4s mem=5439MB] | total=0.0093 task=0.0099 novelty=-0.0914 | div=0.0170 ip_mean=0.0170 | val_AP=0.5909 test_AP=0.5803
  S2 Epoch 451/1000 [142.6s mem=5441MB] | total=0.0060 task=0.0093 novelty=-0.0868 | div=0.0109 ip_mean=0.0109 | val_AP=0.5933 test_AP=0.5747
  S2 Epoch 452/1000 [150.9s mem=5415MB] | total=0.0069 task=0.0096 novelty=-0.0876 | div=0.0121 ip_mean=0.0121 | val_AP=0.5920 test_AP=0.5861
  S2 Epoch 453/1000 [155.1s mem=5388MB] | total=0.0077 task=0.0094 novelty=-0.0918 | div=0.0150 ip_mean=0.0150 | val_AP=0.5938 test_AP=0.5878
  S2 Epoch 454/1000 [148.8s mem=5423MB] | total=0.0086 task=0.0094 novelty=-0.0922 | div=0.0169 ip_mean=0.0169 | val_AP=0.5982 test_AP=0.5808
  S2 Epoch 455/1000 [146.9s mem=5366MB] | total=0.0071 task=0.0095 novelty=-0.0905 | div=0.0132 ip_mean=0.0132 | val_AP=0.5921 test_AP=0.5738
  S2 Epoch 456/1000 [150.2s mem=5499MB] | total=0.0074 task=0.0094 novelty=-0.0909 | div=0.0141 ip_mean=0.0141 | val_AP=0.5924 test_AP=0.5821
  S2 Epoch 457/1000 [149.9s mem=5497MB] | total=0.0069 task=0.0095 novelty=-0.0907 | div=0.0129 ip_mean=0.0129 | val_AP=0.5928 test_AP=0.5811
  S2 Epoch 458/1000 [146.5s mem=5403MB] | total=0.0052 task=0.0092 novelty=-0.0897 | div=0.0100 ip_mean=0.0100 | val_AP=0.5914 test_AP=0.5816
  S2 Epoch 459/1000 [144.8s mem=5422MB] | total=0.0064 task=0.0096 novelty=-0.0898 | div=0.0115 ip_mean=0.0115 | val_AP=0.5959 test_AP=0.5840
  S2 Epoch 460/1000 [146.1s mem=5486MB] | total=0.0078 task=0.0096 novelty=-0.0916 | div=0.0147 ip_mean=0.0147 | val_AP=0.5966 test_AP=0.5850
  S2 Epoch 461/1000 [150.9s mem=5456MB] | total=0.0047 task=0.0092 novelty=-0.0920 | div=0.0095 ip_mean=0.0095 | val_AP=0.5963 test_AP=0.5858
    -> New best metrics: gen_loss=0.0047 val_loss=0.8737 val_AP=0.6027
  S2 Epoch 462/1000 [146.2s mem=5415MB] | total=0.0055 task=0.0094 novelty=-0.0929 | div=0.0110 ip_mean=0.0110 | val_AP=0.5908 test_AP=0.5856
  S2 Epoch 463/1000 [148.7s mem=5393MB] | total=0.0063 task=0.0096 novelty=-0.0912 | div=0.0117 ip_mean=0.0117 | val_AP=0.5889 test_AP=0.5846
  S2 Epoch 464/1000 [152.7s mem=5385MB] | total=0.0072 task=0.0093 novelty=-0.0927 | div=0.0142 ip_mean=0.0142 | val_AP=0.5948 test_AP=0.5824
  S2 Epoch 465/1000 [146.4s mem=5424MB] | total=0.0063 task=0.0096 novelty=-0.0911 | div=0.0116 ip_mean=0.0116 | val_AP=0.5914 test_AP=0.5791
  S2 Epoch 466/1000 [150.3s mem=5516MB] | total=0.0050 task=0.0093 novelty=-0.0906 | div=0.0096 ip_mean=0.0096 | val_AP=0.5898 test_AP=0.5736
  S2 Epoch 467/1000 [149.9s mem=5417MB] | total=0.0038 task=0.0094 novelty=-0.0874 | div=0.0063 ip_mean=0.0063 | val_AP=0.5957 test_AP=0.5860
    -> New best metrics: gen_loss=0.0038 val_loss=0.8737 val_AP=0.6027
  S2 Epoch 468/1000 [153.1s mem=5364MB] | total=0.0040 task=0.0090 novelty=-0.0859 | div=0.0072 ip_mean=0.0072 | val_AP=0.5919 test_AP=0.5802
  S2 Epoch 469/1000 [150.7s mem=5444MB] | total=0.0063 task=0.0097 novelty=-0.0870 | div=0.0106 ip_mean=0.0106 | val_AP=0.5938 test_AP=0.5812
  S2 Epoch 470/1000 [148.5s mem=5500MB] | total=0.0067 task=0.0094 novelty=-0.0902 | div=0.0126 ip_mean=0.0126 | val_AP=0.5922 test_AP=0.5812
  S2 Epoch 471/1000 [152.7s mem=5419MB] | total=0.0060 task=0.0093 novelty=-0.0882 | div=0.0110 ip_mean=0.0110 | val_AP=0.5942 test_AP=0.5870
  S2 Epoch 472/1000 [146.1s mem=5519MB] | total=0.0049 task=0.0092 novelty=-0.0898 | div=0.0092 ip_mean=0.0092 | val_AP=0.5955 test_AP=0.5814
  S2 Epoch 473/1000 [147.3s mem=5425MB] | total=0.0041 task=0.0092 novelty=-0.0881 | div=0.0075 ip_mean=0.0075 | val_AP=0.5939 test_AP=0.5819
  S2 Epoch 474/1000 [146.0s mem=5394MB] | total=0.0056 task=0.0095 novelty=-0.0871 | div=0.0098 ip_mean=0.0098 | val_AP=0.5952 test_AP=0.5834
  S2 Epoch 475/1000 [148.3s mem=5450MB] | total=0.0057 task=0.0093 novelty=-0.0867 | div=0.0100 ip_mean=0.0100 | val_AP=0.5933 test_AP=0.5762
  S2 Epoch 476/1000 [146.7s mem=5354MB] | total=0.0065 task=0.0096 novelty=-0.0878 | div=0.0114 ip_mean=0.0114 | val_AP=0.6014 test_AP=0.5763
  S2 Epoch 477/1000 [144.4s mem=5403MB] | total=0.0055 task=0.0090 novelty=-0.0912 | div=0.0112 ip_mean=0.0112 | val_AP=0.5948 test_AP=0.5838
  S2 Epoch 478/1000 [150.9s mem=5364MB] | total=0.0071 task=0.0094 novelty=-0.0895 | div=0.0133 ip_mean=0.0133 | val_AP=0.5971 test_AP=0.5831
  S2 Epoch 479/1000 [144.6s mem=5481MB] | total=0.0061 task=0.0094 novelty=-0.0886 | div=0.0112 ip_mean=0.0112 | val_AP=0.5984 test_AP=0.5814
  S2 Epoch 480/1000 [146.6s mem=5398MB] | total=0.0048 task=0.0091 novelty=-0.0904 | div=0.0094 ip_mean=0.0094 | val_AP=0.5978 test_AP=0.5858
  S2 Epoch 481/1000 [149.3s mem=5384MB] | total=0.0064 task=0.0094 novelty=-0.0911 | div=0.0122 ip_mean=0.0122 | val_AP=0.5978 test_AP=0.5760
  S2 Epoch 482/1000 [147.3s mem=5362MB] | total=0.0043 task=0.0086 novelty=-0.0902 | div=0.0096 ip_mean=0.0096 | val_AP=0.5936 test_AP=0.5819
  S2 Epoch 483/1000 [145.0s mem=5435MB] | total=0.0061 task=0.0091 novelty=-0.0878 | div=0.0117 ip_mean=0.0117 | val_AP=0.5967 test_AP=0.5817
  S2 Epoch 484/1000 [148.2s mem=5464MB] | total=0.0040 task=0.0088 novelty=-0.0896 | div=0.0085 ip_mean=0.0085 | val_AP=0.5889 test_AP=0.5794
  S2 Epoch 485/1000 [144.4s mem=5482MB] | total=0.0078 task=0.0088 novelty=-0.0909 | div=0.0161 ip_mean=0.0161 | val_AP=0.5920 test_AP=0.5819
  S2 Epoch 486/1000 [150.4s mem=5406MB] | total=0.0057 task=0.0092 novelty=-0.0885 | div=0.0106 ip_mean=0.0106 | val_AP=0.5907 test_AP=0.5829
  S2 Epoch 487/1000 [145.7s mem=5435MB] | total=0.0068 task=0.0088 novelty=-0.0882 | div=0.0135 ip_mean=0.0135 | val_AP=0.5905 test_AP=0.5787
  S2 Epoch 488/1000 [156.4s mem=5479MB] | total=0.0052 task=0.0086 novelty=-0.0889 | div=0.0109 ip_mean=0.0109 | val_AP=0.5943 test_AP=0.5841
  S2 Epoch 489/1000 [147.9s mem=5392MB] | total=0.0045 task=0.0091 novelty=-0.0884 | div=0.0086 ip_mean=0.0086 | val_AP=0.5938 test_AP=0.5871
  S2 Epoch 490/1000 [144.1s mem=5390MB] | total=0.0064 task=0.0092 novelty=-0.0889 | div=0.0120 ip_mean=0.0120 | val_AP=0.5945 test_AP=0.5814
  S2 Epoch 491/1000 [146.5s mem=5539MB] | total=0.0041 task=0.0089 novelty=-0.0889 | div=0.0083 ip_mean=0.0083 | val_AP=0.5906 test_AP=0.5856
  S2 Epoch 492/1000 [146.7s mem=5370MB] | total=0.0053 task=0.0090 novelty=-0.0890 | div=0.0103 ip_mean=0.0103 | val_AP=0.5918 test_AP=0.5797
  S2 Epoch 493/1000 [146.4s mem=5380MB] | total=0.0044 task=0.0086 novelty=-0.0885 | div=0.0094 ip_mean=0.0094 | val_AP=0.5935 test_AP=0.5840
  S2 Epoch 494/1000 [148.7s mem=5386MB] | total=0.0051 task=0.0087 novelty=-0.0873 | div=0.0104 ip_mean=0.0104 | val_AP=0.5945 test_AP=0.5829
  S2 Epoch 495/1000 [154.8s mem=5370MB] | total=0.0046 task=0.0089 novelty=-0.0883 | div=0.0091 ip_mean=0.0091 | val_AP=0.5935 test_AP=0.5853
  S2 Epoch 496/1000 [146.4s mem=5473MB] | total=0.0064 task=0.0089 novelty=-0.0901 | div=0.0130 ip_mean=0.0130 | val_AP=0.5957 test_AP=0.5857
  S2 Epoch 497/1000 [145.2s mem=5369MB] | total=0.0053 task=0.0084 novelty=-0.0913 | div=0.0121 ip_mean=0.0121 | val_AP=0.5951 test_AP=0.5863
  S2 Epoch 498/1000 [153.2s mem=5514MB] | total=0.0053 task=0.0088 novelty=-0.0891 | div=0.0108 ip_mean=0.0108 | val_AP=0.5955 test_AP=0.5798
  S2 Epoch 499/1000 [150.1s mem=5384MB] | total=0.0041 task=0.0088 novelty=-0.0876 | div=0.0080 ip_mean=0.0080 | val_AP=0.5965 test_AP=0.5812
  S2 Epoch 500/1000 [145.1s mem=5353MB] | total=0.0058 task=0.0088 novelty=-0.0876 | div=0.0116 ip_mean=0.0116 | val_AP=0.6034 test_AP=0.5884
    -> New best metrics: gen_loss=0.0038 val_loss=0.8737 val_AP=0.6034
  S2 Epoch 501/1000 [147.8s mem=5415MB] | total=0.0034 task=0.0086 novelty=-0.0895 | div=0.0075 ip_mean=0.0075 | val_AP=0.5973 test_AP=0.5830
    -> New best metrics: gen_loss=0.0034 val_loss=0.8737 val_AP=0.6034
  S2 Epoch 502/1000 [145.4s mem=5450MB] | total=0.0048 task=0.0088 novelty=-0.0870 | div=0.0094 ip_mean=0.0094 | val_AP=0.5967 test_AP=0.5836
  S2 Epoch 503/1000 [144.4s mem=5470MB] | total=0.0042 task=0.0086 novelty=-0.0890 | div=0.0090 ip_mean=0.0090 | val_AP=0.5961 test_AP=0.5852
  S2 Epoch 504/1000 [144.6s mem=5455MB] | total=0.0034 task=0.0085 novelty=-0.0886 | div=0.0076 ip_mean=0.0076 | val_AP=0.5982 test_AP=0.5834
    -> New best metrics: gen_loss=0.0034 val_loss=0.8737 val_AP=0.6034
  S2 Epoch 505/1000 [167.0s mem=5400MB] | total=0.0049 task=0.0086 novelty=-0.0910 | div=0.0107 ip_mean=0.0107 | val_AP=0.5964 test_AP=0.5814
  S2 Epoch 506/1000 [177.1s mem=5354MB] | total=0.0044 task=0.0085 novelty=-0.0894 | div=0.0096 ip_mean=0.0096 | val_AP=0.5920 test_AP=0.5861
  S2 Epoch 507/1000 [181.0s mem=5425MB] | total=0.0054 task=0.0085 novelty=-0.0911 | div=0.0121 ip_mean=0.0121 | val_AP=0.5948 test_AP=0.5864
  S2 Epoch 508/1000 [178.6s mem=5483MB] | total=0.0052 task=0.0086 novelty=-0.0883 | div=0.0108 ip_mean=0.0108 | val_AP=0.5908 test_AP=0.5829
  S2 Epoch 509/1000 [181.2s mem=5430MB] | total=0.0053 task=0.0086 novelty=-0.0904 | div=0.0115 ip_mean=0.0115 | val_AP=0.5925 test_AP=0.5808
  S2 Epoch 510/1000 [179.8s mem=5507MB] | total=0.0030 task=0.0080 novelty=-0.0897 | div=0.0079 ip_mean=0.0079 | val_AP=0.5934 test_AP=0.5782
    -> New best metrics: gen_loss=0.0030 val_loss=0.8737 val_AP=0.6034
  S2 Epoch 511/1000 [185.0s mem=5355MB] | total=0.0050 task=0.0086 novelty=-0.0886 | div=0.0104 ip_mean=0.0104 | val_AP=0.5932 test_AP=0.5834
  S2 Epoch 512/1000 [183.6s mem=5430MB] | total=0.0046 task=0.0083 novelty=-0.0915 | div=0.0110 ip_mean=0.0110 | val_AP=0.5957 test_AP=0.5847
  S2 Epoch 513/1000 [181.8s mem=5424MB] | total=0.0027 task=0.0080 novelty=-0.0904 | div=0.0075 ip_mean=0.0075 | val_AP=0.5944 test_AP=0.5858
    -> New best metrics: gen_loss=0.0027 val_loss=0.8737 val_AP=0.6034
  S2 Epoch 514/1000 [178.5s mem=5449MB] | total=0.0050 task=0.0084 novelty=-0.0905 | div=0.0114 ip_mean=0.0114 | val_AP=0.5932 test_AP=0.5864
  S2 Epoch 515/1000 [177.2s mem=5483MB] | total=0.0046 task=0.0082 novelty=-0.0875 | div=0.0103 ip_mean=0.0103 | val_AP=0.5925 test_AP=0.5796
  S2 Epoch 516/1000 [178.3s mem=5378MB] | total=0.0044 task=0.0082 novelty=-0.0893 | div=0.0102 ip_mean=0.0102 | val_AP=0.5920 test_AP=0.5830
  S2 Epoch 517/1000 [180.7s mem=5387MB] | total=0.0060 task=0.0085 novelty=-0.0885 | div=0.0127 ip_mean=0.0127 | val_AP=0.5928 test_AP=0.5844
  S2 Epoch 518/1000 [182.2s mem=5428MB] | total=0.0049 task=0.0085 novelty=-0.0924 | div=0.0112 ip_mean=0.0112 | val_AP=0.5972 test_AP=0.5822
  S2 Epoch 519/1000 [184.9s mem=5391MB] | total=0.0048 task=0.0080 novelty=-0.0889 | div=0.0116 ip_mean=0.0116 | val_AP=0.5911 test_AP=0.5798
  S2 Epoch 520/1000 [182.8s mem=5431MB] | total=0.0051 task=0.0081 novelty=-0.0876 | div=0.0115 ip_mean=0.0115 | val_AP=0.5966 test_AP=0.5809
  S2 Epoch 521/1000 [182.7s mem=5358MB] | total=0.0054 task=0.0081 novelty=-0.0902 | div=0.0127 ip_mean=0.0127 | val_AP=0.5941 test_AP=0.5792
  S2 Epoch 522/1000 [181.8s mem=5483MB] | total=0.0057 task=0.0077 novelty=-0.0890 | div=0.0137 ip_mean=0.0137 | val_AP=0.5976 test_AP=0.5894
  S2 Epoch 523/1000 [186.6s mem=5452MB] | total=0.0026 task=0.0081 novelty=-0.0901 | div=0.0069 ip_mean=0.0069 | val_AP=0.5986 test_AP=0.5843
    -> New best metrics: gen_loss=0.0026 val_loss=0.8737 val_AP=0.6034
  S2 Epoch 524/1000 [183.6s mem=5354MB] | total=0.0046 task=0.0082 novelty=-0.0904 | div=0.0108 ip_mean=0.0108 | val_AP=0.5897 test_AP=0.5849
  S2 Epoch 525/1000 [181.3s mem=5447MB] | total=0.0050 task=0.0079 novelty=-0.0902 | div=0.0121 ip_mean=0.0121 | val_AP=0.5939 test_AP=0.5873
  S2 Epoch 526/1000 [177.5s mem=5484MB] | total=0.0063 task=0.0081 novelty=-0.0880 | div=0.0141 ip_mean=0.0141 | val_AP=0.5967 test_AP=0.5887
  S2 Epoch 527/1000 [182.7s mem=5355MB] | total=0.0050 task=0.0079 novelty=-0.0908 | div=0.0123 ip_mean=0.0123 | val_AP=0.5936 test_AP=0.5842
  S2 Epoch 528/1000 [182.3s mem=5456MB] | total=0.0060 task=0.0083 novelty=-0.0923 | div=0.0140 ip_mean=0.0140 | val_AP=0.5920 test_AP=0.5842
  S2 Epoch 529/1000 [180.1s mem=5451MB] | total=0.0053 task=0.0081 novelty=-0.0920 | div=0.0128 ip_mean=0.0128 | val_AP=0.5937 test_AP=0.5866
  S2 Epoch 530/1000 [180.6s mem=5444MB] | total=0.0032 task=0.0083 novelty=-0.0945 | div=0.0088 ip_mean=0.0088 | val_AP=0.5910 test_AP=0.5852
  S2 Epoch 531/1000 [188.0s mem=5485MB] | total=0.0037 task=0.0078 novelty=-0.0894 | div=0.0096 ip_mean=0.0096 | val_AP=0.5911 test_AP=0.5813
  S2 Epoch 532/1000 [181.6s mem=5492MB] | total=0.0052 task=0.0082 novelty=-0.0903 | div=0.0121 ip_mean=0.0121 | val_AP=0.5949 test_AP=0.5817
  S2 Epoch 533/1000 [177.9s mem=5505MB] | total=0.0026 task=0.0076 novelty=-0.0890 | div=0.0078 ip_mean=0.0078 | val_AP=0.5963 test_AP=0.5851
  S2 Epoch 534/1000 [182.5s mem=5501MB] | total=0.0046 task=0.0076 novelty=-0.0900 | div=0.0120 ip_mean=0.0120 | val_AP=0.5939 test_AP=0.5850
  S2 Epoch 535/1000 [177.9s mem=5431MB] | total=0.0021 task=0.0074 novelty=-0.0898 | div=0.0072 ip_mean=0.0072 | val_AP=0.5938 test_AP=0.5851
    -> New best metrics: gen_loss=0.0021 val_loss=0.8737 val_AP=0.6034
  S2 Epoch 536/1000 [183.1s mem=5444MB] | total=0.0026 task=0.0079 novelty=-0.0877 | div=0.0071 ip_mean=0.0071 | val_AP=0.5940 test_AP=0.5799
  S2 Epoch 537/1000 [183.7s mem=5475MB] | total=0.0053 task=0.0080 novelty=-0.0877 | div=0.0120 ip_mean=0.0120 | val_AP=0.5891 test_AP=0.5819
  S2 Epoch 538/1000 [184.0s mem=5424MB] | total=0.0046 task=0.0077 novelty=-0.0887 | div=0.0114 ip_mean=0.0114 | val_AP=0.5927 test_AP=0.5826
  S2 Epoch 539/1000 [182.2s mem=5431MB] | total=0.0022 task=0.0075 novelty=-0.0892 | div=0.0072 ip_mean=0.0072 | val_AP=0.5953 test_AP=0.5811
  S2 Epoch 540/1000 [185.2s mem=5413MB] | total=0.0047 task=0.0078 novelty=-0.0880 | div=0.0114 ip_mean=0.0114 | val_AP=0.5964 test_AP=0.5840
  S2 Epoch 541/1000 [178.7s mem=5373MB] | total=0.0035 task=0.0077 novelty=-0.0889 | div=0.0093 ip_mean=0.0093 | val_AP=0.5949 test_AP=0.5850
  S2 Epoch 542/1000 [174.9s mem=5476MB] | total=0.0066 task=0.0077 novelty=-0.0902 | div=0.0159 ip_mean=0.0159 | val_AP=0.5927 test_AP=0.5864
  S2 Epoch 543/1000 [185.2s mem=5446MB] | total=0.0037 task=0.0078 novelty=-0.0894 | div=0.0098 ip_mean=0.0098 | val_AP=0.5950 test_AP=0.5847
  S2 Epoch 544/1000 [183.0s mem=5410MB] | total=0.0050 task=0.0078 novelty=-0.0921 | div=0.0128 ip_mean=0.0128 | val_AP=0.5911 test_AP=0.5910
  S2 Epoch 545/1000 [179.6s mem=5466MB] | total=0.0050 task=0.0077 novelty=-0.0914 | div=0.0130 ip_mean=0.0130 | val_AP=0.5959 test_AP=0.5837
  S2 Epoch 546/1000 [182.4s mem=5417MB] | total=0.0046 task=0.0078 novelty=-0.0891 | div=0.0114 ip_mean=0.0114 | val_AP=0.5863 test_AP=0.5883
  S2 Epoch 547/1000 [181.2s mem=5396MB] | total=0.0034 task=0.0075 novelty=-0.0904 | div=0.0099 ip_mean=0.0099 | val_AP=0.5898 test_AP=0.5876
  S2 Epoch 548/1000 [179.8s mem=5454MB] | total=0.0037 task=0.0073 novelty=-0.0906 | div=0.0108 ip_mean=0.0108 | val_AP=0.5960 test_AP=0.5859
  S2 Epoch 549/1000 [178.2s mem=5401MB] | total=0.0051 task=0.0079 novelty=-0.0928 | div=0.0129 ip_mean=0.0129 | val_AP=0.5944 test_AP=0.5850
  S2 Epoch 550/1000 [184.2s mem=5409MB] | total=0.0035 task=0.0075 novelty=-0.0915 | div=0.0103 ip_mean=0.0103 | val_AP=0.5904 test_AP=0.5853
  S2 Epoch 551/1000 [181.5s mem=5418MB] | total=0.0038 task=0.0073 novelty=-0.0898 | div=0.0111 ip_mean=0.0111 | val_AP=0.5917 test_AP=0.5854
  S2 Epoch 552/1000 [178.2s mem=5485MB] | total=0.0044 task=0.0074 novelty=-0.0906 | div=0.0122 ip_mean=0.0122 | val_AP=0.5893 test_AP=0.5845
  S2 Epoch 553/1000 [179.5s mem=5378MB] | total=0.0036 task=0.0077 novelty=-0.0891 | div=0.0096 ip_mean=0.0096 | val_AP=0.5926 test_AP=0.5861
  S2 Epoch 554/1000 [176.0s mem=5354MB] | total=0.0050 task=0.0077 novelty=-0.0879 | div=0.0122 ip_mean=0.0122 | val_AP=0.5938 test_AP=0.5856
  S2 Epoch 555/1000 [179.5s mem=5383MB] | total=0.0035 task=0.0074 novelty=-0.0895 | div=0.0100 ip_mean=0.0100 | val_AP=0.5897 test_AP=0.5826
  S2 Epoch 556/1000 [183.0s mem=5356MB] | total=0.0030 task=0.0075 novelty=-0.0906 | div=0.0092 ip_mean=0.0092 | val_AP=0.5907 test_AP=0.5867
  S2 Epoch 557/1000 [185.2s mem=5468MB] | total=0.0035 task=0.0072 novelty=-0.0897 | div=0.0106 ip_mean=0.0106 | val_AP=0.5926 test_AP=0.5893
  S2 Epoch 558/1000 [182.2s mem=5495MB] | total=0.0042 task=0.0075 novelty=-0.0899 | div=0.0113 ip_mean=0.0113 | val_AP=0.5911 test_AP=0.5846
  S2 Epoch 559/1000 [184.8s mem=5444MB] | total=0.0032 task=0.0076 novelty=-0.0911 | div=0.0095 ip_mean=0.0095 | val_AP=0.5877 test_AP=0.5873
  S2 Epoch 560/1000 [184.5s mem=5409MB] | total=0.0034 task=0.0076 novelty=-0.0906 | div=0.0096 ip_mean=0.0096 | val_AP=0.5924 test_AP=0.5829
  S2 Epoch 561/1000 [185.3s mem=5417MB] | total=0.0030 task=0.0073 novelty=-0.0909 | div=0.0097 ip_mean=0.0097 | val_AP=0.5911 test_AP=0.5846
  S2 Epoch 562/1000 [182.0s mem=5454MB] | total=0.0033 task=0.0073 novelty=-0.0913 | div=0.0104 ip_mean=0.0104 | val_AP=0.5924 test_AP=0.5844
  S2 Epoch 563/1000 [183.6s mem=5511MB] | total=0.0021 task=0.0071 novelty=-0.0890 | div=0.0077 ip_mean=0.0077 | val_AP=0.5913 test_AP=0.5860
    -> New best metrics: gen_loss=0.0021 val_loss=0.8737 val_AP=0.6034
  S2 Epoch 564/1000 [184.3s mem=5354MB] | total=0.0029 task=0.0073 novelty=-0.0907 | div=0.0093 ip_mean=0.0093 | val_AP=0.5900 test_AP=0.5849
  S2 Epoch 565/1000 [180.7s mem=5423MB] | total=0.0025 task=0.0075 novelty=-0.0926 | div=0.0085 ip_mean=0.0085 | val_AP=0.5931 test_AP=0.5870
  S2 Epoch 566/1000 [184.2s mem=5382MB] | total=0.0048 task=0.0072 novelty=-0.0901 | div=0.0132 ip_mean=0.0132 | val_AP=0.5921 test_AP=0.5857
  S2 Epoch 567/1000 [181.4s mem=5362MB] | total=0.0027 task=0.0074 novelty=-0.0915 | div=0.0088 ip_mean=0.0088 | val_AP=0.5915 test_AP=0.5836
  S2 Epoch 568/1000 [177.6s mem=5416MB] | total=0.0043 task=0.0075 novelty=-0.0905 | div=0.0117 ip_mean=0.0117 | val_AP=0.5922 test_AP=0.5833
  S2 Epoch 569/1000 [179.4s mem=5392MB] | total=0.0029 task=0.0073 novelty=-0.0914 | div=0.0095 ip_mean=0.0095 | val_AP=0.5906 test_AP=0.5889
  S2 Epoch 570/1000 [179.9s mem=5402MB] | total=0.0043 task=0.0073 novelty=-0.0896 | div=0.0118 ip_mean=0.0118 | val_AP=0.5913 test_AP=0.5813
  S2 Epoch 571/1000 [182.1s mem=5470MB] | total=0.0042 task=0.0072 novelty=-0.0901 | div=0.0120 ip_mean=0.0120 | val_AP=0.5924 test_AP=0.5819
  S2 Epoch 572/1000 [183.6s mem=5444MB] | total=0.0042 task=0.0073 novelty=-0.0901 | div=0.0118 ip_mean=0.0118 | val_AP=0.5915 test_AP=0.5837
  S2 Epoch 573/1000 [181.9s mem=5409MB] | total=0.0043 task=0.0074 novelty=-0.0905 | div=0.0119 ip_mean=0.0119 | val_AP=0.5916 test_AP=0.5842
  S2 Epoch 574/1000 [182.2s mem=5427MB] | total=0.0029 task=0.0071 novelty=-0.0888 | div=0.0093 ip_mean=0.0093 | val_AP=0.5913 test_AP=0.5827
  S2 Epoch 575/1000 [182.1s mem=5354MB] | total=0.0035 task=0.0073 novelty=-0.0905 | div=0.0105 ip_mean=0.0105 | val_AP=0.5874 test_AP=0.5833
  S2 Epoch 576/1000 [176.2s mem=5376MB] | total=0.0026 task=0.0073 novelty=-0.0903 | div=0.0086 ip_mean=0.0086 | val_AP=0.5907 test_AP=0.5822
  S2 Epoch 577/1000 [183.9s mem=5498MB] | total=0.0028 task=0.0070 novelty=-0.0903 | div=0.0096 ip_mean=0.0096 | val_AP=0.5923 test_AP=0.5833
  S2 Epoch 578/1000 [179.8s mem=5492MB] | total=0.0045 task=0.0072 novelty=-0.0913 | div=0.0129 ip_mean=0.0129 | val_AP=0.5930 test_AP=0.5863
  S2 Epoch 579/1000 [183.3s mem=5353MB] | total=0.0036 task=0.0072 novelty=-0.0895 | div=0.0108 ip_mean=0.0108 | val_AP=0.5898 test_AP=0.5844
  S2 Epoch 580/1000 [178.5s mem=5397MB] | total=0.0045 task=0.0071 novelty=-0.0918 | div=0.0133 ip_mean=0.0133 | val_AP=0.5914 test_AP=0.5820
  S2 Epoch 581/1000 [181.9s mem=5355MB] | total=0.0035 task=0.0071 novelty=-0.0895 | div=0.0107 ip_mean=0.0107 | val_AP=0.5895 test_AP=0.5813
  S2 Epoch 582/1000 [182.1s mem=5426MB] | total=0.0024 task=0.0074 novelty=-0.0899 | div=0.0079 ip_mean=0.0079 | val_AP=0.5891 test_AP=0.5840
  S2 Epoch 583/1000 [183.2s mem=5421MB] | total=0.0030 task=0.0069 novelty=-0.0883 | div=0.0100 ip_mean=0.0100 | val_AP=0.5885 test_AP=0.5817
  S2 Epoch 584/1000 [174.0s mem=5379MB] | total=0.0048 task=0.0077 novelty=-0.0902 | div=0.0123 ip_mean=0.0123 | val_AP=0.5911 test_AP=0.5876
  S2 Epoch 585/1000 [146.9s mem=5405MB] | total=0.0029 task=0.0073 novelty=-0.0890 | div=0.0091 ip_mean=0.0091 | val_AP=0.5877 test_AP=0.5830
  S2 Epoch 586/1000 [145.3s mem=5431MB] | total=0.0037 task=0.0069 novelty=-0.0898 | div=0.0116 ip_mean=0.0116 | val_AP=0.5947 test_AP=0.5840
  S2 Epoch 587/1000 [149.2s mem=5510MB] | total=0.0027 task=0.0071 novelty=-0.0902 | div=0.0091 ip_mean=0.0091 | val_AP=0.5875 test_AP=0.5828
  S2 Epoch 588/1000 [153.5s mem=5413MB] | total=0.0038 task=0.0069 novelty=-0.0918 | div=0.0121 ip_mean=0.0121 | val_AP=0.5917 test_AP=0.5905
  S2 Epoch 589/1000 [150.3s mem=5360MB] | total=0.0029 task=0.0069 novelty=-0.0917 | div=0.0103 ip_mean=0.0103 | val_AP=0.5921 test_AP=0.5814
  S2 Epoch 590/1000 [146.0s mem=5480MB] | total=0.0024 task=0.0069 novelty=-0.0889 | div=0.0087 ip_mean=0.0087 | val_AP=0.5891 test_AP=0.5858
  S2 Epoch 591/1000 [151.1s mem=5361MB] | total=0.0049 task=0.0070 novelty=-0.0897 | div=0.0137 ip_mean=0.0137 | val_AP=0.5896 test_AP=0.5897
  S2 Epoch 592/1000 [149.5s mem=5456MB] | total=0.0031 task=0.0070 novelty=-0.0890 | div=0.0100 ip_mean=0.0100 | val_AP=0.5827 test_AP=0.5916
  S2 Epoch 593/1000 [155.5s mem=5396MB] | total=0.0037 task=0.0071 novelty=-0.0867 | div=0.0106 ip_mean=0.0106 | val_AP=0.5895 test_AP=0.5886
  S2 Epoch 594/1000 [146.5s mem=5450MB] | total=0.0038 task=0.0070 novelty=-0.0897 | div=0.0116 ip_mean=0.0116 | val_AP=0.5889 test_AP=0.5817
  S2 Epoch 595/1000 [143.9s mem=5354MB] | total=0.0049 task=0.0070 novelty=-0.0919 | div=0.0142 ip_mean=0.0142 | val_AP=0.5894 test_AP=0.5853
  S2 Epoch 596/1000 [147.6s mem=5408MB] | total=0.0018 task=0.0067 novelty=-0.0898 | div=0.0080 ip_mean=0.0080 | val_AP=0.5892 test_AP=0.5829
    -> New best metrics: gen_loss=0.0018 val_loss=0.8737 val_AP=0.6034
  S2 Epoch 597/1000 [147.7s mem=5384MB] | total=0.0015 task=0.0069 novelty=-0.0892 | div=0.0071 ip_mean=0.0071 | val_AP=0.5875 test_AP=0.5830
    -> New best metrics: gen_loss=0.0015 val_loss=0.8737 val_AP=0.6034
  S2 Epoch 598/1000 [145.5s mem=5383MB] | total=0.0044 task=0.0074 novelty=-0.0917 | div=0.0123 ip_mean=0.0123 | val_AP=0.5949 test_AP=0.5879
  S2 Epoch 599/1000 [151.1s mem=5353MB] | total=0.0035 task=0.0070 novelty=-0.0888 | div=0.0108 ip_mean=0.0108 | val_AP=0.5905 test_AP=0.5876
  S2 Epoch 600/1000 [145.2s mem=5527MB] | total=0.0019 task=0.0069 novelty=-0.0918 | div=0.0084 ip_mean=0.0084 | val_AP=0.5884 test_AP=0.5845
  S2 Epoch 601/1000 [147.9s mem=5492MB] | total=0.0028 task=0.0068 novelty=-0.0899 | div=0.0101 ip_mean=0.0101 | val_AP=0.5847 test_AP=0.5838
  S2 Epoch 602/1000 [150.7s mem=5418MB] | total=0.0028 task=0.0066 novelty=-0.0906 | div=0.0104 ip_mean=0.0104 | val_AP=0.5911 test_AP=0.5802
  S2 Epoch 603/1000 [148.7s mem=5354MB] | total=0.0035 task=0.0068 novelty=-0.0903 | div=0.0116 ip_mean=0.0116 | val_AP=0.5866 test_AP=0.5897
  S2 Epoch 604/1000 [146.9s mem=5403MB] | total=0.0035 task=0.0066 novelty=-0.0916 | div=0.0120 ip_mean=0.0120 | val_AP=0.5840 test_AP=0.5871
  S2 Epoch 605/1000 [143.4s mem=5354MB] | total=0.0015 task=0.0069 novelty=-0.0917 | div=0.0075 ip_mean=0.0075 | val_AP=0.5847 test_AP=0.5875
    -> New best metrics: gen_loss=0.0015 val_loss=0.8737 val_AP=0.6034
  S2 Epoch 606/1000 [148.0s mem=5407MB] | total=0.0034 task=0.0069 novelty=-0.0887 | div=0.0106 ip_mean=0.0106 | val_AP=0.5852 test_AP=0.5833
  S2 Epoch 607/1000 [154.4s mem=5440MB] | total=0.0041 task=0.0067 novelty=-0.0910 | div=0.0130 ip_mean=0.0130 | val_AP=0.5898 test_AP=0.5847
  S2 Epoch 608/1000 [151.5s mem=5354MB] | total=0.0025 task=0.0067 novelty=-0.0936 | div=0.0103 ip_mean=0.0103 | val_AP=0.5885 test_AP=0.5852
  S2 Epoch 609/1000 [145.4s mem=5354MB] | total=0.0038 task=0.0065 novelty=-0.0911 | div=0.0128 ip_mean=0.0128 | val_AP=0.5914 test_AP=0.5857
  S2 Epoch 610/1000 [152.2s mem=5516MB] | total=0.0031 task=0.0066 novelty=-0.0906 | div=0.0111 ip_mean=0.0111 | val_AP=0.5847 test_AP=0.5818
  S2 Epoch 611/1000 [147.6s mem=5353MB] | total=0.0020 task=0.0067 novelty=-0.0900 | div=0.0087 ip_mean=0.0087 | val_AP=0.5888 test_AP=0.5806
  S2 Epoch 612/1000 [144.8s mem=5409MB] | total=0.0045 task=0.0066 novelty=-0.0902 | div=0.0140 ip_mean=0.0140 | val_AP=0.5869 test_AP=0.5856
  S2 Epoch 613/1000 [148.2s mem=5355MB] | total=0.0029 task=0.0071 novelty=-0.0892 | div=0.0095 ip_mean=0.0095 | val_AP=0.5871 test_AP=0.5817
  S2 Epoch 614/1000 [147.0s mem=5353MB] | total=0.0037 task=0.0064 novelty=-0.0899 | div=0.0126 ip_mean=0.0126 | val_AP=0.5869 test_AP=0.5836
  S2 Epoch 615/1000 [147.4s mem=5484MB] | total=0.0026 task=0.0065 novelty=-0.0911 | div=0.0105 ip_mean=0.0105 | val_AP=0.5861 test_AP=0.5824
  S2 Epoch 616/1000 [145.5s mem=5394MB] | total=0.0014 task=0.0066 novelty=-0.0910 | div=0.0078 ip_mean=0.0078 | val_AP=0.5878 test_AP=0.5830
    -> New best metrics: gen_loss=0.0014 val_loss=0.8737 val_AP=0.6034
  S2 Epoch 617/1000 [146.5s mem=5399MB] | total=0.0021 task=0.0064 novelty=-0.0896 | div=0.0094 ip_mean=0.0094 | val_AP=0.5891 test_AP=0.5865
  S2 Epoch 618/1000 [153.8s mem=5471MB] | total=0.0028 task=0.0067 novelty=-0.0877 | div=0.0098 ip_mean=0.0098 | val_AP=0.5879 test_AP=0.5862
  S2 Epoch 619/1000 [143.9s mem=5495MB] | total=0.0034 task=0.0066 novelty=-0.0899 | div=0.0116 ip_mean=0.0116 | val_AP=0.5916 test_AP=0.5835
  S2 Epoch 620/1000 [143.7s mem=5510MB] | total=0.0016 task=0.0068 novelty=-0.0891 | div=0.0075 ip_mean=0.0075 | val_AP=0.5888 test_AP=0.5882
  S2 Epoch 621/1000 [145.9s mem=5410MB] | total=0.0025 task=0.0065 novelty=-0.0917 | div=0.0102 ip_mean=0.0102 | val_AP=0.5852 test_AP=0.5893
  S2 Epoch 622/1000 [145.3s mem=5466MB] | total=0.0036 task=0.0066 novelty=-0.0913 | div=0.0121 ip_mean=0.0121 | val_AP=0.5915 test_AP=0.5817
  S2 Epoch 623/1000 [149.4s mem=5446MB] | total=0.0039 task=0.0066 novelty=-0.0917 | div=0.0129 ip_mean=0.0129 | val_AP=0.5920 test_AP=0.5795
  S2 Epoch 624/1000 [146.5s mem=5364MB] | total=0.0031 task=0.0063 novelty=-0.0920 | div=0.0119 ip_mean=0.0119 | val_AP=0.5905 test_AP=0.5861
  S2 Epoch 625/1000 [155.0s mem=5376MB] | total=0.0026 task=0.0066 novelty=-0.0918 | div=0.0104 ip_mean=0.0104 | val_AP=0.5933 test_AP=0.5817
  S2 Epoch 626/1000 [148.9s mem=5469MB] | total=0.0011 task=0.0064 novelty=-0.0926 | div=0.0081 ip_mean=0.0081 | val_AP=0.5914 test_AP=0.5895
    -> New best metrics: gen_loss=0.0011 val_loss=0.8737 val_AP=0.6034
  S2 Epoch 627/1000 [143.7s mem=5424MB] | total=0.0018 task=0.0063 novelty=-0.0910 | div=0.0093 ip_mean=0.0093 | val_AP=0.5946 test_AP=0.5831
  S2 Epoch 628/1000 [144.5s mem=5481MB] | total=0.0012 task=0.0063 novelty=-0.0901 | div=0.0077 ip_mean=0.0077 | val_AP=0.5902 test_AP=0.5872
  S2 Epoch 629/1000 [152.6s mem=5533MB] | total=0.0023 task=0.0063 novelty=-0.0899 | div=0.0100 ip_mean=0.0100 | val_AP=0.5910 test_AP=0.5872
  S2 Epoch 630/1000 [151.5s mem=5409MB] | total=0.0024 task=0.0064 novelty=-0.0925 | div=0.0105 ip_mean=0.0105 | val_AP=0.5950 test_AP=0.5827
  S2 Epoch 631/1000 [153.9s mem=5393MB] | total=0.0011 task=0.0063 novelty=-0.0920 | div=0.0079 ip_mean=0.0079 | val_AP=0.5875 test_AP=0.5855
    -> New best metrics: gen_loss=0.0011 val_loss=0.8737 val_AP=0.6034
  S2 Epoch 632/1000 [145.5s mem=5418MB] | total=0.0033 task=0.0063 novelty=-0.0928 | div=0.0125 ip_mean=0.0125 | val_AP=0.5923 test_AP=0.5798
  S2 Epoch 633/1000 [147.3s mem=5405MB] | total=0.0020 task=0.0061 novelty=-0.0919 | div=0.0101 ip_mean=0.0101 | val_AP=0.5922 test_AP=0.5842
  S2 Epoch 634/1000 [151.7s mem=5478MB] | total=0.0035 task=0.0062 novelty=-0.0907 | div=0.0128 ip_mean=0.0128 | val_AP=0.5909 test_AP=0.5832
  S2 Epoch 635/1000 [148.7s mem=5354MB] | total=0.0021 task=0.0063 novelty=-0.0904 | div=0.0096 ip_mean=0.0096 | val_AP=0.5873 test_AP=0.5867
  S2 Epoch 636/1000 [144.7s mem=5388MB] | total=0.0023 task=0.0060 novelty=-0.0901 | div=0.0107 ip_mean=0.0107 | val_AP=0.5906 test_AP=0.5826
  S2 Epoch 637/1000 [155.4s mem=5516MB] | total=0.0026 task=0.0063 novelty=-0.0913 | div=0.0107 ip_mean=0.0107 | val_AP=0.5939 test_AP=0.5869
  S2 Epoch 638/1000 [145.0s mem=5362MB] | total=0.0032 task=0.0063 novelty=-0.0916 | div=0.0120 ip_mean=0.0120 | val_AP=0.5887 test_AP=0.5830
  S2 Epoch 639/1000 [150.0s mem=5378MB] | total=0.0030 task=0.0064 novelty=-0.0904 | div=0.0113 ip_mean=0.0113 | val_AP=0.5864 test_AP=0.5864
  S2 Epoch 640/1000 [143.1s mem=5402MB] | total=0.0017 task=0.0066 novelty=-0.0905 | div=0.0082 ip_mean=0.0082 | val_AP=0.5914 test_AP=0.5839
  S2 Epoch 641/1000 [154.1s mem=5460MB] | total=0.0021 task=0.0061 novelty=-0.0929 | div=0.0105 ip_mean=0.0105 | val_AP=0.5898 test_AP=0.5857
  S2 Epoch 642/1000 [145.3s mem=5523MB] | total=0.0032 task=0.0060 novelty=-0.0940 | div=0.0133 ip_mean=0.0133 | val_AP=0.5885 test_AP=0.5853
  S2 Epoch 643/1000 [148.1s mem=5508MB] | total=0.0031 task=0.0062 novelty=-0.0923 | div=0.0122 ip_mean=0.0122 | val_AP=0.5879 test_AP=0.5832
  S2 Epoch 644/1000 [149.2s mem=5397MB] | total=0.0025 task=0.0062 novelty=-0.0906 | div=0.0106 ip_mean=0.0106 | val_AP=0.5886 test_AP=0.5837
  S2 Epoch 645/1000 [144.7s mem=5356MB] | total=0.0030 task=0.0059 novelty=-0.0923 | div=0.0126 ip_mean=0.0126 | val_AP=0.5894 test_AP=0.5832
  S2 Epoch 646/1000 [145.7s mem=5451MB] | total=0.0015 task=0.0062 novelty=-0.0908 | div=0.0088 ip_mean=0.0088 | val_AP=0.5855 test_AP=0.5802
  S2 Epoch 647/1000 [153.5s mem=5527MB] | total=0.0012 task=0.0061 novelty=-0.0904 | div=0.0085 ip_mean=0.0085 | val_AP=0.5903 test_AP=0.5834
  S2 Epoch 648/1000 [145.9s mem=5411MB] | total=0.0005 task=0.0059 novelty=-0.0922 | div=0.0078 ip_mean=0.0078 | val_AP=0.5877 test_AP=0.5809
    -> New best metrics: gen_loss=0.0005 val_loss=0.8737 val_AP=0.6034
  S2 Epoch 649/1000 [148.9s mem=5422MB] | total=0.0011 task=0.0057 novelty=-0.0915 | div=0.0092 ip_mean=0.0092 | val_AP=0.5871 test_AP=0.5815
  S2 Epoch 650/1000 [147.8s mem=5386MB] | total=0.0004 task=0.0059 novelty=-0.0912 | div=0.0072 ip_mean=0.0072 | val_AP=0.5889 test_AP=0.5808
    -> New best metrics: gen_loss=0.0004 val_loss=0.8737 val_AP=0.6034
  S2 Epoch 651/1000 [145.0s mem=5431MB] | total=0.0019 task=0.0060 novelty=-0.0921 | div=0.0102 ip_mean=0.0102 | val_AP=0.5909 test_AP=0.5853
  S2 Epoch 652/1000 [151.4s mem=5398MB] | total=0.0020 task=0.0059 novelty=-0.0918 | div=0.0104 ip_mean=0.0104 | val_AP=0.5882 test_AP=0.5798
  S2 Epoch 653/1000 [145.9s mem=5483MB] | total=0.0028 task=0.0058 novelty=-0.0918 | div=0.0124 ip_mean=0.0124 | val_AP=0.5881 test_AP=0.5858
  S2 Epoch 654/1000 [144.2s mem=5502MB] | total=0.0017 task=0.0060 novelty=-0.0909 | div=0.0097 ip_mean=0.0097 | val_AP=0.5910 test_AP=0.5879
  S2 Epoch 655/1000 [148.2s mem=5511MB] | total=0.0009 task=0.0058 novelty=-0.0926 | div=0.0088 ip_mean=0.0088 | val_AP=0.5879 test_AP=0.5805
  S2 Epoch 656/1000 [147.7s mem=5506MB] | total=0.0022 task=0.0060 novelty=-0.0929 | div=0.0109 ip_mean=0.0109 | val_AP=0.5897 test_AP=0.5807
  S2 Epoch 657/1000 [145.8s mem=5410MB] | total=0.0016 task=0.0059 novelty=-0.0917 | div=0.0098 ip_mean=0.0098 | val_AP=0.5874 test_AP=0.5808
  S2 Epoch 658/1000 [145.3s mem=5370MB] | total=0.0006 task=0.0058 novelty=-0.0911 | div=0.0078 ip_mean=0.0078 | val_AP=0.5891 test_AP=0.5811
  S2 Epoch 659/1000 [145.7s mem=5358MB] | total=0.0014 task=0.0058 novelty=-0.0905 | div=0.0093 ip_mean=0.0093 | val_AP=0.5890 test_AP=0.5858
  S2 Epoch 660/1000 [154.3s mem=5426MB] | total=0.0026 task=0.0060 novelty=-0.0915 | div=0.0115 ip_mean=0.0115 | val_AP=0.5873 test_AP=0.5806
  S2 Epoch 661/1000 [146.7s mem=5418MB] | total=0.0011 task=0.0057 novelty=-0.0921 | div=0.0093 ip_mean=0.0093 | val_AP=0.5899 test_AP=0.5812
  S2 Epoch 662/1000 [145.8s mem=5494MB] | total=0.0027 task=0.0059 novelty=-0.0907 | div=0.0117 ip_mean=0.0117 | val_AP=0.5875 test_AP=0.5817
  S2 Epoch 663/1000 [146.3s mem=5491MB] | total=0.0022 task=0.0057 novelty=-0.0919 | div=0.0112 ip_mean=0.0112 | val_AP=0.5881 test_AP=0.5835
  S2 Epoch 664/1000 [149.9s mem=5393MB] | total=0.0022 task=0.0058 novelty=-0.0918 | div=0.0112 ip_mean=0.0112 | val_AP=0.5877 test_AP=0.5830
  S2 Epoch 665/1000 [149.8s mem=5436MB] | total=0.0011 task=0.0060 novelty=-0.0888 | div=0.0080 ip_mean=0.0080 | val_AP=0.5889 test_AP=0.5813
  S2 Epoch 666/1000 [148.3s mem=5377MB] | total=0.0015 task=0.0056 novelty=-0.0894 | div=0.0096 ip_mean=0.0096 | val_AP=0.5893 test_AP=0.5810
  S2 Epoch 667/1000 [149.2s mem=5464MB] | total=0.0018 task=0.0059 novelty=-0.0916 | div=0.0101 ip_mean=0.0101 | val_AP=0.5919 test_AP=0.5849
  S2 Epoch 668/1000 [147.8s mem=5453MB] | total=0.0020 task=0.0056 novelty=-0.0919 | div=0.0112 ip_mean=0.0112 | val_AP=0.5868 test_AP=0.5824
  S2 Epoch 669/1000 [151.4s mem=5450MB] | total=0.0036 task=0.0059 novelty=-0.0904 | div=0.0136 ip_mean=0.0136 | val_AP=0.5862 test_AP=0.5841
  S2 Epoch 670/1000 [145.1s mem=5395MB] | total=0.0017 task=0.0058 novelty=-0.0924 | div=0.0102 ip_mean=0.0102 | val_AP=0.5898 test_AP=0.5827
  S2 Epoch 671/1000 [152.2s mem=5453MB] | total=0.0011 task=0.0056 novelty=-0.0914 | div=0.0092 ip_mean=0.0092 | val_AP=0.5831 test_AP=0.5825
  S2 Epoch 672/1000 [150.9s mem=5397MB] | total=0.0035 task=0.0060 novelty=-0.0913 | div=0.0133 ip_mean=0.0133 | val_AP=0.5887 test_AP=0.5832
  S2 Epoch 673/1000 [150.8s mem=5360MB] | total=0.0020 task=0.0059 novelty=-0.0920 | div=0.0106 ip_mean=0.0106 | val_AP=0.5864 test_AP=0.5813
  S2 Epoch 674/1000 [146.9s mem=5418MB] | total=0.0018 task=0.0057 novelty=-0.0900 | div=0.0101 ip_mean=0.0101 | val_AP=0.5857 test_AP=0.5855
  S2 Epoch 675/1000 [144.6s mem=5470MB] | total=0.0015 task=0.0055 novelty=-0.0918 | div=0.0103 ip_mean=0.0103 | val_AP=0.5853 test_AP=0.5794
  S2 Epoch 676/1000 [156.6s mem=5465MB] | total=0.0014 task=0.0055 novelty=-0.0906 | div=0.0100 ip_mean=0.0100 | val_AP=0.5863 test_AP=0.5782
  S2 Epoch 677/1000 [148.1s mem=5483MB] | total=0.0041 task=0.0054 novelty=-0.0896 | div=0.0154 ip_mean=0.0154 | val_AP=0.5893 test_AP=0.5842
  S2 Epoch 678/1000 [143.5s mem=5393MB] | total=0.0005 task=0.0058 novelty=-0.0908 | div=0.0075 ip_mean=0.0075 | val_AP=0.5872 test_AP=0.5800
  S2 Epoch 679/1000 [154.1s mem=5368MB] | total=0.0020 task=0.0057 novelty=-0.0895 | div=0.0105 ip_mean=0.0105 | val_AP=0.5897 test_AP=0.5833
  S2 Epoch 680/1000 [154.1s mem=5363MB] | total=0.0019 task=0.0055 novelty=-0.0903 | div=0.0108 ip_mean=0.0108 | val_AP=0.5873 test_AP=0.5843
  S2 Epoch 681/1000 [145.6s mem=5365MB] | total=0.0024 task=0.0057 novelty=-0.0887 | div=0.0112 ip_mean=0.0112 | val_AP=0.5864 test_AP=0.5853
  S2 Epoch 682/1000 [145.7s mem=5455MB] | total=0.0024 task=0.0057 novelty=-0.0887 | div=0.0112 ip_mean=0.0112 | val_AP=0.5837 test_AP=0.5819
  S2 Epoch 683/1000 [146.2s mem=5374MB] | total=0.0020 task=0.0058 novelty=-0.0924 | div=0.0110 ip_mean=0.0110 | val_AP=0.5892 test_AP=0.5828
  S2 Epoch 684/1000 [147.9s mem=5433MB] | total=0.0007 task=0.0054 novelty=-0.0917 | div=0.0089 ip_mean=0.0089 | val_AP=0.5851 test_AP=0.5813
  S2 Epoch 685/1000 [150.5s mem=5439MB] | total=0.0014 task=0.0054 novelty=-0.0913 | div=0.0103 ip_mean=0.0103 | val_AP=0.5866 test_AP=0.5849
  S2 Epoch 686/1000 [152.9s mem=5370MB] | total=0.0018 task=0.0057 novelty=-0.0910 | div=0.0104 ip_mean=0.0104 | val_AP=0.5880 test_AP=0.5797
  S2 Epoch 687/1000 [149.7s mem=5397MB] | total=0.0013 task=0.0055 novelty=-0.0927 | div=0.0101 ip_mean=0.0101 | val_AP=0.5841 test_AP=0.5866
  S2 Epoch 688/1000 [147.9s mem=5432MB] | total=0.0017 task=0.0053 novelty=-0.0928 | div=0.0113 ip_mean=0.0113 | val_AP=0.5860 test_AP=0.5788
  S2 Epoch 689/1000 [145.8s mem=5476MB] | total=0.0001 task=0.0055 novelty=-0.0915 | div=0.0075 ip_mean=0.0075 | val_AP=0.5896 test_AP=0.5803
    -> New best metrics: gen_loss=0.0001 val_loss=0.8737 val_AP=0.6034
  S2 Epoch 690/1000 [146.3s mem=5400MB] | total=0.0007 task=0.0055 novelty=-0.0917 | div=0.0087 ip_mean=0.0087 | val_AP=0.5850 test_AP=0.5839
  S2 Epoch 691/1000 [157.0s mem=5354MB] | total=0.0013 task=0.0054 novelty=-0.0912 | div=0.0101 ip_mean=0.0101 | val_AP=0.5861 test_AP=0.5816
  S2 Epoch 692/1000 [152.4s mem=5438MB] | total=0.0026 task=0.0053 novelty=-0.0908 | div=0.0127 ip_mean=0.0127 | val_AP=0.5857 test_AP=0.5847
  S2 Epoch 693/1000 [142.9s mem=5418MB] | total=0.0018 task=0.0053 novelty=-0.0908 | div=0.0111 ip_mean=0.0111 | val_AP=0.5925 test_AP=0.5812
  S2 Epoch 694/1000 [157.9s mem=5393MB] | total=0.0015 task=0.0051 novelty=-0.0904 | div=0.0108 ip_mean=0.0108 | val_AP=0.5859 test_AP=0.5791
  S2 Epoch 695/1000 [167.8s mem=5390MB] | total=0.0013 task=0.0056 novelty=-0.0912 | div=0.0095 ip_mean=0.0095 | val_AP=0.5912 test_AP=0.5803
  S2 Epoch 696/1000 [147.8s mem=5354MB] | total=0.0013 task=0.0053 novelty=-0.0904 | div=0.0100 ip_mean=0.0100 | val_AP=0.5873 test_AP=0.5856
  S2 Epoch 697/1000 [142.7s mem=5387MB] | total=0.0026 task=0.0054 novelty=-0.0911 | div=0.0125 ip_mean=0.0125 | val_AP=0.5846 test_AP=0.5877
  S2 Epoch 698/1000 [147.8s mem=5355MB] | total=-0.0002 task=0.0055 novelty=-0.0907 | div=0.0067 ip_mean=0.0067 | val_AP=0.5884 test_AP=0.5847
    -> New best metrics: gen_loss=-0.0002 val_loss=0.8737 val_AP=0.6034
  S2 Epoch 699/1000 [176.9s mem=5393MB] | total=0.0015 task=0.0053 novelty=-0.0916 | div=0.0109 ip_mean=0.0109 | val_AP=0.5855 test_AP=0.5837
  S2 Epoch 700/1000 [161.1s mem=5486MB] | total=0.0016 task=0.0057 novelty=-0.0901 | div=0.0100 ip_mean=0.0100 | val_AP=0.5851 test_AP=0.5825
  S2 Epoch 701/1000 [176.7s mem=5441MB] | total=0.0014 task=0.0055 novelty=-0.0900 | div=0.0098 ip_mean=0.0098 | val_AP=0.5855 test_AP=0.5788
  S2 Epoch 702/1000 [178.1s mem=5394MB] | total=0.0017 task=0.0055 novelty=-0.0910 | div=0.0106 ip_mean=0.0106 | val_AP=0.5859 test_AP=0.5804
  S2 Epoch 703/1000 [182.0s mem=5435MB] | total=0.0003 task=0.0053 novelty=-0.0904 | div=0.0080 ip_mean=0.0080 | val_AP=0.5855 test_AP=0.5760
  S2 Epoch 704/1000 [185.2s mem=5468MB] | total=0.0016 task=0.0053 novelty=-0.0917 | div=0.0110 ip_mean=0.0110 | val_AP=0.5858 test_AP=0.5834
  S2 Epoch 705/1000 [177.1s mem=5422MB] | total=0.0026 task=0.0053 novelty=-0.0907 | div=0.0127 ip_mean=0.0127 | val_AP=0.5865 test_AP=0.5820
  S2 Epoch 706/1000 [160.5s mem=5455MB] | total=0.0010 task=0.0053 novelty=-0.0907 | div=0.0096 ip_mean=0.0096 | val_AP=0.5853 test_AP=0.5738
  S2 Epoch 707/1000 [163.1s mem=5452MB] | total=0.0030 task=0.0054 novelty=-0.0909 | div=0.0134 ip_mean=0.0134 | val_AP=0.5827 test_AP=0.5820
  S2 Epoch 708/1000 [158.0s mem=5434MB] | total=0.0016 task=0.0053 novelty=-0.0896 | div=0.0104 ip_mean=0.0104 | val_AP=0.5841 test_AP=0.5785
  S2 Epoch 709/1000 [153.8s mem=5398MB] | total=0.0009 task=0.0053 novelty=-0.0900 | div=0.0092 ip_mean=0.0092 | val_AP=0.5865 test_AP=0.5824
  S2 Epoch 710/1000 [166.1s mem=5390MB] | total=0.0027 task=0.0054 novelty=-0.0904 | div=0.0127 ip_mean=0.0127 | val_AP=0.5856 test_AP=0.5844
  S2 Epoch 711/1000 [163.8s mem=5365MB] | total=0.0011 task=0.0051 novelty=-0.0915 | div=0.0102 ip_mean=0.0102 | val_AP=0.5846 test_AP=0.5841
  S2 Epoch 712/1000 [181.1s mem=5354MB] | total=0.0009 task=0.0055 novelty=-0.0916 | div=0.0092 ip_mean=0.0092 | val_AP=0.5822 test_AP=0.5823
  S2 Epoch 713/1000 [184.0s mem=5451MB] | total=0.0009 task=0.0054 novelty=-0.0918 | div=0.0095 ip_mean=0.0095 | val_AP=0.5855 test_AP=0.5846
  S2 Epoch 714/1000 [180.6s mem=5353MB] | total=0.0027 task=0.0051 novelty=-0.0911 | div=0.0134 ip_mean=0.0134 | val_AP=0.5834 test_AP=0.5853
  S2 Epoch 715/1000 [176.5s mem=5366MB] | total=0.0028 task=0.0050 novelty=-0.0923 | div=0.0141 ip_mean=0.0141 | val_AP=0.5848 test_AP=0.5841
  S2 Epoch 716/1000 [181.3s mem=5476MB] | total=0.0012 task=0.0052 novelty=-0.0926 | div=0.0106 ip_mean=0.0106 | val_AP=0.5844 test_AP=0.5840
  S2 Epoch 717/1000 [184.8s mem=5419MB] | total=0.0011 task=0.0052 novelty=-0.0938 | div=0.0105 ip_mean=0.0105 | val_AP=0.5857 test_AP=0.5832
  S2 Epoch 718/1000 [179.5s mem=5397MB] | total=0.0024 task=0.0054 novelty=-0.0912 | div=0.0123 ip_mean=0.0123 | val_AP=0.5836 test_AP=0.5830
  S2 Epoch 719/1000 [180.8s mem=5412MB] | total=0.0004 task=0.0051 novelty=-0.0905 | div=0.0086 ip_mean=0.0086 | val_AP=0.5878 test_AP=0.5812
  S2 Epoch 720/1000 [185.5s mem=5423MB] | total=0.0026 task=0.0052 novelty=-0.0913 | div=0.0130 ip_mean=0.0130 | val_AP=0.5873 test_AP=0.5834
  S2 Epoch 721/1000 [179.4s mem=5478MB] | total=0.0005 task=0.0050 novelty=-0.0911 | div=0.0092 ip_mean=0.0092 | val_AP=0.5853 test_AP=0.5819
  S2 Epoch 722/1000 [183.0s mem=5356MB] | total=0.0033 task=0.0053 novelty=-0.0900 | div=0.0141 ip_mean=0.0141 | val_AP=0.5823 test_AP=0.5797
  S2 Epoch 723/1000 [185.1s mem=5367MB] | total=0.0018 task=0.0050 novelty=-0.0908 | div=0.0117 ip_mean=0.0117 | val_AP=0.5826 test_AP=0.5828
  S2 Epoch 724/1000 [181.2s mem=5458MB] | total=0.0006 task=0.0051 novelty=-0.0878 | div=0.0085 ip_mean=0.0085 | val_AP=0.5857 test_AP=0.5758
  S2 Epoch 725/1000 [180.3s mem=5436MB] | total=0.0017 task=0.0051 novelty=-0.0896 | div=0.0111 ip_mean=0.0111 | val_AP=0.5886 test_AP=0.5860
  S2 Epoch 726/1000 [177.2s mem=5503MB] | total=0.0006 task=0.0050 novelty=-0.0906 | div=0.0094 ip_mean=0.0094 | val_AP=0.5876 test_AP=0.5838
  S2 Epoch 727/1000 [178.0s mem=5431MB] | total=0.0005 task=0.0054 novelty=-0.0917 | div=0.0087 ip_mean=0.0087 | val_AP=0.5890 test_AP=0.5819
  S2 Epoch 728/1000 [183.4s mem=5355MB] | total=0.0023 task=0.0050 novelty=-0.0902 | div=0.0127 ip_mean=0.0127 | val_AP=0.5878 test_AP=0.5798
  S2 Epoch 729/1000 [178.6s mem=5507MB] | total=0.0010 task=0.0050 novelty=-0.0894 | div=0.0098 ip_mean=0.0098 | val_AP=0.5864 test_AP=0.5860
  S2 Epoch 730/1000 [180.4s mem=5396MB] | total=0.0013 task=0.0051 novelty=-0.0923 | div=0.0108 ip_mean=0.0108 | val_AP=0.5862 test_AP=0.5793
  S2 Epoch 731/1000 [177.9s mem=5354MB] | total=0.0018 task=0.0051 novelty=-0.0919 | div=0.0117 ip_mean=0.0117 | val_AP=0.5895 test_AP=0.5809
  S2 Epoch 732/1000 [182.0s mem=5484MB] | total=0.0008 task=0.0049 novelty=-0.0902 | div=0.0099 ip_mean=0.0099 | val_AP=0.5874 test_AP=0.5843
  S2 Epoch 733/1000 [183.5s mem=5456MB] | total=-0.0007 task=0.0053 novelty=-0.0904 | div=0.0062 ip_mean=0.0062 | val_AP=0.5874 test_AP=0.5800
    -> New best metrics: gen_loss=-0.0007 val_loss=0.8737 val_AP=0.6034
  S2 Epoch 734/1000 [182.6s mem=5402MB] | total=0.0008 task=0.0049 novelty=-0.0924 | div=0.0103 ip_mean=0.0103 | val_AP=0.5886 test_AP=0.5858
  S2 Epoch 735/1000 [185.6s mem=5361MB] | total=0.0008 task=0.0050 novelty=-0.0919 | div=0.0101 ip_mean=0.0101 | val_AP=0.5874 test_AP=0.5828
  S2 Epoch 736/1000 [181.9s mem=5392MB] | total=0.0001 task=0.0051 novelty=-0.0931 | div=0.0087 ip_mean=0.0087 | val_AP=0.5856 test_AP=0.5826
  S2 Epoch 737/1000 [183.4s mem=5390MB] | total=0.0007 task=0.0050 novelty=-0.0947 | div=0.0103 ip_mean=0.0103 | val_AP=0.5857 test_AP=0.5826
  S2 Epoch 738/1000 [183.6s mem=5406MB] | total=0.0021 task=0.0051 novelty=-0.0944 | div=0.0129 ip_mean=0.0129 | val_AP=0.5864 test_AP=0.5801
  S2 Epoch 739/1000 [181.2s mem=5354MB] | total=0.0020 task=0.0052 novelty=-0.0933 | div=0.0124 ip_mean=0.0124 | val_AP=0.5857 test_AP=0.5832
  S2 Epoch 740/1000 [181.3s mem=5374MB] | total=0.0004 task=0.0048 novelty=-0.0926 | div=0.0096 ip_mean=0.0096 | val_AP=0.5847 test_AP=0.5843
  S2 Epoch 741/1000 [180.8s mem=5470MB] | total=0.0015 task=0.0049 novelty=-0.0918 | div=0.0115 ip_mean=0.0115 | val_AP=0.5842 test_AP=0.5841
  S2 Epoch 742/1000 [183.3s mem=5472MB] | total=0.0013 task=0.0051 novelty=-0.0914 | div=0.0107 ip_mean=0.0107 | val_AP=0.5848 test_AP=0.5811
  S2 Epoch 743/1000 [181.4s mem=5465MB] | total=0.0011 task=0.0049 novelty=-0.0924 | div=0.0108 ip_mean=0.0108 | val_AP=0.5847 test_AP=0.5798
  S2 Epoch 744/1000 [180.1s mem=5367MB] | total=0.0007 task=0.0050 novelty=-0.0916 | div=0.0098 ip_mean=0.0098 | val_AP=0.5808 test_AP=0.5809
  S2 Epoch 745/1000 [184.2s mem=5483MB] | total=0.0010 task=0.0049 novelty=-0.0912 | div=0.0103 ip_mean=0.0103 | val_AP=0.5819 test_AP=0.5828
  S2 Epoch 746/1000 [182.9s mem=5478MB] | total=0.0005 task=0.0050 novelty=-0.0925 | div=0.0094 ip_mean=0.0094 | val_AP=0.5829 test_AP=0.5774
  S2 Epoch 747/1000 [184.7s mem=5373MB] | total=0.0013 task=0.0048 novelty=-0.0934 | div=0.0116 ip_mean=0.0116 | val_AP=0.5854 test_AP=0.5828
  S2 Epoch 748/1000 [184.1s mem=5502MB] | total=0.0024 task=0.0050 novelty=-0.0924 | div=0.0133 ip_mean=0.0133 | val_AP=0.5856 test_AP=0.5849
  S2 Epoch 749/1000 [183.8s mem=5539MB] | total=-0.0007 task=0.0047 novelty=-0.0936 | div=0.0080 ip_mean=0.0080 | val_AP=0.5847 test_AP=0.5838
    -> New best metrics: gen_loss=-0.0007 val_loss=0.8737 val_AP=0.6034
  S2 Epoch 750/1000 [177.6s mem=5354MB] | total=0.0003 task=0.0047 novelty=-0.0933 | div=0.0098 ip_mean=0.0098 | val_AP=0.5838 test_AP=0.5841
  S2 Epoch 751/1000 [181.4s mem=5475MB] | total=0.0009 task=0.0049 novelty=-0.0929 | div=0.0106 ip_mean=0.0106 | val_AP=0.5835 test_AP=0.5820
  S2 Epoch 752/1000 [184.1s mem=5503MB] | total=0.0002 task=0.0050 novelty=-0.0919 | div=0.0089 ip_mean=0.0089 | val_AP=0.5849 test_AP=0.5798
  S2 Epoch 753/1000 [184.3s mem=5446MB] | total=0.0010 task=0.0049 novelty=-0.0897 | div=0.0102 ip_mean=0.0102 | val_AP=0.5854 test_AP=0.5775
  S2 Epoch 754/1000 [179.5s mem=5362MB] | total=0.0000 task=0.0047 novelty=-0.0909 | div=0.0089 ip_mean=0.0089 | val_AP=0.5853 test_AP=0.5818
  S2 Epoch 755/1000 [183.1s mem=5514MB] | total=0.0013 task=0.0046 novelty=-0.0904 | div=0.0115 ip_mean=0.0115 | val_AP=0.5853 test_AP=0.5832
  S2 Epoch 756/1000 [184.9s mem=5451MB] | total=-0.0004 task=0.0050 novelty=-0.0909 | div=0.0073 ip_mean=0.0073 | val_AP=0.5858 test_AP=0.5813
  S2 Epoch 757/1000 [181.7s mem=5368MB] | total=0.0003 task=0.0047 novelty=-0.0914 | div=0.0094 ip_mean=0.0094 | val_AP=0.5860 test_AP=0.5829
  S2 Epoch 758/1000 [180.2s mem=5354MB] | total=0.0007 task=0.0049 novelty=-0.0925 | div=0.0102 ip_mean=0.0102 | val_AP=0.5848 test_AP=0.5816
  S2 Epoch 759/1000 [180.2s mem=5498MB] | total=0.0005 task=0.0047 novelty=-0.0917 | div=0.0100 ip_mean=0.0100 | val_AP=0.5824 test_AP=0.5852
  S2 Epoch 760/1000 [181.5s mem=5391MB] | total=0.0023 task=0.0048 novelty=-0.0902 | div=0.0130 ip_mean=0.0130 | val_AP=0.5858 test_AP=0.5839
  S2 Epoch 761/1000 [181.2s mem=5520MB] | total=0.0014 task=0.0051 novelty=-0.0893 | div=0.0104 ip_mean=0.0104 | val_AP=0.5860 test_AP=0.5836
  S2 Epoch 762/1000 [182.2s mem=5383MB] | total=0.0001 task=0.0048 novelty=-0.0885 | div=0.0083 ip_mean=0.0083 | val_AP=0.5836 test_AP=0.5839
  S2 Epoch 763/1000 [180.5s mem=5436MB] | total=0.0006 task=0.0047 novelty=-0.0883 | div=0.0093 ip_mean=0.0093 | val_AP=0.5828 test_AP=0.5830
  S2 Epoch 764/1000 [184.2s mem=5375MB] | total=0.0004 task=0.0046 novelty=-0.0898 | div=0.0095 ip_mean=0.0095 | val_AP=0.5839 test_AP=0.5818
  S2 Epoch 765/1000 [183.9s mem=5376MB] | total=0.0002 task=0.0048 novelty=-0.0897 | div=0.0088 ip_mean=0.0088 | val_AP=0.5846 test_AP=0.5831
  S2 Epoch 766/1000 [186.7s mem=5355MB] | total=0.0021 task=0.0049 novelty=-0.0888 | div=0.0121 ip_mean=0.0121 | val_AP=0.5857 test_AP=0.5843
  S2 Epoch 767/1000 [180.1s mem=5510MB] | total=0.0007 task=0.0048 novelty=-0.0888 | div=0.0096 ip_mean=0.0096 | val_AP=0.5823 test_AP=0.5819
  S2 Epoch 768/1000 [180.6s mem=5414MB] | total=0.0008 task=0.0049 novelty=-0.0883 | div=0.0094 ip_mean=0.0094 | val_AP=0.5839 test_AP=0.5813
  S2 Epoch 769/1000 [182.6s mem=5485MB] | total=0.0007 task=0.0045 novelty=-0.0903 | div=0.0104 ip_mean=0.0104 | val_AP=0.5872 test_AP=0.5825
  S2 Epoch 770/1000 [183.8s mem=5412MB] | total=0.0022 task=0.0048 novelty=-0.0917 | div=0.0132 ip_mean=0.0132 | val_AP=0.5879 test_AP=0.5833
  S2 Epoch 771/1000 [180.5s mem=5416MB] | total=0.0024 task=0.0047 novelty=-0.0922 | div=0.0140 ip_mean=0.0140 | val_AP=0.5841 test_AP=0.5845
  S2 Epoch 772/1000 [179.7s mem=5363MB] | total=0.0011 task=0.0045 novelty=-0.0897 | div=0.0110 ip_mean=0.0110 | val_AP=0.5852 test_AP=0.5842
  S2 Epoch 773/1000 [180.3s mem=5541MB] | total=-0.0009 task=0.0046 novelty=-0.0901 | div=0.0072 ip_mean=0.0072 | val_AP=0.5843 test_AP=0.5832
    -> New best metrics: gen_loss=-0.0009 val_loss=0.8737 val_AP=0.6034
  S2 Epoch 774/1000 [181.1s mem=5427MB] | total=0.0024 task=0.0047 novelty=-0.0903 | div=0.0133 ip_mean=0.0133 | val_AP=0.5868 test_AP=0.5765
  S2 Epoch 775/1000 [178.7s mem=5416MB] | total=0.0005 task=0.0047 novelty=-0.0907 | div=0.0097 ip_mean=0.0097 | val_AP=0.5858 test_AP=0.5786
  S2 Epoch 776/1000 [187.6s mem=5368MB] | total=0.0014 task=0.0046 novelty=-0.0929 | div=0.0123 ip_mean=0.0123 | val_AP=0.5877 test_AP=0.5795
  S2 Epoch 777/1000 [183.3s mem=5353MB] | total=0.0009 task=0.0046 novelty=-0.0932 | div=0.0112 ip_mean=0.0112 | val_AP=0.5838 test_AP=0.5820
  S2 Epoch 778/1000 [182.6s mem=5379MB] | total=0.0001 task=0.0047 novelty=-0.0926 | div=0.0094 ip_mean=0.0094 | val_AP=0.5840 test_AP=0.5817
  S2 Epoch 779/1000 [181.5s mem=5453MB] | total=0.0001 task=0.0048 novelty=-0.0918 | div=0.0090 ip_mean=0.0090 | val_AP=0.5854 test_AP=0.5821
  S2 Epoch 780/1000 [180.5s mem=5418MB] | total=0.0018 task=0.0046 novelty=-0.0916 | div=0.0126 ip_mean=0.0126 | val_AP=0.5830 test_AP=0.5836
  S2 Epoch 781/1000 [184.9s mem=5396MB] | total=0.0007 task=0.0047 novelty=-0.0915 | div=0.0102 ip_mean=0.0102 | val_AP=0.5835 test_AP=0.5904
  S2 Epoch 782/1000 [183.1s mem=5354MB] | total=-0.0005 task=0.0046 novelty=-0.0907 | div=0.0080 ip_mean=0.0080 | val_AP=0.5836 test_AP=0.5860
  S2 Epoch 783/1000 [185.0s mem=5390MB] | total=-0.0001 task=0.0046 novelty=-0.0905 | div=0.0086 ip_mean=0.0086 | val_AP=0.5865 test_AP=0.5825
  S2 Epoch 784/1000 [178.1s mem=5511MB] | total=0.0014 task=0.0045 novelty=-0.0906 | div=0.0120 ip_mean=0.0120 | val_AP=0.5870 test_AP=0.5829
  S2 Epoch 785/1000 [182.6s mem=5354MB] | total=0.0005 task=0.0046 novelty=-0.0899 | div=0.0098 ip_mean=0.0098 | val_AP=0.5836 test_AP=0.5818
  S2 Epoch 786/1000 [183.4s mem=5371MB] | total=0.0003 task=0.0046 novelty=-0.0896 | div=0.0093 ip_mean=0.0093 | val_AP=0.5843 test_AP=0.5800
  S2 Epoch 787/1000 [185.6s mem=5421MB] | total=-0.0012 task=0.0044 novelty=-0.0892 | div=0.0067 ip_mean=0.0067 | val_AP=0.5846 test_AP=0.5832
    -> New best metrics: gen_loss=-0.0012 val_loss=0.8737 val_AP=0.6034
  S2 Epoch 788/1000 [186.0s mem=5488MB] | total=0.0002 task=0.0047 novelty=-0.0894 | div=0.0089 ip_mean=0.0089 | val_AP=0.5832 test_AP=0.5808
  S2 Epoch 789/1000 [185.4s mem=5365MB] | total=0.0002 task=0.0045 novelty=-0.0899 | div=0.0094 ip_mean=0.0094 | val_AP=0.5846 test_AP=0.5843
  S2 Epoch 790/1000 [186.1s mem=5430MB] | total=0.0014 task=0.0044 novelty=-0.0897 | div=0.0118 ip_mean=0.0118 | val_AP=0.5839 test_AP=0.5828
  S2 Epoch 791/1000 [180.7s mem=5439MB] | total=-0.0001 task=0.0045 novelty=-0.0900 | div=0.0088 ip_mean=0.0088 | val_AP=0.5856 test_AP=0.5825
  S2 Epoch 792/1000 [185.3s mem=5388MB] | total=0.0007 task=0.0044 novelty=-0.0911 | div=0.0108 ip_mean=0.0108 | val_AP=0.5830 test_AP=0.5842
  S2 Epoch 793/1000 [183.8s mem=5423MB] | total=-0.0012 task=0.0045 novelty=-0.0909 | div=0.0068 ip_mean=0.0068 | val_AP=0.5801 test_AP=0.5854
  S2 Epoch 794/1000 [182.2s mem=5355MB] | total=0.0008 task=0.0044 novelty=-0.0913 | div=0.0111 ip_mean=0.0111 | val_AP=0.5819 test_AP=0.5771
  S2 Epoch 795/1000 [181.7s mem=5361MB] | total=0.0001 task=0.0043 novelty=-0.0902 | div=0.0097 ip_mean=0.0097 | val_AP=0.5822 test_AP=0.5828
  S2 Epoch 796/1000 [184.0s mem=5433MB] | total=-0.0006 task=0.0044 novelty=-0.0902 | div=0.0079 ip_mean=0.0079 | val_AP=0.5823 test_AP=0.5812
  S2 Epoch 797/1000 [185.1s mem=5376MB] | total=-0.0001 task=0.0047 novelty=-0.0902 | div=0.0084 ip_mean=0.0084 | val_AP=0.5857 test_AP=0.5798
  S2 Epoch 798/1000 [184.6s mem=5432MB] | total=0.0009 task=0.0047 novelty=-0.0897 | div=0.0104 ip_mean=0.0104 | val_AP=0.5879 test_AP=0.5831
  S2 Epoch 799/1000 [184.9s mem=5480MB] | total=0.0003 task=0.0045 novelty=-0.0896 | div=0.0096 ip_mean=0.0096 | val_AP=0.5826 test_AP=0.5791
  S2 Epoch 800/1000 [185.8s mem=5383MB] | total=0.0003 task=0.0044 novelty=-0.0887 | div=0.0095 ip_mean=0.0095 | val_AP=0.5857 test_AP=0.5836
  S2 Epoch 801/1000 [185.0s mem=5516MB] | total=0.0009 task=0.0043 novelty=-0.0903 | div=0.0112 ip_mean=0.0112 | val_AP=0.5852 test_AP=0.5808
  S2 Epoch 802/1000 [181.6s mem=5365MB] | total=0.0007 task=0.0044 novelty=-0.0906 | div=0.0107 ip_mean=0.0107 | val_AP=0.5847 test_AP=0.5833
  S2 Epoch 803/1000 [186.3s mem=5417MB] | total=0.0017 task=0.0044 novelty=-0.0904 | div=0.0128 ip_mean=0.0128 | val_AP=0.5850 test_AP=0.5804
  S2 Epoch 804/1000 [186.3s mem=5399MB] | total=-0.0010 task=0.0044 novelty=-0.0901 | div=0.0072 ip_mean=0.0072 | val_AP=0.5836 test_AP=0.5831
  S2 Epoch 805/1000 [183.9s mem=5504MB] | total=-0.0009 task=0.0043 novelty=-0.0918 | div=0.0080 ip_mean=0.0080 | val_AP=0.5872 test_AP=0.5833
  S2 Epoch 806/1000 [177.9s mem=5469MB] | total=-0.0008 task=0.0044 novelty=-0.0915 | div=0.0078 ip_mean=0.0078 | val_AP=0.5875 test_AP=0.5802
  S2 Epoch 807/1000 [181.1s mem=5444MB] | total=-0.0004 task=0.0045 novelty=-0.0912 | div=0.0086 ip_mean=0.0086 | val_AP=0.5849 test_AP=0.5846
  S2 Epoch 808/1000 [186.0s mem=5477MB] | total=-0.0014 task=0.0044 novelty=-0.0917 | div=0.0067 ip_mean=0.0067 | val_AP=0.5837 test_AP=0.5810
    -> New best metrics: gen_loss=-0.0014 val_loss=0.8737 val_AP=0.6034
  S2 Epoch 809/1000 [183.1s mem=5381MB] | total=-0.0003 task=0.0046 novelty=-0.0913 | div=0.0085 ip_mean=0.0085 | val_AP=0.5848 test_AP=0.5809
  S2 Epoch 810/1000 [184.3s mem=5436MB] | total=-0.0018 task=0.0043 novelty=-0.0911 | div=0.0060 ip_mean=0.0060 | val_AP=0.5855 test_AP=0.5880
    -> New best metrics: gen_loss=-0.0018 val_loss=0.8737 val_AP=0.6034
  S2 Epoch 811/1000 [181.9s mem=5498MB] | total=0.0010 task=0.0044 novelty=-0.0916 | div=0.0115 ip_mean=0.0115 | val_AP=0.5845 test_AP=0.5836
  S2 Epoch 812/1000 [184.0s mem=5506MB] | total=0.0007 task=0.0044 novelty=-0.0905 | div=0.0107 ip_mean=0.0107 | val_AP=0.5845 test_AP=0.5764
  S2 Epoch 813/1000 [184.5s mem=5383MB] | total=-0.0011 task=0.0051 novelty=-0.0913 | div=0.0060 ip_mean=0.0060 | val_AP=0.5873 test_AP=0.5765
  S2 Epoch 814/1000 [185.5s mem=5413MB] | total=0.0005 task=0.0045 novelty=-0.0908 | div=0.0102 ip_mean=0.0102 | val_AP=0.5870 test_AP=0.5776
  S2 Epoch 815/1000 [180.7s mem=5474MB] | total=0.0006 task=0.0044 novelty=-0.0913 | div=0.0106 ip_mean=0.0106 | val_AP=0.5823 test_AP=0.5808
  S2 Epoch 816/1000 [181.2s mem=5358MB] | total=0.0013 task=0.0043 novelty=-0.0927 | div=0.0126 ip_mean=0.0126 | val_AP=0.5845 test_AP=0.5833
  S2 Epoch 817/1000 [183.2s mem=5467MB] | total=0.0005 task=0.0044 novelty=-0.0914 | div=0.0103 ip_mean=0.0103 | val_AP=0.5828 test_AP=0.5819
  S2 Epoch 818/1000 [181.4s mem=5483MB] | total=0.0001 task=0.0043 novelty=-0.0920 | div=0.0100 ip_mean=0.0100 | val_AP=0.5858 test_AP=0.5827
  S2 Epoch 819/1000 [181.3s mem=5374MB] | total=0.0018 task=0.0044 novelty=-0.0927 | div=0.0133 ip_mean=0.0133 | val_AP=0.5849 test_AP=0.5798
  S2 Epoch 820/1000 [182.7s mem=5389MB] | total=0.0005 task=0.0042 novelty=-0.0926 | div=0.0110 ip_mean=0.0110 | val_AP=0.5890 test_AP=0.5811
  S2 Epoch 821/1000 [188.0s mem=5436MB] | total=0.0007 task=0.0042 novelty=-0.0935 | div=0.0117 ip_mean=0.0117 | val_AP=0.5813 test_AP=0.5830
  S2 Epoch 822/1000 [182.2s mem=5353MB] | total=-0.0003 task=0.0043 novelty=-0.0930 | div=0.0095 ip_mean=0.0095 | val_AP=0.5816 test_AP=0.5815
  S2 Epoch 823/1000 [180.9s mem=5456MB] | total=0.0007 task=0.0042 novelty=-0.0918 | div=0.0113 ip_mean=0.0113 | val_AP=0.5855 test_AP=0.5808
  S2 Epoch 824/1000 [167.8s mem=5355MB] | total=-0.0012 task=0.0043 novelty=-0.0922 | div=0.0074 ip_mean=0.0074 | val_AP=0.5849 test_AP=0.5817
  S2 Epoch 825/1000 [172.0s mem=5470MB] | total=-0.0001 task=0.0044 novelty=-0.0913 | div=0.0093 ip_mean=0.0093 | val_AP=0.5850 test_AP=0.5825
  S2 Epoch 826/1000 [168.4s mem=5419MB] | total=0.0022 task=0.0042 novelty=-0.0915 | div=0.0143 ip_mean=0.0143 | val_AP=0.5878 test_AP=0.5817
  S2 Epoch 827/1000 [164.9s mem=5403MB] | total=0.0009 task=0.0043 novelty=-0.0915 | div=0.0116 ip_mean=0.0116 | val_AP=0.5875 test_AP=0.5843
  S2 Epoch 828/1000 [165.7s mem=5372MB] | total=0.0013 task=0.0044 novelty=-0.0926 | div=0.0124 ip_mean=0.0124 | val_AP=0.5830 test_AP=0.5771
  S2 Epoch 829/1000 [166.8s mem=5497MB] | total=0.0003 task=0.0042 novelty=-0.0918 | div=0.0107 ip_mean=0.0107 | val_AP=0.5831 test_AP=0.5846
  S2 Epoch 830/1000 [170.0s mem=5361MB] | total=-0.0004 task=0.0042 novelty=-0.0912 | div=0.0090 ip_mean=0.0090 | val_AP=0.5814 test_AP=0.5817
  S2 Epoch 831/1000 [187.3s mem=5354MB] | total=-0.0003 task=0.0041 novelty=-0.0907 | div=0.0093 ip_mean=0.0093 | val_AP=0.5821 test_AP=0.5854
  S2 Epoch 832/1000 [181.6s mem=5489MB] | total=-0.0010 task=0.0043 novelty=-0.0904 | div=0.0076 ip_mean=0.0076 | val_AP=0.5856 test_AP=0.5813
  S2 Epoch 833/1000 [189.1s mem=5475MB] | total=0.0008 task=0.0044 novelty=-0.0918 | div=0.0112 ip_mean=0.0112 | val_AP=0.5823 test_AP=0.5781
  S2 Epoch 834/1000 [186.6s mem=5390MB] | total=0.0000 task=0.0041 novelty=-0.0908 | div=0.0100 ip_mean=0.0100 | val_AP=0.5810 test_AP=0.5883
  S2 Epoch 835/1000 [182.7s mem=5360MB] | total=-0.0012 task=0.0043 novelty=-0.0917 | div=0.0074 ip_mean=0.0074 | val_AP=0.5815 test_AP=0.5790
  S2 Epoch 836/1000 [180.4s mem=5474MB] | total=-0.0006 task=0.0042 novelty=-0.0920 | div=0.0090 ip_mean=0.0090 | val_AP=0.5823 test_AP=0.5824
  S2 Epoch 837/1000 [183.0s mem=5467MB] | total=-0.0001 task=0.0046 novelty=-0.0918 | div=0.0089 ip_mean=0.0089 | val_AP=0.5816 test_AP=0.5801
  S2 Epoch 838/1000 [186.7s mem=5413MB] | total=-0.0005 task=0.0044 novelty=-0.0903 | div=0.0084 ip_mean=0.0084 | val_AP=0.5813 test_AP=0.5792
  S2 Epoch 839/1000 [183.0s mem=5372MB] | total=0.0005 task=0.0043 novelty=-0.0901 | div=0.0104 ip_mean=0.0104 | val_AP=0.5822 test_AP=0.5811
  S2 Epoch 840/1000 [184.4s mem=5473MB] | total=-0.0003 task=0.0043 novelty=-0.0903 | div=0.0090 ip_mean=0.0090 | val_AP=0.5814 test_AP=0.5790
  S2 Epoch 841/1000 [182.4s mem=5440MB] | total=0.0011 task=0.0042 novelty=-0.0905 | div=0.0120 ip_mean=0.0120 | val_AP=0.5821 test_AP=0.5836
  S2 Epoch 842/1000 [184.4s mem=5447MB] | total=0.0010 task=0.0043 novelty=-0.0898 | div=0.0114 ip_mean=0.0114 | val_AP=0.5858 test_AP=0.5761
  S2 Epoch 843/1000 [183.5s mem=5388MB] | total=0.0004 task=0.0042 novelty=-0.0903 | div=0.0104 ip_mean=0.0104 | val_AP=0.5857 test_AP=0.5766
  S2 Epoch 844/1000 [183.2s mem=5415MB] | total=-0.0005 task=0.0042 novelty=-0.0903 | div=0.0085 ip_mean=0.0085 | val_AP=0.5803 test_AP=0.5791
  S2 Epoch 845/1000 [182.6s mem=5389MB] | total=-0.0005 task=0.0040 novelty=-0.0909 | div=0.0091 ip_mean=0.0091 | val_AP=0.5855 test_AP=0.5801
  S2 Epoch 846/1000 [183.3s mem=5361MB] | total=0.0009 task=0.0042 novelty=-0.0904 | div=0.0115 ip_mean=0.0115 | val_AP=0.5848 test_AP=0.5772
  S2 Epoch 847/1000 [181.8s mem=5430MB] | total=0.0011 task=0.0042 novelty=-0.0903 | div=0.0119 ip_mean=0.0119 | val_AP=0.5839 test_AP=0.5780
  S2 Epoch 848/1000 [184.5s mem=5392MB] | total=-0.0001 task=0.0043 novelty=-0.0904 | div=0.0093 ip_mean=0.0093 | val_AP=0.5814 test_AP=0.5799
  S2 Epoch 849/1000 [182.3s mem=5354MB] | total=-0.0014 task=0.0042 novelty=-0.0908 | div=0.0069 ip_mean=0.0069 | val_AP=0.5812 test_AP=0.5765
  S2 Epoch 850/1000 [180.0s mem=5354MB] | total=-0.0009 task=0.0046 novelty=-0.0914 | div=0.0074 ip_mean=0.0074 | val_AP=0.5854 test_AP=0.5837
  S2 Epoch 851/1000 [183.2s mem=5425MB] | total=0.0001 task=0.0043 novelty=-0.0913 | div=0.0099 ip_mean=0.0099 | val_AP=0.5816 test_AP=0.5824
  S2 Epoch 852/1000 [182.1s mem=5450MB] | total=0.0006 task=0.0041 novelty=-0.0898 | div=0.0108 ip_mean=0.0108 | val_AP=0.5862 test_AP=0.5801
  S2 Epoch 853/1000 [184.6s mem=5493MB] | total=0.0015 task=0.0041 novelty=-0.0900 | div=0.0129 ip_mean=0.0129 | val_AP=0.5831 test_AP=0.5784
  S2 Epoch 854/1000 [184.4s mem=5365MB] | total=0.0001 task=0.0041 novelty=-0.0898 | div=0.0098 ip_mean=0.0098 | val_AP=0.5846 test_AP=0.5778
  S2 Epoch 855/1000 [177.9s mem=5399MB] | total=0.0001 task=0.0042 novelty=-0.0903 | div=0.0098 ip_mean=0.0098 | val_AP=0.5851 test_AP=0.5787
  S2 Epoch 856/1000 [182.2s mem=5421MB] | total=0.0004 task=0.0041 novelty=-0.0915 | div=0.0108 ip_mean=0.0108 | val_AP=0.5850 test_AP=0.5779
  S2 Epoch 857/1000 [185.2s mem=5437MB] | total=0.0020 task=0.0041 novelty=-0.0923 | div=0.0142 ip_mean=0.0142 | val_AP=0.5854 test_AP=0.5755
  S2 Epoch 858/1000 [183.8s mem=5420MB] | total=0.0010 task=0.0042 novelty=-0.0912 | div=0.0119 ip_mean=0.0119 | val_AP=0.5829 test_AP=0.5828
  S2 Epoch 859/1000 [183.1s mem=5400MB] | total=0.0002 task=0.0042 novelty=-0.0916 | div=0.0104 ip_mean=0.0104 | val_AP=0.5807 test_AP=0.5790
  S2 Epoch 860/1000 [182.7s mem=5501MB] | total=0.0006 task=0.0042 novelty=-0.0912 | div=0.0110 ip_mean=0.0110 | val_AP=0.5833 test_AP=0.5838
  S2 Epoch 861/1000 [183.7s mem=5492MB] | total=0.0012 task=0.0040 novelty=-0.0906 | div=0.0125 ip_mean=0.0125 | val_AP=0.5850 test_AP=0.5806
  S2 Epoch 862/1000 [177.6s mem=5482MB] | total=-0.0015 task=0.0041 novelty=-0.0905 | div=0.0069 ip_mean=0.0069 | val_AP=0.5862 test_AP=0.5808
  S2 Epoch 863/1000 [180.9s mem=5354MB] | total=-0.0004 task=0.0041 novelty=-0.0907 | div=0.0092 ip_mean=0.0092 | val_AP=0.5834 test_AP=0.5768
  S2 Epoch 864/1000 [178.3s mem=5472MB] | total=-0.0011 task=0.0040 novelty=-0.0911 | div=0.0081 ip_mean=0.0081 | val_AP=0.5823 test_AP=0.5795
  S2 Epoch 865/1000 [183.7s mem=5388MB] | total=-0.0007 task=0.0041 novelty=-0.0914 | div=0.0087 ip_mean=0.0087 | val_AP=0.5835 test_AP=0.5781
  S2 Epoch 866/1000 [185.9s mem=5399MB] | total=0.0011 task=0.0041 novelty=-0.0916 | div=0.0123 ip_mean=0.0123 | val_AP=0.5849 test_AP=0.5810
  S2 Epoch 867/1000 [179.2s mem=5391MB] | total=0.0014 task=0.0041 novelty=-0.0913 | div=0.0129 ip_mean=0.0129 | val_AP=0.5805 test_AP=0.5824
  S2 Epoch 868/1000 [178.8s mem=5355MB] | total=0.0007 task=0.0041 novelty=-0.0912 | div=0.0113 ip_mean=0.0113 | val_AP=0.5824 test_AP=0.5815
  S2 Epoch 869/1000 [168.8s mem=5498MB] | total=0.0004 task=0.0040 novelty=-0.0909 | div=0.0110 ip_mean=0.0110 | val_AP=0.5838 test_AP=0.5786
  S2 Epoch 870/1000 [162.2s mem=5522MB] | total=0.0023 task=0.0040 novelty=-0.0914 | div=0.0148 ip_mean=0.0148 | val_AP=0.5807 test_AP=0.5764
  S2 Epoch 871/1000 [171.7s mem=5444MB] | total=0.0003 task=0.0042 novelty=-0.0912 | div=0.0105 ip_mean=0.0105 | val_AP=0.5870 test_AP=0.5741
  S2 Epoch 872/1000 [172.7s mem=5354MB] | total=0.0015 task=0.0041 novelty=-0.0908 | div=0.0130 ip_mean=0.0130 | val_AP=0.5838 test_AP=0.5757
  S2 Epoch 873/1000 [170.1s mem=5447MB] | total=0.0015 task=0.0040 novelty=-0.0913 | div=0.0133 ip_mean=0.0133 | val_AP=0.5814 test_AP=0.5772
  S2 Epoch 874/1000 [169.6s mem=5364MB] | total=-0.0008 task=0.0039 novelty=-0.0911 | div=0.0089 ip_mean=0.0089 | val_AP=0.5823 test_AP=0.5770
  S2 Epoch 875/1000 [157.7s mem=5431MB] | total=-0.0002 task=0.0040 novelty=-0.0913 | div=0.0099 ip_mean=0.0099 | val_AP=0.5802 test_AP=0.5784
  S2 Epoch 876/1000 [164.6s mem=5450MB] | total=-0.0008 task=0.0042 novelty=-0.0915 | div=0.0082 ip_mean=0.0082 | val_AP=0.5848 test_AP=0.5800
  S2 Epoch 877/1000 [169.7s mem=5497MB] | total=0.0012 task=0.0042 novelty=-0.0915 | div=0.0123 ip_mean=0.0123 | val_AP=0.5837 test_AP=0.5823
  S2 Epoch 878/1000 [177.1s mem=5377MB] | total=-0.0013 task=0.0041 novelty=-0.0914 | div=0.0074 ip_mean=0.0074 | val_AP=0.5838 test_AP=0.5800
  S2 Epoch 879/1000 [169.1s mem=5505MB] | total=-0.0008 task=0.0040 novelty=-0.0910 | div=0.0086 ip_mean=0.0086 | val_AP=0.5811 test_AP=0.5782
  S2 Epoch 880/1000 [172.3s mem=5489MB] | total=0.0012 task=0.0041 novelty=-0.0919 | div=0.0125 ip_mean=0.0125 | val_AP=0.5797 test_AP=0.5821
  S2 Epoch 881/1000 [168.7s mem=5510MB] | total=-0.0001 task=0.0040 novelty=-0.0917 | div=0.0102 ip_mean=0.0102 | val_AP=0.5838 test_AP=0.5779
  S2 Epoch 882/1000 [162.6s mem=5478MB] | total=-0.0003 task=0.0041 novelty=-0.0905 | div=0.0094 ip_mean=0.0094 | val_AP=0.5819 test_AP=0.5785
  S2 Epoch 883/1000 [163.7s mem=5507MB] | total=0.0011 task=0.0041 novelty=-0.0912 | div=0.0124 ip_mean=0.0124 | val_AP=0.5837 test_AP=0.5832
  S2 Epoch 884/1000 [168.5s mem=5487MB] | total=0.0021 task=0.0041 novelty=-0.0909 | div=0.0143 ip_mean=0.0143 | val_AP=0.5806 test_AP=0.5788
  S2 Epoch 885/1000 [166.4s mem=5502MB] | total=-0.0011 task=0.0039 novelty=-0.0911 | div=0.0081 ip_mean=0.0081 | val_AP=0.5860 test_AP=0.5791
  S2 Epoch 886/1000 [162.1s mem=5513MB] | total=0.0006 task=0.0042 novelty=-0.0903 | div=0.0107 ip_mean=0.0107 | val_AP=0.5831 test_AP=0.5777
  S2 Epoch 887/1000 [173.9s mem=5435MB] | total=-0.0009 task=0.0039 novelty=-0.0904 | div=0.0084 ip_mean=0.0084 | val_AP=0.5785 test_AP=0.5810
  S2 Epoch 888/1000 [180.5s mem=5485MB] | total=-0.0012 task=0.0039 novelty=-0.0899 | div=0.0078 ip_mean=0.0078 | val_AP=0.5863 test_AP=0.5812
  S2 Epoch 889/1000 [182.1s mem=5389MB] | total=-0.0000 task=0.0041 novelty=-0.0900 | div=0.0097 ip_mean=0.0097 | val_AP=0.5824 test_AP=0.5791
  S2 Epoch 890/1000 [180.6s mem=5355MB] | total=0.0003 task=0.0040 novelty=-0.0911 | div=0.0107 ip_mean=0.0107 | val_AP=0.5811 test_AP=0.5781
  S2 Epoch 891/1000 [178.1s mem=5436MB] | total=0.0007 task=0.0040 novelty=-0.0897 | div=0.0113 ip_mean=0.0113 | val_AP=0.5811 test_AP=0.5789
  S2 Epoch 892/1000 [178.7s mem=5468MB] | total=0.0016 task=0.0041 novelty=-0.0900 | div=0.0130 ip_mean=0.0130 | val_AP=0.5839 test_AP=0.5795
  S2 Epoch 893/1000 [179.4s mem=5434MB] | total=-0.0017 task=0.0038 novelty=-0.0901 | div=0.0069 ip_mean=0.0069 | val_AP=0.5835 test_AP=0.5794
  S2 Epoch 894/1000 [182.2s mem=5405MB] | total=-0.0006 task=0.0040 novelty=-0.0906 | div=0.0089 ip_mean=0.0089 | val_AP=0.5837 test_AP=0.5781
  S2 Epoch 895/1000 [183.7s mem=5417MB] | total=-0.0011 task=0.0040 novelty=-0.0906 | div=0.0080 ip_mean=0.0080 | val_AP=0.5874 test_AP=0.5839
  S2 Epoch 896/1000 [187.9s mem=5384MB] | total=0.0012 task=0.0039 novelty=-0.0911 | div=0.0128 ip_mean=0.0128 | val_AP=0.5829 test_AP=0.5797
  S2 Epoch 897/1000 [182.1s mem=5407MB] | total=0.0004 task=0.0041 novelty=-0.0911 | div=0.0108 ip_mean=0.0108 | val_AP=0.5830 test_AP=0.5763
  S2 Epoch 898/1000 [183.6s mem=5392MB] | total=0.0004 task=0.0040 novelty=-0.0908 | div=0.0109 ip_mean=0.0109 | val_AP=0.5858 test_AP=0.5760
  S2 Epoch 899/1000 [181.0s mem=5400MB] | total=-0.0017 task=0.0038 novelty=-0.0914 | div=0.0073 ip_mean=0.0073 | val_AP=0.5811 test_AP=0.5786
  S2 Epoch 900/1000 [178.0s mem=5484MB] | total=0.0017 task=0.0041 novelty=-0.0912 | div=0.0135 ip_mean=0.0135 | val_AP=0.5830 test_AP=0.5793
  S2 Epoch 901/1000 [151.9s mem=5485MB] | total=-0.0003 task=0.0039 novelty=-0.0908 | div=0.0096 ip_mean=0.0096 | val_AP=0.5801 test_AP=0.5761
  S2 Epoch 902/1000 [146.9s mem=5401MB] | total=-0.0018 task=0.0039 novelty=-0.0908 | div=0.0069 ip_mean=0.0069 | val_AP=0.5791 test_AP=0.5764
  S2 Epoch 903/1000 [148.0s mem=5376MB] | total=0.0005 task=0.0040 novelty=-0.0907 | div=0.0113 ip_mean=0.0113 | val_AP=0.5825 test_AP=0.5807
  S2 Epoch 904/1000 [162.0s mem=5487MB] | total=-0.0006 task=0.0039 novelty=-0.0896 | div=0.0089 ip_mean=0.0089 | val_AP=0.5843 test_AP=0.5784
  S2 Epoch 905/1000 [154.0s mem=5448MB] | total=-0.0001 task=0.0039 novelty=-0.0902 | div=0.0099 ip_mean=0.0099 | val_AP=0.5807 test_AP=0.5797
  S2 Epoch 906/1000 [158.2s mem=5423MB] | total=0.0007 task=0.0039 novelty=-0.0901 | div=0.0116 ip_mean=0.0116 | val_AP=0.5838 test_AP=0.5804
  S2 Epoch 907/1000 [154.3s mem=5431MB] | total=-0.0007 task=0.0040 novelty=-0.0906 | div=0.0088 ip_mean=0.0088 | val_AP=0.5821 test_AP=0.5781
  S2 Epoch 908/1000 [153.9s mem=5510MB] | total=-0.0000 task=0.0039 novelty=-0.0911 | div=0.0104 ip_mean=0.0104 | val_AP=0.5799 test_AP=0.5752
  S2 Epoch 909/1000 [148.3s mem=5455MB] | total=-0.0003 task=0.0039 novelty=-0.0910 | div=0.0097 ip_mean=0.0097 | val_AP=0.5836 test_AP=0.5776
  S2 Epoch 910/1000 [152.2s mem=5353MB] | total=-0.0001 task=0.0040 novelty=-0.0906 | div=0.0100 ip_mean=0.0100 | val_AP=0.5819 test_AP=0.5772
  S2 Epoch 911/1000 [150.9s mem=5452MB] | total=-0.0008 task=0.0039 novelty=-0.0911 | div=0.0087 ip_mean=0.0087 | val_AP=0.5818 test_AP=0.5794
  S2 Epoch 912/1000 [150.4s mem=5388MB] | total=-0.0012 task=0.0038 novelty=-0.0916 | div=0.0083 ip_mean=0.0083 | val_AP=0.5789 test_AP=0.5760
  S2 Epoch 913/1000 [149.8s mem=5353MB] | total=0.0006 task=0.0040 novelty=-0.0917 | div=0.0116 ip_mean=0.0116 | val_AP=0.5844 test_AP=0.5762
  S2 Epoch 914/1000 [156.0s mem=5355MB] | total=0.0002 task=0.0040 novelty=-0.0917 | div=0.0109 ip_mean=0.0109 | val_AP=0.5807 test_AP=0.5784
  S2 Epoch 915/1000 [150.6s mem=5447MB] | total=0.0009 task=0.0041 novelty=-0.0918 | div=0.0120 ip_mean=0.0120 | val_AP=0.5854 test_AP=0.5797
  S2 Epoch 916/1000 [149.1s mem=5367MB] | total=-0.0002 task=0.0038 novelty=-0.0918 | div=0.0103 ip_mean=0.0103 | val_AP=0.5807 test_AP=0.5824
  S2 Epoch 917/1000 [177.3s mem=5422MB] | total=-0.0004 task=0.0038 novelty=-0.0911 | div=0.0097 ip_mean=0.0097 | val_AP=0.5817 test_AP=0.5782
  S2 Epoch 918/1000 [148.5s mem=5384MB] | total=0.0001 task=0.0040 novelty=-0.0912 | div=0.0105 ip_mean=0.0105 | val_AP=0.5841 test_AP=0.5783
  S2 Epoch 919/1000 [159.5s mem=5387MB] | total=-0.0012 task=0.0041 novelty=-0.0912 | div=0.0077 ip_mean=0.0077 | val_AP=0.5778 test_AP=0.5803
  S2 Epoch 920/1000 [156.2s mem=5385MB] | total=0.0007 task=0.0044 novelty=-0.0911 | div=0.0108 ip_mean=0.0108 | val_AP=0.5816 test_AP=0.5815
  S2 Epoch 921/1000 [155.1s mem=5425MB] | total=0.0005 task=0.0038 novelty=-0.0915 | div=0.0116 ip_mean=0.0116 | val_AP=0.5844 test_AP=0.5847
  S2 Epoch 922/1000 [151.6s mem=5395MB] | total=-0.0021 task=0.0039 novelty=-0.0913 | div=0.0062 ip_mean=0.0062 | val_AP=0.5851 test_AP=0.5795
    -> New best metrics: gen_loss=-0.0021 val_loss=0.8737 val_AP=0.6034
  S2 Epoch 923/1000 [152.8s mem=5435MB] | total=-0.0011 task=0.0040 novelty=-0.0920 | div=0.0082 ip_mean=0.0082 | val_AP=0.5835 test_AP=0.5812
  S2 Epoch 924/1000 [189.6s mem=5415MB] | total=-0.0013 task=0.0039 novelty=-0.0912 | div=0.0079 ip_mean=0.0079 | val_AP=0.5822 test_AP=0.5800
  S2 Epoch 925/1000 [154.1s mem=5455MB] | total=0.0008 task=0.0040 novelty=-0.0913 | div=0.0119 ip_mean=0.0119 | val_AP=0.5813 test_AP=0.5757
  S2 Epoch 926/1000 [155.4s mem=5370MB] | total=0.0007 task=0.0039 novelty=-0.0919 | div=0.0120 ip_mean=0.0120 | val_AP=0.5838 test_AP=0.5786
  S2 Epoch 927/1000 [149.7s mem=5471MB] | total=0.0002 task=0.0039 novelty=-0.0919 | div=0.0108 ip_mean=0.0108 | val_AP=0.5833 test_AP=0.5791
  S2 Epoch 928/1000 [150.6s mem=5467MB] | total=-0.0015 task=0.0037 novelty=-0.0917 | div=0.0079 ip_mean=0.0079 | val_AP=0.5828 test_AP=0.5809
  S2 Epoch 929/1000 [155.2s mem=5430MB] | total=-0.0005 task=0.0039 novelty=-0.0915 | div=0.0094 ip_mean=0.0094 | val_AP=0.5789 test_AP=0.5804
  S2 Epoch 930/1000 [158.2s mem=5414MB] | total=-0.0015 task=0.0038 novelty=-0.0917 | div=0.0076 ip_mean=0.0076 | val_AP=0.5821 test_AP=0.5776
  S2 Epoch 931/1000 [234.8s mem=5518MB] | total=-0.0005 task=0.0040 novelty=-0.0912 | div=0.0091 ip_mean=0.0091 | val_AP=0.5828 test_AP=0.5773
  S2 Epoch 932/1000 [243.5s mem=5502MB] | total=-0.0008 task=0.0040 novelty=-0.0916 | div=0.0087 ip_mean=0.0087 | val_AP=0.5833 test_AP=0.5872
  S2 Epoch 933/1000 [225.6s mem=5354MB] | total=-0.0002 task=0.0039 novelty=-0.0917 | div=0.0101 ip_mean=0.0101 | val_AP=0.5787 test_AP=0.5767
  S2 Epoch 934/1000 [224.5s mem=5454MB] | total=-0.0001 task=0.0039 novelty=-0.0911 | div=0.0102 ip_mean=0.0102 | val_AP=0.5808 test_AP=0.5806
  S2 Epoch 935/1000 [227.7s mem=5399MB] | total=0.0004 task=0.0038 novelty=-0.0913 | div=0.0114 ip_mean=0.0114 | val_AP=0.5836 test_AP=0.5840
  S2 Epoch 936/1000 [225.1s mem=5361MB] | total=-0.0005 task=0.0037 novelty=-0.0911 | div=0.0098 ip_mean=0.0098 | val_AP=0.5844 test_AP=0.5760
  S2 Epoch 937/1000 [222.3s mem=5406MB] | total=-0.0004 task=0.0039 novelty=-0.0916 | div=0.0097 ip_mean=0.0097 | val_AP=0.5825 test_AP=0.5836
  S2 Epoch 938/1000 [218.7s mem=5361MB] | total=-0.0003 task=0.0039 novelty=-0.0912 | div=0.0100 ip_mean=0.0100 | val_AP=0.5858 test_AP=0.5778
  S2 Epoch 939/1000 [226.8s mem=5515MB] | total=-0.0004 task=0.0041 novelty=-0.0915 | div=0.0094 ip_mean=0.0094 | val_AP=0.5843 test_AP=0.5804
  S2 Epoch 940/1000 [221.1s mem=5399MB] | total=-0.0003 task=0.0039 novelty=-0.0913 | div=0.0099 ip_mean=0.0099 | val_AP=0.5789 test_AP=0.5821
  S2 Epoch 941/1000 [218.9s mem=5446MB] | total=-0.0001 task=0.0039 novelty=-0.0913 | div=0.0102 ip_mean=0.0102 | val_AP=0.5840 test_AP=0.5797
  S2 Epoch 942/1000 [229.0s mem=5353MB] | total=-0.0002 task=0.0037 novelty=-0.0909 | div=0.0103 ip_mean=0.0103 | val_AP=0.5830 test_AP=0.5784
  S2 Epoch 943/1000 [227.5s mem=5460MB] | total=-0.0010 task=0.0038 novelty=-0.0916 | div=0.0086 ip_mean=0.0086 | val_AP=0.5804 test_AP=0.5827
  S2 Epoch 944/1000 [219.9s mem=5361MB] | total=0.0005 task=0.0040 novelty=-0.0913 | div=0.0114 ip_mean=0.0114 | val_AP=0.5814 test_AP=0.5760
  S2 Epoch 945/1000 [218.3s mem=5448MB] | total=0.0017 task=0.0039 novelty=-0.0913 | div=0.0138 ip_mean=0.0138 | val_AP=0.5805 test_AP=0.5773
  S2 Epoch 946/1000 [226.1s mem=5483MB] | total=0.0000 task=0.0039 novelty=-0.0912 | div=0.0104 ip_mean=0.0104 | val_AP=0.5832 test_AP=0.5774
  S2 Epoch 947/1000 [243.0s mem=5405MB] | total=-0.0007 task=0.0039 novelty=-0.0914 | div=0.0091 ip_mean=0.0091 | val_AP=0.5798 test_AP=0.5764
  S2 Epoch 948/1000 [260.6s mem=5391MB] | total=-0.0004 task=0.0038 novelty=-0.0911 | div=0.0097 ip_mean=0.0097 | val_AP=0.5803 test_AP=0.5796
  S2 Epoch 949/1000 [260.2s mem=5418MB] | total=0.0002 task=0.0038 novelty=-0.0916 | div=0.0110 ip_mean=0.0110 | val_AP=0.5808 test_AP=0.5760
  S2 Epoch 950/1000 [247.4s mem=5428MB] | total=0.0005 task=0.0039 novelty=-0.0917 | div=0.0116 ip_mean=0.0116 | val_AP=0.5804 test_AP=0.5735
  S2 Epoch 951/1000 [222.8s mem=5428MB] | total=-0.0014 task=0.0039 novelty=-0.0910 | div=0.0076 ip_mean=0.0076 | val_AP=0.5832 test_AP=0.5807
  S2 Epoch 952/1000 [250.4s mem=5389MB] | total=0.0004 task=0.0039 novelty=-0.0911 | div=0.0113 ip_mean=0.0113 | val_AP=0.5817 test_AP=0.5773
  S2 Epoch 953/1000 [266.0s mem=5461MB] | total=0.0007 task=0.0038 novelty=-0.0916 | div=0.0120 ip_mean=0.0120 | val_AP=0.5839 test_AP=0.5777
  S2 Epoch 954/1000 [266.8s mem=5504MB] | total=-0.0001 task=0.0039 novelty=-0.0910 | div=0.0102 ip_mean=0.0102 | val_AP=0.5808 test_AP=0.5792
  S2 Epoch 955/1000 [265.1s mem=5483MB] | total=-0.0000 task=0.0039 novelty=-0.0913 | div=0.0105 ip_mean=0.0105 | val_AP=0.5841 test_AP=0.5796
  S2 Epoch 956/1000 [259.7s mem=5384MB] | total=0.0007 task=0.0040 novelty=-0.0913 | div=0.0117 ip_mean=0.0117 | val_AP=0.5806 test_AP=0.5817
  S2 Epoch 957/1000 [252.0s mem=5390MB] | total=0.0008 task=0.0039 novelty=-0.0918 | div=0.0122 ip_mean=0.0122 | val_AP=0.5804 test_AP=0.5808
  S2 Epoch 958/1000 [266.3s mem=5433MB] | total=-0.0005 task=0.0037 novelty=-0.0914 | div=0.0098 ip_mean=0.0098 | val_AP=0.5841 test_AP=0.5764
  S2 Epoch 959/1000 [266.5s mem=5446MB] | total=-0.0016 task=0.0040 novelty=-0.0918 | div=0.0073 ip_mean=0.0073 | val_AP=0.5820 test_AP=0.5827
  S2 Epoch 960/1000 [266.3s mem=5355MB] | total=-0.0005 task=0.0039 novelty=-0.0918 | div=0.0096 ip_mean=0.0096 | val_AP=0.5836 test_AP=0.5790
  S2 Epoch 961/1000 [263.4s mem=5396MB] | total=0.0023 task=0.0039 novelty=-0.0914 | div=0.0149 ip_mean=0.0149 | val_AP=0.5847 test_AP=0.5815
  S2 Epoch 962/1000 [265.5s mem=5438MB] | total=-0.0010 task=0.0042 novelty=-0.0914 | div=0.0079 ip_mean=0.0079 | val_AP=0.5822 test_AP=0.5787
  S2 Epoch 963/1000 [266.3s mem=5445MB] | total=0.0008 task=0.0040 novelty=-0.0912 | div=0.0118 ip_mean=0.0118 | val_AP=0.5813 test_AP=0.5850
  S2 Epoch 964/1000 [266.5s mem=5361MB] | total=0.0000 task=0.0039 novelty=-0.0913 | div=0.0105 ip_mean=0.0105 | val_AP=0.5787 test_AP=0.5765
  S2 Epoch 965/1000 [237.3s mem=5421MB] | total=0.0001 task=0.0039 novelty=-0.0914 | div=0.0107 ip_mean=0.0107 | val_AP=0.5823 test_AP=0.5803
  S2 Epoch 966/1000 [220.6s mem=5388MB] | total=-0.0014 task=0.0039 novelty=-0.0914 | div=0.0076 ip_mean=0.0076 | val_AP=0.5814 test_AP=0.5792
  S2 Epoch 967/1000 [228.3s mem=5494MB] | total=-0.0002 task=0.0038 novelty=-0.0914 | div=0.0102 ip_mean=0.0102 | val_AP=0.5806 test_AP=0.5782
  S2 Epoch 968/1000 [224.2s mem=5496MB] | total=0.0011 task=0.0039 novelty=-0.0913 | div=0.0127 ip_mean=0.0127 | val_AP=0.5816 test_AP=0.5788
  S2 Epoch 969/1000 [267.1s mem=5355MB] | total=-0.0013 task=0.0038 novelty=-0.0913 | div=0.0080 ip_mean=0.0080 | val_AP=0.5816 test_AP=0.5818
  S2 Epoch 970/1000 [265.3s mem=5444MB] | total=-0.0004 task=0.0040 novelty=-0.0911 | div=0.0095 ip_mean=0.0095 | val_AP=0.5791 test_AP=0.5791
  S2 Epoch 971/1000 [266.3s mem=5383MB] | total=-0.0013 task=0.0039 novelty=-0.0909 | div=0.0078 ip_mean=0.0078 | val_AP=0.5814 test_AP=0.5770
  S2 Epoch 972/1000 [266.2s mem=5413MB] | total=0.0010 task=0.0038 novelty=-0.0912 | div=0.0126 ip_mean=0.0126 | val_AP=0.5845 test_AP=0.5805
  S2 Epoch 973/1000 [265.5s mem=5367MB] | total=-0.0014 task=0.0038 novelty=-0.0912 | div=0.0078 ip_mean=0.0078 | val_AP=0.5812 test_AP=0.5781
  S2 Epoch 974/1000 [266.0s mem=5413MB] | total=-0.0006 task=0.0038 novelty=-0.0913 | div=0.0096 ip_mean=0.0096 | val_AP=0.5858 test_AP=0.5834
  S2 Epoch 975/1000 [245.5s mem=5378MB] | total=-0.0006 task=0.0038 novelty=-0.0914 | div=0.0096 ip_mean=0.0096 | val_AP=0.5830 test_AP=0.5771
  S2 Epoch 976/1000 [226.2s mem=5370MB] | total=-0.0005 task=0.0038 novelty=-0.0912 | div=0.0095 ip_mean=0.0095 | val_AP=0.5820 test_AP=0.5819
  S2 Epoch 977/1000 [229.6s mem=5370MB] | total=-0.0003 task=0.0038 novelty=-0.0912 | div=0.0100 ip_mean=0.0100 | val_AP=0.5812 test_AP=0.5812
  S2 Epoch 978/1000 [223.0s mem=5420MB] | total=0.0004 task=0.0038 novelty=-0.0911 | div=0.0113 ip_mean=0.0113 | val_AP=0.5819 test_AP=0.5824
  S2 Epoch 979/1000 [218.9s mem=5376MB] | total=-0.0004 task=0.0039 novelty=-0.0910 | div=0.0098 ip_mean=0.0098 | val_AP=0.5803 test_AP=0.5806
  S2 Epoch 980/1000 [244.5s mem=5353MB] | total=0.0010 task=0.0040 novelty=-0.0913 | div=0.0124 ip_mean=0.0124 | val_AP=0.5799 test_AP=0.5794
  S2 Epoch 981/1000 [266.4s mem=5447MB] | total=-0.0011 task=0.0039 novelty=-0.0910 | div=0.0082 ip_mean=0.0082 | val_AP=0.5831 test_AP=0.5768
  S2 Epoch 982/1000 [223.4s mem=5373MB] | total=-0.0004 task=0.0038 novelty=-0.0915 | div=0.0099 ip_mean=0.0099 | val_AP=0.5803 test_AP=0.5789
  S2 Epoch 983/1000 [216.7s mem=5398MB] | total=-0.0005 task=0.0038 novelty=-0.0914 | div=0.0097 ip_mean=0.0097 | val_AP=0.5841 test_AP=0.5778
  S2 Epoch 984/1000 [228.8s mem=5391MB] | total=-0.0008 task=0.0039 novelty=-0.0913 | div=0.0088 ip_mean=0.0088 | val_AP=0.5825 test_AP=0.5826
  S2 Epoch 985/1000 [227.6s mem=5354MB] | total=0.0016 task=0.0038 novelty=-0.0911 | div=0.0139 ip_mean=0.0139 | val_AP=0.5792 test_AP=0.5781
  S2 Epoch 986/1000 [216.9s mem=5356MB] | total=-0.0006 task=0.0038 novelty=-0.0914 | div=0.0095 ip_mean=0.0095 | val_AP=0.5800 test_AP=0.5826
  S2 Epoch 987/1000 [221.9s mem=5353MB] | total=-0.0016 task=0.0038 novelty=-0.0911 | div=0.0074 ip_mean=0.0074 | val_AP=0.5825 test_AP=0.5844
  S2 Epoch 988/1000 [254.1s mem=5420MB] | total=-0.0003 task=0.0039 novelty=-0.0909 | div=0.0098 ip_mean=0.0098 | val_AP=0.5816 test_AP=0.5800
  S2 Epoch 989/1000 [265.4s mem=5451MB] | total=-0.0011 task=0.0039 novelty=-0.0910 | div=0.0082 ip_mean=0.0082 | val_AP=0.5805 test_AP=0.5752
  S2 Epoch 990/1000 [265.0s mem=5424MB] | total=-0.0011 task=0.0038 novelty=-0.0913 | div=0.0085 ip_mean=0.0085 | val_AP=0.5830 test_AP=0.5780
  S2 Epoch 991/1000 [266.7s mem=5415MB] | total=-0.0004 task=0.0039 novelty=-0.0910 | div=0.0098 ip_mean=0.0098 | val_AP=0.5782 test_AP=0.5820
  S2 Epoch 992/1000 [267.3s mem=5505MB] | total=0.0014 task=0.0038 novelty=-0.0908 | div=0.0133 ip_mean=0.0133 | val_AP=0.5826 test_AP=0.5798
  S2 Epoch 993/1000 [265.5s mem=5440MB] | total=0.0003 task=0.0039 novelty=-0.0908 | div=0.0110 ip_mean=0.0110 | val_AP=0.5814 test_AP=0.5762
  S2 Epoch 994/1000 [265.6s mem=5390MB] | total=-0.0013 task=0.0039 novelty=-0.0909 | div=0.0078 ip_mean=0.0078 | val_AP=0.5829 test_AP=0.5802
  S2 Epoch 995/1000 [266.0s mem=5434MB] | total=-0.0009 task=0.0039 novelty=-0.0910 | div=0.0087 ip_mean=0.0087 | val_AP=0.5802 test_AP=0.5809
  S2 Epoch 996/1000 [266.1s mem=5443MB] | total=0.0008 task=0.0037 novelty=-0.0908 | div=0.0122 ip_mean=0.0122 | val_AP=0.5818 test_AP=0.5780
  S2 Epoch 997/1000 [265.0s mem=5415MB] | total=0.0003 task=0.0039 novelty=-0.0912 | div=0.0111 ip_mean=0.0111 | val_AP=0.5822 test_AP=0.5771
  S2 Epoch 998/1000 [265.9s mem=5423MB] | total=0.0014 task=0.0039 novelty=-0.0910 | div=0.0131 ip_mean=0.0131 | val_AP=0.5833 test_AP=0.5777
  S2 Epoch 999/1000 [267.9s mem=5368MB] | total=-0.0015 task=0.0039 novelty=-0.0913 | div=0.0075 ip_mean=0.0075 | val_AP=0.5798 test_AP=0.5799
  S2 Epoch 1000/1000 [266.8s mem=5457MB] | total=0.0001 task=0.0038 novelty=-0.0915 | div=0.0108 ip_mean=0.0108 | val_AP=0.5805 test_AP=0.5768
Stage 2 done. Best val loss=0.8737 at epoch 922.

============================================================
STAGE 3: Joint finetune (backbone + generator)
  Backbone: hybrid
  lr_gen=0.0005 lr_backbone=1e-05
============================================================
  Loading cached distance masks from ./data/Peptides-func/dist_masks/train.pkl
  Loading cached distance masks from ./data/Peptides-func/dist_masks/val.pkl
  Loading cached distance masks from ./data/Peptides-func/dist_masks/test.pkl
  S3 Epoch   1/1000 [667.2s mem=38949MB] | total=0.0520 task=0.0570 train_AP=0.9606 | novelty=-0.0822 div=0.0065 | val_AP=0.5875 test_AP=0.5857
    -> New best metrics: gen_loss=0.0520 val_loss=1.1976 val_AP=0.5875 (test=0.5857)
  S3 Epoch   2/1000 [667.0s mem=38947MB] | total=0.0371 task=0.0417 train_AP=0.9667 | novelty=-0.0712 div=0.0050 | val_AP=0.5939 test_AP=0.5820
    -> New best metrics: gen_loss=0.0371 val_loss=1.1111 val_AP=0.5939 (test=0.5820)
  S3 Epoch   3/1000 [666.9s mem=38950MB] | total=0.0347 task=0.0379 train_AP=0.9713 | novelty=-0.0701 div=0.0076 | val_AP=0.5988 test_AP=0.5840
    -> New best metrics: gen_loss=0.0347 val_loss=1.1111 val_AP=0.5988 (test=0.5840)
  S3 Epoch   4/1000 [667.4s mem=38948MB] | total=0.0324 task=0.0364 train_AP=0.9728 | novelty=-0.0730 div=0.0064 | val_AP=0.5951 test_AP=0.5843
    -> New best metrics: gen_loss=0.0324 val_loss=1.1111 val_AP=0.5988 (test=0.5843)
  S3 Epoch   5/1000 [668.7s mem=38948MB] | total=0.0313 task=0.0349 train_AP=0.9698 | novelty=-0.0794 div=0.0087 | val_AP=0.5955 test_AP=0.5835
    -> New best metrics: gen_loss=0.0313 val_loss=1.1111 val_AP=0.5988 (test=0.5835)
  S3 Epoch   6/1000 [664.2s mem=38943MB] | total=0.0295 task=0.0328 train_AP=0.9732 | novelty=-0.0838 div=0.0101 | val_AP=0.5957 test_AP=0.5775
    -> New best metrics: gen_loss=0.0295 val_loss=1.1111 val_AP=0.5988 (test=0.5775)
  S3 Epoch   7/1000 [667.3s mem=38949MB] | total=0.0294 task=0.0326 train_AP=0.9738 | novelty=-0.0881 div=0.0114 | val_AP=0.5933 test_AP=0.5852
    -> New best metrics: gen_loss=0.0294 val_loss=1.1111 val_AP=0.5988 (test=0.5852)
  S3 Epoch   8/1000 [667.9s mem=38952MB] | total=0.0302 task=0.0333 train_AP=0.9716 | novelty=-0.0847 div=0.0107 | val_AP=0.5954 test_AP=0.5824
  S3 Epoch   9/1000 [665.3s mem=38941MB] | total=0.0289 task=0.0319 train_AP=0.9737 | novelty=-0.0904 div=0.0120 | val_AP=0.5924 test_AP=0.5829
    -> New best metrics: gen_loss=0.0289 val_loss=1.1111 val_AP=0.5988 (test=0.5829)
  S3 Epoch  10/1000 [669.6s mem=38943MB] | total=0.0293 task=0.0318 train_AP=0.9725 | novelty=-0.0946 div=0.0140 | val_AP=0.5989 test_AP=0.5837
    -> New best metrics: gen_loss=0.0289 val_loss=1.1111 val_AP=0.5989 (test=0.5837)
  S3 Epoch  11/1000 [670.4s mem=38944MB] | total=0.0302 task=0.0321 train_AP=0.9707 | novelty=-0.0908 div=0.0145 | val_AP=0.5955 test_AP=0.5753
  S3 Epoch  12/1000 [665.6s mem=38941MB] | total=0.0292 task=0.0326 train_AP=0.9719 | novelty=-0.0901 div=0.0113 | val_AP=0.5945 test_AP=0.5800
  S3 Epoch  13/1000 [666.3s mem=38945MB] | total=0.0325 task=0.0334 train_AP=0.9702 | novelty=-0.0898 div=0.0162 | val_AP=0.5920 test_AP=0.5780
  S3 Epoch  14/1000 [667.2s mem=38943MB] | total=0.0290 task=0.0326 train_AP=0.9700 | novelty=-0.0929 div=0.0114 | val_AP=0.5945 test_AP=0.5780
  S3 Epoch  15/1000 [666.7s mem=38944MB] | total=0.0327 task=0.0339 train_AP=0.9687 | novelty=-0.0901 div=0.0157 | val_AP=0.5905 test_AP=0.5681
  S3 Epoch  16/1000 [666.5s mem=38948MB] | total=0.0319 task=0.0336 train_AP=0.9699 | novelty=-0.0906 div=0.0148 | val_AP=0.5958 test_AP=0.5728
  S3 Epoch  17/1000 [666.1s mem=38944MB] | total=0.0315 task=0.0332 train_AP=0.9670 | novelty=-0.0908 div=0.0148 | val_AP=0.5937 test_AP=0.5809
  S3 Epoch  18/1000 [667.3s mem=38944MB] | total=0.0312 task=0.0342 train_AP=0.9683 | novelty=-0.0920 div=0.0123 | val_AP=0.5906 test_AP=0.5826
  S3 Epoch  19/1000 [666.0s mem=38947MB] | total=0.0301 task=0.0332 train_AP=0.9671 | novelty=-0.0872 div=0.0111 | val_AP=0.5955 test_AP=0.5820
  S3 Epoch  20/1000 [666.9s mem=38942MB] | total=0.0342 task=0.0364 train_AP=0.9663 | novelty=-0.0928 div=0.0141 | val_AP=0.5874 test_AP=0.5784
  S3 Epoch  21/1000 [663.5s mem=38942MB] | total=0.0345 task=0.0347 train_AP=0.9695 | novelty=-0.0929 div=0.0182 | val_AP=0.5950 test_AP=0.5747
  S3 Epoch  22/1000 [664.1s mem=38947MB] | total=0.0328 task=0.0356 train_AP=0.9684 | novelty=-0.0953 div=0.0135 | val_AP=0.5898 test_AP=0.5781
  S3 Epoch  23/1000 [667.9s mem=38945MB] | total=0.0338 task=0.0355 train_AP=0.9653 | novelty=-0.0908 div=0.0148 | val_AP=0.5900 test_AP=0.5746
  S3 Epoch  24/1000 [663.2s mem=38946MB] | total=0.0343 task=0.0359 train_AP=0.9690 | novelty=-0.0938 div=0.0155 | val_AP=0.5846 test_AP=0.5769
  S3 Epoch  25/1000 [663.1s mem=38949MB] | total=0.0371 task=0.0375 train_AP=0.9641 | novelty=-0.0908 div=0.0173 | val_AP=0.5843 test_AP=0.5722
  S3 Epoch  26/1000 [664.7s mem=38947MB] | total=0.0333 task=0.0356 train_AP=0.9665 | novelty=-0.0910 div=0.0137 | val_AP=0.5859 test_AP=0.5759
  S3 Epoch  27/1000 [663.4s mem=38945MB] | total=0.0357 task=0.0365 train_AP=0.9636 | novelty=-0.0926 div=0.0168 | val_AP=0.5787 test_AP=0.5700
  S3 Epoch  28/1000 [664.6s mem=38943MB] | total=0.0351 task=0.0378 train_AP=0.9630 | novelty=-0.0873 div=0.0121 | val_AP=0.5743 test_AP=0.5684
  S3 Epoch  29/1000 [665.3s mem=38945MB] | total=0.0376 task=0.0379 train_AP=0.9629 | novelty=-0.0898 div=0.0173 | val_AP=0.5765 test_AP=0.5639
  S3 Epoch  30/1000 [666.6s mem=38945MB] | total=0.0382 task=0.0387 train_AP=0.9636 | novelty=-0.0907 div=0.0171 | val_AP=0.5835 test_AP=0.5711
  S3 Epoch  31/1000 [666.1s mem=38945MB] | total=0.0390 task=0.0403 train_AP=0.9627 | novelty=-0.0915 div=0.0157 | val_AP=0.5744 test_AP=0.5630
  S3 Epoch  32/1000 [661.1s mem=38950MB] | total=0.0412 task=0.0420 train_AP=0.9608 | novelty=-0.0909 div=0.0166 | val_AP=0.5707 test_AP=0.5597
  S3 Epoch  33/1000 [665.1s mem=38947MB] | total=0.0405 task=0.0423 train_AP=0.9586 | novelty=-0.0879 div=0.0138 | val_AP=0.5693 test_AP=0.5678
  S3 Epoch  34/1000 [665.8s mem=38947MB] | total=0.0422 task=0.0426 train_AP=0.9563 | novelty=-0.0895 div=0.0171 | val_AP=0.5705 test_AP=0.5557
  S3 Epoch  35/1000 [670.5s mem=38944MB] | total=0.0460 task=0.0462 train_AP=0.9552 | novelty=-0.0944 div=0.0184 | val_AP=0.5787 test_AP=0.5692
  S3 Epoch  36/1000 [664.8s mem=38950MB] | total=0.0414 task=0.0424 train_AP=0.9590 | novelty=-0.0919 div=0.0165 | val_AP=0.5728 test_AP=0.5726
  S3 Epoch  37/1000 [665.8s mem=38949MB] | total=0.0462 task=0.0445 train_AP=0.9564 | novelty=-0.0922 div=0.0218 | val_AP=0.5766 test_AP=0.5732
  S3 Epoch  38/1000 [667.2s mem=38941MB] | total=0.0495 task=0.0485 train_AP=0.9515 | novelty=-0.0932 div=0.0207 | val_AP=0.5691 test_AP=0.5650
  S3 Epoch  39/1000 [664.5s mem=38939MB] | total=0.0507 task=0.0467 train_AP=0.9535 | novelty=-0.0926 div=0.0265 | val_AP=0.5733 test_AP=0.5606
  S3 Epoch  40/1000 [654.7s mem=38943MB] | total=0.0591 task=0.0523 train_AP=0.9466 | novelty=-0.0881 div=0.0312 | val_AP=0.5735 test_AP=0.5582
  S3 Epoch  41/1000 [665.1s mem=38945MB] | total=0.0526 task=0.0491 train_AP=0.9473 | novelty=-0.0936 div=0.0258 | val_AP=0.5756 test_AP=0.5659
  S3 Epoch  42/1000 [637.4s mem=38946MB] | total=0.0556 task=0.0523 train_AP=0.9451 | novelty=-0.0908 div=0.0248 | val_AP=0.5704 test_AP=0.5607
  S3 Epoch  43/1000 [619.0s mem=38951MB] | total=0.0598 task=0.0547 train_AP=0.9451 | novelty=-0.0945 div=0.0291 | val_AP=0.5616 test_AP=0.5517
  S3 Epoch  44/1000 [614.3s mem=38947MB] | total=0.0615 task=0.0570 train_AP=0.9386 | novelty=-0.0911 div=0.0272 | val_AP=0.5602 test_AP=0.5558
  S3 Epoch  45/1000 [608.6s mem=38946MB] | total=0.0662 task=0.0625 train_AP=0.9335 | novelty=-0.0911 div=0.0257 | val_AP=0.5751 test_AP=0.5566
  S3 Epoch  46/1000 [612.4s mem=38949MB] | total=0.0718 task=0.0663 train_AP=0.9325 | novelty=-0.0894 div=0.0288 | val_AP=0.5601 test_AP=0.5456
  S3 Epoch  47/1000 [619.0s mem=38947MB] | total=0.0998 task=0.0742 train_AP=0.9170 | novelty=-0.1093 div=0.0731 | val_AP=0.5620 test_AP=0.5485
  S3 Epoch  48/1000 [618.2s mem=38950MB] | total=0.0760 task=0.0681 train_AP=0.9204 | novelty=-0.0906 div=0.0340 | val_AP=0.5631 test_AP=0.5577
  S3 Epoch  49/1000 [608.2s mem=38945MB] | total=0.0720 task=0.0674 train_AP=0.9250 | novelty=-0.0888 div=0.0269 | val_AP=0.5679 test_AP=0.5473
  S3 Epoch  50/1000 [611.5s mem=38948MB] | total=0.0733 task=0.0706 train_AP=0.9201 | novelty=-0.0866 div=0.0228 | val_AP=0.5628 test_AP=0.5569
  S3 Epoch  51/1000 [616.7s mem=38945MB] | total=0.0767 task=0.0656 train_AP=0.9244 | novelty=-0.0899 div=0.0401 | val_AP=0.5621 test_AP=0.5431
  S3 Epoch  52/1000 [357.9s mem=38944MB] | total=0.0718 task=0.0671 train_AP=0.9156 | novelty=-0.0874 div=0.0268 | val_AP=0.5642 test_AP=0.5439
  S3 Epoch  53/1000 [328.5s mem=38945MB] | total=0.0643 task=0.0628 train_AP=0.9338 | novelty=-0.0871 div=0.0205 | val_AP=0.5570 test_AP=0.5393
  S3 Epoch  54/1000 [329.4s mem=38943MB] | total=0.0667 task=0.0643 train_AP=0.9292 | novelty=-0.0890 div=0.0226 | val_AP=0.5512 test_AP=0.5449
  S3 Epoch  55/1000 [328.0s mem=38948MB] | total=0.0699 task=0.0679 train_AP=0.9240 | novelty=-0.0865 div=0.0211 | val_AP=0.5657 test_AP=0.5556
  S3 Epoch  56/1000 [327.7s mem=38948MB] | total=0.0733 task=0.0693 train_AP=0.9191 | novelty=-0.0927 div=0.0266 | val_AP=0.5693 test_AP=0.5494
  S3 Epoch  57/1000 [327.7s mem=38950MB] | total=0.0855 task=0.0774 train_AP=0.9137 | novelty=-0.0921 div=0.0346 | val_AP=0.5513 test_AP=0.5498
  S3 Epoch  58/1000 [329.6s mem=38943MB] | total=0.0692 task=0.0640 train_AP=0.9226 | novelty=-0.0897 div=0.0283 | val_AP=0.5581 test_AP=0.5388
  S3 Epoch  59/1000 [328.9s mem=38938MB] | total=0.0658 task=0.0628 train_AP=0.9319 | novelty=-0.0915 div=0.0244 | val_AP=0.5522 test_AP=0.5402
  S3 Epoch  60/1000 [330.2s mem=38944MB] | total=0.0817 task=0.0752 train_AP=0.9011 | novelty=-0.0897 div=0.0310 | val_AP=0.5527 test_AP=0.5349
  Early stopping at epoch 60. Best val loss=1.1111 at epoch 10.
Stage 3 done. Best val loss=1.1111 at epoch 10.

  Cycle 0 proxy result: val_AP=0.5989 test_AP=0.5837

============================================================
DISTILLATION: Train M_base to mimic frozen M_proxy (+ proxies)
  kl_w=0.5 node_w=0.5 graph_w=5e-05 task_w=1.2 T=1.5
  lr=5e-05 patience=100
============================================================
  Loading cached distance masks from ./data/Peptides-func/dist_masks/train.pkl
  Loading cached distance masks from ./data/Peptides-func/dist_masks/val.pkl
  Loading cached distance masks from ./data/Peptides-func/dist_masks/test.pkl
  Student parameters: 16,791,114
  Distill Epoch   1/700 [380.3s mem=39164MB] | total=0.8722 kl=0.3750 node_l2=1.099218 graph_l2=1978.210440 task=0.0301 | val_AP=0.5888 test_AP=0.5764
    -> New best distilled metrics: val_loss=1.3177 val_AP=0.5888 (test=0.5764)
  Distill Epoch   2/700 [381.3s mem=39158MB] | total=0.8504 kl=0.3659 node_l2=1.079096 graph_l2=1809.429730 task=0.0312 | val_AP=0.5848 test_AP=0.5758
  Distill Epoch   3/700 [380.5s mem=39161MB] | total=0.8277 kl=0.3491 node_l2=1.058824 graph_l2=1728.536625 task=0.0311 | val_AP=0.5873 test_AP=0.5734
  Distill Epoch   4/700 [381.4s mem=39162MB] | total=0.8063 kl=0.3276 node_l2=1.040589 graph_l2=1709.688483 task=0.0306 | val_AP=0.5881 test_AP=0.5735
  Distill Epoch   5/700 [382.0s mem=39161MB] | total=0.8026 kl=0.3431 node_l2=1.018657 graph_l2=1685.521920 task=0.0312 | val_AP=0.5840 test_AP=0.5704
  Distill Epoch   6/700 [380.6s mem=39162MB] | total=0.7988 kl=0.3516 node_l2=0.999742 graph_l2=1692.956315 task=0.0321 | val_AP=0.5814 test_AP=0.5772
  Distill Epoch   7/700 [615.9s mem=39159MB] | total=0.7810 kl=0.3342 node_l2=0.982600 graph_l2=1694.170786 task=0.0316 | val_AP=0.5875 test_AP=0.5735
  Distill Epoch   8/700 [740.4s mem=39162MB] | total=0.7766 kl=0.3425 node_l2=0.964701 graph_l2=1691.030126 task=0.0320 | val_AP=0.5863 test_AP=0.5763
  Distill Epoch   9/700 [382.5s mem=39162MB] | total=0.7758 kl=0.3551 node_l2=0.949661 graph_l2=1704.559792 task=0.0319 | val_AP=0.5875 test_AP=0.5743
  Distill Epoch  10/700 [383.2s mem=39165MB] | total=0.7629 kl=0.3450 node_l2=0.933669 graph_l2=1704.158700 task=0.0320 | val_AP=0.5790 test_AP=0.5718
  Distill Epoch  11/700 [476.2s mem=39161MB] | total=0.7634 kl=0.3545 node_l2=0.921016 graph_l2=1718.320578 task=0.0331 | val_AP=0.5801 test_AP=0.5669
  Distill Epoch  12/700 [543.0s mem=39167MB] | total=0.7575 kl=0.3532 node_l2=0.909522 graph_l2=1724.638037 task=0.0333 | val_AP=0.5799 test_AP=0.5642
  Distill Epoch  13/700 [575.1s mem=39164MB] | total=0.7507 kl=0.3513 node_l2=0.897817 graph_l2=1734.023192 task=0.0329 | val_AP=0.5846 test_AP=0.5685
  Distill Epoch  14/700 [562.5s mem=39162MB] | total=0.7483 kl=0.3590 node_l2=0.885904 graph_l2=1740.294329 task=0.0324 | val_AP=0.5843 test_AP=0.5705
  Distill Epoch  15/700 [556.3s mem=39164MB] | total=0.7483 kl=0.3624 node_l2=0.877419 graph_l2=1767.274819 task=0.0333 | val_AP=0.5803 test_AP=0.5683
  Distill Epoch  16/700 [573.5s mem=39162MB] | total=0.7542 kl=0.3751 node_l2=0.871044 graph_l2=1799.710938 task=0.0343 | val_AP=0.5840 test_AP=0.5683
  Distill Epoch  17/700 [546.0s mem=39162MB] | total=0.7514 kl=0.3739 node_l2=0.864251 graph_l2=1830.578030 task=0.0340 | val_AP=0.5806 test_AP=0.5665
  Distill Epoch  18/700 [570.0s mem=39162MB] | total=0.7482 kl=0.3742 node_l2=0.857729 graph_l2=1832.869650 task=0.0338 | val_AP=0.5828 test_AP=0.5658
  Distill Epoch  19/700 [577.1s mem=39162MB] | total=0.7605 kl=0.3978 node_l2=0.851531 graph_l2=1858.735266 task=0.0358 | val_AP=0.5838 test_AP=0.5646
  Distill Epoch  20/700 [541.7s mem=39158MB] | total=0.7661 kl=0.4117 node_l2=0.845599 graph_l2=1870.963990 task=0.0366 | val_AP=0.5829 test_AP=0.5614
  Distill Epoch  21/700 [567.9s mem=39167MB] | total=0.7340 kl=0.3628 node_l2=0.837931 graph_l2=1855.055993 task=0.0341 | val_AP=0.5830 test_AP=0.5691
  Distill Epoch  22/700 [574.4s mem=39159MB] | total=0.7622 kl=0.4083 node_l2=0.836771 graph_l2=1934.977658 task=0.0358 | val_AP=0.5841 test_AP=0.5778
  Distill Epoch  23/700 [548.7s mem=39161MB] | total=0.7704 kl=0.4239 node_l2=0.831746 graph_l2=1949.830724 task=0.0376 | val_AP=0.5839 test_AP=0.5672
  Distill Epoch  24/700 [568.8s mem=39165MB] | total=0.7621 kl=0.4127 node_l2=0.827319 graph_l2=1935.206563 task=0.0378 | val_AP=0.5807 test_AP=0.5752
  Distill Epoch  25/700 [557.3s mem=39167MB] | total=0.7726 kl=0.4306 node_l2=0.825989 graph_l2=1975.953782 task=0.0379 | val_AP=0.5782 test_AP=0.5738
  Distill Epoch  26/700 [561.8s mem=39162MB] | total=0.7754 kl=0.4293 node_l2=0.827131 graph_l2=2030.392408 task=0.0381 | val_AP=0.5775 test_AP=0.5859
  Distill Epoch  27/700 [573.8s mem=39159MB] | total=0.8067 kl=0.4821 node_l2=0.827471 graph_l2=2067.351670 task=0.0405 | val_AP=0.5841 test_AP=0.5807
  Distill Epoch  28/700 [545.6s mem=39168MB] | total=0.7729 kl=0.4286 node_l2=0.821823 graph_l2=2041.784917 task=0.0380 | val_AP=0.5765 test_AP=0.5778
  Distill Epoch  29/700 [568.8s mem=39166MB] | total=0.8077 kl=0.4819 node_l2=0.824992 graph_l2=2106.257640 task=0.0408 | val_AP=0.5835 test_AP=0.5762
  Distill Epoch  30/700 [577.7s mem=39166MB] | total=0.8039 kl=0.4772 node_l2=0.822972 graph_l2=2102.264932 task=0.0406 | val_AP=0.5721 test_AP=0.5574
  Distill Epoch  31/700 [540.7s mem=39158MB] | total=0.8177 kl=0.4972 node_l2=0.824160 graph_l2=2145.799446 task=0.0414 | val_AP=0.5734 test_AP=0.5622
  Distill Epoch  32/700 [569.7s mem=39165MB] | total=0.8037 kl=0.4732 node_l2=0.819263 graph_l2=2143.070072 task=0.0419 | val_AP=0.5701 test_AP=0.5735
  Distill Epoch  33/700 [564.6s mem=39165MB] | total=0.8098 kl=0.4902 node_l2=0.816602 graph_l2=2157.573647 task=0.0404 | val_AP=0.5770 test_AP=0.5713
  Distill Epoch  34/700 [556.8s mem=39163MB] | total=0.8243 kl=0.5003 node_l2=0.824281 graph_l2=2226.333064 task=0.0422 | val_AP=0.5803 test_AP=0.5829
    -> New best distilled metrics: val_loss=1.2716 val_AP=0.5888 (test=0.5829)
  Distill Epoch  35/700 [576.4s mem=39164MB] | total=0.7969 kl=0.4681 node_l2=0.813246 graph_l2=2156.569486 task=0.0403 | val_AP=0.5733 test_AP=0.5628
    -> New best distilled metrics: val_loss=1.2400 val_AP=0.5888 (test=0.5628)
  Distill Epoch  36/700 [558.8s mem=39162MB] | total=0.7961 kl=0.4598 node_l2=0.817284 graph_l2=2225.356447 task=0.0386 | val_AP=0.5705 test_AP=0.5623
  Distill Epoch  37/700 [564.3s mem=39159MB] | total=0.7794 kl=0.4483 node_l2=0.805313 graph_l2=2126.292267 task=0.0386 | val_AP=0.5786 test_AP=0.5717
  Distill Epoch  38/700 [577.4s mem=39158MB] | total=0.8018 kl=0.4803 node_l2=0.806083 graph_l2=2200.674143 task=0.0405 | val_AP=0.5815 test_AP=0.5571
  Distill Epoch  39/700 [553.1s mem=39161MB] | total=0.7777 kl=0.4522 node_l2=0.797375 graph_l2=2125.591858 task=0.0388 | val_AP=0.5779 test_AP=0.5673
  Distill Epoch  40/700 [567.6s mem=39166MB] | total=0.7727 kl=0.4429 node_l2=0.796621 graph_l2=2133.532548 task=0.0385 | val_AP=0.5803 test_AP=0.5686
  Distill Epoch  41/700 [580.3s mem=39161MB] | total=0.7509 kl=0.4176 node_l2=0.785475 graph_l2=2065.702348 task=0.0384 | val_AP=0.5804 test_AP=0.5839
  Distill Epoch  42/700 [547.9s mem=39167MB] | total=0.7610 kl=0.4364 node_l2=0.783579 graph_l2=2108.449663 task=0.0380 | val_AP=0.5749 test_AP=0.5727
  Distill Epoch  43/700 [570.4s mem=39169MB] | total=0.7577 kl=0.4401 node_l2=0.777034 graph_l2=2063.391951 task=0.0383 | val_AP=0.5737 test_AP=0.5652
  Distill Epoch  44/700 [578.1s mem=39161MB] | total=0.7293 kl=0.4021 node_l2=0.767948 graph_l2=2009.449819 task=0.0365 | val_AP=0.5818 test_AP=0.5709
  Distill Epoch  45/700 [541.8s mem=39158MB] | total=0.7040 kl=0.3707 node_l2=0.757520 graph_l2=1950.262766 task=0.0353 | val_AP=0.5860 test_AP=0.5735
  Distill Epoch  46/700 [566.2s mem=39160MB] | total=0.7038 kl=0.3735 node_l2=0.755020 graph_l2=1965.827504 task=0.0344 | val_AP=0.5812 test_AP=0.5682
  Distill Epoch  47/700 [577.4s mem=39162MB] | total=0.7005 kl=0.3729 node_l2=0.748882 graph_l2=1960.710893 task=0.0347 | val_AP=0.5778 test_AP=0.5762
  Distill Epoch  48/700 [546.0s mem=39159MB] | total=0.6889 kl=0.3617 node_l2=0.741221 graph_l2=1924.690774 task=0.0343 | val_AP=0.5819 test_AP=0.5778
  Distill Epoch  49/700 [569.9s mem=39160MB] | total=0.7103 kl=0.3955 node_l2=0.742711 graph_l2=1954.336610 task=0.0362 | val_AP=0.5845 test_AP=0.5668
  Distill Epoch  50/700 [565.7s mem=39167MB] | total=0.6900 kl=0.3736 node_l2=0.733901 graph_l2=1895.184076 task=0.0346 | val_AP=0.5764 test_AP=0.5632
  Distill Epoch  51/700 [555.8s mem=39165MB] | total=0.6480 kl=0.3211 node_l2=0.718478 graph_l2=1789.464952 task=0.0322 | val_AP=0.5759 test_AP=0.5550
  Distill Epoch  52/700 [571.2s mem=39161MB] | total=0.6236 kl=0.2911 node_l2=0.709260 graph_l2=1754.750582 task=0.0297 | val_AP=0.5769 test_AP=0.5641
  Distill Epoch  53/700 [560.2s mem=39157MB] | total=0.6571 kl=0.3433 node_l2=0.711182 graph_l2=1815.243511 task=0.0326 | val_AP=0.5827 test_AP=0.5711
  Distill Epoch  54/700 [558.0s mem=39166MB] | total=0.6293 kl=0.3099 node_l2=0.701748 graph_l2=1744.090600 task=0.0302 | val_AP=0.5829 test_AP=0.5763
  Distill Epoch  55/700 [572.8s mem=39159MB] | total=0.6368 kl=0.3216 node_l2=0.700595 graph_l2=1759.781059 task=0.0315 | val_AP=0.5740 test_AP=0.5681
  Distill Epoch  56/700 [538.4s mem=39163MB] | total=0.6275 kl=0.3146 node_l2=0.692263 graph_l2=1718.359628 task=0.0318 | val_AP=0.5888 test_AP=0.5648
    -> New best distilled metrics: val_loss=1.2400 val_AP=0.5888 (test=0.5648)
  Distill Epoch  57/700 [566.0s mem=39164MB] | total=0.6076 kl=0.2863 node_l2=0.689913 graph_l2=1703.325095 task=0.0286 | val_AP=0.5883 test_AP=0.5662
  Distill Epoch  58/700 [580.4s mem=39155MB] | total=0.6150 kl=0.3023 node_l2=0.686382 graph_l2=1708.296146 task=0.0294 | val_AP=0.5870 test_AP=0.5793
  Distill Epoch  59/700 [548.7s mem=39163MB] | total=0.6067 kl=0.2976 node_l2=0.678996 graph_l2=1656.829909 task=0.0296 | val_AP=0.5811 test_AP=0.5647
  Distill Epoch  60/700 [569.7s mem=39164MB] | total=0.5980 kl=0.2866 node_l2=0.673561 graph_l2=1657.830208 task=0.0292 | val_AP=0.5800 test_AP=0.5802
  Distill Epoch  61/700 [574.8s mem=39159MB] | total=0.5878 kl=0.2771 node_l2=0.669002 graph_l2=1627.436039 task=0.0278 | val_AP=0.5753 test_AP=0.5760
  Distill Epoch  62/700 [543.5s mem=39161MB] | total=0.6035 kl=0.2964 node_l2=0.672553 graph_l2=1689.782582 task=0.0287 | val_AP=0.5833 test_AP=0.5733
  Distill Epoch  63/700 [574.0s mem=39160MB] | total=0.5907 kl=0.2853 node_l2=0.664802 graph_l2=1622.616756 task=0.0288 | val_AP=0.5822 test_AP=0.5739
  Distill Epoch  64/700 [562.1s mem=39159MB] | total=0.5865 kl=0.2844 node_l2=0.660572 graph_l2=1600.257470 task=0.0284 | val_AP=0.5903 test_AP=0.5757
    -> New best distilled metrics: val_loss=1.2400 val_AP=0.5903 (test=0.5757)
  Distill Epoch  65/700 [561.2s mem=39162MB] | total=0.5637 kl=0.2585 node_l2=0.651133 graph_l2=1550.655249 task=0.0261 | val_AP=0.5897 test_AP=0.5787
  Distill Epoch  66/700 [573.8s mem=39165MB] | total=0.5614 kl=0.2569 node_l2=0.646420 graph_l2=1543.290950 task=0.0272 | val_AP=0.5830 test_AP=0.5733
  Distill Epoch  67/700 [548.1s mem=39160MB] | total=0.5725 kl=0.2714 node_l2=0.649946 graph_l2=1578.637304 task=0.0274 | val_AP=0.5843 test_AP=0.5781
  Distill Epoch  68/700 [568.0s mem=39161MB] | total=0.5508 kl=0.2453 node_l2=0.640825 graph_l2=1525.158315 task=0.0262 | val_AP=0.5792 test_AP=0.5696
  Distill Epoch  69/700 [578.4s mem=39161MB] | total=0.5551 kl=0.2537 node_l2=0.639818 graph_l2=1535.016110 task=0.0263 | val_AP=0.5792 test_AP=0.5709
  Distill Epoch  70/700 [546.7s mem=39161MB] | total=0.5429 kl=0.2417 node_l2=0.633733 graph_l2=1497.766800 task=0.0252 | val_AP=0.5859 test_AP=0.5843
  Distill Epoch  71/700 [573.1s mem=39162MB] | total=0.5443 kl=0.2515 node_l2=0.627301 graph_l2=1468.476739 task=0.0262 | val_AP=0.5903 test_AP=0.5693
  Distill Epoch  72/700 [501.1s mem=39166MB] | total=0.5436 kl=0.2489 node_l2=0.625084 graph_l2=1477.504458 task=0.0273 | val_AP=0.5849 test_AP=0.5662
  Distill Epoch  73/700 [389.8s mem=39162MB] | total=0.5444 kl=0.2493 node_l2=0.625152 graph_l2=1488.125089 task=0.0273 | val_AP=0.5867 test_AP=0.5771
  Distill Epoch  74/700 [388.1s mem=39159MB] | total=0.5442 kl=0.2539 node_l2=0.622951 graph_l2=1470.828326 task=0.0269 | val_AP=0.5962 test_AP=0.5797
    -> New best distilled metrics: val_loss=1.2400 val_AP=0.5962 (test=0.5797)
  Distill Epoch  75/700 [385.8s mem=39163MB] | total=0.5457 kl=0.2577 node_l2=0.621972 graph_l2=1493.518811 task=0.0260 | val_AP=0.5779 test_AP=0.5677
  Distill Epoch  76/700 [386.8s mem=39165MB] | total=0.5397 kl=0.2483 node_l2=0.620574 graph_l2=1497.950576 task=0.0253 | val_AP=0.5724 test_AP=0.5658
  Distill Epoch  77/700 [388.4s mem=39160MB] | total=0.5273 kl=0.2351 node_l2=0.613425 graph_l2=1438.039721 task=0.0259 | val_AP=0.5873 test_AP=0.5753
  Distill Epoch  78/700 [388.3s mem=39162MB] | total=0.5195 kl=0.2316 node_l2=0.606722 graph_l2=1395.283804 task=0.0254 | val_AP=0.5891 test_AP=0.5791
  Distill Epoch  79/700 [388.3s mem=39163MB] | total=0.5137 kl=0.2224 node_l2=0.605797 graph_l2=1390.932702 task=0.0251 | val_AP=0.5811 test_AP=0.5682
  Distill Epoch  80/700 [387.3s mem=39161MB] | total=0.5036 kl=0.2074 node_l2=0.602955 graph_l2=1403.290090 task=0.0235 | val_AP=0.5874 test_AP=0.5668
  Distill Epoch  81/700 [385.5s mem=39163MB] | total=0.5200 kl=0.2371 node_l2=0.600431 graph_l2=1407.817881 task=0.0257 | val_AP=0.5862 test_AP=0.5747
  Distill Epoch  82/700 [387.6s mem=39159MB] | total=0.5063 kl=0.2163 node_l2=0.597954 graph_l2=1392.929710 task=0.0246 | val_AP=0.5859 test_AP=0.5790
  Distill Epoch  83/700 [388.2s mem=39164MB] | total=0.5001 kl=0.2084 node_l2=0.596938 graph_l2=1381.720668 task=0.0236 | val_AP=0.5888 test_AP=0.5743
  Distill Epoch  84/700 [388.2s mem=39165MB] | total=0.4993 kl=0.2131 node_l2=0.592541 graph_l2=1355.621663 task=0.0239 | val_AP=0.5880 test_AP=0.5738
  Distill Epoch  85/700 [387.8s mem=39162MB] | total=0.4942 kl=0.2078 node_l2=0.588884 graph_l2=1337.271097 task=0.0242 | val_AP=0.5807 test_AP=0.5702
  Distill Epoch  86/700 [388.8s mem=39159MB] | total=0.4963 kl=0.2174 node_l2=0.585186 graph_l2=1321.950624 task=0.0241 | val_AP=0.5816 test_AP=0.5700
  Distill Epoch  87/700 [386.4s mem=39164MB] | total=0.4935 kl=0.2107 node_l2=0.584955 graph_l2=1336.378689 task=0.0241 | val_AP=0.5832 test_AP=0.5637
  Distill Epoch  88/700 [386.1s mem=39164MB] | total=0.4831 kl=0.2031 node_l2=0.578408 graph_l2=1289.580719 task=0.0232 | val_AP=0.5898 test_AP=0.5792
  Distill Epoch  89/700 [386.4s mem=39161MB] | total=0.4927 kl=0.2159 node_l2=0.579103 graph_l2=1321.031788 task=0.0243 | val_AP=0.5833 test_AP=0.5646
  Distill Epoch  90/700 [386.4s mem=39160MB] | total=0.4804 kl=0.2034 node_l2=0.572103 graph_l2=1273.455256 task=0.0242 | val_AP=0.5833 test_AP=0.5653
  Distill Epoch  91/700 [387.3s mem=39159MB] | total=0.4868 kl=0.2112 node_l2=0.572120 graph_l2=1307.718535 task=0.0248 | val_AP=0.5895 test_AP=0.5710
  Distill Epoch  92/700 [387.9s mem=39161MB] | total=0.4790 kl=0.1954 node_l2=0.575151 graph_l2=1325.136677 task=0.0228 | val_AP=0.5861 test_AP=0.5748
  Distill Epoch  93/700 [386.7s mem=39160MB] | total=0.4885 kl=0.2210 node_l2=0.570221 graph_l2=1290.081983 task=0.0236 | val_AP=0.5799 test_AP=0.5689
  Distill Epoch  94/700 [389.5s mem=39159MB] | total=0.4881 kl=0.2209 node_l2=0.567463 graph_l2=1265.460766 task=0.0256 | val_AP=0.5863 test_AP=0.5785
  Distill Epoch  95/700 [387.3s mem=39157MB] | total=0.4758 kl=0.2075 node_l2=0.563101 graph_l2=1251.110026 task=0.0233 | val_AP=0.5821 test_AP=0.5804
  Distill Epoch  96/700 [386.9s mem=39163MB] | total=0.4680 kl=0.1987 node_l2=0.561542 graph_l2=1231.255014 task=0.0220 | val_AP=0.5828 test_AP=0.5780
  Distill Epoch  97/700 [386.9s mem=39164MB] | total=0.4617 kl=0.1885 node_l2=0.558290 graph_l2=1229.288251 task=0.0224 | val_AP=0.5943 test_AP=0.5783
  Distill Epoch  98/700 [388.9s mem=39160MB] | total=0.4607 kl=0.1888 node_l2=0.556782 graph_l2=1221.981973 task=0.0223 | val_AP=0.5895 test_AP=0.5801
  Distill Epoch  99/700 [388.1s mem=39158MB] | total=0.4574 kl=0.1841 node_l2=0.554936 graph_l2=1222.441464 task=0.0223 | val_AP=0.5891 test_AP=0.5778
  Distill Epoch 100/700 [387.1s mem=39161MB] | total=0.4729 kl=0.2045 node_l2=0.558164 graph_l2=1259.371728 task=0.0239 | val_AP=0.5794 test_AP=0.5749
  Distill Epoch 101/700 [385.1s mem=39165MB] | total=0.4549 kl=0.1828 node_l2=0.551947 graph_l2=1212.306261 task=0.0225 | val_AP=0.5764 test_AP=0.5730
  Distill Epoch 102/700 [387.0s mem=39161MB] | total=0.4496 kl=0.1788 node_l2=0.549445 graph_l2=1195.446021 task=0.0214 | val_AP=0.5839 test_AP=0.5793
  Distill Epoch 103/700 [387.9s mem=39157MB] | total=0.4574 kl=0.1902 node_l2=0.550031 graph_l2=1218.188633 task=0.0220 | val_AP=0.5837 test_AP=0.5784
  Distill Epoch 104/700 [388.3s mem=39164MB] | total=0.4584 kl=0.1934 node_l2=0.548231 graph_l2=1208.323014 task=0.0226 | val_AP=0.5794 test_AP=0.5731
  Distill Epoch 105/700 [386.7s mem=39159MB] | total=0.4434 kl=0.1734 node_l2=0.543958 graph_l2=1176.308303 task=0.0216 | val_AP=0.5883 test_AP=0.5782
  Distill Epoch 106/700 [389.0s mem=39165MB] | total=0.4507 kl=0.1897 node_l2=0.540430 graph_l2=1169.036049 task=0.0226 | val_AP=0.5825 test_AP=0.5760
  Distill Epoch 107/700 [386.5s mem=39158MB] | total=0.4482 kl=0.1825 node_l2=0.541119 graph_l2=1181.845086 task=0.0227 | val_AP=0.5870 test_AP=0.5757
  Distill Epoch 108/700 [386.6s mem=39164MB] | total=0.4427 kl=0.1776 node_l2=0.539924 graph_l2=1170.838288 task=0.0211 | val_AP=0.5829 test_AP=0.5652
  Distill Epoch 109/700 [387.8s mem=39164MB] | total=0.4530 kl=0.1968 node_l2=0.537834 graph_l2=1168.167339 task=0.0227 | val_AP=0.5904 test_AP=0.5722
  Distill Epoch 110/700 [388.7s mem=39156MB] | total=0.4359 kl=0.1671 node_l2=0.536607 graph_l2=1172.602043 task=0.0212 | val_AP=0.5939 test_AP=0.5713
  Distill Epoch 111/700 [388.2s mem=39162MB] | total=0.4463 kl=0.1871 node_l2=0.535696 graph_l2=1166.667740 task=0.0221 | val_AP=0.5941 test_AP=0.5806
  Distill Epoch 112/700 [387.0s mem=39167MB] | total=0.4413 kl=0.1766 node_l2=0.536614 graph_l2=1172.491231 task=0.0217 | val_AP=0.5915 test_AP=0.5709
  Distill Epoch 113/700 [387.2s mem=39163MB] | total=0.4375 kl=0.1758 node_l2=0.532922 graph_l2=1140.876244 task=0.0218 | val_AP=0.5801 test_AP=0.5696
  Distill Epoch 114/700 [389.0s mem=39158MB] | total=0.4427 kl=0.1829 node_l2=0.533303 graph_l2=1164.573072 task=0.0220 | val_AP=0.5866 test_AP=0.5749
  Distill Epoch 115/700 [386.3s mem=39165MB] | total=0.4374 kl=0.1783 node_l2=0.531481 graph_l2=1148.895807 task=0.0209 | val_AP=0.5764 test_AP=0.5715
  Distill Epoch 116/700 [386.6s mem=39164MB] | total=0.4226 kl=0.1563 node_l2=0.528879 graph_l2=1125.281096 task=0.0198 | val_AP=0.5872 test_AP=0.5694
  Distill Epoch 117/700 [387.5s mem=39169MB] | total=0.4312 kl=0.1739 node_l2=0.525719 graph_l2=1113.924300 task=0.0214 | val_AP=0.5889 test_AP=0.5868
  Distill Epoch 118/700 [387.3s mem=39165MB] | total=0.4236 kl=0.1642 node_l2=0.524174 graph_l2=1092.737342 task=0.0207 | val_AP=0.5847 test_AP=0.5749
  Distill Epoch 119/700 [386.6s mem=39167MB] | total=0.4236 kl=0.1629 node_l2=0.522942 graph_l2=1115.725834 task=0.0208 | val_AP=0.5836 test_AP=0.5618
  Distill Epoch 120/700 [386.9s mem=39162MB] | total=0.4374 kl=0.1914 node_l2=0.521590 graph_l2=1095.485549 task=0.0218 | val_AP=0.5838 test_AP=0.5720
  Distill Epoch 121/700 [388.2s mem=39158MB] | total=0.4196 kl=0.1615 node_l2=0.520468 graph_l2=1094.797495 task=0.0198 | val_AP=0.5869 test_AP=0.5763
  Distill Epoch 122/700 [387.3s mem=39163MB] | total=0.4188 kl=0.1608 node_l2=0.518750 graph_l2=1084.090400 task=0.0206 | val_AP=0.5805 test_AP=0.5640
  Distill Epoch 123/700 [388.3s mem=39157MB] | total=0.4294 kl=0.1756 node_l2=0.519742 graph_l2=1104.886445 task=0.0221 | val_AP=0.5896 test_AP=0.5709
  Distill Epoch 124/700 [389.1s mem=39165MB] | total=0.4131 kl=0.1562 node_l2=0.515471 graph_l2=1072.776260 task=0.0197 | val_AP=0.5829 test_AP=0.5781
  Distill Epoch 125/700 [387.0s mem=39165MB] | total=0.4112 kl=0.1530 node_l2=0.514149 graph_l2=1063.021176 task=0.0204 | val_AP=0.5920 test_AP=0.5737
  Distill Epoch 126/700 [388.8s mem=39159MB] | total=0.4118 kl=0.1592 node_l2=0.511650 graph_l2=1054.023452 task=0.0197 | val_AP=0.5896 test_AP=0.5820
  Distill Epoch 127/700 [386.7s mem=39162MB] | total=0.4085 kl=0.1549 node_l2=0.510697 graph_l2=1043.301495 task=0.0196 | val_AP=0.5884 test_AP=0.5833
  Distill Epoch 128/700 [389.8s mem=39160MB] | total=0.4144 kl=0.1599 node_l2=0.511909 graph_l2=1071.391947 task=0.0208 | val_AP=0.5901 test_AP=0.5814
  Distill Epoch 129/700 [387.8s mem=39163MB] | total=0.4131 kl=0.1574 node_l2=0.511660 graph_l2=1077.943109 task=0.0206 | val_AP=0.5801 test_AP=0.5841
  Distill Epoch 130/700 [385.9s mem=39158MB] | total=0.4173 kl=0.1675 node_l2=0.510521 graph_l2=1061.787441 task=0.0210 | val_AP=0.5828 test_AP=0.5733
  Distill Epoch 131/700 [388.8s mem=39160MB] | total=0.4184 kl=0.1690 node_l2=0.510248 graph_l2=1070.916937 task=0.0210 | val_AP=0.5799 test_AP=0.5688
  Distill Epoch 132/700 [389.6s mem=39164MB] | total=0.4233 kl=0.1829 node_l2=0.507254 graph_l2=1040.511743 task=0.0218 | val_AP=0.5913 test_AP=0.5799
  Distill Epoch 133/700 [385.3s mem=39161MB] | total=0.3933 kl=0.1374 node_l2=0.502604 graph_l2=1012.015890 task=0.0189 | val_AP=0.5910 test_AP=0.5739
  Distill Epoch 134/700 [387.0s mem=39161MB] | total=0.4018 kl=0.1479 node_l2=0.504938 graph_l2=1037.445124 task=0.0196 | val_AP=0.5877 test_AP=0.5758
  Distill Epoch 135/700 [387.1s mem=39163MB] | total=0.3995 kl=0.1451 node_l2=0.503482 graph_l2=1036.301734 task=0.0195 | val_AP=0.5843 test_AP=0.5652
  Distill Epoch 136/700 [388.3s mem=39165MB] | total=0.4130 kl=0.1690 node_l2=0.503136 graph_l2=1032.883378 task=0.0211 | val_AP=0.5914 test_AP=0.5765
  Distill Epoch 137/700 [387.0s mem=39165MB] | total=0.4035 kl=0.1526 node_l2=0.503063 graph_l2=1039.645139 task=0.0197 | val_AP=0.5854 test_AP=0.5664
  Distill Epoch 138/700 [387.6s mem=39155MB] | total=0.4050 kl=0.1592 node_l2=0.501011 graph_l2=1018.237638 task=0.0199 | val_AP=0.5946 test_AP=0.5727
  Distill Epoch 139/700 [388.9s mem=39162MB] | total=0.3910 kl=0.1391 node_l2=0.497438 graph_l2=1001.412545 task=0.0189 | val_AP=0.5867 test_AP=0.5767
  Distill Epoch 140/700 [389.6s mem=39162MB] | total=0.4052 kl=0.1618 node_l2=0.498610 graph_l2=1021.372627 task=0.0199 | val_AP=0.5874 test_AP=0.5774
  Distill Epoch 141/700 [387.9s mem=39166MB] | total=0.4016 kl=0.1562 node_l2=0.497292 graph_l2=1008.889843 task=0.0204 | val_AP=0.5935 test_AP=0.5726
  Distill Epoch 142/700 [387.6s mem=39162MB] | total=0.3883 kl=0.1370 node_l2=0.494601 graph_l2=988.542160 task=0.0192 | val_AP=0.5890 test_AP=0.5716
  Distill Epoch 143/700 [386.5s mem=39160MB] | total=0.3970 kl=0.1512 node_l2=0.495338 graph_l2=995.723844 task=0.0200 | val_AP=0.5848 test_AP=0.5723
  Distill Epoch 144/700 [386.4s mem=39165MB] | total=0.3906 kl=0.1419 node_l2=0.493577 graph_l2=984.120199 task=0.0197 | val_AP=0.5862 test_AP=0.5755
  Distill Epoch 145/700 [388.3s mem=39165MB] | total=0.3904 kl=0.1434 node_l2=0.491831 graph_l2=983.706535 task=0.0196 | val_AP=0.5880 test_AP=0.5687
  Distill Epoch 146/700 [386.0s mem=39159MB] | total=0.3942 kl=0.1492 node_l2=0.492062 graph_l2=986.734029 task=0.0202 | val_AP=0.5876 test_AP=0.5673
  Distill Epoch 147/700 [385.0s mem=39167MB] | total=0.3884 kl=0.1387 node_l2=0.492128 graph_l2=997.737619 task=0.0193 | val_AP=0.5929 test_AP=0.5702
  Distill Epoch 148/700 [387.6s mem=39161MB] | total=0.4002 kl=0.1567 node_l2=0.492672 graph_l2=1001.754883 task=0.0212 | val_AP=0.5816 test_AP=0.5702
  Distill Epoch 149/700 [389.2s mem=39159MB] | total=0.3827 kl=0.1358 node_l2=0.488562 graph_l2=970.109052 task=0.0183 | val_AP=0.5842 test_AP=0.5801
  Distill Epoch 150/700 [387.5s mem=39159MB] | total=0.3860 kl=0.1448 node_l2=0.486515 graph_l2=953.828665 task=0.0189 | val_AP=0.5894 test_AP=0.5660
  Distill Epoch 151/700 [386.6s mem=39158MB] | total=0.3805 kl=0.1351 node_l2=0.485679 graph_l2=952.121835 task=0.0188 | val_AP=0.5869 test_AP=0.5775
  Distill Epoch 152/700 [386.1s mem=39158MB] | total=0.3854 kl=0.1423 node_l2=0.486755 graph_l2=964.021099 task=0.0189 | val_AP=0.5898 test_AP=0.5689
  Distill Epoch 153/700 [385.7s mem=39162MB] | total=0.3831 kl=0.1384 node_l2=0.485800 graph_l2=962.570562 task=0.0191 | val_AP=0.5904 test_AP=0.5755
  Distill Epoch 154/700 [386.2s mem=39162MB] | total=0.3811 kl=0.1368 node_l2=0.484912 graph_l2=958.651658 task=0.0186 | val_AP=0.5814 test_AP=0.5687
  Distill Epoch 155/700 [386.4s mem=39160MB] | total=0.3855 kl=0.1429 node_l2=0.485695 graph_l2=967.106694 task=0.0190 | val_AP=0.5918 test_AP=0.5802
  Distill Epoch 156/700 [386.7s mem=39158MB] | total=0.3953 kl=0.1573 node_l2=0.486184 graph_l2=972.354578 task=0.0207 | val_AP=0.5896 test_AP=0.5727
  Distill Epoch 157/700 [386.8s mem=39167MB] | total=0.3891 kl=0.1503 node_l2=0.483834 graph_l2=961.535450 task=0.0200 | val_AP=0.5888 test_AP=0.5753
  Distill Epoch 158/700 [388.3s mem=39157MB] | total=0.3724 kl=0.1274 node_l2=0.480670 graph_l2=931.319806 task=0.0182 | val_AP=0.5981 test_AP=0.5758
    -> New best distilled metrics: val_loss=1.2400 val_AP=0.5981 (test=0.5758)
  Distill Epoch 159/700 [387.2s mem=39156MB] | total=0.3794 kl=0.1371 node_l2=0.482804 graph_l2=952.332136 task=0.0182 | val_AP=0.5925 test_AP=0.5852
  Distill Epoch 160/700 [386.0s mem=39160MB] | total=0.3737 kl=0.1283 node_l2=0.480363 graph_l2=935.847299 task=0.0189 | val_AP=0.5886 test_AP=0.5777
  Distill Epoch 161/700 [387.7s mem=39160MB] | total=0.3729 kl=0.1302 node_l2=0.477974 graph_l2=928.103515 task=0.0187 | val_AP=0.5812 test_AP=0.5715
  Distill Epoch 162/700 [389.0s mem=39160MB] | total=0.3829 kl=0.1459 node_l2=0.478936 graph_l2=946.505382 task=0.0193 | val_AP=0.5836 test_AP=0.5709
  Distill Epoch 163/700 [387.2s mem=39164MB] | total=0.3696 kl=0.1285 node_l2=0.475867 graph_l2=919.005320 task=0.0179 | val_AP=0.5927 test_AP=0.5743
  Distill Epoch 164/700 [385.0s mem=39162MB] | total=0.3726 kl=0.1345 node_l2=0.474760 graph_l2=908.294276 task=0.0188 | val_AP=0.5914 test_AP=0.5757
  Distill Epoch 165/700 [385.3s mem=39158MB] | total=0.3637 kl=0.1191 node_l2=0.473776 graph_l2=909.002902 task=0.0182 | val_AP=0.5932 test_AP=0.5747
  Distill Epoch 166/700 [386.1s mem=39159MB] | total=0.3712 kl=0.1301 node_l2=0.475201 graph_l2=925.151869 task=0.0186 | val_AP=0.5886 test_AP=0.5776
  Distill Epoch 167/700 [387.6s mem=39160MB] | total=0.3713 kl=0.1339 node_l2=0.473265 graph_l2=913.724871 task=0.0184 | val_AP=0.5826 test_AP=0.5752
  Distill Epoch 168/700 [383.1s mem=39158MB] | total=0.3716 kl=0.1343 node_l2=0.473261 graph_l2=909.880199 task=0.0186 | val_AP=0.5950 test_AP=0.5759
  Distill Epoch 169/700 [388.3s mem=39159MB] | total=0.3645 kl=0.1243 node_l2=0.472557 graph_l2=899.948341 task=0.0175 | val_AP=0.5864 test_AP=0.5722
  Distill Epoch 170/700 [385.1s mem=39159MB] | total=0.3732 kl=0.1368 node_l2=0.471871 graph_l2=907.683900 task=0.0195 | val_AP=0.5966 test_AP=0.5835
  Distill Epoch 171/700 [387.0s mem=39162MB] | total=0.3605 kl=0.1214 node_l2=0.468889 graph_l2=886.565001 task=0.0175 | val_AP=0.5892 test_AP=0.5774
  Distill Epoch 172/700 [386.0s mem=39164MB] | total=0.3685 kl=0.1318 node_l2=0.471211 graph_l2=907.705393 task=0.0180 | val_AP=0.5873 test_AP=0.5802
  Distill Epoch 173/700 [388.3s mem=39164MB] | total=0.3736 kl=0.1404 node_l2=0.470029 graph_l2=899.006055 task=0.0195 | val_AP=0.5807 test_AP=0.5762
  Distill Epoch 174/700 [386.3s mem=39163MB] | total=0.3569 kl=0.1157 node_l2=0.467746 graph_l2=877.912253 task=0.0177 | val_AP=0.5834 test_AP=0.5712
  Distill Epoch 175/700 [386.7s mem=39167MB] | total=0.3680 kl=0.1343 node_l2=0.468017 graph_l2=891.295185 task=0.0186 | val_AP=0.5913 test_AP=0.5725
  Distill Epoch 176/700 [385.3s mem=39160MB] | total=0.3664 kl=0.1332 node_l2=0.467453 graph_l2=879.854989 task=0.0184 | val_AP=0.5886 test_AP=0.5731
  Distill Epoch 177/700 [389.5s mem=39167MB] | total=0.3621 kl=0.1245 node_l2=0.468308 graph_l2=884.505481 task=0.0179 | val_AP=0.5919 test_AP=0.5799
  Distill Epoch 178/700 [385.8s mem=39164MB] | total=0.3640 kl=0.1306 node_l2=0.465484 graph_l2=876.438729 task=0.0184 | val_AP=0.5880 test_AP=0.5785
  Distill Epoch 179/700 [387.3s mem=39165MB] | total=0.3525 kl=0.1130 node_l2=0.464290 graph_l2=864.823942 task=0.0172 | val_AP=0.5916 test_AP=0.5741
  Distill Epoch 180/700 [388.4s mem=39161MB] | total=0.3625 kl=0.1306 node_l2=0.463723 graph_l2=877.568649 task=0.0179 | val_AP=0.5867 test_AP=0.5728
  Distill Epoch 181/700 [386.7s mem=39166MB] | total=0.3590 kl=0.1268 node_l2=0.462389 graph_l2=860.214649 task=0.0179 | val_AP=0.5858 test_AP=0.5752
  Distill Epoch 182/700 [385.7s mem=39164MB] | total=0.3597 kl=0.1260 node_l2=0.463653 graph_l2=875.762457 task=0.0176 | val_AP=0.5893 test_AP=0.5794
  Distill Epoch 183/700 [388.4s mem=39162MB] | total=0.3559 kl=0.1200 node_l2=0.462951 graph_l2=867.858374 task=0.0175 | val_AP=0.5916 test_AP=0.5771
  Distill Epoch 184/700 [387.5s mem=39162MB] | total=0.3574 kl=0.1239 node_l2=0.460979 graph_l2=862.864794 task=0.0182 | val_AP=0.5888 test_AP=0.5685
  Distill Epoch 185/700 [389.4s mem=39160MB] | total=0.3503 kl=0.1156 node_l2=0.459556 graph_l2=849.105226 task=0.0169 | val_AP=0.5898 test_AP=0.5708
  Distill Epoch 186/700 [386.1s mem=39166MB] | total=0.3518 kl=0.1166 node_l2=0.460926 graph_l2=858.322498 task=0.0168 | val_AP=0.5923 test_AP=0.5697
  Distill Epoch 187/700 [389.2s mem=39161MB] | total=0.3618 kl=0.1306 node_l2=0.460779 graph_l2=875.900421 task=0.0186 | val_AP=0.5978 test_AP=0.5786
  Distill Epoch 188/700 [383.8s mem=39161MB] | total=0.3580 kl=0.1253 node_l2=0.460703 graph_l2=872.587857 task=0.0178 | val_AP=0.5923 test_AP=0.5832
  Distill Epoch 189/700 [387.0s mem=39163MB] | total=0.3513 kl=0.1185 node_l2=0.458410 graph_l2=849.458781 task=0.0170 | val_AP=0.5966 test_AP=0.5836
  Distill Epoch 190/700 [386.2s mem=39165MB] | total=0.3498 kl=0.1165 node_l2=0.457227 graph_l2=841.282965 task=0.0174 | val_AP=0.5971 test_AP=0.5783
  Distill Epoch 191/700 [388.0s mem=39158MB] | total=0.3505 kl=0.1195 node_l2=0.456251 graph_l2=835.237277 task=0.0173 | val_AP=0.5875 test_AP=0.5773
  Distill Epoch 192/700 [387.9s mem=39159MB] | total=0.3495 kl=0.1189 node_l2=0.455709 graph_l2=834.617017 task=0.0171 | val_AP=0.5996 test_AP=0.5802
    -> New best distilled metrics: val_loss=1.2400 val_AP=0.5996 (test=0.5802)
  Distill Epoch 193/700 [386.8s mem=39166MB] | total=0.3485 kl=0.1169 node_l2=0.455148 graph_l2=832.472897 task=0.0174 | val_AP=0.5902 test_AP=0.5796
  Distill Epoch 194/700 [386.8s mem=39164MB] | total=0.3535 kl=0.1261 node_l2=0.454301 graph_l2=827.623192 task=0.0183 | val_AP=0.5958 test_AP=0.5832
  Distill Epoch 195/700 [386.8s mem=39160MB] | total=0.3456 kl=0.1144 node_l2=0.453893 graph_l2=824.518870 task=0.0169 | val_AP=0.5922 test_AP=0.5788
  Distill Epoch 196/700 [386.6s mem=39157MB] | total=0.3464 kl=0.1160 node_l2=0.453440 graph_l2=829.746548 task=0.0168 | val_AP=0.5925 test_AP=0.5770
  Distill Epoch 197/700 [386.2s mem=39160MB] | total=0.3462 kl=0.1167 node_l2=0.452369 graph_l2=815.792035 task=0.0174 | val_AP=0.5952 test_AP=0.5771
  Distill Epoch 198/700 [387.8s mem=39163MB] | total=0.3449 kl=0.1136 node_l2=0.451981 graph_l2=822.329460 task=0.0174 | val_AP=0.5831 test_AP=0.5722
  Distill Epoch 199/700 [387.6s mem=39164MB] | total=0.3465 kl=0.1155 node_l2=0.452998 graph_l2=836.120845 task=0.0170 | val_AP=0.5932 test_AP=0.5767
  Distill Epoch 200/700 [387.8s mem=39164MB] | total=0.3483 kl=0.1192 node_l2=0.452599 graph_l2=835.068631 task=0.0172 | val_AP=0.5853 test_AP=0.5730
  Distill Epoch 201/700 [388.3s mem=39163MB] | total=0.3429 kl=0.1104 node_l2=0.451490 graph_l2=828.707552 task=0.0171 | val_AP=0.5912 test_AP=0.5799
  Distill Epoch 202/700 [385.1s mem=39162MB] | total=0.3407 kl=0.1108 node_l2=0.450110 graph_l2=812.263242 task=0.0164 | val_AP=0.5916 test_AP=0.5808
  Distill Epoch 203/700 [388.0s mem=39163MB] | total=0.3410 kl=0.1127 node_l2=0.448654 graph_l2=802.469264 task=0.0169 | val_AP=0.5915 test_AP=0.5810
  Distill Epoch 204/700 [387.2s mem=39165MB] | total=0.3436 kl=0.1149 node_l2=0.448731 graph_l2=808.900979 task=0.0177 | val_AP=0.5928 test_AP=0.5778
  Distill Epoch 205/700 [387.5s mem=39162MB] | total=0.3393 kl=0.1080 node_l2=0.449317 graph_l2=812.426263 task=0.0167 | val_AP=0.6002 test_AP=0.5752
    -> New best distilled metrics: val_loss=1.2400 val_AP=0.6002 (test=0.5752)
  Distill Epoch 206/700 [388.0s mem=39162MB] | total=0.3431 kl=0.1152 node_l2=0.448157 graph_l2=807.064370 task=0.0176 | val_AP=0.5979 test_AP=0.5797
  Distill Epoch 207/700 [386.0s mem=39166MB] | total=0.3421 kl=0.1155 node_l2=0.447420 graph_l2=802.770037 task=0.0171 | val_AP=0.5851 test_AP=0.5723
  Distill Epoch 208/700 [389.7s mem=39163MB] | total=0.3429 kl=0.1187 node_l2=0.446028 graph_l2=796.880074 task=0.0173 | val_AP=0.5907 test_AP=0.5803
  Distill Epoch 209/700 [385.6s mem=39158MB] | total=0.3365 kl=0.1059 node_l2=0.446528 graph_l2=801.385931 task=0.0168 | val_AP=0.5903 test_AP=0.5781
  Distill Epoch 210/700 [387.6s mem=39161MB] | total=0.3446 kl=0.1214 node_l2=0.446346 graph_l2=799.670803 task=0.0173 | val_AP=0.5854 test_AP=0.5636
  Distill Epoch 211/700 [387.5s mem=39165MB] | total=0.3392 kl=0.1114 node_l2=0.446738 graph_l2=802.120299 task=0.0167 | val_AP=0.5893 test_AP=0.5744
  Distill Epoch 212/700 [386.7s mem=39163MB] | total=0.3373 kl=0.1103 node_l2=0.445049 graph_l2=791.971059 task=0.0167 | val_AP=0.5901 test_AP=0.5769
  Distill Epoch 213/700 [389.4s mem=39162MB] | total=0.3307 kl=0.1008 node_l2=0.442855 graph_l2=780.472253 task=0.0165 | val_AP=0.5902 test_AP=0.5795
  Distill Epoch 214/700 [385.4s mem=39166MB] | total=0.3357 kl=0.1096 node_l2=0.444031 graph_l2=792.034020 task=0.0161 | val_AP=0.5924 test_AP=0.5704
  Distill Epoch 215/700 [388.8s mem=39159MB] | total=0.3358 kl=0.1080 node_l2=0.444486 graph_l2=795.313463 task=0.0165 | val_AP=0.5888 test_AP=0.5701
  Distill Epoch 216/700 [388.6s mem=39162MB] | total=0.3460 kl=0.1239 node_l2=0.444929 graph_l2=809.303281 task=0.0176 | val_AP=0.5848 test_AP=0.5767
  Distill Epoch 217/700 [387.9s mem=39162MB] | total=0.3297 kl=0.1009 node_l2=0.441938 graph_l2=776.235900 task=0.0162 | val_AP=0.5962 test_AP=0.5796
  Distill Epoch 218/700 [386.9s mem=39157MB] | total=0.3376 kl=0.1127 node_l2=0.442533 graph_l2=795.148689 task=0.0168 | val_AP=0.5869 test_AP=0.5683
  Distill Epoch 219/700 [389.1s mem=39165MB] | total=0.3321 kl=0.1051 node_l2=0.441515 graph_l2=779.248838 task=0.0165 | val_AP=0.5903 test_AP=0.5756
  Distill Epoch 220/700 [386.7s mem=39159MB] | total=0.3298 kl=0.1017 node_l2=0.441159 graph_l2=776.151738 task=0.0163 | val_AP=0.5918 test_AP=0.5810
  Distill Epoch 221/700 [388.8s mem=39162MB] | total=0.3355 kl=0.1121 node_l2=0.441181 graph_l2=779.702603 task=0.0165 | val_AP=0.5887 test_AP=0.5757
  Distill Epoch 222/700 [388.3s mem=39168MB] | total=0.3315 kl=0.1069 node_l2=0.439446 graph_l2=767.218688 task=0.0166 | val_AP=0.5868 test_AP=0.5755
  Distill Epoch 223/700 [388.4s mem=39163MB] | total=0.3356 kl=0.1123 node_l2=0.440200 graph_l2=779.298517 task=0.0170 | val_AP=0.5930 test_AP=0.5768
  Distill Epoch 224/700 [389.6s mem=39162MB] | total=0.3277 kl=0.1011 node_l2=0.439052 graph_l2=767.848677 task=0.0160 | val_AP=0.5792 test_AP=0.5687
  Distill Epoch 225/700 [389.8s mem=39162MB] | total=0.3294 kl=0.1058 node_l2=0.437862 graph_l2=759.584530 task=0.0163 | val_AP=0.5891 test_AP=0.5733
  Distill Epoch 226/700 [388.3s mem=39158MB] | total=0.3288 kl=0.1040 node_l2=0.437778 graph_l2=765.327342 task=0.0164 | val_AP=0.5944 test_AP=0.5808
  Distill Epoch 227/700 [387.6s mem=39158MB] | total=0.3319 kl=0.1122 node_l2=0.437355 graph_l2=753.223069 task=0.0162 | val_AP=0.5877 test_AP=0.5698
  Distill Epoch 228/700 [387.1s mem=39160MB] | total=0.3298 kl=0.1053 node_l2=0.437891 graph_l2=764.451746 task=0.0166 | val_AP=0.5859 test_AP=0.5682
  Distill Epoch 229/700 [384.1s mem=39163MB] | total=0.3227 kl=0.0963 node_l2=0.435867 graph_l2=749.288832 task=0.0160 | val_AP=0.5918 test_AP=0.5777
  Distill Epoch 230/700 [386.5s mem=39159MB] | total=0.3287 kl=0.1058 node_l2=0.435796 graph_l2=760.694345 task=0.0166 | val_AP=0.5860 test_AP=0.5818
  Distill Epoch 231/700 [383.5s mem=39164MB] | total=0.3319 kl=0.1085 node_l2=0.437748 graph_l2=777.258869 task=0.0166 | val_AP=0.5900 test_AP=0.5795
  Distill Epoch 232/700 [384.5s mem=39165MB] | total=0.3250 kl=0.0992 node_l2=0.435856 graph_l2=761.088966 task=0.0162 | val_AP=0.5871 test_AP=0.5788
  Distill Epoch 233/700 [398.7s mem=39165MB] | total=0.3186 kl=0.0916 node_l2=0.433698 graph_l2=743.136540 task=0.0157 | val_AP=0.5882 test_AP=0.5763
  Distill Epoch 234/700 [397.8s mem=39165MB] | total=0.3272 kl=0.1055 node_l2=0.434052 graph_l2=741.227909 task=0.0170 | val_AP=0.5905 test_AP=0.5794
  Distill Epoch 235/700 [381.0s mem=39159MB] | total=0.3254 kl=0.1027 node_l2=0.434496 graph_l2=751.814881 task=0.0160 | val_AP=0.5900 test_AP=0.5745
  Distill Epoch 236/700 [374.7s mem=39161MB] | total=0.3242 kl=0.1015 node_l2=0.433972 graph_l2=749.954635 task=0.0158 | val_AP=0.5849 test_AP=0.5784
  Distill Epoch 237/700 [372.5s mem=39164MB] | total=0.3268 kl=0.1059 node_l2=0.433523 graph_l2=747.213978 task=0.0165 | val_AP=0.5944 test_AP=0.5836
  Distill Epoch 238/700 [374.2s mem=39165MB] | total=0.3266 kl=0.1049 node_l2=0.433469 graph_l2=749.925893 task=0.0166 | val_AP=0.5857 test_AP=0.5771
  Distill Epoch 239/700 [375.2s mem=39161MB] | total=0.3214 kl=0.0988 node_l2=0.432430 graph_l2=742.818956 task=0.0155 | val_AP=0.5888 test_AP=0.5764
  Distill Epoch 240/700 [374.4s mem=39158MB] | total=0.3252 kl=0.1063 node_l2=0.431206 graph_l2=740.801260 task=0.0162 | val_AP=0.5960 test_AP=0.5778
  Distill Epoch 241/700 [374.5s mem=39159MB] | total=0.3186 kl=0.0982 node_l2=0.429738 graph_l2=721.064798 task=0.0155 | val_AP=0.5970 test_AP=0.5794
  Distill Epoch 242/700 [375.4s mem=39164MB] | total=0.3206 kl=0.1011 node_l2=0.430109 graph_l2=727.400967 task=0.0156 | val_AP=0.5947 test_AP=0.5804
  Distill Epoch 243/700 [374.0s mem=39163MB] | total=0.3184 kl=0.0962 node_l2=0.429985 graph_l2=732.675114 task=0.0156 | val_AP=0.5951 test_AP=0.5792
  Distill Epoch 244/700 [374.8s mem=39155MB] | total=0.3243 kl=0.1058 node_l2=0.430446 graph_l2=733.764978 task=0.0163 | val_AP=0.5996 test_AP=0.5794
  Distill Epoch 245/700 [372.0s mem=39166MB] | total=0.3194 kl=0.0975 node_l2=0.429538 graph_l2=730.254318 task=0.0162 | val_AP=0.5968 test_AP=0.5783
  Distill Epoch 246/700 [375.0s mem=39162MB] | total=0.3220 kl=0.1032 node_l2=0.429276 graph_l2=734.090084 task=0.0158 | val_AP=0.5890 test_AP=0.5803
  Distill Epoch 247/700 [375.2s mem=39168MB] | total=0.3198 kl=0.0992 node_l2=0.429149 graph_l2=726.098474 task=0.0161 | val_AP=0.5944 test_AP=0.5840
  Distill Epoch 248/700 [374.5s mem=39163MB] | total=0.3230 kl=0.1034 node_l2=0.429781 graph_l2=733.461100 task=0.0164 | val_AP=0.5927 test_AP=0.5795
  Distill Epoch 249/700 [373.9s mem=39160MB] | total=0.3181 kl=0.0988 node_l2=0.427212 graph_l2=719.039043 task=0.0160 | val_AP=0.5930 test_AP=0.5784
  Distill Epoch 250/700 [377.0s mem=39160MB] | total=0.3195 kl=0.0994 node_l2=0.428787 graph_l2=741.201466 task=0.0153 | val_AP=0.5925 test_AP=0.5801
  Distill Epoch 251/700 [376.3s mem=39158MB] | total=0.3145 kl=0.0926 node_l2=0.427051 graph_l2=714.256519 task=0.0158 | val_AP=0.5972 test_AP=0.5723
  Distill Epoch 252/700 [376.7s mem=39162MB] | total=0.3188 kl=0.0992 node_l2=0.426899 graph_l2=722.435178 task=0.0163 | val_AP=0.5987 test_AP=0.5815
  Distill Epoch 253/700 [389.4s mem=39164MB] | total=0.3166 kl=0.0983 node_l2=0.426514 graph_l2=717.773031 task=0.0153 | val_AP=0.5860 test_AP=0.5780
  Distill Epoch 254/700 [558.1s mem=39162MB] | total=0.3141 kl=0.0930 node_l2=0.425651 graph_l2=715.950357 task=0.0158 | val_AP=0.5922 test_AP=0.5754
  Distill Epoch 255/700 [552.0s mem=39162MB] | total=0.3164 kl=0.0978 node_l2=0.425264 graph_l2=713.876111 task=0.0160 | val_AP=0.5951 test_AP=0.5833
  Distill Epoch 256/700 [569.2s mem=39163MB] | total=0.3156 kl=0.0964 node_l2=0.424993 graph_l2=707.165359 task=0.0163 | val_AP=0.5918 test_AP=0.5697
  Distill Epoch 257/700 [536.0s mem=39160MB] | total=0.3135 kl=0.0961 node_l2=0.424216 graph_l2=697.296484 task=0.0154 | val_AP=0.5888 test_AP=0.5783
  Distill Epoch 258/700 [561.6s mem=39166MB] | total=0.3085 kl=0.0882 node_l2=0.423180 graph_l2=695.763341 task=0.0151 | val_AP=0.5900 test_AP=0.5753
  Distill Epoch 259/700 [545.6s mem=39163MB] | total=0.3113 kl=0.0912 node_l2=0.423487 graph_l2=702.006474 task=0.0157 | val_AP=0.5970 test_AP=0.5806
  Distill Epoch 260/700 [556.2s mem=39164MB] | total=0.3084 kl=0.0876 node_l2=0.422999 graph_l2=701.461772 task=0.0150 | val_AP=0.5959 test_AP=0.5766
  Distill Epoch 261/700 [568.0s mem=39165MB] | total=0.3106 kl=0.0910 node_l2=0.422457 graph_l2=699.310020 task=0.0157 | val_AP=0.5981 test_AP=0.5780
  Distill Epoch 262/700 [543.3s mem=39159MB] | total=0.3156 kl=0.1005 node_l2=0.423148 graph_l2=704.717519 task=0.0155 | val_AP=0.5945 test_AP=0.5801
  Distill Epoch 263/700 [568.9s mem=39157MB] | total=0.3110 kl=0.0920 node_l2=0.422710 graph_l2=700.157276 task=0.0155 | val_AP=0.5941 test_AP=0.5816
  Distill Epoch 264/700 [549.4s mem=39161MB] | total=0.3078 kl=0.0871 node_l2=0.421811 graph_l2=695.455334 task=0.0155 | val_AP=0.5967 test_AP=0.5790
  Distill Epoch 265/700 [540.2s mem=39159MB] | total=0.3058 kl=0.0868 node_l2=0.420591 graph_l2=687.219266 task=0.0148 | val_AP=0.5984 test_AP=0.5740
  Distill Epoch 266/700 [567.2s mem=39173MB] | total=0.3136 kl=0.0998 node_l2=0.420496 graph_l2=688.359478 task=0.0159 | val_AP=0.5932 test_AP=0.5780
  Distill Epoch 267/700 [547.9s mem=39157MB] | total=0.3071 kl=0.0891 node_l2=0.419677 graph_l2=682.161070 task=0.0156 | val_AP=0.5927 test_AP=0.5762
  Distill Epoch 268/700 [556.2s mem=39160MB] | total=0.3070 kl=0.0880 node_l2=0.420049 graph_l2=690.220385 task=0.0154 | val_AP=0.5931 test_AP=0.5697
  Distill Epoch 269/700 [571.0s mem=39164MB] | total=0.3059 kl=0.0877 node_l2=0.418993 graph_l2=683.418733 task=0.0154 | val_AP=0.5945 test_AP=0.5798
  Distill Epoch 270/700 [545.0s mem=39159MB] | total=0.3100 kl=0.0953 node_l2=0.419015 graph_l2=684.902204 task=0.0155 | val_AP=0.5890 test_AP=0.5778
  Distill Epoch 271/700 [566.9s mem=39157MB] | total=0.3046 kl=0.0883 node_l2=0.417913 graph_l2=670.660171 task=0.0150 | val_AP=0.5912 test_AP=0.5780
  Distill Epoch 272/700 [575.5s mem=39160MB] | total=0.3066 kl=0.0912 node_l2=0.417428 graph_l2=671.207278 task=0.0156 | val_AP=0.5970 test_AP=0.5809
  Distill Epoch 273/700 [548.8s mem=39164MB] | total=0.3127 kl=0.0986 node_l2=0.419113 graph_l2=696.308427 task=0.0159 | val_AP=0.5876 test_AP=0.5766
  Distill Epoch 274/700 [562.3s mem=39163MB] | total=0.3072 kl=0.0898 node_l2=0.418723 graph_l2=689.756792 task=0.0154 | val_AP=0.5894 test_AP=0.5816
  Distill Epoch 275/700 [542.6s mem=39163MB] | total=0.3058 kl=0.0908 node_l2=0.416914 graph_l2=674.316862 task=0.0152 | val_AP=0.5916 test_AP=0.5758
  Distill Epoch 276/700 [548.4s mem=39163MB] | total=0.3075 kl=0.0938 node_l2=0.416917 graph_l2=670.924582 task=0.0155 | val_AP=0.5873 test_AP=0.5740
  Distill Epoch 277/700 [572.2s mem=39159MB] | total=0.3038 kl=0.0874 node_l2=0.416567 graph_l2=668.336831 task=0.0153 | val_AP=0.5882 test_AP=0.5785
  Distill Epoch 278/700 [551.4s mem=39165MB] | total=0.3055 kl=0.0903 node_l2=0.416509 graph_l2=673.942889 task=0.0153 | val_AP=0.5918 test_AP=0.5764
  Distill Epoch 279/700 [562.2s mem=39161MB] | total=0.3064 kl=0.0921 node_l2=0.416774 graph_l2=671.500760 task=0.0153 | val_AP=0.5915 test_AP=0.5745
  Distill Epoch 280/700 [569.7s mem=39159MB] | total=0.3063 kl=0.0914 node_l2=0.416393 graph_l2=677.789152 task=0.0154 | val_AP=0.5937 test_AP=0.5813
  Distill Epoch 281/700 [547.4s mem=39159MB] | total=0.3061 kl=0.0940 node_l2=0.414969 graph_l2=666.395691 task=0.0153 | val_AP=0.5990 test_AP=0.5755
  Distill Epoch 282/700 [567.5s mem=39162MB] | total=0.3018 kl=0.0864 node_l2=0.415187 graph_l2=664.507011 task=0.0148 | val_AP=0.5928 test_AP=0.5805
  Distill Epoch 283/700 [553.3s mem=39163MB] | total=0.3037 kl=0.0920 node_l2=0.413821 graph_l2=655.646541 task=0.0150 | val_AP=0.5935 test_AP=0.5787
  Distill Epoch 284/700 [546.2s mem=39167MB] | total=0.3006 kl=0.0843 node_l2=0.414409 graph_l2=664.580993 task=0.0150 | val_AP=0.5930 test_AP=0.5804
  Distill Epoch 285/700 [565.7s mem=39162MB] | total=0.3046 kl=0.0922 node_l2=0.413603 graph_l2=662.857570 task=0.0155 | val_AP=0.5918 test_AP=0.5743
  Distill Epoch 286/700 [543.3s mem=39168MB] | total=0.3041 kl=0.0902 node_l2=0.414419 graph_l2=665.953163 task=0.0154 | val_AP=0.5959 test_AP=0.5821
  Distill Epoch 287/700 [557.9s mem=39159MB] | total=0.3091 kl=0.0987 node_l2=0.414043 graph_l2=665.515004 task=0.0162 | val_AP=0.5980 test_AP=0.5809
  Distill Epoch 288/700 [565.6s mem=39164MB] | total=0.3070 kl=0.0950 node_l2=0.414236 graph_l2=671.812681 task=0.0156 | val_AP=0.5999 test_AP=0.5750
  Distill Epoch 289/700 [546.1s mem=39162MB] | total=0.3011 kl=0.0867 node_l2=0.412772 graph_l2=661.639547 task=0.0152 | val_AP=0.5957 test_AP=0.5739
  Distill Epoch 290/700 [570.7s mem=39156MB] | total=0.3029 kl=0.0878 node_l2=0.413416 graph_l2=668.250540 task=0.0157 | val_AP=0.5941 test_AP=0.5785
  Distill Epoch 291/700 [556.4s mem=39155MB] | total=0.3014 kl=0.0901 node_l2=0.411293 graph_l2=652.909002 task=0.0151 | val_AP=0.5927 test_AP=0.5735
  Distill Epoch 292/700 [549.4s mem=39165MB] | total=0.3005 kl=0.0867 node_l2=0.411816 graph_l2=654.302518 task=0.0154 | val_AP=0.5932 test_AP=0.5840
  Distill Epoch 293/700 [572.7s mem=39156MB] | total=0.3006 kl=0.0878 node_l2=0.411575 graph_l2=655.829829 task=0.0151 | val_AP=0.5951 test_AP=0.5757
  Distill Epoch 294/700 [551.6s mem=39165MB] | total=0.3050 kl=0.0960 node_l2=0.411366 graph_l2=656.896407 task=0.0154 | val_AP=0.5973 test_AP=0.5756
  Distill Epoch 295/700 [552.9s mem=39159MB] | total=0.2971 kl=0.0837 node_l2=0.410476 graph_l2=646.236769 task=0.0148 | val_AP=0.5940 test_AP=0.5758
  Distill Epoch 296/700 [572.2s mem=39160MB] | total=0.2993 kl=0.0879 node_l2=0.410691 graph_l2=640.810225 task=0.0149 | val_AP=0.5965 test_AP=0.5752
  Distill Epoch 297/700 [555.0s mem=39162MB] | total=0.3001 kl=0.0884 node_l2=0.410725 graph_l2=646.166623 task=0.0151 | val_AP=0.5973 test_AP=0.5757
  Distill Epoch 298/700 [562.8s mem=39163MB] | total=0.2957 kl=0.0823 node_l2=0.410099 graph_l2=641.143477 task=0.0145 | val_AP=0.5967 test_AP=0.5758
  Distill Epoch 299/700 [569.6s mem=39161MB] | total=0.2961 kl=0.0840 node_l2=0.409224 graph_l2=635.965312 task=0.0148 | val_AP=0.5912 test_AP=0.5767
  Distill Epoch 300/700 [554.5s mem=39160MB] | total=0.2987 kl=0.0858 node_l2=0.409845 graph_l2=644.999440 task=0.0155 | val_AP=0.5960 test_AP=0.5770
  Distill Epoch 301/700 [566.8s mem=39163MB] | total=0.2939 kl=0.0813 node_l2=0.408719 graph_l2=636.891479 task=0.0143 | val_AP=0.5947 test_AP=0.5763
  Distill Epoch 302/700 [557.3s mem=39161MB] | total=0.2973 kl=0.0859 node_l2=0.408819 graph_l2=640.581443 task=0.0149 | val_AP=0.5914 test_AP=0.5716
  Distill Epoch 303/700 [548.8s mem=39163MB] | total=0.2951 kl=0.0814 node_l2=0.409128 graph_l2=639.125972 task=0.0149 | val_AP=0.5907 test_AP=0.5807
  Distill Epoch 304/700 [572.8s mem=39158MB] | total=0.2962 kl=0.0850 node_l2=0.408015 graph_l2=636.552897 task=0.0149 | val_AP=0.5909 test_AP=0.5788
  Distill Epoch 305/700 [550.6s mem=39160MB] | total=0.2976 kl=0.0869 node_l2=0.407802 graph_l2=638.742469 task=0.0152 | val_AP=0.5903 test_AP=0.5823
  Distillation early stopping at epoch 305. Best val loss=1.2400 at epoch 205.
Distillation done. Best val loss (M_base)=1.2400 at epoch 205.

  Cycle 0 distillation gap: AP_proxy=0.5989 - AP_base=0.6002 = -0.0013

  WEIGHT SWAP: loading distilled weights as new M_proxy init
    Saved swapped model to checkpoints_adv_distill_gred_8/cycle0/swapped_model.pt

  STOPPING: distillation gap (-0.0013) < threshold (0.003). Proxies offer nothing new to distill.

======================================================================
RATCHET COMPLETE — Summary across cycles:
======================================================================
 Cycle  AP_proxy(val)  AP_proxy(test)  AP_base(val)      Gap
------------------------------------------------------------
     0         0.5989          0.5837        0.6002  -0.0013

Full cycle log saved to checkpoints_adv_distill_gred_8/ratchet_log.pkl
