+ python main_adversarial_distillation.py --num_cycles 5 --run_stage1 --backbone vanilla_gt --generator flow_matching --num_proxies 16 --hidden_dim 512 --num_layers 4 --num_heads 8 --num_gred_layers 8 --num_transformer_layers 2 --state_dim 88 --batch_size 64 --num_workers 4 --s1_lr 3e-5 --s1_max_epochs 100 --s1_patience 15 --s2_lr 5e-4 --s2_max_epochs 1000 --s2_patience 200 --s3_lr_gen 5e-4 --s3_lr_transformer 5e-4 --s3_max_epochs 500 --s3_patience 150 --s3_grad_clip 0.5 --dropout 0.2 --s1_weight_decay 1e-3 --novelty_temperature 1 --novelty_alpha 0.1 --novelty_alpha_node 0.1 --diversity_weight 0.5 --distill_lr 5e-5 --distill_max_epochs 700 --distill_patience 100 --distill_temperature 1.5 --distill_kl_weight 0.5 --distill_node_weight 0.5 --distill_graph_weight 0.00005 --distill_task_weight 1.2 --gap_threshold 0.005 --distill_gap_threshold 0.003 --save_dir checkpoints_adv_distill_7
{'config': None, 'num_cycles': 5, 'resume_cycle': 0, 'gap_threshold': 0.005, 'distill_gap_threshold': 0.003, 'reinit_generator': False, 'run_stage1': True, 'generator': 'flow_matching', 'backbone': 'vanilla_gt', 'model_path': None, 'generator_path': None, 'hidden_dim': 512, 'num_layers': 4, 'num_heads': 8, 'output_dim': 10, 'dropout': 0.2, 'num_proxies': 16, 'use_lap_pe': True, 'lap_pe_dim': 8, 'state_dim': 88, 'num_gred_layers': 8, 'num_transformer_layers': 2, 'gred_expand': 1, 'r_min': 0.0, 'r_max': 1.0, 'max_phase': 6.28, 'gred_act': 'full-glu', 'max_hops': 40, 'dist_mask_workers': 8, 's1_lr': 3e-05, 's1_weight_decay': 0.001, 's1_max_epochs': 100, 's1_patience': 15, 's1_grad_clip': 1.0, 's2_lr': 0.0005, 's2_weight_decay': 0.0003, 's2_max_epochs': 1000, 's2_patience': 200, 's2_eval_every': 1, 's2_grad_clip': 1.0, 's3_lr_gen': 0.0005, 's3_lr_transformer': 0.0005, 's3_max_epochs': 500, 's3_patience': 150, 's3_grad_clip': 0.5, 's3_weight_decay': 0.0001, 'novelty_temperature': 1.0, 'novelty_alpha': 0.1, 'novelty_alpha_node': 0.1, 'diversity_weight': 0.5, 'gen_hidden_dim': 256, 'gen_num_layers': 4, 'gen_num_heads': 8, 'gen_dropout': 0.2, 'pma_query_mode': 'farthest_point', 'coarsen_gnn_type': 'GIN', 'coarsen_reg_weight': 0.1, 'coarsen_reg_type': 'mincut', 'gnn_layers': 4, 'gnn_type': 'GINE', 'pool_types': ['max'], 'decode_hidden': 128, 'decode_layers': 3, 'idx_emb_dim': 128, 'decode_mode': 'shared', 'denoiser_dim': 256, 'denoiser_layers': 4, 'denoiser_heads': 8, 'euler_steps': 1, 'use_cross_attn_routing': False, 'num_cross_layers': 2, 'cross_attn_proxy_self_attn': True, 'proxy_insertion_layers': '-1', 'separate_proxy_generators': False, 'separate_proxy_routers': False, 'proxy_aux_loss_decay': 1.0, 'distill_lr': 5e-05, 'distill_weight_decay': 0.0001, 'distill_max_epochs': 700, 'distill_patience': 100, 'distill_grad_clip': 1.0, 'distill_kl_weight': 0.5, 'distill_node_weight': 0.5, 'distill_graph_weight': 5e-05, 'distill_task_weight': 1.2, 'distill_temperature': 1.5, 'distill_partial_swap': False, 'readout_scope': 'all_tokens', 'batch_size': 64, 'num_workers': 4, 'lr_min': 1e-07, 'warmup_ratio': 0.05, 'recurrent_lr_factor': 1.0, 'save_dir': 'checkpoints_adv_distill_7', 'device': 'cuda'}
Saved code snapshot to checkpoints_adv_distill_7/code_snapshot.zip

######################################################################
#  RATCHET CYCLE 0/4
######################################################################

============================================================
STAGE 1: Pretrain backbone (vanilla_gt)
============================================================
  Parameters: 13,227,530
  S1 Epoch   1/100 [18.7s mem=8353MB] | train_loss=1.7305 train_AP=0.1853 | val_loss=0.5871 val_AP=0.2115
    -> New best val AP=0.2115, saved
  S1 Epoch   2/100 [19.8s mem=8351MB] | train_loss=0.4507 train_AP=0.2141 | val_loss=0.4452 val_AP=0.2380
    -> New best val AP=0.2380, saved
  S1 Epoch   3/100 [18.2s mem=8348MB] | train_loss=0.3878 train_AP=0.2362 | val_loss=0.3600 val_AP=0.2622
    -> New best val AP=0.2622, saved
  S1 Epoch   4/100 [17.5s mem=8348MB] | train_loss=0.3802 train_AP=0.2393 | val_loss=0.3579 val_AP=0.2663
    -> New best val AP=0.2663, saved
  S1 Epoch   5/100 [18.4s mem=8352MB] | train_loss=0.3857 train_AP=0.2354 | val_loss=0.3329 val_AP=0.2767
    -> New best val AP=0.2767, saved
  S1 Epoch   6/100 [16.8s mem=8352MB] | train_loss=0.3733 train_AP=0.2400 | val_loss=0.3299 val_AP=0.2737
  S1 Epoch   7/100 [17.0s mem=8350MB] | train_loss=0.3745 train_AP=0.2386 | val_loss=0.3393 val_AP=0.2640
  S1 Epoch   8/100 [17.6s mem=8353MB] | train_loss=0.3600 train_AP=0.2430 | val_loss=0.3229 val_AP=0.2877
    -> New best val AP=0.2877, saved
  S1 Epoch   9/100 [17.4s mem=8351MB] | train_loss=0.3586 train_AP=0.2425 | val_loss=0.3291 val_AP=0.2854
  S1 Epoch  10/100 [17.6s mem=8347MB] | train_loss=0.3544 train_AP=0.2456 | val_loss=0.3224 val_AP=0.2840
  S1 Epoch  11/100 [18.0s mem=8352MB] | train_loss=0.3508 train_AP=0.2481 | val_loss=0.3579 val_AP=0.2913
    -> New best val AP=0.2913, saved
  S1 Epoch  12/100 [17.3s mem=8355MB] | train_loss=0.3534 train_AP=0.2472 | val_loss=0.3431 val_AP=0.2692
  S1 Epoch  13/100 [17.5s mem=8357MB] | train_loss=0.3469 train_AP=0.2529 | val_loss=0.3370 val_AP=0.2733
  S1 Epoch  14/100 [17.1s mem=8354MB] | train_loss=0.3452 train_AP=0.2525 | val_loss=0.3400 val_AP=0.2868
  S1 Epoch  15/100 [17.0s mem=8354MB] | train_loss=0.3433 train_AP=0.2546 | val_loss=0.3217 val_AP=0.2882
  S1 Epoch  16/100 [17.2s mem=8351MB] | train_loss=0.3411 train_AP=0.2553 | val_loss=0.3379 val_AP=0.2766
  S1 Epoch  17/100 [17.2s mem=8350MB] | train_loss=0.3405 train_AP=0.2564 | val_loss=0.3230 val_AP=0.2892
  S1 Epoch  18/100 [17.2s mem=8351MB] | train_loss=0.3417 train_AP=0.2583 | val_loss=0.3362 val_AP=0.2739
  S1 Epoch  19/100 [17.1s mem=8351MB] | train_loss=0.3386 train_AP=0.2606 | val_loss=0.3199 val_AP=0.2810
  S1 Epoch  20/100 [18.2s mem=8354MB] | train_loss=0.3405 train_AP=0.2592 | val_loss=0.3213 val_AP=0.2851
  S1 Epoch  21/100 [17.3s mem=8352MB] | train_loss=0.3358 train_AP=0.2634 | val_loss=0.3217 val_AP=0.2920
    -> New best val AP=0.2920, saved
  S1 Epoch  22/100 [16.7s mem=8352MB] | train_loss=0.3373 train_AP=0.2638 | val_loss=0.3186 val_AP=0.2939
    -> New best val AP=0.2939, saved
  S1 Epoch  23/100 [17.3s mem=8353MB] | train_loss=0.3353 train_AP=0.2638 | val_loss=0.3222 val_AP=0.2860
  S1 Epoch  24/100 [17.5s mem=8348MB] | train_loss=0.3335 train_AP=0.2662 | val_loss=0.3195 val_AP=0.2916
  S1 Epoch  25/100 [18.3s mem=8342MB] | train_loss=0.3340 train_AP=0.2660 | val_loss=0.3322 val_AP=0.2947
    -> New best val AP=0.2947, saved
  S1 Epoch  26/100 [16.9s mem=8352MB] | train_loss=0.3320 train_AP=0.2711 | val_loss=0.3229 val_AP=0.2884
  S1 Epoch  27/100 [18.2s mem=8348MB] | train_loss=0.3311 train_AP=0.2694 | val_loss=0.3246 val_AP=0.2957
    -> New best val AP=0.2957, saved
  S1 Epoch  28/100 [17.3s mem=8348MB] | train_loss=0.3298 train_AP=0.2725 | val_loss=0.3246 val_AP=0.2801
  S1 Epoch  29/100 [17.1s mem=8349MB] | train_loss=0.3311 train_AP=0.2750 | val_loss=0.3267 val_AP=0.3015
    -> New best val AP=0.3015, saved
  S1 Epoch  30/100 [18.0s mem=8344MB] | train_loss=0.3270 train_AP=0.2789 | val_loss=0.3294 val_AP=0.2949
  S1 Epoch  31/100 [17.4s mem=8346MB] | train_loss=0.3281 train_AP=0.2774 | val_loss=0.3150 val_AP=0.3104
    -> New best val AP=0.3104, saved
  S1 Epoch  32/100 [17.2s mem=8347MB] | train_loss=0.3272 train_AP=0.2850 | val_loss=0.3172 val_AP=0.2970
  S1 Epoch  33/100 [18.5s mem=8347MB] | train_loss=0.3244 train_AP=0.2896 | val_loss=0.3231 val_AP=0.3106
    -> New best val AP=0.3106, saved
  S1 Epoch  34/100 [17.2s mem=8354MB] | train_loss=0.3239 train_AP=0.2916 | val_loss=0.3202 val_AP=0.3340
    -> New best val AP=0.3340, saved
  S1 Epoch  35/100 [17.1s mem=8352MB] | train_loss=0.3191 train_AP=0.3007 | val_loss=0.3231 val_AP=0.3310
  S1 Epoch  36/100 [17.0s mem=8354MB] | train_loss=0.3166 train_AP=0.3085 | val_loss=0.3121 val_AP=0.3484
    -> New best val AP=0.3484, saved
  S1 Epoch  37/100 [17.5s mem=8347MB] | train_loss=0.3171 train_AP=0.3090 | val_loss=0.3157 val_AP=0.3420
  S1 Epoch  38/100 [17.3s mem=8355MB] | train_loss=0.3124 train_AP=0.3182 | val_loss=0.3115 val_AP=0.3552
    -> New best val AP=0.3552, saved
  S1 Epoch  39/100 [16.5s mem=8349MB] | train_loss=0.3127 train_AP=0.3221 | val_loss=0.3169 val_AP=0.3532
  S1 Epoch  40/100 [17.0s mem=8347MB] | train_loss=0.3096 train_AP=0.3286 | val_loss=0.3208 val_AP=0.3580
    -> New best val AP=0.3580, saved
  S1 Epoch  41/100 [17.1s mem=8351MB] | train_loss=0.3069 train_AP=0.3352 | val_loss=0.3076 val_AP=0.3676
    -> New best val AP=0.3676, saved
  S1 Epoch  42/100 [16.8s mem=8351MB] | train_loss=0.3044 train_AP=0.3383 | val_loss=0.3317 val_AP=0.3597
  S1 Epoch  43/100 [16.6s mem=8350MB] | train_loss=0.3052 train_AP=0.3405 | val_loss=0.2943 val_AP=0.3721
    -> New best val AP=0.3721, saved
  S1 Epoch  44/100 [16.8s mem=8347MB] | train_loss=0.2998 train_AP=0.3515 | val_loss=0.3093 val_AP=0.3732
    -> New best val AP=0.3732, saved
  S1 Epoch  45/100 [18.2s mem=8354MB] | train_loss=0.2995 train_AP=0.3532 | val_loss=0.2996 val_AP=0.3788
    -> New best val AP=0.3788, saved
  S1 Epoch  46/100 [16.8s mem=8354MB] | train_loss=0.2974 train_AP=0.3576 | val_loss=0.2975 val_AP=0.3797
    -> New best val AP=0.3797, saved
  S1 Epoch  47/100 [18.6s mem=8356MB] | train_loss=0.2961 train_AP=0.3641 | val_loss=0.3205 val_AP=0.3747
  S1 Epoch  48/100 [18.1s mem=8348MB] | train_loss=0.2941 train_AP=0.3624 | val_loss=0.2962 val_AP=0.3852
    -> New best val AP=0.3852, saved
  S1 Epoch  49/100 [18.0s mem=8351MB] | train_loss=0.2922 train_AP=0.3716 | val_loss=0.3029 val_AP=0.3814
  S1 Epoch  50/100 [18.1s mem=8352MB] | train_loss=0.2878 train_AP=0.3856 | val_loss=0.3089 val_AP=0.3868
    -> New best val AP=0.3868, saved
  S1 Epoch  51/100 [18.4s mem=8349MB] | train_loss=0.2853 train_AP=0.3904 | val_loss=0.3108 val_AP=0.3937
    -> New best val AP=0.3937, saved
  S1 Epoch  52/100 [16.9s mem=8354MB] | train_loss=0.2854 train_AP=0.3886 | val_loss=0.2971 val_AP=0.3814
  S1 Epoch  53/100 [18.7s mem=8352MB] | train_loss=0.2837 train_AP=0.3956 | val_loss=0.2898 val_AP=0.4030
    -> New best val AP=0.4030, saved
  S1 Epoch  54/100 [17.5s mem=8354MB] | train_loss=0.2808 train_AP=0.4041 | val_loss=0.3161 val_AP=0.3992
  S1 Epoch  55/100 [18.3s mem=8351MB] | train_loss=0.2781 train_AP=0.4106 | val_loss=0.3173 val_AP=0.3887
  S1 Epoch  56/100 [17.2s mem=8352MB] | train_loss=0.2741 train_AP=0.4190 | val_loss=0.3149 val_AP=0.4010
  S1 Epoch  57/100 [17.9s mem=8355MB] | train_loss=0.2706 train_AP=0.4298 | val_loss=0.3202 val_AP=0.4065
    -> New best val AP=0.4065, saved
  S1 Epoch  58/100 [17.1s mem=8347MB] | train_loss=0.2698 train_AP=0.4339 | val_loss=0.3171 val_AP=0.4092
    -> New best val AP=0.4092, saved
  S1 Epoch  59/100 [17.0s mem=8347MB] | train_loss=0.2661 train_AP=0.4421 | val_loss=0.3001 val_AP=0.4180
    -> New best val AP=0.4180, saved
  S1 Epoch  60/100 [17.7s mem=8346MB] | train_loss=0.2640 train_AP=0.4505 | val_loss=0.3275 val_AP=0.4108
  S1 Epoch  61/100 [17.6s mem=8351MB] | train_loss=0.2603 train_AP=0.4629 | val_loss=0.3253 val_AP=0.4080
  S1 Epoch  62/100 [18.4s mem=8353MB] | train_loss=0.2575 train_AP=0.4696 | val_loss=0.3361 val_AP=0.4035
  S1 Epoch  63/100 [17.6s mem=8350MB] | train_loss=0.2546 train_AP=0.4758 | val_loss=0.3228 val_AP=0.4206
    -> New best val AP=0.4206, saved
  S1 Epoch  64/100 [16.8s mem=8345MB] | train_loss=0.2513 train_AP=0.4829 | val_loss=0.3261 val_AP=0.4229
    -> New best val AP=0.4229, saved
  S1 Epoch  65/100 [18.3s mem=8347MB] | train_loss=0.2486 train_AP=0.4917 | val_loss=0.3371 val_AP=0.4172
  S1 Epoch  66/100 [16.8s mem=8349MB] | train_loss=0.2451 train_AP=0.5008 | val_loss=0.3754 val_AP=0.4052
  S1 Epoch  67/100 [17.4s mem=8354MB] | train_loss=0.2435 train_AP=0.5047 | val_loss=0.3489 val_AP=0.4188
  S1 Epoch  68/100 [16.6s mem=8352MB] | train_loss=0.2409 train_AP=0.5083 | val_loss=0.3802 val_AP=0.4188
  S1 Epoch  69/100 [16.7s mem=8353MB] | train_loss=0.2393 train_AP=0.5175 | val_loss=0.3544 val_AP=0.4257
    -> New best val AP=0.4257, saved
  S1 Epoch  70/100 [16.5s mem=8350MB] | train_loss=0.2360 train_AP=0.5258 | val_loss=0.4005 val_AP=0.4104
  S1 Epoch  71/100 [16.6s mem=8351MB] | train_loss=0.2337 train_AP=0.5282 | val_loss=0.3525 val_AP=0.4247
  S1 Epoch  72/100 [16.6s mem=8354MB] | train_loss=0.2306 train_AP=0.5363 | val_loss=0.3864 val_AP=0.4229
  S1 Epoch  73/100 [16.9s mem=8351MB] | train_loss=0.2293 train_AP=0.5424 | val_loss=0.3927 val_AP=0.4260
    -> New best val AP=0.4260, saved
  S1 Epoch  74/100 [16.6s mem=8355MB] | train_loss=0.2269 train_AP=0.5463 | val_loss=0.3725 val_AP=0.4222
  S1 Epoch  75/100 [17.0s mem=8343MB] | train_loss=0.2250 train_AP=0.5465 | val_loss=0.3940 val_AP=0.4207
  S1 Epoch  76/100 [17.3s mem=8351MB] | train_loss=0.2223 train_AP=0.5591 | val_loss=0.3924 val_AP=0.4176
  S1 Epoch  77/100 [16.6s mem=8352MB] | train_loss=0.2200 train_AP=0.5599 | val_loss=0.4081 val_AP=0.4224
  S1 Epoch  78/100 [16.6s mem=8351MB] | train_loss=0.2183 train_AP=0.5663 | val_loss=0.4054 val_AP=0.4186
  S1 Epoch  79/100 [16.9s mem=8350MB] | train_loss=0.2168 train_AP=0.5694 | val_loss=0.3954 val_AP=0.4327
    -> New best val AP=0.4327, saved
  S1 Epoch  80/100 [18.0s mem=8354MB] | train_loss=0.2148 train_AP=0.5772 | val_loss=0.4125 val_AP=0.4239
  S1 Epoch  81/100 [16.8s mem=8354MB] | train_loss=0.2137 train_AP=0.5779 | val_loss=0.4101 val_AP=0.4264
  S1 Epoch  82/100 [17.0s mem=8346MB] | train_loss=0.2126 train_AP=0.5832 | val_loss=0.4289 val_AP=0.4195
  S1 Epoch  83/100 [17.9s mem=8354MB] | train_loss=0.2114 train_AP=0.5868 | val_loss=0.4166 val_AP=0.4218
  S1 Epoch  84/100 [18.0s mem=8344MB] | train_loss=0.2098 train_AP=0.5880 | val_loss=0.4216 val_AP=0.4214
  S1 Epoch  85/100 [17.5s mem=8350MB] | train_loss=0.2084 train_AP=0.5900 | val_loss=0.4523 val_AP=0.4161
  S1 Epoch  86/100 [16.6s mem=8351MB] | train_loss=0.2072 train_AP=0.5955 | val_loss=0.4352 val_AP=0.4185
  S1 Epoch  87/100 [17.7s mem=8351MB] | train_loss=0.2067 train_AP=0.5916 | val_loss=0.4315 val_AP=0.4217
  S1 Epoch  88/100 [17.0s mem=8347MB] | train_loss=0.2054 train_AP=0.5993 | val_loss=0.4507 val_AP=0.4156
  S1 Epoch  89/100 [17.0s mem=8349MB] | train_loss=0.2050 train_AP=0.6031 | val_loss=0.4167 val_AP=0.4276
  S1 Epoch  90/100 [18.3s mem=8357MB] | train_loss=0.2037 train_AP=0.5994 | val_loss=0.4385 val_AP=0.4214
  S1 Epoch  91/100 [17.0s mem=8349MB] | train_loss=0.2036 train_AP=0.6039 | val_loss=0.4319 val_AP=0.4258
  S1 Epoch  92/100 [18.0s mem=8356MB] | train_loss=0.2023 train_AP=0.6064 | val_loss=0.4292 val_AP=0.4229
  S1 Epoch  93/100 [18.5s mem=8351MB] | train_loss=0.2026 train_AP=0.6028 | val_loss=0.4475 val_AP=0.4196
  S1 Epoch  94/100 [17.6s mem=8353MB] | train_loss=0.2011 train_AP=0.6074 | val_loss=0.4391 val_AP=0.4235
  Early stopping at epoch 94. Best val AP=0.4327 at epoch 79.
Stage 1 done. Best val AP=0.4327 at epoch 79.

============================================================
STAGE 2: Train generator (flow_matching) with self-novelty
  Backbone: vanilla_gt (frozen)
  alpha=0.1 alpha_node=0.1 T=1.0
============================================================
  Generator parameters: 3,684,864
  S2 Epoch   1/1000 [23.5s mem=7846MB] | total=0.5578 task=0.2381 | out_nov=0.0870 node_nov=0.0596 | div=0.0687 ip_mean=0.0687 | val_AP=0.4176 test_AP=0.4083
    -> New best val AP=0.4176
  S2 Epoch   2/1000 [23.1s mem=7846MB] | total=0.5184 task=0.2137 | out_nov=0.0739 node_nov=0.0363 | div=0.0316 ip_mean=0.0316 | val_AP=0.4286 test_AP=0.4206
    -> New best val AP=0.4286
  S2 Epoch   3/1000 [22.9s mem=7845MB] | total=0.5106 task=0.2078 | out_nov=0.0677 node_nov=0.0265 | div=0.0244 ip_mean=0.0244 | val_AP=0.4266 test_AP=0.4163
  S2 Epoch   4/1000 [23.4s mem=7840MB] | total=0.5059 task=0.2048 | out_nov=0.0671 node_nov=0.0247 | div=0.0204 ip_mean=0.0204 | val_AP=0.4280 test_AP=0.4184
  S2 Epoch   5/1000 [23.3s mem=7841MB] | total=0.5039 task=0.2036 | out_nov=0.0653 node_nov=0.0222 | div=0.0182 ip_mean=0.0182 | val_AP=0.4326 test_AP=0.4256
    -> New best val AP=0.4326
  S2 Epoch   6/1000 [23.2s mem=7846MB] | total=0.5036 task=0.2036 | out_nov=0.0653 node_nov=0.0217 | div=0.0173 ip_mean=0.0173 | val_AP=0.4350 test_AP=0.4314
    -> New best val AP=0.4350
  S2 Epoch   7/1000 [22.8s mem=7848MB] | total=0.5019 task=0.2021 | out_nov=0.0655 node_nov=0.0211 | div=0.0170 ip_mean=0.0170 | val_AP=0.4237 test_AP=0.4226
  S2 Epoch   8/1000 [24.0s mem=7844MB] | total=0.5010 task=0.2025 | out_nov=0.0661 node_nov=0.0222 | div=0.0146 ip_mean=0.0146 | val_AP=0.4326 test_AP=0.4203
  S2 Epoch   9/1000 [22.4s mem=7840MB] | total=0.4997 task=0.2019 | out_nov=0.0667 node_nov=0.0224 | div=0.0133 ip_mean=0.0133 | val_AP=0.4347 test_AP=0.4293
  S2 Epoch  10/1000 [24.3s mem=7842MB] | total=0.4978 task=0.2011 | out_nov=0.0674 node_nov=0.0233 | div=0.0117 ip_mean=0.0117 | val_AP=0.4332 test_AP=0.4228
  S2 Epoch  11/1000 [22.5s mem=7847MB] | total=0.4973 task=0.2007 | out_nov=0.0690 node_nov=0.0256 | div=0.0120 ip_mean=0.0120 | val_AP=0.4354 test_AP=0.4267
    -> New best val AP=0.4354
  S2 Epoch  12/1000 [22.9s mem=7852MB] | total=0.4952 task=0.1998 | out_nov=0.0705 node_nov=0.0298 | div=0.0109 ip_mean=0.0109 | val_AP=0.4428 test_AP=0.4323
    -> New best val AP=0.4428
  S2 Epoch  13/1000 [22.8s mem=7839MB] | total=0.4929 task=0.1991 | out_nov=0.0725 node_nov=0.0363 | div=0.0094 ip_mean=0.0094 | val_AP=0.4372 test_AP=0.4265
  S2 Epoch  14/1000 [22.6s mem=7846MB] | total=0.4936 task=0.2001 | out_nov=0.0733 node_nov=0.0425 | div=0.0101 ip_mean=0.0101 | val_AP=0.4323 test_AP=0.4276
  S2 Epoch  15/1000 [22.3s mem=7843MB] | total=0.4916 task=0.2007 | out_nov=0.0768 node_nov=0.0565 | div=0.0086 ip_mean=0.0086 | val_AP=0.4241 test_AP=0.4148
  S2 Epoch  16/1000 [22.6s mem=7840MB] | total=0.4903 task=0.1999 | out_nov=0.0765 node_nov=0.0625 | div=0.0088 ip_mean=0.0088 | val_AP=0.4306 test_AP=0.4311
  S2 Epoch  17/1000 [23.2s mem=7848MB] | total=0.4895 task=0.2006 | out_nov=0.0782 node_nov=0.0714 | div=0.0077 ip_mean=0.0077 | val_AP=0.4330 test_AP=0.4238
  S2 Epoch  18/1000 [23.1s mem=7847MB] | total=0.4900 task=0.2015 | out_nov=0.0789 node_nov=0.0817 | div=0.0091 ip_mean=0.0091 | val_AP=0.4332 test_AP=0.4256
  S2 Epoch  19/1000 [22.7s mem=7842MB] | total=0.4889 task=0.2016 | out_nov=0.0797 node_nov=0.0898 | div=0.0085 ip_mean=0.0085 | val_AP=0.4309 test_AP=0.4224
  S2 Epoch  20/1000 [22.9s mem=7846MB] | total=0.4881 task=0.2019 | out_nov=0.0809 node_nov=0.0995 | div=0.0086 ip_mean=0.0086 | val_AP=0.4360 test_AP=0.4293
  S2 Epoch  21/1000 [23.5s mem=7851MB] | total=0.4871 task=0.2025 | out_nov=0.0824 node_nov=0.1135 | div=0.0084 ip_mean=0.0084 | val_AP=0.4354 test_AP=0.4288
  S2 Epoch  22/1000 [22.5s mem=7844MB] | total=0.4852 task=0.2016 | out_nov=0.0816 node_nov=0.1182 | div=0.0073 ip_mean=0.0073 | val_AP=0.4175 test_AP=0.4111
  S2 Epoch  23/1000 [22.7s mem=7842MB] | total=0.4846 task=0.2019 | out_nov=0.0835 node_nov=0.1284 | div=0.0077 ip_mean=0.0077 | val_AP=0.4323 test_AP=0.4300
  S2 Epoch  24/1000 [23.3s mem=7846MB] | total=0.4851 task=0.2039 | out_nov=0.0851 node_nov=0.1457 | div=0.0085 ip_mean=0.0085 | val_AP=0.4293 test_AP=0.4211
  S2 Epoch  25/1000 [22.9s mem=7843MB] | total=0.4837 task=0.2040 | out_nov=0.0861 node_nov=0.1577 | div=0.0080 ip_mean=0.0080 | val_AP=0.4342 test_AP=0.4249
  S2 Epoch  26/1000 [22.4s mem=7851MB] | total=0.4823 task=0.2037 | out_nov=0.0863 node_nov=0.1643 | div=0.0074 ip_mean=0.0074 | val_AP=0.4363 test_AP=0.4260
  S2 Epoch  27/1000 [23.6s mem=7846MB] | total=0.4831 task=0.2051 | out_nov=0.0877 node_nov=0.1756 | div=0.0086 ip_mean=0.0086 | val_AP=0.4240 test_AP=0.4116
  S2 Epoch  28/1000 [23.3s mem=7841MB] | total=0.4816 task=0.2036 | out_nov=0.0870 node_nov=0.1730 | div=0.0080 ip_mean=0.0080 | val_AP=0.4227 test_AP=0.4162
  S2 Epoch  29/1000 [23.6s mem=7843MB] | total=0.4802 task=0.2029 | out_nov=0.0868 node_nov=0.1813 | div=0.0082 ip_mean=0.0082 | val_AP=0.4227 test_AP=0.4158
  S2 Epoch  30/1000 [22.6s mem=7839MB] | total=0.4794 task=0.2028 | out_nov=0.0873 node_nov=0.1904 | div=0.0086 ip_mean=0.0086 | val_AP=0.4322 test_AP=0.4297
  S2 Epoch  31/1000 [23.1s mem=7847MB] | total=0.4801 task=0.2034 | out_nov=0.0895 node_nov=0.2027 | div=0.0119 ip_mean=0.0119 | val_AP=0.4358 test_AP=0.4258
  S2 Epoch  32/1000 [23.8s mem=7840MB] | total=0.4776 task=0.2016 | out_nov=0.0885 node_nov=0.2047 | div=0.0107 ip_mean=0.0107 | val_AP=0.4263 test_AP=0.4101
  S2 Epoch  33/1000 [23.4s mem=7845MB] | total=0.4750 task=0.2005 | out_nov=0.0893 node_nov=0.2120 | div=0.0093 ip_mean=0.0093 | val_AP=0.4259 test_AP=0.4229
  S2 Epoch  34/1000 [22.5s mem=7843MB] | total=0.4760 task=0.2004 | out_nov=0.0897 node_nov=0.2118 | div=0.0115 ip_mean=0.0115 | val_AP=0.4311 test_AP=0.4159
  S2 Epoch  35/1000 [22.7s mem=7844MB] | total=0.4750 task=0.1999 | out_nov=0.0905 node_nov=0.2225 | div=0.0128 ip_mean=0.0128 | val_AP=0.4275 test_AP=0.4209
  S2 Epoch  36/1000 [22.6s mem=7839MB] | total=0.4719 task=0.1985 | out_nov=0.0917 node_nov=0.2339 | div=0.0120 ip_mean=0.0120 | val_AP=0.4295 test_AP=0.4260
  S2 Epoch  37/1000 [22.9s mem=7846MB] | total=0.4724 task=0.1984 | out_nov=0.0922 node_nov=0.2450 | div=0.0154 ip_mean=0.0154 | val_AP=0.4293 test_AP=0.4220
  S2 Epoch  38/1000 [23.6s mem=7849MB] | total=0.4746 task=0.2002 | out_nov=0.0941 node_nov=0.2485 | div=0.0174 ip_mean=0.0174 | val_AP=0.4346 test_AP=0.4245
  S2 Epoch  39/1000 [22.6s mem=7846MB] | total=0.4711 task=0.1986 | out_nov=0.0931 node_nov=0.2615 | div=0.0161 ip_mean=0.0161 | val_AP=0.4257 test_AP=0.4181
  S2 Epoch  40/1000 [24.0s mem=7846MB] | total=0.4689 task=0.1974 | out_nov=0.0940 node_nov=0.2689 | div=0.0156 ip_mean=0.0156 | val_AP=0.4215 test_AP=0.4168
  S2 Epoch  41/1000 [22.5s mem=7847MB] | total=0.4694 task=0.1985 | out_nov=0.0953 node_nov=0.2726 | div=0.0155 ip_mean=0.0155 | val_AP=0.4203 test_AP=0.4248
  S2 Epoch  42/1000 [22.8s mem=7842MB] | total=0.4660 task=0.1964 | out_nov=0.0966 node_nov=0.2851 | div=0.0155 ip_mean=0.0155 | val_AP=0.4310 test_AP=0.4306
  S2 Epoch  43/1000 [22.9s mem=7847MB] | total=0.4660 task=0.1951 | out_nov=0.0970 node_nov=0.2907 | div=0.0193 ip_mean=0.0193 | val_AP=0.4256 test_AP=0.4195
  S2 Epoch  44/1000 [23.3s mem=7846MB] | total=0.4610 task=0.1934 | out_nov=0.0976 node_nov=0.2948 | div=0.0135 ip_mean=0.0135 | val_AP=0.4297 test_AP=0.4229
  S2 Epoch  45/1000 [22.7s mem=7846MB] | total=0.4603 task=0.1934 | out_nov=0.0981 node_nov=0.3048 | div=0.0145 ip_mean=0.0145 | val_AP=0.4304 test_AP=0.4188
  S2 Epoch  46/1000 [22.2s mem=7838MB] | total=0.4619 task=0.1939 | out_nov=0.0995 node_nov=0.3039 | div=0.0167 ip_mean=0.0167 | val_AP=0.4373 test_AP=0.4227
  S2 Epoch  47/1000 [22.3s mem=7845MB] | total=0.4612 task=0.1918 | out_nov=0.0999 node_nov=0.3090 | div=0.0207 ip_mean=0.0207 | val_AP=0.4307 test_AP=0.4289
  S2 Epoch  48/1000 [22.5s mem=7836MB] | total=0.4582 task=0.1916 | out_nov=0.0999 node_nov=0.3107 | div=0.0153 ip_mean=0.0153 | val_AP=0.4291 test_AP=0.4309
  S2 Epoch  49/1000 [22.5s mem=7843MB] | total=0.4582 task=0.1900 | out_nov=0.1030 node_nov=0.3199 | div=0.0211 ip_mean=0.0211 | val_AP=0.4320 test_AP=0.4221
  S2 Epoch  50/1000 [23.9s mem=7848MB] | total=0.4544 task=0.1889 | out_nov=0.1029 node_nov=0.3261 | div=0.0168 ip_mean=0.0168 | val_AP=0.4314 test_AP=0.4260
  S2 Epoch  51/1000 [23.3s mem=7844MB] | total=0.4545 task=0.1889 | out_nov=0.1045 node_nov=0.3299 | div=0.0182 ip_mean=0.0182 | val_AP=0.4274 test_AP=0.4245
  S2 Epoch  52/1000 [23.1s mem=7846MB] | total=0.4545 task=0.1887 | out_nov=0.1047 node_nov=0.3294 | div=0.0185 ip_mean=0.0185 | val_AP=0.4266 test_AP=0.4241
  S2 Epoch  53/1000 [24.2s mem=7843MB] | total=0.4529 task=0.1875 | out_nov=0.1065 node_nov=0.3341 | div=0.0189 ip_mean=0.0189 | val_AP=0.4338 test_AP=0.4339
  S2 Epoch  54/1000 [23.3s mem=7844MB] | total=0.4483 task=0.1833 | out_nov=0.1063 node_nov=0.3346 | div=0.0181 ip_mean=0.0181 | val_AP=0.4279 test_AP=0.4258
  S2 Epoch  55/1000 [23.9s mem=7845MB] | total=0.4463 task=0.1814 | out_nov=0.1085 node_nov=0.3439 | div=0.0202 ip_mean=0.0202 | val_AP=0.4377 test_AP=0.4309
  S2 Epoch  56/1000 [22.9s mem=7846MB] | total=0.4435 task=0.1802 | out_nov=0.1097 node_nov=0.3443 | div=0.0174 ip_mean=0.0174 | val_AP=0.4395 test_AP=0.4306
  S2 Epoch  57/1000 [22.7s mem=7844MB] | total=0.4448 task=0.1794 | out_nov=0.1108 node_nov=0.3454 | div=0.0220 ip_mean=0.0220 | val_AP=0.4473 test_AP=0.4392
    -> New best val AP=0.4473
  S2 Epoch  58/1000 [22.3s mem=7846MB] | total=0.4413 task=0.1772 | out_nov=0.1126 node_nov=0.3508 | div=0.0208 ip_mean=0.0208 | val_AP=0.4328 test_AP=0.4245
  S2 Epoch  59/1000 [23.0s mem=7848MB] | total=0.4386 task=0.1743 | out_nov=0.1126 node_nov=0.3529 | div=0.0217 ip_mean=0.0217 | val_AP=0.4446 test_AP=0.4257
  S2 Epoch  60/1000 [22.6s mem=7844MB] | total=0.4342 task=0.1723 | out_nov=0.1168 node_nov=0.3642 | div=0.0200 ip_mean=0.0200 | val_AP=0.4390 test_AP=0.4253
  S2 Epoch  61/1000 [23.2s mem=7855MB] | total=0.4342 task=0.1723 | out_nov=0.1178 node_nov=0.3664 | div=0.0207 ip_mean=0.0207 | val_AP=0.4336 test_AP=0.4331
  S2 Epoch  62/1000 [23.3s mem=7847MB] | total=0.4278 task=0.1658 | out_nov=0.1187 node_nov=0.3656 | div=0.0209 ip_mean=0.0209 | val_AP=0.4430 test_AP=0.4380
  S2 Epoch  63/1000 [23.3s mem=7847MB] | total=0.4241 task=0.1622 | out_nov=0.1201 node_nov=0.3772 | div=0.0234 ip_mean=0.0234 | val_AP=0.4513 test_AP=0.4438
    -> New best val AP=0.4513
  S2 Epoch  64/1000 [22.7s mem=7845MB] | total=0.4207 task=0.1595 | out_nov=0.1225 node_nov=0.3731 | div=0.0215 ip_mean=0.0215 | val_AP=0.4375 test_AP=0.4428
  S2 Epoch  65/1000 [22.9s mem=7848MB] | total=0.4132 task=0.1534 | out_nov=0.1254 node_nov=0.3800 | div=0.0206 ip_mean=0.0206 | val_AP=0.4479 test_AP=0.4499
  S2 Epoch  66/1000 [23.5s mem=7842MB] | total=0.4116 task=0.1515 | out_nov=0.1279 node_nov=0.3807 | div=0.0220 ip_mean=0.0220 | val_AP=0.4520 test_AP=0.4465
    -> New best val AP=0.4520
  S2 Epoch  67/1000 [22.4s mem=7842MB] | total=0.4026 task=0.1445 | out_nov=0.1308 node_nov=0.3905 | div=0.0204 ip_mean=0.0204 | val_AP=0.4508 test_AP=0.4556
  S2 Epoch  68/1000 [23.6s mem=7846MB] | total=0.3998 task=0.1404 | out_nov=0.1333 node_nov=0.3878 | div=0.0230 ip_mean=0.0230 | val_AP=0.4544 test_AP=0.4488
    -> New best val AP=0.4544
  S2 Epoch  69/1000 [22.4s mem=7844MB] | total=0.3939 task=0.1352 | out_nov=0.1360 node_nov=0.3939 | div=0.0232 ip_mean=0.0232 | val_AP=0.4523 test_AP=0.4593
  S2 Epoch  70/1000 [23.3s mem=7847MB] | total=0.3910 task=0.1325 | out_nov=0.1389 node_nov=0.3974 | div=0.0243 ip_mean=0.0243 | val_AP=0.4604 test_AP=0.4523
    -> New best val AP=0.4604
  S2 Epoch  71/1000 [24.1s mem=7845MB] | total=0.3868 task=0.1283 | out_nov=0.1410 node_nov=0.4004 | div=0.0253 ip_mean=0.0253 | val_AP=0.4598 test_AP=0.4601
  S2 Epoch  72/1000 [22.9s mem=7846MB] | total=0.3794 task=0.1230 | out_nov=0.1447 node_nov=0.4071 | div=0.0232 ip_mean=0.0232 | val_AP=0.4496 test_AP=0.4585
  S2 Epoch  73/1000 [24.2s mem=7846MB] | total=0.3769 task=0.1190 | out_nov=0.1476 node_nov=0.4086 | div=0.0270 ip_mean=0.0270 | val_AP=0.4518 test_AP=0.4551
  S2 Epoch  74/1000 [22.2s mem=7845MB] | total=0.3703 task=0.1156 | out_nov=0.1495 node_nov=0.4168 | div=0.0228 ip_mean=0.0228 | val_AP=0.4553 test_AP=0.4539
  S2 Epoch  75/1000 [23.1s mem=7849MB] | total=0.3630 task=0.1086 | out_nov=0.1523 node_nov=0.4190 | div=0.0231 ip_mean=0.0231 | val_AP=0.4696 test_AP=0.4687
    -> New best val AP=0.4696
  S2 Epoch  76/1000 [22.8s mem=7847MB] | total=0.3588 task=0.1039 | out_nov=0.1549 node_nov=0.4256 | div=0.0259 ip_mean=0.0259 | val_AP=0.4716 test_AP=0.4622
    -> New best val AP=0.4716
  S2 Epoch  77/1000 [24.3s mem=7846MB] | total=0.3516 task=0.0989 | out_nov=0.1586 node_nov=0.4261 | div=0.0224 ip_mean=0.0224 | val_AP=0.4710 test_AP=0.4696
  S2 Epoch  78/1000 [22.6s mem=7846MB] | total=0.3490 task=0.0962 | out_nov=0.1600 node_nov=0.4294 | div=0.0236 ip_mean=0.0236 | val_AP=0.4629 test_AP=0.4736
  S2 Epoch  79/1000 [22.8s mem=7842MB] | total=0.3451 task=0.0920 | out_nov=0.1627 node_nov=0.4380 | div=0.0262 ip_mean=0.0262 | val_AP=0.4600 test_AP=0.4689
  S2 Epoch  80/1000 [22.2s mem=7846MB] | total=0.3420 task=0.0906 | out_nov=0.1638 node_nov=0.4384 | div=0.0232 ip_mean=0.0232 | val_AP=0.4564 test_AP=0.4688
  S2 Epoch  81/1000 [23.6s mem=7843MB] | total=0.3398 task=0.0888 | out_nov=0.1664 node_nov=0.4453 | div=0.0243 ip_mean=0.0243 | val_AP=0.4756 test_AP=0.4729
    -> New best val AP=0.4756
  S2 Epoch  82/1000 [22.8s mem=7842MB] | total=0.3374 task=0.0859 | out_nov=0.1670 node_nov=0.4478 | div=0.0260 ip_mean=0.0260 | val_AP=0.4664 test_AP=0.4700
  S2 Epoch  83/1000 [22.5s mem=7841MB] | total=0.3299 task=0.0797 | out_nov=0.1695 node_nov=0.4540 | div=0.0252 ip_mean=0.0252 | val_AP=0.4731 test_AP=0.4701
  S2 Epoch  84/1000 [23.9s mem=7842MB] | total=0.3276 task=0.0783 | out_nov=0.1712 node_nov=0.4613 | div=0.0251 ip_mean=0.0251 | val_AP=0.4596 test_AP=0.4614
  S2 Epoch  85/1000 [24.0s mem=7845MB] | total=0.3200 task=0.0720 | out_nov=0.1732 node_nov=0.4724 | div=0.0251 ip_mean=0.0251 | val_AP=0.4823 test_AP=0.4870
    -> New best val AP=0.4823
  S2 Epoch  86/1000 [22.9s mem=7843MB] | total=0.3183 task=0.0717 | out_nov=0.1752 node_nov=0.4782 | div=0.0240 ip_mean=0.0240 | val_AP=0.4643 test_AP=0.4692
  S2 Epoch  87/1000 [22.3s mem=7845MB] | total=0.3174 task=0.0706 | out_nov=0.1765 node_nov=0.4884 | div=0.0266 ip_mean=0.0266 | val_AP=0.4674 test_AP=0.4752
  S2 Epoch  88/1000 [23.7s mem=7844MB] | total=0.3182 task=0.0722 | out_nov=0.1763 node_nov=0.4923 | div=0.0257 ip_mean=0.0257 | val_AP=0.4564 test_AP=0.4746
  S2 Epoch  89/1000 [22.8s mem=7843MB] | total=0.3131 task=0.0682 | out_nov=0.1786 node_nov=0.4983 | div=0.0253 ip_mean=0.0253 | val_AP=0.4760 test_AP=0.4781
  S2 Epoch  90/1000 [24.3s mem=7848MB] | total=0.3105 task=0.0661 | out_nov=0.1797 node_nov=0.5031 | div=0.0253 ip_mean=0.0253 | val_AP=0.4601 test_AP=0.4651
  S2 Epoch  91/1000 [22.7s mem=7848MB] | total=0.3056 task=0.0621 | out_nov=0.1802 node_nov=0.5089 | div=0.0249 ip_mean=0.0249 | val_AP=0.4540 test_AP=0.4676
  S2 Epoch  92/1000 [22.9s mem=7844MB] | total=0.3041 task=0.0622 | out_nov=0.1817 node_nov=0.5212 | div=0.0243 ip_mean=0.0243 | val_AP=0.4478 test_AP=0.4744
  S2 Epoch  93/1000 [22.7s mem=7844MB] | total=0.3039 task=0.0621 | out_nov=0.1814 node_nov=0.5308 | div=0.0261 ip_mean=0.0261 | val_AP=0.4552 test_AP=0.4677
  S2 Epoch  94/1000 [22.7s mem=7853MB] | total=0.2997 task=0.0581 | out_nov=0.1825 node_nov=0.5391 | div=0.0275 ip_mean=0.0275 | val_AP=0.4518 test_AP=0.4682
  S2 Epoch  95/1000 [22.3s mem=7846MB] | total=0.3041 task=0.0628 | out_nov=0.1846 node_nov=0.5438 | div=0.0283 ip_mean=0.0283 | val_AP=0.4542 test_AP=0.4620
  S2 Epoch  96/1000 [22.3s mem=7842MB] | total=0.3016 task=0.0604 | out_nov=0.1829 node_nov=0.5482 | div=0.0285 ip_mean=0.0285 | val_AP=0.4554 test_AP=0.4626
  S2 Epoch  97/1000 [22.3s mem=7840MB] | total=0.2974 task=0.0578 | out_nov=0.1855 node_nov=0.5542 | div=0.0271 ip_mean=0.0271 | val_AP=0.4534 test_AP=0.4678
  S2 Epoch  98/1000 [22.8s mem=7847MB] | total=0.2951 task=0.0569 | out_nov=0.1854 node_nov=0.5758 | div=0.0286 ip_mean=0.0286 | val_AP=0.4600 test_AP=0.4751
  S2 Epoch  99/1000 [22.9s mem=7844MB] | total=0.2949 task=0.0570 | out_nov=0.1859 node_nov=0.5821 | div=0.0294 ip_mean=0.0294 | val_AP=0.4599 test_AP=0.4704
  S2 Epoch 100/1000 [22.5s mem=7842MB] | total=0.2907 task=0.0558 | out_nov=0.1870 node_nov=0.5994 | div=0.0272 ip_mean=0.0272 | val_AP=0.4520 test_AP=0.4645
  S2 Epoch 101/1000 [23.3s mem=7587MB] | total=0.2920 task=0.0571 | out_nov=0.1876 node_nov=0.6010 | div=0.0276 ip_mean=0.0276 | val_AP=0.4519 test_AP=0.4648
  S2 Epoch 102/1000 [23.2s mem=7848MB] | total=0.2896 task=0.0551 | out_nov=0.1880 node_nov=0.6089 | div=0.0285 ip_mean=0.0285 | val_AP=0.4535 test_AP=0.4722
  S2 Epoch 103/1000 [22.7s mem=7847MB] | total=0.2927 task=0.0584 | out_nov=0.1886 node_nov=0.6205 | div=0.0304 ip_mean=0.0304 | val_AP=0.4590 test_AP=0.4879
  S2 Epoch 104/1000 [22.4s mem=7847MB] | total=0.2901 task=0.0566 | out_nov=0.1883 node_nov=0.6266 | div=0.0299 ip_mean=0.0299 | val_AP=0.4566 test_AP=0.4714
  S2 Epoch 105/1000 [23.7s mem=7843MB] | total=0.2889 task=0.0560 | out_nov=0.1890 node_nov=0.6399 | div=0.0316 ip_mean=0.0316 | val_AP=0.4634 test_AP=0.4742
  S2 Epoch 106/1000 [22.5s mem=7841MB] | total=0.2871 task=0.0565 | out_nov=0.1899 node_nov=0.6598 | div=0.0311 ip_mean=0.0311 | val_AP=0.4564 test_AP=0.4706
  S2 Epoch 107/1000 [23.4s mem=7848MB] | total=0.2858 task=0.0563 | out_nov=0.1891 node_nov=0.6694 | div=0.0307 ip_mean=0.0307 | val_AP=0.4608 test_AP=0.4688
  S2 Epoch 108/1000 [23.3s mem=7845MB] | total=0.2809 task=0.0529 | out_nov=0.1900 node_nov=0.6787 | div=0.0299 ip_mean=0.0299 | val_AP=0.4574 test_AP=0.4694
  S2 Epoch 109/1000 [22.3s mem=7847MB] | total=0.2771 task=0.0522 | out_nov=0.1902 node_nov=0.7043 | div=0.0285 ip_mean=0.0285 | val_AP=0.4586 test_AP=0.4766
  S2 Epoch 110/1000 [23.4s mem=7844MB] | total=0.2763 task=0.0519 | out_nov=0.1913 node_nov=0.7129 | div=0.0296 ip_mean=0.0296 | val_AP=0.4509 test_AP=0.4688
  S2 Epoch 111/1000 [22.8s mem=7842MB] | total=0.2781 task=0.0539 | out_nov=0.1915 node_nov=0.7280 | div=0.0324 ip_mean=0.0324 | val_AP=0.4440 test_AP=0.4631
  S2 Epoch 112/1000 [23.6s mem=7846MB] | total=0.2789 task=0.0559 | out_nov=0.1909 node_nov=0.7441 | div=0.0331 ip_mean=0.0331 | val_AP=0.4513 test_AP=0.4585
  S2 Epoch 113/1000 [23.0s mem=7846MB] | total=0.2752 task=0.0533 | out_nov=0.1916 node_nov=0.7494 | div=0.0320 ip_mean=0.0320 | val_AP=0.4464 test_AP=0.4696
  S2 Epoch 114/1000 [23.2s mem=7847MB] | total=0.2705 task=0.0527 | out_nov=0.1924 node_nov=0.7872 | div=0.0316 ip_mean=0.0316 | val_AP=0.4455 test_AP=0.4716
  S2 Epoch 115/1000 [23.1s mem=7845MB] | total=0.2723 task=0.0550 | out_nov=0.1923 node_nov=0.7971 | div=0.0325 ip_mean=0.0325 | val_AP=0.4572 test_AP=0.4676
  S2 Epoch 116/1000 [22.8s mem=7843MB] | total=0.2701 task=0.0535 | out_nov=0.1926 node_nov=0.8079 | div=0.0333 ip_mean=0.0333 | val_AP=0.4498 test_AP=0.4649
  S2 Epoch 117/1000 [23.6s mem=7840MB] | total=0.2716 task=0.0558 | out_nov=0.1929 node_nov=0.8250 | div=0.0352 ip_mean=0.0352 | val_AP=0.4609 test_AP=0.4707
  S2 Epoch 118/1000 [23.2s mem=7847MB] | total=0.2636 task=0.0511 | out_nov=0.1929 node_nov=0.8467 | div=0.0330 ip_mean=0.0330 | val_AP=0.4490 test_AP=0.4642
  S2 Epoch 119/1000 [23.1s mem=7844MB] | total=0.2694 task=0.0567 | out_nov=0.1921 node_nov=0.8577 | div=0.0352 ip_mean=0.0352 | val_AP=0.4584 test_AP=0.4692
  S2 Epoch 120/1000 [22.7s mem=7846MB] | total=0.2633 task=0.0519 | out_nov=0.1937 node_nov=0.8759 | div=0.0367 ip_mean=0.0367 | val_AP=0.4490 test_AP=0.4689
  S2 Epoch 121/1000 [23.9s mem=7845MB] | total=0.2620 task=0.0528 | out_nov=0.1933 node_nov=0.8990 | div=0.0369 ip_mean=0.0369 | val_AP=0.4520 test_AP=0.4553
  S2 Epoch 122/1000 [22.7s mem=7845MB] | total=0.2663 task=0.0574 | out_nov=0.1938 node_nov=0.9007 | div=0.0366 ip_mean=0.0366 | val_AP=0.4561 test_AP=0.4763
  S2 Epoch 123/1000 [23.0s mem=7847MB] | total=0.2600 task=0.0526 | out_nov=0.1951 node_nov=0.9146 | div=0.0368 ip_mean=0.0368 | val_AP=0.4549 test_AP=0.4705
  S2 Epoch 124/1000 [23.4s mem=7841MB] | total=0.2605 task=0.0548 | out_nov=0.1943 node_nov=0.9269 | div=0.0357 ip_mean=0.0357 | val_AP=0.4549 test_AP=0.4707
  S2 Epoch 125/1000 [22.3s mem=7846MB] | total=0.2536 task=0.0510 | out_nov=0.1948 node_nov=0.9490 | div=0.0338 ip_mean=0.0338 | val_AP=0.4461 test_AP=0.4596
  S2 Epoch 126/1000 [22.4s mem=7845MB] | total=0.2537 task=0.0517 | out_nov=0.1939 node_nov=0.9639 | div=0.0355 ip_mean=0.0355 | val_AP=0.4491 test_AP=0.4530
  S2 Epoch 127/1000 [23.3s mem=7847MB] | total=0.2587 task=0.0559 | out_nov=0.1956 node_nov=0.9676 | div=0.0384 ip_mean=0.0384 | val_AP=0.4442 test_AP=0.4725
  S2 Epoch 128/1000 [22.3s mem=7850MB] | total=0.2532 task=0.0526 | out_nov=0.1954 node_nov=0.9730 | div=0.0349 ip_mean=0.0349 | val_AP=0.4484 test_AP=0.4496
  S2 Epoch 129/1000 [23.7s mem=7847MB] | total=0.2564 task=0.0549 | out_nov=0.1952 node_nov=0.9915 | div=0.0404 ip_mean=0.0404 | val_AP=0.4442 test_AP=0.4691
  S2 Epoch 130/1000 [23.4s mem=7841MB] | total=0.2486 task=0.0514 | out_nov=0.1956 node_nov=1.0058 | div=0.0348 ip_mean=0.0348 | val_AP=0.4507 test_AP=0.4612
  S2 Epoch 131/1000 [23.2s mem=7847MB] | total=0.2507 task=0.0546 | out_nov=0.1957 node_nov=1.0214 | div=0.0356 ip_mean=0.0356 | val_AP=0.4470 test_AP=0.4603
  S2 Epoch 132/1000 [23.8s mem=7845MB] | total=0.2475 task=0.0500 | out_nov=0.1948 node_nov=1.0213 | div=0.0383 ip_mean=0.0383 | val_AP=0.4450 test_AP=0.4589
  S2 Epoch 133/1000 [24.1s mem=7842MB] | total=0.2469 task=0.0520 | out_nov=0.1954 node_nov=1.0408 | div=0.0369 ip_mean=0.0369 | val_AP=0.4553 test_AP=0.4712
  S2 Epoch 134/1000 [22.6s mem=7853MB] | total=0.2490 task=0.0541 | out_nov=0.1960 node_nov=1.0402 | div=0.0370 ip_mean=0.0370 | val_AP=0.4488 test_AP=0.4551
  S2 Epoch 135/1000 [22.4s mem=7848MB] | total=0.2505 task=0.0551 | out_nov=0.1957 node_nov=1.0397 | div=0.0378 ip_mean=0.0378 | val_AP=0.4457 test_AP=0.4596
  S2 Epoch 136/1000 [23.8s mem=7848MB] | total=0.2486 task=0.0544 | out_nov=0.1963 node_nov=1.0592 | div=0.0393 ip_mean=0.0393 | val_AP=0.4569 test_AP=0.4560
  S2 Epoch 137/1000 [23.2s mem=7841MB] | total=0.2517 task=0.0584 | out_nov=0.1962 node_nov=1.0609 | div=0.0380 ip_mean=0.0380 | val_AP=0.4487 test_AP=0.4636
  S2 Epoch 138/1000 [23.5s mem=7846MB] | total=0.2442 task=0.0516 | out_nov=0.1952 node_nov=1.0741 | div=0.0390 ip_mean=0.0390 | val_AP=0.4523 test_AP=0.4673
  S2 Epoch 139/1000 [23.3s mem=7842MB] | total=0.2417 task=0.0510 | out_nov=0.1961 node_nov=1.0861 | div=0.0378 ip_mean=0.0378 | val_AP=0.4431 test_AP=0.4590
  S2 Epoch 140/1000 [22.8s mem=7850MB] | total=0.2432 task=0.0531 | out_nov=0.1962 node_nov=1.0837 | div=0.0361 ip_mean=0.0361 | val_AP=0.4487 test_AP=0.4683
  S2 Epoch 141/1000 [23.8s mem=7847MB] | total=0.2447 task=0.0526 | out_nov=0.1964 node_nov=1.0902 | div=0.0416 ip_mean=0.0416 | val_AP=0.4498 test_AP=0.4529
  S2 Epoch 142/1000 [23.6s mem=7840MB] | total=0.2442 task=0.0527 | out_nov=0.1967 node_nov=1.0910 | div=0.0406 ip_mean=0.0406 | val_AP=0.4368 test_AP=0.4520
  S2 Epoch 143/1000 [22.7s mem=7847MB] | total=0.2377 task=0.0507 | out_nov=0.1971 node_nov=1.1105 | div=0.0356 ip_mean=0.0356 | val_AP=0.4500 test_AP=0.4657
  S2 Epoch 144/1000 [22.4s mem=7847MB] | total=0.2337 task=0.0494 | out_nov=0.1970 node_nov=1.1248 | div=0.0330 ip_mean=0.0330 | val_AP=0.4507 test_AP=0.4588
  S2 Epoch 145/1000 [22.4s mem=7846MB] | total=0.2344 task=0.0487 | out_nov=0.1982 node_nov=1.1223 | div=0.0356 ip_mean=0.0356 | val_AP=0.4453 test_AP=0.4467
  S2 Epoch 146/1000 [23.6s mem=7844MB] | total=0.2369 task=0.0515 | out_nov=0.1972 node_nov=1.1364 | div=0.0375 ip_mean=0.0375 | val_AP=0.4616 test_AP=0.4686
  S2 Epoch 147/1000 [22.6s mem=7843MB] | total=0.2347 task=0.0505 | out_nov=0.1978 node_nov=1.1371 | div=0.0355 ip_mean=0.0355 | val_AP=0.4549 test_AP=0.4424
  S2 Epoch 148/1000 [22.9s mem=7845MB] | total=0.2375 task=0.0529 | out_nov=0.1972 node_nov=1.1458 | div=0.0379 ip_mean=0.0379 | val_AP=0.4489 test_AP=0.4585
  S2 Epoch 149/1000 [25.3s mem=7845MB] | total=0.2304 task=0.0475 | out_nov=0.1978 node_nov=1.1528 | div=0.0359 ip_mean=0.0359 | val_AP=0.4443 test_AP=0.4548
  S2 Epoch 150/1000 [23.8s mem=7846MB] | total=0.2361 task=0.0520 | out_nov=0.1975 node_nov=1.1633 | div=0.0404 ip_mean=0.0404 | val_AP=0.4467 test_AP=0.4451
  S2 Epoch 151/1000 [23.0s mem=7843MB] | total=0.2356 task=0.0509 | out_nov=0.1971 node_nov=1.1635 | div=0.0416 ip_mean=0.0416 | val_AP=0.4524 test_AP=0.4570
  S2 Epoch 152/1000 [23.2s mem=7840MB] | total=0.2307 task=0.0481 | out_nov=0.1965 node_nov=1.1610 | div=0.0367 ip_mean=0.0367 | val_AP=0.4498 test_AP=0.4492
  S2 Epoch 153/1000 [22.8s mem=7844MB] | total=0.2333 task=0.0532 | out_nov=0.1988 node_nov=1.1725 | div=0.0343 ip_mean=0.0343 | val_AP=0.4434 test_AP=0.4446
  S2 Epoch 154/1000 [22.7s mem=7848MB] | total=0.2284 task=0.0486 | out_nov=0.1983 node_nov=1.1745 | div=0.0343 ip_mean=0.0343 | val_AP=0.4399 test_AP=0.4425
  S2 Epoch 155/1000 [23.0s mem=7849MB] | total=0.2314 task=0.0517 | out_nov=0.1983 node_nov=1.1767 | div=0.0343 ip_mean=0.0343 | val_AP=0.4480 test_AP=0.4598
  S2 Epoch 156/1000 [22.9s mem=7849MB] | total=0.2305 task=0.0516 | out_nov=0.1979 node_nov=1.1812 | div=0.0336 ip_mean=0.0336 | val_AP=0.4452 test_AP=0.4589
  S2 Epoch 157/1000 [22.3s mem=7843MB] | total=0.2268 task=0.0498 | out_nov=0.1986 node_nov=1.1908 | div=0.0320 ip_mean=0.0320 | val_AP=0.4428 test_AP=0.4441
  S2 Epoch 158/1000 [23.0s mem=7845MB] | total=0.2231 task=0.0468 | out_nov=0.1974 node_nov=1.1990 | div=0.0318 ip_mean=0.0318 | val_AP=0.4426 test_AP=0.4616
  S2 Epoch 159/1000 [22.6s mem=7846MB] | total=0.2241 task=0.0476 | out_nov=0.1981 node_nov=1.2036 | div=0.0332 ip_mean=0.0332 | val_AP=0.4519 test_AP=0.4590
  S2 Epoch 160/1000 [23.8s mem=7841MB] | total=0.2247 task=0.0493 | out_nov=0.1980 node_nov=1.2119 | div=0.0329 ip_mean=0.0329 | val_AP=0.4529 test_AP=0.4449
  S2 Epoch 161/1000 [22.8s mem=7846MB] | total=0.2251 task=0.0496 | out_nov=0.1986 node_nov=1.2107 | div=0.0330 ip_mean=0.0330 | val_AP=0.4591 test_AP=0.4493
  S2 Epoch 162/1000 [22.4s mem=7851MB] | total=0.2233 task=0.0476 | out_nov=0.1981 node_nov=1.2074 | div=0.0325 ip_mean=0.0325 | val_AP=0.4411 test_AP=0.4392
  S2 Epoch 163/1000 [22.9s mem=7844MB] | total=0.2268 task=0.0518 | out_nov=0.1984 node_nov=1.2108 | div=0.0318 ip_mean=0.0318 | val_AP=0.4481 test_AP=0.4505
  S2 Epoch 164/1000 [23.2s mem=7842MB] | total=0.2260 task=0.0493 | out_nov=0.1983 node_nov=1.2177 | div=0.0366 ip_mean=0.0366 | val_AP=0.4476 test_AP=0.4521
  S2 Epoch 165/1000 [23.2s mem=7842MB] | total=0.2202 task=0.0467 | out_nov=0.1982 node_nov=1.2307 | div=0.0328 ip_mean=0.0328 | val_AP=0.4535 test_AP=0.4469
  S2 Epoch 166/1000 [22.4s mem=7845MB] | total=0.2272 task=0.0528 | out_nov=0.1991 node_nov=1.2291 | div=0.0344 ip_mean=0.0344 | val_AP=0.4568 test_AP=0.4547
  S2 Epoch 167/1000 [23.6s mem=7843MB] | total=0.2186 task=0.0456 | out_nov=0.1981 node_nov=1.2319 | div=0.0321 ip_mean=0.0321 | val_AP=0.4495 test_AP=0.4574
  S2 Epoch 168/1000 [23.6s mem=7844MB] | total=0.2166 task=0.0436 | out_nov=0.1985 node_nov=1.2400 | div=0.0337 ip_mean=0.0337 | val_AP=0.4576 test_AP=0.4648
  S2 Epoch 169/1000 [23.1s mem=7844MB] | total=0.2181 task=0.0462 | out_nov=0.1988 node_nov=1.2477 | div=0.0331 ip_mean=0.0331 | val_AP=0.4473 test_AP=0.4570
  S2 Epoch 170/1000 [33.7s mem=7851MB] | total=0.2181 task=0.0466 | out_nov=0.1993 node_nov=1.2532 | div=0.0334 ip_mean=0.0334 | val_AP=0.4390 test_AP=0.4636
  S2 Epoch 171/1000 [30.5s mem=7848MB] | total=0.2157 task=0.0439 | out_nov=0.1986 node_nov=1.2546 | div=0.0342 ip_mean=0.0342 | val_AP=0.4482 test_AP=0.4555
  S2 Epoch 172/1000 [23.3s mem=7845MB] | total=0.2176 task=0.0469 | out_nov=0.1992 node_nov=1.2574 | div=0.0328 ip_mean=0.0328 | val_AP=0.4423 test_AP=0.4582
  S2 Epoch 173/1000 [23.8s mem=7841MB] | total=0.2183 task=0.0473 | out_nov=0.1994 node_nov=1.2636 | div=0.0346 ip_mean=0.0346 | val_AP=0.4410 test_AP=0.4657
  S2 Epoch 174/1000 [23.4s mem=7848MB] | total=0.2247 task=0.0521 | out_nov=0.1999 node_nov=1.2628 | div=0.0376 ip_mean=0.0376 | val_AP=0.4336 test_AP=0.4531
  S2 Epoch 175/1000 [23.7s mem=7842MB] | total=0.2186 task=0.0473 | out_nov=0.2001 node_nov=1.2677 | div=0.0363 ip_mean=0.0363 | val_AP=0.4434 test_AP=0.4481
  S2 Epoch 176/1000 [23.9s mem=7842MB] | total=0.2231 task=0.0499 | out_nov=0.1998 node_nov=1.2597 | div=0.0383 ip_mean=0.0383 | val_AP=0.4359 test_AP=0.4547
  S2 Epoch 177/1000 [23.6s mem=7840MB] | total=0.2197 task=0.0483 | out_nov=0.2011 node_nov=1.2634 | div=0.0356 ip_mean=0.0356 | val_AP=0.4386 test_AP=0.4485
  S2 Epoch 178/1000 [23.9s mem=7848MB] | total=0.2192 task=0.0500 | out_nov=0.2001 node_nov=1.2692 | div=0.0323 ip_mean=0.0323 | val_AP=0.4403 test_AP=0.4542
  S2 Epoch 179/1000 [23.8s mem=7844MB] | total=0.2156 task=0.0474 | out_nov=0.1996 node_nov=1.2786 | div=0.0320 ip_mean=0.0320 | val_AP=0.4389 test_AP=0.4482
  S2 Epoch 180/1000 [22.8s mem=7843MB] | total=0.2096 task=0.0431 | out_nov=0.1990 node_nov=1.2792 | div=0.0285 ip_mean=0.0285 | val_AP=0.4440 test_AP=0.4564
  S2 Epoch 181/1000 [22.9s mem=7846MB] | total=0.2153 task=0.0484 | out_nov=0.1988 node_nov=1.2824 | div=0.0300 ip_mean=0.0300 | val_AP=0.4423 test_AP=0.4547
  S2 Epoch 182/1000 [22.8s mem=7844MB] | total=0.2160 task=0.0477 | out_nov=0.1996 node_nov=1.2814 | div=0.0328 ip_mean=0.0328 | val_AP=0.4450 test_AP=0.4495
  S2 Epoch 183/1000 [22.9s mem=7842MB] | total=0.2111 task=0.0422 | out_nov=0.1988 node_nov=1.2871 | div=0.0348 ip_mean=0.0348 | val_AP=0.4406 test_AP=0.4522
  S2 Epoch 184/1000 [23.3s mem=7839MB] | total=0.2126 task=0.0458 | out_nov=0.2000 node_nov=1.2900 | div=0.0317 ip_mean=0.0317 | val_AP=0.4362 test_AP=0.4408
  S2 Epoch 185/1000 [22.5s mem=7844MB] | total=0.2133 task=0.0462 | out_nov=0.1990 node_nov=1.2936 | div=0.0326 ip_mean=0.0326 | val_AP=0.4443 test_AP=0.4539
  S2 Epoch 186/1000 [23.7s mem=7844MB] | total=0.2130 task=0.0478 | out_nov=0.1993 node_nov=1.2927 | div=0.0289 ip_mean=0.0289 | val_AP=0.4470 test_AP=0.4422
  S2 Epoch 187/1000 [22.8s mem=7845MB] | total=0.2113 task=0.0442 | out_nov=0.1994 node_nov=1.2951 | div=0.0332 ip_mean=0.0332 | val_AP=0.4432 test_AP=0.4563
  S2 Epoch 188/1000 [25.0s mem=7851MB] | total=0.2152 task=0.0482 | out_nov=0.2004 node_nov=1.2983 | div=0.0339 ip_mean=0.0339 | val_AP=0.4432 test_AP=0.4468
  S2 Epoch 189/1000 [23.0s mem=7841MB] | total=0.2082 task=0.0432 | out_nov=0.1997 node_nov=1.3037 | div=0.0306 ip_mean=0.0306 | val_AP=0.4483 test_AP=0.4492
  S2 Epoch 190/1000 [23.1s mem=7844MB] | total=0.2086 task=0.0442 | out_nov=0.2007 node_nov=1.3038 | div=0.0296 ip_mean=0.0296 | val_AP=0.4472 test_AP=0.4476
  S2 Epoch 191/1000 [22.8s mem=7848MB] | total=0.2150 task=0.0496 | out_nov=0.1997 node_nov=1.3009 | div=0.0309 ip_mean=0.0309 | val_AP=0.4357 test_AP=0.4509
  S2 Epoch 192/1000 [22.6s mem=7850MB] | total=0.2114 task=0.0463 | out_nov=0.1989 node_nov=1.3063 | div=0.0314 ip_mean=0.0314 | val_AP=0.4532 test_AP=0.4603
  S2 Epoch 193/1000 [22.4s mem=7849MB] | total=0.2134 task=0.0487 | out_nov=0.1990 node_nov=1.3045 | div=0.0300 ip_mean=0.0300 | val_AP=0.4410 test_AP=0.4639
  S2 Epoch 194/1000 [23.4s mem=7844MB] | total=0.2107 task=0.0471 | out_nov=0.2007 node_nov=1.3100 | div=0.0293 ip_mean=0.0293 | val_AP=0.4398 test_AP=0.4586
  S2 Epoch 195/1000 [23.6s mem=7854MB] | total=0.2131 task=0.0480 | out_nov=0.2007 node_nov=1.3122 | div=0.0328 ip_mean=0.0328 | val_AP=0.4449 test_AP=0.4494
  S2 Epoch 196/1000 [23.5s mem=7844MB] | total=0.2107 task=0.0455 | out_nov=0.2000 node_nov=1.3141 | div=0.0332 ip_mean=0.0332 | val_AP=0.4482 test_AP=0.4470
  S2 Epoch 197/1000 [23.2s mem=7841MB] | total=0.2107 task=0.0476 | out_nov=0.2005 node_nov=1.3155 | div=0.0294 ip_mean=0.0294 | val_AP=0.4474 test_AP=0.4441
  S2 Epoch 198/1000 [24.1s mem=7845MB] | total=0.2063 task=0.0432 | out_nov=0.1999 node_nov=1.3158 | div=0.0294 ip_mean=0.0294 | val_AP=0.4405 test_AP=0.4531
  S2 Epoch 199/1000 [24.0s mem=7837MB] | total=0.2079 task=0.0448 | out_nov=0.1995 node_nov=1.3224 | div=0.0306 ip_mean=0.0306 | val_AP=0.4425 test_AP=0.4482
  S2 Epoch 200/1000 [23.4s mem=7847MB] | total=0.2040 task=0.0416 | out_nov=0.1994 node_nov=1.3224 | div=0.0290 ip_mean=0.0290 | val_AP=0.4480 test_AP=0.4432
  S2 Epoch 201/1000 [23.3s mem=7847MB] | total=0.2054 task=0.0444 | out_nov=0.1994 node_nov=1.3278 | div=0.0275 ip_mean=0.0275 | val_AP=0.4465 test_AP=0.4544
  S2 Epoch 202/1000 [23.6s mem=7844MB] | total=0.2036 task=0.0418 | out_nov=0.1992 node_nov=1.3301 | div=0.0296 ip_mean=0.0296 | val_AP=0.4346 test_AP=0.4489
  S2 Epoch 203/1000 [22.3s mem=7843MB] | total=0.2078 task=0.0442 | out_nov=0.1999 node_nov=1.3272 | div=0.0325 ip_mean=0.0325 | val_AP=0.4428 test_AP=0.4509
  S2 Epoch 204/1000 [23.5s mem=7845MB] | total=0.2078 task=0.0465 | out_nov=0.1999 node_nov=1.3315 | div=0.0289 ip_mean=0.0289 | val_AP=0.4481 test_AP=0.4459
  S2 Epoch 205/1000 [22.3s mem=7848MB] | total=0.2046 task=0.0440 | out_nov=0.2012 node_nov=1.3328 | div=0.0281 ip_mean=0.0281 | val_AP=0.4422 test_AP=0.4523
  S2 Epoch 206/1000 [23.0s mem=7847MB] | total=0.2041 task=0.0413 | out_nov=0.1999 node_nov=1.3345 | div=0.0324 ip_mean=0.0324 | val_AP=0.4479 test_AP=0.4482
  S2 Epoch 207/1000 [23.8s mem=7844MB] | total=0.2056 task=0.0443 | out_nov=0.1999 node_nov=1.3337 | div=0.0295 ip_mean=0.0295 | val_AP=0.4536 test_AP=0.4444
  S2 Epoch 208/1000 [23.1s mem=7847MB] | total=0.2003 task=0.0403 | out_nov=0.1996 node_nov=1.3406 | div=0.0281 ip_mean=0.0281 | val_AP=0.4504 test_AP=0.4359
  S2 Epoch 209/1000 [23.6s mem=7846MB] | total=0.2042 task=0.0431 | out_nov=0.2005 node_nov=1.3374 | div=0.0298 ip_mean=0.0298 | val_AP=0.4477 test_AP=0.4474
  S2 Epoch 210/1000 [23.1s mem=7842MB] | total=0.2069 task=0.0449 | out_nov=0.2008 node_nov=1.3409 | div=0.0324 ip_mean=0.0324 | val_AP=0.4344 test_AP=0.4340
  S2 Epoch 211/1000 [22.6s mem=7843MB] | total=0.2089 task=0.0465 | out_nov=0.2001 node_nov=1.3350 | div=0.0318 ip_mean=0.0318 | val_AP=0.4475 test_AP=0.4407
  S2 Epoch 212/1000 [22.2s mem=7846MB] | total=0.1993 task=0.0398 | out_nov=0.2006 node_nov=1.3450 | div=0.0281 ip_mean=0.0281 | val_AP=0.4567 test_AP=0.4508
  S2 Epoch 213/1000 [23.6s mem=7846MB] | total=0.2018 task=0.0413 | out_nov=0.2006 node_nov=1.3440 | div=0.0299 ip_mean=0.0299 | val_AP=0.4489 test_AP=0.4453
  S2 Epoch 214/1000 [22.6s mem=7848MB] | total=0.1980 task=0.0385 | out_nov=0.2001 node_nov=1.3470 | div=0.0283 ip_mean=0.0283 | val_AP=0.4464 test_AP=0.4445
  S2 Epoch 215/1000 [22.4s mem=7842MB] | total=0.2034 task=0.0442 | out_nov=0.2007 node_nov=1.3450 | div=0.0276 ip_mean=0.0276 | val_AP=0.4488 test_AP=0.4413
  S2 Epoch 216/1000 [22.4s mem=7843MB] | total=0.1998 task=0.0415 | out_nov=0.2003 node_nov=1.3526 | div=0.0273 ip_mean=0.0273 | val_AP=0.4389 test_AP=0.4394
  S2 Epoch 217/1000 [23.9s mem=7844MB] | total=0.2059 task=0.0463 | out_nov=0.2003 node_nov=1.3481 | div=0.0288 ip_mean=0.0288 | val_AP=0.4412 test_AP=0.4549
  S2 Epoch 218/1000 [24.4s mem=7848MB] | total=0.2007 task=0.0424 | out_nov=0.2008 node_nov=1.3509 | div=0.0269 ip_mean=0.0269 | val_AP=0.4460 test_AP=0.4381
  S2 Epoch 219/1000 [23.1s mem=7840MB] | total=0.2030 task=0.0441 | out_nov=0.2007 node_nov=1.3543 | div=0.0288 ip_mean=0.0288 | val_AP=0.4335 test_AP=0.4503
  S2 Epoch 220/1000 [23.3s mem=7843MB] | total=0.1971 task=0.0387 | out_nov=0.2002 node_nov=1.3570 | div=0.0284 ip_mean=0.0284 | val_AP=0.4431 test_AP=0.4462
  S2 Epoch 221/1000 [23.0s mem=7849MB] | total=0.2012 task=0.0432 | out_nov=0.2010 node_nov=1.3541 | div=0.0270 ip_mean=0.0270 | val_AP=0.4348 test_AP=0.4473
  S2 Epoch 222/1000 [22.5s mem=7846MB] | total=0.1998 task=0.0423 | out_nov=0.2003 node_nov=1.3559 | div=0.0263 ip_mean=0.0263 | val_AP=0.4461 test_AP=0.4500
  S2 Epoch 223/1000 [23.2s mem=7849MB] | total=0.1958 task=0.0379 | out_nov=0.2002 node_nov=1.3577 | div=0.0274 ip_mean=0.0274 | val_AP=0.4370 test_AP=0.4463
  S2 Epoch 224/1000 [23.5s mem=7850MB] | total=0.2011 task=0.0429 | out_nov=0.2005 node_nov=1.3586 | div=0.0282 ip_mean=0.0282 | val_AP=0.4422 test_AP=0.4436
  S2 Epoch 225/1000 [35.9s mem=7844MB] | total=0.1986 task=0.0414 | out_nov=0.2010 node_nov=1.3621 | div=0.0270 ip_mean=0.0270 | val_AP=0.4501 test_AP=0.4595
  S2 Epoch 226/1000 [27.5s mem=7848MB] | total=0.2026 task=0.0445 | out_nov=0.2010 node_nov=1.3612 | div=0.0287 ip_mean=0.0287 | val_AP=0.4334 test_AP=0.4377
  S2 Epoch 227/1000 [25.3s mem=7842MB] | total=0.2036 task=0.0452 | out_nov=0.2013 node_nov=1.3615 | div=0.0294 ip_mean=0.0294 | val_AP=0.4524 test_AP=0.4500
  S2 Epoch 228/1000 [23.3s mem=7844MB] | total=0.2032 task=0.0443 | out_nov=0.2001 node_nov=1.3624 | div=0.0305 ip_mean=0.0305 | val_AP=0.4390 test_AP=0.4468
  S2 Epoch 229/1000 [22.6s mem=7845MB] | total=0.1937 task=0.0375 | out_nov=0.2001 node_nov=1.3663 | div=0.0258 ip_mean=0.0258 | val_AP=0.4329 test_AP=0.4439
  S2 Epoch 230/1000 [23.8s mem=7847MB] | total=0.2029 task=0.0448 | out_nov=0.2003 node_nov=1.3652 | div=0.0293 ip_mean=0.0293 | val_AP=0.4425 test_AP=0.4435
  S2 Epoch 231/1000 [22.4s mem=7844MB] | total=0.1962 task=0.0389 | out_nov=0.2001 node_nov=1.3687 | div=0.0283 ip_mean=0.0283 | val_AP=0.4350 test_AP=0.4482
  S2 Epoch 232/1000 [23.1s mem=7844MB] | total=0.1976 task=0.0376 | out_nov=0.2006 node_nov=1.3738 | div=0.0349 ip_mean=0.0349 | val_AP=0.4377 test_AP=0.4463
  S2 Epoch 233/1000 [24.1s mem=7845MB] | total=0.1969 task=0.0382 | out_nov=0.2004 node_nov=1.3738 | div=0.0324 ip_mean=0.0324 | val_AP=0.4351 test_AP=0.4509
  S2 Epoch 234/1000 [22.6s mem=7854MB] | total=0.1931 task=0.0354 | out_nov=0.2006 node_nov=1.3718 | div=0.0300 ip_mean=0.0300 | val_AP=0.4372 test_AP=0.4407
  S2 Epoch 235/1000 [23.4s mem=7847MB] | total=0.1957 task=0.0386 | out_nov=0.2000 node_nov=1.3717 | div=0.0286 ip_mean=0.0286 | val_AP=0.4300 test_AP=0.4552
  S2 Epoch 236/1000 [23.3s mem=7842MB] | total=0.1949 task=0.0382 | out_nov=0.2006 node_nov=1.3747 | div=0.0284 ip_mean=0.0284 | val_AP=0.4395 test_AP=0.4539
  S2 Epoch 237/1000 [23.7s mem=7842MB] | total=0.1938 task=0.0378 | out_nov=0.2008 node_nov=1.3754 | div=0.0274 ip_mean=0.0274 | val_AP=0.4411 test_AP=0.4471
  S2 Epoch 238/1000 [22.0s mem=7844MB] | total=0.2009 task=0.0428 | out_nov=0.1999 node_nov=1.3751 | div=0.0313 ip_mean=0.0313 | val_AP=0.4346 test_AP=0.4527
  S2 Epoch 239/1000 [22.2s mem=7851MB] | total=0.1935 task=0.0380 | out_nov=0.2004 node_nov=1.3746 | div=0.0260 ip_mean=0.0260 | val_AP=0.4410 test_AP=0.4470
  S2 Epoch 240/1000 [22.5s mem=7844MB] | total=0.1938 task=0.0376 | out_nov=0.2009 node_nov=1.3724 | div=0.0271 ip_mean=0.0271 | val_AP=0.4383 test_AP=0.4463
  S2 Epoch 241/1000 [22.7s mem=7845MB] | total=0.1958 task=0.0420 | out_nov=0.2004 node_nov=1.3755 | div=0.0228 ip_mean=0.0228 | val_AP=0.4384 test_AP=0.4568
  S2 Epoch 242/1000 [23.8s mem=7849MB] | total=0.1925 task=0.0385 | out_nov=0.2004 node_nov=1.3796 | div=0.0239 ip_mean=0.0239 | val_AP=0.4448 test_AP=0.4473
  S2 Epoch 243/1000 [24.0s mem=7847MB] | total=0.1973 task=0.0429 | out_nov=0.2001 node_nov=1.3770 | div=0.0242 ip_mean=0.0242 | val_AP=0.4300 test_AP=0.4482
  S2 Epoch 244/1000 [23.6s mem=7845MB] | total=0.1914 task=0.0366 | out_nov=0.2006 node_nov=1.3802 | div=0.0258 ip_mean=0.0258 | val_AP=0.4432 test_AP=0.4468
  S2 Epoch 245/1000 [22.5s mem=7843MB] | total=0.1947 task=0.0405 | out_nov=0.2018 node_nov=1.3869 | div=0.0262 ip_mean=0.0262 | val_AP=0.4434 test_AP=0.4387
  S2 Epoch 246/1000 [23.2s mem=7843MB] | total=0.1895 task=0.0357 | out_nov=0.2003 node_nov=1.3853 | div=0.0247 ip_mean=0.0247 | val_AP=0.4517 test_AP=0.4506
  S2 Epoch 247/1000 [22.4s mem=7839MB] | total=0.1974 task=0.0426 | out_nov=0.2015 node_nov=1.3841 | div=0.0267 ip_mean=0.0267 | val_AP=0.4474 test_AP=0.4510
  S2 Epoch 248/1000 [23.5s mem=7851MB] | total=0.1941 task=0.0387 | out_nov=0.2002 node_nov=1.3816 | div=0.0271 ip_mean=0.0271 | val_AP=0.4377 test_AP=0.4444
  S2 Epoch 249/1000 [22.4s mem=7843MB] | total=0.1936 task=0.0398 | out_nov=0.2005 node_nov=1.3841 | div=0.0246 ip_mean=0.0246 | val_AP=0.4494 test_AP=0.4576
  S2 Epoch 250/1000 [23.9s mem=7846MB] | total=0.1886 task=0.0344 | out_nov=0.2006 node_nov=1.3895 | div=0.0263 ip_mean=0.0263 | val_AP=0.4313 test_AP=0.4461
  S2 Epoch 251/1000 [24.3s mem=7848MB] | total=0.1929 task=0.0380 | out_nov=0.2011 node_nov=1.3853 | div=0.0269 ip_mean=0.0269 | val_AP=0.4388 test_AP=0.4435
  S2 Epoch 252/1000 [23.4s mem=7844MB] | total=0.1914 task=0.0376 | out_nov=0.2003 node_nov=1.3874 | div=0.0251 ip_mean=0.0251 | val_AP=0.4352 test_AP=0.4411
  S2 Epoch 253/1000 [24.1s mem=7850MB] | total=0.1953 task=0.0406 | out_nov=0.2005 node_nov=1.3853 | div=0.0264 ip_mean=0.0264 | val_AP=0.4354 test_AP=0.4354
  S2 Epoch 254/1000 [33.8s mem=7844MB] | total=0.1919 task=0.0374 | out_nov=0.2007 node_nov=1.3864 | div=0.0263 ip_mean=0.0263 | val_AP=0.4380 test_AP=0.4462
  S2 Epoch 255/1000 [31.4s mem=7847MB] | total=0.1892 task=0.0350 | out_nov=0.2003 node_nov=1.3880 | div=0.0259 ip_mean=0.0259 | val_AP=0.4489 test_AP=0.4490
  S2 Epoch 256/1000 [24.7s mem=7843MB] | total=0.1891 task=0.0359 | out_nov=0.2006 node_nov=1.3905 | div=0.0246 ip_mean=0.0246 | val_AP=0.4427 test_AP=0.4472
  S2 Epoch 257/1000 [23.6s mem=7845MB] | total=0.1880 task=0.0338 | out_nov=0.2005 node_nov=1.3958 | div=0.0277 ip_mean=0.0277 | val_AP=0.4327 test_AP=0.4412
  S2 Epoch 258/1000 [29.7s mem=7837MB] | total=0.1931 task=0.0394 | out_nov=0.2003 node_nov=1.3940 | div=0.0264 ip_mean=0.0264 | val_AP=0.4372 test_AP=0.4469
  S2 Epoch 259/1000 [36.1s mem=7852MB] | total=0.1919 task=0.0394 | out_nov=0.2008 node_nov=1.3912 | div=0.0234 ip_mean=0.0234 | val_AP=0.4375 test_AP=0.4408
  S2 Epoch 260/1000 [37.2s mem=7845MB] | total=0.1925 task=0.0389 | out_nov=0.2001 node_nov=1.3927 | div=0.0257 ip_mean=0.0257 | val_AP=0.4338 test_AP=0.4403
  S2 Epoch 261/1000 [37.3s mem=7847MB] | total=0.2000 task=0.0446 | out_nov=0.2011 node_nov=1.3919 | div=0.0296 ip_mean=0.0296 | val_AP=0.4316 test_AP=0.4455
  S2 Epoch 262/1000 [37.6s mem=7847MB] | total=0.1905 task=0.0363 | out_nov=0.2012 node_nov=1.3936 | div=0.0274 ip_mean=0.0274 | val_AP=0.4500 test_AP=0.4436
  S2 Epoch 263/1000 [36.3s mem=7844MB] | total=0.1899 task=0.0368 | out_nov=0.2003 node_nov=1.3979 | div=0.0260 ip_mean=0.0260 | val_AP=0.4400 test_AP=0.4402
  S2 Epoch 264/1000 [35.6s mem=7846MB] | total=0.1907 task=0.0377 | out_nov=0.2005 node_nov=1.3910 | div=0.0244 ip_mean=0.0244 | val_AP=0.4326 test_AP=0.4342
  S2 Epoch 265/1000 [35.8s mem=7845MB] | total=0.1924 task=0.0388 | out_nov=0.2017 node_nov=1.3940 | div=0.0264 ip_mean=0.0264 | val_AP=0.4410 test_AP=0.4324
  S2 Epoch 266/1000 [37.7s mem=7845MB] | total=0.1913 task=0.0378 | out_nov=0.2003 node_nov=1.3954 | div=0.0261 ip_mean=0.0261 | val_AP=0.4477 test_AP=0.4365
  S2 Epoch 267/1000 [37.1s mem=7851MB] | total=0.1876 task=0.0365 | out_nov=0.2001 node_nov=1.3963 | div=0.0216 ip_mean=0.0216 | val_AP=0.4429 test_AP=0.4511
  S2 Epoch 268/1000 [37.5s mem=7846MB] | total=0.1876 task=0.0348 | out_nov=0.2004 node_nov=1.3942 | div=0.0244 ip_mean=0.0244 | val_AP=0.4370 test_AP=0.4338
  S2 Epoch 269/1000 [35.9s mem=7844MB] | total=0.1879 task=0.0364 | out_nov=0.2011 node_nov=1.4011 | div=0.0234 ip_mean=0.0234 | val_AP=0.4427 test_AP=0.4323
  S2 Epoch 270/1000 [36.3s mem=7847MB] | total=0.1913 task=0.0384 | out_nov=0.2008 node_nov=1.4011 | div=0.0260 ip_mean=0.0260 | val_AP=0.4417 test_AP=0.4482
  S2 Epoch 271/1000 [36.8s mem=7845MB] | total=0.1859 task=0.0331 | out_nov=0.2001 node_nov=1.4040 | div=0.0263 ip_mean=0.0263 | val_AP=0.4414 test_AP=0.4443
  S2 Epoch 272/1000 [37.2s mem=7846MB] | total=0.1889 task=0.0377 | out_nov=0.1998 node_nov=1.4022 | div=0.0229 ip_mean=0.0229 | val_AP=0.4410 test_AP=0.4452
  S2 Epoch 273/1000 [36.8s mem=7848MB] | total=0.1850 task=0.0339 | out_nov=0.2002 node_nov=1.4033 | div=0.0229 ip_mean=0.0229 | val_AP=0.4389 test_AP=0.4410
  S2 Epoch 274/1000 [37.1s mem=7844MB] | total=0.1921 task=0.0395 | out_nov=0.2003 node_nov=1.4000 | div=0.0254 ip_mean=0.0254 | val_AP=0.4423 test_AP=0.4431
  S2 Epoch 275/1000 [36.7s mem=7846MB] | total=0.1885 task=0.0365 | out_nov=0.2010 node_nov=1.4041 | div=0.0250 ip_mean=0.0250 | val_AP=0.4450 test_AP=0.4418
  S2 Epoch 276/1000 [36.9s mem=7849MB] | total=0.1864 task=0.0353 | out_nov=0.2009 node_nov=1.4013 | div=0.0227 ip_mean=0.0227 | val_AP=0.4400 test_AP=0.4335
  S2 Epoch 277/1000 [36.9s mem=7846MB] | total=0.1857 task=0.0338 | out_nov=0.2005 node_nov=1.4080 | div=0.0256 ip_mean=0.0256 | val_AP=0.4340 test_AP=0.4396
  S2 Epoch 278/1000 [36.2s mem=7849MB] | total=0.1883 task=0.0366 | out_nov=0.2002 node_nov=1.4036 | div=0.0242 ip_mean=0.0242 | val_AP=0.4381 test_AP=0.4324
  S2 Epoch 279/1000 [37.5s mem=7844MB] | total=0.1834 task=0.0328 | out_nov=0.1999 node_nov=1.4079 | div=0.0227 ip_mean=0.0227 | val_AP=0.4476 test_AP=0.4452
  S2 Epoch 280/1000 [36.5s mem=7850MB] | total=0.1861 task=0.0360 | out_nov=0.2005 node_nov=1.4066 | div=0.0217 ip_mean=0.0217 | val_AP=0.4297 test_AP=0.4318
  S2 Epoch 281/1000 [36.8s mem=7850MB] | total=0.1865 task=0.0354 | out_nov=0.2003 node_nov=1.4076 | div=0.0238 ip_mean=0.0238 | val_AP=0.4431 test_AP=0.4438
  S2 Epoch 282/1000 [36.0s mem=7844MB] | total=0.1830 task=0.0333 | out_nov=0.2001 node_nov=1.4090 | div=0.0213 ip_mean=0.0213 | val_AP=0.4522 test_AP=0.4444
  S2 Epoch 283/1000 [35.7s mem=7847MB] | total=0.1877 task=0.0370 | out_nov=0.2001 node_nov=1.4094 | div=0.0233 ip_mean=0.0233 | val_AP=0.4305 test_AP=0.4469
  S2 Epoch 284/1000 [37.1s mem=7844MB] | total=0.1857 task=0.0349 | out_nov=0.2003 node_nov=1.4081 | div=0.0231 ip_mean=0.0231 | val_AP=0.4399 test_AP=0.4486
  S2 Epoch 285/1000 [37.9s mem=7843MB] | total=0.1891 task=0.0368 | out_nov=0.2005 node_nov=1.4061 | div=0.0259 ip_mean=0.0259 | val_AP=0.4362 test_AP=0.4426
  Early stopping at epoch 285. Best val AP=0.4823 at epoch 85.
Stage 2 done. Best val AP=0.4823 at epoch 85.

============================================================
STAGE 3: Joint finetune (backbone + generator)
  Backbone: vanilla_gt
  lr_gen=0.0005 lr_backbone=0.0005
============================================================
  S3 Epoch   1/500 [44.1s mem=10435MB] | total=0.3576 task=0.1168 train_AP=0.8352 | out_nov=0.1869 node_nov=0.5470 | div=0.0284 | val_AP=0.4528 test_AP=0.4493
    -> New best val AP=0.4528 (test=0.4493)
  S3 Epoch   2/500 [44.1s mem=10432MB] | total=0.3869 task=0.1424 train_AP=0.7741 | out_nov=0.1852 node_nov=0.4963 | div=0.0251 | val_AP=0.4332 test_AP=0.4437
  S3 Epoch   3/500 [43.8s mem=10435MB] | total=0.4101 task=0.1624 train_AP=0.7229 | out_nov=0.1935 node_nov=0.4432 | div=0.0229 | val_AP=0.4447 test_AP=0.4398
  S3 Epoch   4/500 [43.3s mem=10428MB] | total=0.4291 task=0.1793 train_AP=0.6855 | out_nov=0.1986 node_nov=0.4240 | div=0.0240 | val_AP=0.4196 test_AP=0.4299
  S3 Epoch   5/500 [44.0s mem=10434MB] | total=0.4397 task=0.1871 train_AP=0.6621 | out_nov=0.2030 node_nov=0.3909 | div=0.0240 | val_AP=0.4268 test_AP=0.4192
  S3 Epoch   6/500 [43.8s mem=10423MB] | total=0.4565 task=0.2022 train_AP=0.6261 | out_nov=0.2043 node_nov=0.3831 | div=0.0261 | val_AP=0.4112 test_AP=0.4151
  S3 Epoch   7/500 [43.7s mem=10426MB] | total=0.4494 task=0.2000 train_AP=0.6271 | out_nov=0.2137 node_nov=0.4222 | div=0.0260 | val_AP=0.4203 test_AP=0.4197
  S3 Epoch   8/500 [42.9s mem=10430MB] | total=0.4459 task=0.1983 train_AP=0.6373 | out_nov=0.2109 node_nov=0.4312 | div=0.0237 | val_AP=0.4225 test_AP=0.4172
  S3 Epoch   9/500 [42.0s mem=10422MB] | total=0.4364 task=0.1905 train_AP=0.6432 | out_nov=0.2095 node_nov=0.4635 | div=0.0264 | val_AP=0.4240 test_AP=0.4063
  S3 Epoch  10/500 [42.6s mem=10417MB] | total=0.4307 task=0.1915 train_AP=0.6458 | out_nov=0.2228 node_nov=0.5205 | div=0.0272 | val_AP=0.4136 test_AP=0.4068
  S3 Epoch  11/500 [41.2s mem=10424MB] | total=0.4229 task=0.1886 train_AP=0.6440 | out_nov=0.2244 node_nov=0.5651 | div=0.0266 | val_AP=0.4289 test_AP=0.4326
  S3 Epoch  12/500 [42.5s mem=10424MB] | total=0.4203 task=0.1963 train_AP=0.6378 | out_nov=0.2249 node_nov=0.6736 | div=0.0277 | val_AP=0.4005 test_AP=0.3906
  S3 Epoch  13/500 [42.4s mem=10424MB] | total=0.4143 task=0.1972 train_AP=0.6324 | out_nov=0.2268 node_nov=0.7366 | div=0.0270 | val_AP=0.4244 test_AP=0.4178
  S3 Epoch  14/500 [42.5s mem=10426MB] | total=0.4051 task=0.1920 train_AP=0.6382 | out_nov=0.2357 node_nov=0.7693 | div=0.0272 | val_AP=0.4342 test_AP=0.4108
  S3 Epoch  15/500 [43.2s mem=10416MB] | total=0.3917 task=0.1946 train_AP=0.6272 | out_nov=0.2438 node_nov=0.9124 | div=0.0253 | val_AP=0.4239 test_AP=0.4142
  S3 Epoch  16/500 [43.2s mem=10428MB] | total=0.3761 task=0.1884 train_AP=0.6462 | out_nov=0.2678 node_nov=0.9730 | div=0.0235 | val_AP=0.4234 test_AP=0.4013
  S3 Epoch  17/500 [42.9s mem=10422MB] | total=0.3709 task=0.1913 train_AP=0.6388 | out_nov=0.2703 node_nov=1.0583 | div=0.0249 | val_AP=0.4145 test_AP=0.4197
  S3 Epoch  18/500 [43.2s mem=10418MB] | total=0.3712 task=0.1959 train_AP=0.6432 | out_nov=0.2845 node_nov=1.0771 | div=0.0230 | val_AP=0.3987 test_AP=0.3852
  S3 Epoch  19/500 [43.8s mem=10423MB] | total=0.3510 task=0.1875 train_AP=0.6435 | out_nov=0.2688 node_nov=1.1881 | div=0.0185 | val_AP=0.4154 test_AP=0.3976
  S3 Epoch  20/500 [43.9s mem=10421MB] | total=0.3629 task=0.2020 train_AP=0.6149 | out_nov=0.2723 node_nov=1.2354 | div=0.0235 | val_AP=0.4116 test_AP=0.4059
  S3 Epoch  21/500 [44.3s mem=10430MB] | total=0.3570 task=0.1951 train_AP=0.6274 | out_nov=0.2740 node_nov=1.2180 | div=0.0222 | val_AP=0.4051 test_AP=0.3998
  S3 Epoch  22/500 [43.9s mem=10426MB] | total=0.3535 task=0.1935 train_AP=0.6421 | out_nov=0.2743 node_nov=1.2271 | div=0.0202 | val_AP=0.4197 test_AP=0.3966
  S3 Epoch  23/500 [44.0s mem=10425MB] | total=0.3311 task=0.1947 train_AP=0.6411 | out_nov=0.2730 node_nov=1.4757 | div=0.0225 | val_AP=0.4070 test_AP=0.4093
  S3 Epoch  24/500 [43.8s mem=10422MB] | total=0.3450 task=0.1999 train_AP=0.6278 | out_nov=0.2712 node_nov=1.3824 | div=0.0209 | val_AP=0.4201 test_AP=0.4170
  S3 Epoch  25/500 [44.1s mem=10433MB] | total=0.3323 task=0.1910 train_AP=0.6429 | out_nov=0.2594 node_nov=1.4283 | div=0.0203 | val_AP=0.3718 test_AP=0.3594
  S3 Epoch  26/500 [43.2s mem=10430MB] | total=0.3739 task=0.2215 train_AP=0.5782 | out_nov=0.2582 node_nov=1.3409 | div=0.0247 | val_AP=0.3963 test_AP=0.3894
  S3 Epoch  27/500 [42.2s mem=10427MB] | total=0.3300 task=0.1996 train_AP=0.6271 | out_nov=0.2822 node_nov=1.5010 | div=0.0174 | val_AP=0.4089 test_AP=0.3787
  S3 Epoch  28/500 [42.5s mem=10431MB] | total=0.3346 task=0.2108 train_AP=0.6107 | out_nov=0.2554 node_nov=1.6046 | div=0.0197 | val_AP=0.4062 test_AP=0.4007
  S3 Epoch  29/500 [41.6s mem=10423MB] | total=0.3336 task=0.2079 train_AP=0.6014 | out_nov=0.2588 node_nov=1.6038 | div=0.0238 | val_AP=0.3927 test_AP=0.3922
  S3 Epoch  30/500 [41.3s mem=10426MB] | total=0.3317 task=0.2104 train_AP=0.5973 | out_nov=0.2657 node_nov=1.6288 | div=0.0214 | val_AP=0.3891 test_AP=0.3920
  S3 Epoch  31/500 [41.0s mem=10429MB] | total=0.3497 task=0.2227 train_AP=0.5719 | out_nov=0.2536 node_nov=1.6141 | div=0.0275 | val_AP=0.3754 test_AP=0.3732
  S3 Epoch  32/500 [42.8s mem=10423MB] | total=0.3449 task=0.2185 train_AP=0.5759 | out_nov=0.2624 node_nov=1.5698 | div=0.0193 | val_AP=0.3744 test_AP=0.3766
  S3 Epoch  33/500 [42.1s mem=10424MB] | total=0.3435 task=0.2135 train_AP=0.5902 | out_nov=0.2615 node_nov=1.5265 | div=0.0174 | val_AP=0.4106 test_AP=0.4125
  S3 Epoch  34/500 [43.2s mem=10416MB] | total=0.3141 task=0.1931 train_AP=0.6352 | out_nov=0.2656 node_nov=1.6126 | div=0.0177 | val_AP=0.4213 test_AP=0.4171
  S3 Epoch  35/500 [43.7s mem=10426MB] | total=0.3242 task=0.1897 train_AP=0.6411 | out_nov=0.2818 node_nov=1.4498 | div=0.0154 | val_AP=0.3964 test_AP=0.4083
  S3 Epoch  36/500 [44.2s mem=10425MB] | total=0.3339 task=0.1960 train_AP=0.6364 | out_nov=0.2865 node_nov=1.4102 | div=0.0152 | val_AP=0.3915 test_AP=0.3900
  S3 Epoch  37/500 [43.8s mem=10429MB] | total=0.3121 task=0.1906 train_AP=0.6391 | out_nov=0.2986 node_nov=1.5704 | div=0.0169 | val_AP=0.3903 test_AP=0.4049
  S3 Epoch  38/500 [43.7s mem=10433MB] | total=0.3095 task=0.1911 train_AP=0.6400 | out_nov=0.2699 node_nov=1.6244 | div=0.0158 | val_AP=0.3946 test_AP=0.4052
  S3 Epoch  39/500 [43.8s mem=10431MB] | total=0.3282 task=0.2073 train_AP=0.6406 | out_nov=0.3018 node_nov=1.5541 | div=0.0129 | val_AP=0.3832 test_AP=0.4005
  S3 Epoch  40/500 [43.9s mem=10418MB] | total=0.3174 task=0.1973 train_AP=0.6195 | out_nov=0.2887 node_nov=1.5941 | div=0.0168 | val_AP=0.3906 test_AP=0.3877
  S3 Epoch  41/500 [44.3s mem=10424MB] | total=0.3105 task=0.1896 train_AP=0.6362 | out_nov=0.2810 node_nov=1.6224 | div=0.0224 | val_AP=0.3794 test_AP=0.3699
  S3 Epoch  42/500 [43.1s mem=10422MB] | total=0.3155 task=0.1979 train_AP=0.6311 | out_nov=0.2868 node_nov=1.6076 | div=0.0141 | val_AP=0.3698 test_AP=0.3823
  S3 Epoch  43/500 [41.7s mem=10425MB] | total=0.3702 task=0.2029 train_AP=0.6191 | out_nov=0.2957 node_nov=1.1128 | div=0.0162 | val_AP=0.4070 test_AP=0.4065
  S3 Epoch  44/500 [42.1s mem=10430MB] | total=0.3011 task=0.1732 train_AP=0.6726 | out_nov=0.3013 node_nov=1.5078 | div=0.0176 | val_AP=0.3899 test_AP=0.3933
  S3 Epoch  45/500 [42.7s mem=10423MB] | total=0.3272 task=0.1836 train_AP=0.6548 | out_nov=0.2968 node_nov=1.3550 | div=0.0175 | val_AP=0.3917 test_AP=0.3874
  S3 Epoch  46/500 [42.9s mem=10438MB] | total=0.3411 task=0.1925 train_AP=0.6378 | out_nov=0.3242 node_nov=1.2689 | div=0.0157 | val_AP=0.3872 test_AP=0.3965
  S3 Epoch  47/500 [42.9s mem=10425MB] | total=0.3414 task=0.1782 train_AP=0.6513 | out_nov=0.3211 node_nov=1.1140 | div=0.0135 | val_AP=0.4128 test_AP=0.4092
  S3 Epoch  48/500 [42.3s mem=10432MB] | total=0.3261 task=0.1798 train_AP=0.6777 | out_nov=0.3261 node_nov=1.2850 | div=0.0148 | val_AP=0.4121 test_AP=0.4055
  S3 Epoch  49/500 [42.7s mem=10428MB] | total=0.3267 task=0.1778 train_AP=0.6693 | out_nov=0.3124 node_nov=1.2735 | div=0.0150 | val_AP=0.3583 test_AP=0.3591
  S3 Epoch  50/500 [42.6s mem=10427MB] | total=0.3482 task=0.1793 train_AP=0.6704 | out_nov=0.3071 node_nov=1.0750 | div=0.0144 | val_AP=0.3887 test_AP=0.3868
  S3 Epoch  51/500 [43.1s mem=10426MB] | total=0.3325 task=0.1728 train_AP=0.6813 | out_nov=0.3096 node_nov=1.1692 | div=0.0151 | val_AP=0.4105 test_AP=0.4086
  S3 Epoch  52/500 [42.4s mem=10426MB] | total=0.3267 task=0.1649 train_AP=0.6935 | out_nov=0.3145 node_nov=1.1286 | div=0.0121 | val_AP=0.4128 test_AP=0.4039
  S3 Epoch  53/500 [43.6s mem=10422MB] | total=0.3334 task=0.1625 train_AP=0.7010 | out_nov=0.3216 node_nov=1.0222 | div=0.0106 | val_AP=0.4053 test_AP=0.3879
  S3 Epoch  54/500 [43.1s mem=10423MB] | total=0.3148 task=0.1565 train_AP=0.7149 | out_nov=0.3153 node_nov=1.1530 | div=0.0103 | val_AP=0.3978 test_AP=0.4000
  S3 Epoch  55/500 [43.5s mem=10425MB] | total=0.3183 task=0.1574 train_AP=0.7131 | out_nov=0.3223 node_nov=1.1334 | div=0.0129 | val_AP=0.4110 test_AP=0.4075
  S3 Epoch  56/500 [44.1s mem=10424MB] | total=0.3225 task=0.1716 train_AP=0.6831 | out_nov=0.3463 node_nov=1.2209 | div=0.0151 | val_AP=0.4045 test_AP=0.4064
  S3 Epoch  57/500 [43.2s mem=10430MB] | total=0.3009 task=0.1641 train_AP=0.6988 | out_nov=0.3134 node_nov=1.3728 | div=0.0107 | val_AP=0.4053 test_AP=0.4007
  S3 Epoch  58/500 [44.9s mem=10429MB] | total=0.2865 task=0.1587 train_AP=0.7002 | out_nov=0.3392 node_nov=1.4278 | div=0.0090 | val_AP=0.3919 test_AP=0.3882
  S3 Epoch  59/500 [43.9s mem=10428MB] | total=0.2845 task=0.1636 train_AP=0.7053 | out_nov=0.3602 node_nov=1.4789 | div=0.0096 | val_AP=0.3898 test_AP=0.3729
  S3 Epoch  60/500 [44.4s mem=10419MB] | total=0.2826 task=0.1603 train_AP=0.7001 | out_nov=0.3266 node_nov=1.5172 | div=0.0133 | val_AP=0.4024 test_AP=0.4080
  S3 Epoch  61/500 [43.8s mem=10416MB] | total=0.2961 task=0.1658 train_AP=0.6953 | out_nov=0.3244 node_nov=1.4360 | div=0.0128 | val_AP=0.3889 test_AP=0.3971
  S3 Epoch  62/500 [43.7s mem=10420MB] | total=0.2795 task=0.1607 train_AP=0.7019 | out_nov=0.3249 node_nov=1.5383 | div=0.0101 | val_AP=0.3903 test_AP=0.4047
  S3 Epoch  63/500 [44.2s mem=10422MB] | total=0.2886 task=0.1607 train_AP=0.7035 | out_nov=0.3220 node_nov=1.4728 | div=0.0148 | val_AP=0.3892 test_AP=0.3927
  S3 Epoch  64/500 [42.9s mem=10427MB] | total=0.2762 task=0.1559 train_AP=0.7083 | out_nov=0.3644 node_nov=1.5034 | div=0.0140 | val_AP=0.4002 test_AP=0.4078
  S3 Epoch  65/500 [43.1s mem=10426MB] | total=0.2825 task=0.1700 train_AP=0.6886 | out_nov=0.4596 node_nov=1.5450 | div=0.0259 | val_AP=0.3890 test_AP=0.3918
  S3 Epoch  66/500 [42.1s mem=10429MB] | total=0.2499 task=0.1556 train_AP=0.7171 | out_nov=0.4654 node_nov=1.6442 | div=0.0105 | val_AP=0.4030 test_AP=0.4130
  S3 Epoch  67/500 [41.6s mem=10428MB] | total=0.2385 task=0.1446 train_AP=0.7385 | out_nov=0.4110 node_nov=1.6859 | div=0.0072 | val_AP=0.4069 test_AP=0.4008
  S3 Epoch  68/500 [42.2s mem=10431MB] | total=0.2693 task=0.1601 train_AP=0.7122 | out_nov=0.3504 node_nov=1.6089 | div=0.0101 | val_AP=0.3972 test_AP=0.3943
  S3 Epoch  69/500 [42.3s mem=10429MB] | total=0.2601 task=0.1501 train_AP=0.7308 | out_nov=0.3432 node_nov=1.6295 | div=0.0145 | val_AP=0.4054 test_AP=0.4135
  S3 Epoch  70/500 [42.8s mem=10426MB] | total=0.2708 task=0.1442 train_AP=0.7436 | out_nov=0.3419 node_nov=1.4739 | div=0.0165 | val_AP=0.3851 test_AP=0.3871
  S3 Epoch  71/500 [42.4s mem=10423MB] | total=0.2799 task=0.1385 train_AP=0.7480 | out_nov=0.3701 node_nov=1.2747 | div=0.0119 | val_AP=0.4049 test_AP=0.4033
  S3 Epoch  72/500 [42.8s mem=10429MB] | total=0.3096 task=0.1482 train_AP=0.7332 | out_nov=0.3352 node_nov=1.1084 | div=0.0116 | val_AP=0.4021 test_AP=0.3987
  S3 Epoch  73/500 [43.2s mem=10418MB] | total=0.2993 task=0.1424 train_AP=0.7375 | out_nov=0.3166 node_nov=1.1578 | div=0.0087 | val_AP=0.4010 test_AP=0.4024
  S3 Epoch  74/500 [43.0s mem=10431MB] | total=0.2829 task=0.1354 train_AP=0.7577 | out_nov=0.3316 node_nov=1.2435 | div=0.0100 | val_AP=0.4141 test_AP=0.4197
  S3 Epoch  75/500 [43.7s mem=10422MB] | total=0.2397 task=0.1341 train_AP=0.7533 | out_nov=0.4205 node_nov=1.5685 | div=0.0090 | val_AP=0.4084 test_AP=0.4207
  S3 Epoch  76/500 [43.7s mem=10422MB] | total=0.2686 task=0.1423 train_AP=0.7434 | out_nov=0.4018 node_nov=1.3854 | div=0.0102 | val_AP=0.3894 test_AP=0.3914
  S3 Epoch  77/500 [43.5s mem=10423MB] | total=0.3105 task=0.1573 train_AP=0.7098 | out_nov=0.3626 node_nov=1.1709 | div=0.0132 | val_AP=0.3921 test_AP=0.3949
  S3 Epoch  78/500 [43.7s mem=10423MB] | total=0.2877 task=0.1339 train_AP=0.7586 | out_nov=0.3183 node_nov=1.1865 | div=0.0085 | val_AP=0.4124 test_AP=0.4063
  S3 Epoch  79/500 [43.8s mem=10421MB] | total=0.2897 task=0.1353 train_AP=0.7559 | out_nov=0.3226 node_nov=1.1938 | div=0.0121 | val_AP=0.3968 test_AP=0.3900
  S3 Epoch  80/500 [43.4s mem=10424MB] | total=0.2752 task=0.1349 train_AP=0.7587 | out_nov=0.3534 node_nov=1.3020 | div=0.0118 | val_AP=0.4016 test_AP=0.3933
  S3 Epoch  81/500 [42.6s mem=10106MB] | total=0.2819 task=0.1349 train_AP=0.7553 | out_nov=0.3661 node_nov=1.2129 | div=0.0098 | val_AP=0.4073 test_AP=0.4021
  S3 Epoch  82/500 [41.0s mem=10426MB] | total=0.2678 task=0.1273 train_AP=0.7715 | out_nov=0.3896 node_nov=1.2524 | div=0.0096 | val_AP=0.3918 test_AP=0.3995
  S3 Epoch  83/500 [42.3s mem=10427MB] | total=0.2818 task=0.1321 train_AP=0.7586 | out_nov=0.3712 node_nov=1.1826 | div=0.0102 | val_AP=0.3997 test_AP=0.3900
  S3 Epoch  84/500 [43.1s mem=10427MB] | total=0.2319 task=0.1334 train_AP=0.7521 | out_nov=0.4707 node_nov=1.5803 | div=0.0071 | val_AP=0.4126 test_AP=0.4120
  S3 Epoch  85/500 [42.3s mem=10427MB] | total=0.2421 task=0.1379 train_AP=0.7485 | out_nov=0.4495 node_nov=1.5494 | div=0.0083 | val_AP=0.4054 test_AP=0.3908
  S3 Epoch  86/500 [42.3s mem=10427MB] | total=0.2634 task=0.1404 train_AP=0.7482 | out_nov=0.4050 node_nov=1.4178 | div=0.0105 | val_AP=0.4188 test_AP=0.4112
  S3 Epoch  87/500 [42.4s mem=10428MB] | total=0.2555 task=0.1219 train_AP=0.7732 | out_nov=0.3933 node_nov=1.3100 | div=0.0079 | val_AP=0.4139 test_AP=0.4068
  S3 Epoch  88/500 [42.9s mem=10429MB] | total=0.2392 task=0.1202 train_AP=0.7800 | out_nov=0.3976 node_nov=1.4489 | div=0.0072 | val_AP=0.3984 test_AP=0.3994
  S3 Epoch  89/500 [42.9s mem=10417MB] | total=0.2510 task=0.1231 train_AP=0.7739 | out_nov=0.3636 node_nov=1.4040 | div=0.0094 | val_AP=0.4093 test_AP=0.3963
  S3 Epoch  90/500 [43.2s mem=10421MB] | total=0.2595 task=0.1295 train_AP=0.7687 | out_nov=0.3467 node_nov=1.3874 | div=0.0067 | val_AP=0.3744 test_AP=0.3827
  S3 Epoch  91/500 [42.7s mem=10103MB] | total=0.2484 task=0.1227 train_AP=0.7681 | out_nov=0.4048 node_nov=1.3764 | div=0.0076 | val_AP=0.4151 test_AP=0.4172
  S3 Epoch  92/500 [43.4s mem=10426MB] | total=0.2371 task=0.1178 train_AP=0.7870 | out_nov=0.4142 node_nov=1.4204 | div=0.0055 | val_AP=0.4128 test_AP=0.4069
  S3 Epoch  93/500 [43.3s mem=10425MB] | total=0.2445 task=0.1252 train_AP=0.7767 | out_nov=0.4286 node_nov=1.4099 | div=0.0063 | val_AP=0.4026 test_AP=0.4053
  S3 Epoch  94/500 [44.1s mem=10425MB] | total=0.2188 task=0.1132 train_AP=0.7925 | out_nov=0.4461 node_nov=1.5282 | div=0.0060 | val_AP=0.4040 test_AP=0.3978
  S3 Epoch  95/500 [43.3s mem=10424MB] | total=0.2367 task=0.1202 train_AP=0.7872 | out_nov=0.4261 node_nov=1.4420 | div=0.0067 | val_AP=0.4035 test_AP=0.4132
  S3 Epoch  96/500 [43.1s mem=10439MB] | total=0.2251 task=0.1235 train_AP=0.7807 | out_nov=0.4531 node_nov=1.5616 | div=0.0063 | val_AP=0.3997 test_AP=0.4021
  S3 Epoch  97/500 [42.3s mem=10427MB] | total=0.2289 task=0.1158 train_AP=0.7840 | out_nov=0.3448 node_nov=1.5810 | div=0.0114 | val_AP=0.4196 test_AP=0.4024
  S3 Epoch  98/500 [42.3s mem=10421MB] | total=0.2303 task=0.1288 train_AP=0.7758 | out_nov=0.3526 node_nov=1.6871 | div=0.0109 | val_AP=0.4117 test_AP=0.4102
  S3 Epoch  99/500 [42.5s mem=10436MB] | total=0.2313 task=0.1179 train_AP=0.7883 | out_nov=0.3633 node_nov=1.5482 | div=0.0091 | val_AP=0.4122 test_AP=0.4062
  S3 Epoch 100/500 [42.2s mem=10424MB] | total=0.2299 task=0.1174 train_AP=0.7931 | out_nov=0.3742 node_nov=1.5505 | div=0.0101 | val_AP=0.4325 test_AP=0.4177
  S3 Epoch 101/500 [41.8s mem=10440MB] | total=0.2129 task=0.1221 train_AP=0.7849 | out_nov=0.4478 node_nov=1.6883 | div=0.0088 | val_AP=0.4035 test_AP=0.4077
  S3 Epoch 102/500 [41.2s mem=10425MB] | total=0.2071 task=0.1114 train_AP=0.7947 | out_nov=0.3676 node_nov=1.7117 | div=0.0072 | val_AP=0.4084 test_AP=0.4061
  S3 Epoch 103/500 [43.3s mem=10429MB] | total=0.1970 task=0.1122 train_AP=0.8007 | out_nov=0.5502 node_nov=1.6470 | div=0.0091 | val_AP=0.3955 test_AP=0.4052
  S3 Epoch 104/500 [42.7s mem=10434MB] | total=0.1830 task=0.1109 train_AP=0.7976 | out_nov=0.5849 node_nov=1.7385 | div=0.0088 | val_AP=0.4123 test_AP=0.3999
  S3 Epoch 105/500 [42.8s mem=10433MB] | total=0.2237 task=0.1214 train_AP=0.7901 | out_nov=0.3668 node_nov=1.6582 | div=0.0097 | val_AP=0.4309 test_AP=0.4179
  S3 Epoch 106/500 [43.5s mem=10426MB] | total=0.1965 task=0.1058 train_AP=0.8075 | out_nov=0.4138 node_nov=1.7235 | div=0.0090 | val_AP=0.4067 test_AP=0.3955
  S3 Epoch 107/500 [43.7s mem=10426MB] | total=0.2064 task=0.1136 train_AP=0.7900 | out_nov=0.3582 node_nov=1.7513 | div=0.0077 | val_AP=0.4303 test_AP=0.4223
  S3 Epoch 108/500 [43.8s mem=10428MB] | total=0.1934 task=0.1096 train_AP=0.8017 | out_nov=0.4236 node_nov=1.7807 | div=0.0085 | val_AP=0.4271 test_AP=0.4223
  S3 Epoch 109/500 [44.1s mem=10431MB] | total=0.1874 task=0.1108 train_AP=0.8026 | out_nov=0.5017 node_nov=1.7650 | div=0.0065 | val_AP=0.4221 test_AP=0.4189
  S3 Epoch 110/500 [43.8s mem=10428MB] | total=0.1918 task=0.1089 train_AP=0.8063 | out_nov=0.4367 node_nov=1.7722 | div=0.0075 | val_AP=0.4140 test_AP=0.4170
  S3 Epoch 111/500 [44.1s mem=10429MB] | total=0.1927 task=0.1076 train_AP=0.8046 | out_nov=0.4207 node_nov=1.7522 | div=0.0047 | val_AP=0.4056 test_AP=0.3979
  S3 Epoch 112/500 [44.8s mem=10433MB] | total=0.1899 task=0.1015 train_AP=0.8123 | out_nov=0.4167 node_nov=1.7343 | div=0.0071 | val_AP=0.4230 test_AP=0.4118
  S3 Epoch 113/500 [44.3s mem=10419MB] | total=0.1801 task=0.1034 train_AP=0.8104 | out_nov=0.4773 node_nov=1.7909 | div=0.0071 | val_AP=0.4152 test_AP=0.4120
  S3 Epoch 114/500 [44.0s mem=10421MB] | total=0.1842 task=0.1056 train_AP=0.8115 | out_nov=0.4591 node_nov=1.7938 | div=0.0078 | val_AP=0.4146 test_AP=0.4069
  S3 Epoch 115/500 [44.2s mem=10427MB] | total=0.1880 task=0.1035 train_AP=0.8117 | out_nov=0.3912 node_nov=1.7889 | div=0.0049 | val_AP=0.4298 test_AP=0.4143
  S3 Epoch 116/500 [43.7s mem=10427MB] | total=0.1903 task=0.1063 train_AP=0.8085 | out_nov=0.4278 node_nov=1.7722 | div=0.0081 | val_AP=0.4147 test_AP=0.4167
  S3 Epoch 117/500 [43.6s mem=10410MB] | total=0.1851 task=0.1075 train_AP=0.8100 | out_nov=0.4990 node_nov=1.7680 | div=0.0087 | val_AP=0.4165 test_AP=0.3937
  S3 Epoch 118/500 [43.4s mem=10426MB] | total=0.1736 task=0.0991 train_AP=0.8176 | out_nov=0.4815 node_nov=1.7948 | div=0.0042 | val_AP=0.4150 test_AP=0.4129
  S3 Epoch 119/500 [43.0s mem=10430MB] | total=0.1690 task=0.0959 train_AP=0.8184 | out_nov=0.4808 node_nov=1.8111 | div=0.0046 | val_AP=0.4282 test_AP=0.4092
  S3 Epoch 120/500 [40.8s mem=10418MB] | total=0.1860 task=0.1106 train_AP=0.8059 | out_nov=0.4807 node_nov=1.7891 | div=0.0048 | val_AP=0.4020 test_AP=0.4074
  S3 Epoch 121/500 [42.1s mem=10428MB] | total=0.1707 task=0.0981 train_AP=0.8161 | out_nov=0.5082 node_nov=1.7918 | div=0.0051 | val_AP=0.4090 test_AP=0.4071
  S3 Epoch 122/500 [42.4s mem=10428MB] | total=0.1791 task=0.1054 train_AP=0.8107 | out_nov=0.4975 node_nov=1.7917 | div=0.0051 | val_AP=0.4131 test_AP=0.3970
  S3 Epoch 123/500 [42.5s mem=10430MB] | total=0.1745 task=0.0974 train_AP=0.8198 | out_nov=0.4650 node_nov=1.8009 | div=0.0074 | val_AP=0.4136 test_AP=0.4136
  S3 Epoch 124/500 [42.5s mem=10421MB] | total=0.1756 task=0.1058 train_AP=0.8125 | out_nov=0.5285 node_nov=1.8047 | div=0.0063 | val_AP=0.4245 test_AP=0.4188
  S3 Epoch 125/500 [42.4s mem=10427MB] | total=0.1665 task=0.1013 train_AP=0.8251 | out_nov=0.5815 node_nov=1.7913 | div=0.0050 | val_AP=0.3840 test_AP=0.3715
  S3 Epoch 126/500 [42.5s mem=10427MB] | total=0.1664 task=0.0987 train_AP=0.8192 | out_nov=0.5845 node_nov=1.7626 | div=0.0048 | val_AP=0.4181 test_AP=0.4172
  S3 Epoch 127/500 [42.9s mem=10419MB] | total=0.1788 task=0.1049 train_AP=0.8133 | out_nov=0.5743 node_nov=1.7188 | div=0.0064 | val_AP=0.4149 test_AP=0.4145
  S3 Epoch 128/500 [43.8s mem=10415MB] | total=0.1642 task=0.0973 train_AP=0.8238 | out_nov=0.5919 node_nov=1.7629 | div=0.0046 | val_AP=0.4122 test_AP=0.4165
  S3 Epoch 129/500 [43.4s mem=10424MB] | total=0.1800 task=0.0985 train_AP=0.8236 | out_nov=0.5019 node_nov=1.7167 | div=0.0065 | val_AP=0.4265 test_AP=0.4273
  S3 Epoch 130/500 [43.6s mem=10434MB] | total=0.1735 task=0.0942 train_AP=0.8327 | out_nov=0.4768 node_nov=1.7587 | div=0.0057 | val_AP=0.4066 test_AP=0.4125
  S3 Epoch 131/500 [43.4s mem=10427MB] | total=0.1707 task=0.0927 train_AP=0.8309 | out_nov=0.4967 node_nov=1.7499 | div=0.0054 | val_AP=0.4035 test_AP=0.3948
  S3 Epoch 132/500 [44.1s mem=10426MB] | total=0.1695 task=0.0903 train_AP=0.8403 | out_nov=0.5042 node_nov=1.7327 | div=0.0058 | val_AP=0.4001 test_AP=0.4085
  S3 Epoch 133/500 [44.0s mem=10427MB] | total=0.1853 task=0.1019 train_AP=0.8159 | out_nov=0.5159 node_nov=1.6973 | div=0.0093 | val_AP=0.3953 test_AP=0.3991
  S3 Epoch 134/500 [43.3s mem=10421MB] | total=0.1730 task=0.0900 train_AP=0.8358 | out_nov=0.5377 node_nov=1.6669 | div=0.0070 | val_AP=0.4080 test_AP=0.4002
  S3 Epoch 135/500 [43.1s mem=10426MB] | total=0.1926 task=0.0922 train_AP=0.8377 | out_nov=0.4664 node_nov=1.5562 | div=0.0052 | val_AP=0.4131 test_AP=0.3891
  S3 Epoch 136/500 [42.2s mem=10434MB] | total=0.2008 task=0.0940 train_AP=0.8428 | out_nov=0.4607 node_nov=1.5059 | div=0.0069 | val_AP=0.4130 test_AP=0.4027
  S3 Epoch 137/500 [42.5s mem=10430MB] | total=0.1888 task=0.0846 train_AP=0.8416 | out_nov=0.4495 node_nov=1.5312 | div=0.0047 | val_AP=0.4049 test_AP=0.3979
  S3 Epoch 138/500 [42.0s mem=10422MB] | total=0.2047 task=0.0871 train_AP=0.8422 | out_nov=0.4132 node_nov=1.4437 | div=0.0066 | val_AP=0.4118 test_AP=0.4061
  S3 Epoch 139/500 [42.9s mem=10425MB] | total=0.2089 task=0.1039 train_AP=0.8260 | out_nov=0.4244 node_nov=1.5699 | div=0.0088 | val_AP=0.4044 test_AP=0.3866
  S3 Epoch 140/500 [42.4s mem=10420MB] | total=0.1896 task=0.0922 train_AP=0.8399 | out_nov=0.4419 node_nov=1.6467 | div=0.0125 | val_AP=0.4167 test_AP=0.4042
  S3 Epoch 141/500 [42.4s mem=10420MB] | total=0.1824 task=0.0973 train_AP=0.8345 | out_nov=0.4632 node_nov=1.7155 | div=0.0058 | val_AP=0.4080 test_AP=0.4091
  S3 Epoch 142/500 [42.3s mem=10427MB] | total=0.1948 task=0.0977 train_AP=0.8344 | out_nov=0.3615 node_nov=1.6922 | div=0.0050 | val_AP=0.4145 test_AP=0.4112
  S3 Epoch 143/500 [43.4s mem=10424MB] | total=0.1879 task=0.0901 train_AP=0.8445 | out_nov=0.3609 node_nov=1.6889 | div=0.0057 | val_AP=0.4218 test_AP=0.4168
  S3 Epoch 144/500 [42.8s mem=10418MB] | total=0.2034 task=0.1118 train_AP=0.8127 | out_nov=0.3528 node_nov=1.7614 | div=0.0060 | val_AP=0.4162 test_AP=0.4101
  S3 Epoch 145/500 [42.7s mem=10427MB] | total=0.1801 task=0.0905 train_AP=0.8409 | out_nov=0.3645 node_nov=1.7651 | div=0.0051 | val_AP=0.4024 test_AP=0.4114
  S3 Epoch 146/500 [43.3s mem=10426MB] | total=0.1849 task=0.0965 train_AP=0.8294 | out_nov=0.3901 node_nov=1.7640 | div=0.0077 | val_AP=0.4154 test_AP=0.4216
  S3 Epoch 147/500 [44.0s mem=10429MB] | total=0.1603 task=0.0853 train_AP=0.8411 | out_nov=0.5109 node_nov=1.7652 | div=0.0052 | val_AP=0.4152 test_AP=0.4124
  S3 Epoch 148/500 [44.1s mem=10419MB] | total=0.1645 task=0.0871 train_AP=0.8426 | out_nov=0.4879 node_nov=1.7794 | div=0.0082 | val_AP=0.4137 test_AP=0.4162
  S3 Epoch 149/500 [43.9s mem=10423MB] | total=0.1642 task=0.0846 train_AP=0.8477 | out_nov=0.4684 node_nov=1.7687 | div=0.0066 | val_AP=0.4190 test_AP=0.4104
  S3 Epoch 150/500 [43.9s mem=10424MB] | total=0.1673 task=0.0870 train_AP=0.8447 | out_nov=0.4526 node_nov=1.7737 | div=0.0059 | val_AP=0.4066 test_AP=0.3992
  S3 Epoch 151/500 [44.0s mem=10431MB] | total=0.1734 task=0.0882 train_AP=0.8402 | out_nov=0.4613 node_nov=1.7370 | div=0.0101 | val_AP=0.4078 test_AP=0.4057
  Early stopping at epoch 151. Best val AP=0.4528 at epoch 1.
Stage 3 done. Best val AP=0.4528 at epoch 1.

  Cycle 0 proxy result: val_AP=0.4528 test_AP=0.4493

============================================================
DISTILLATION: Train M_base to mimic frozen M_proxy (+ proxies)
  kl_w=0.5 node_w=0.5 graph_w=5e-05 task_w=1.2 T=1.5
  lr=5e-05 patience=100
============================================================
  Student parameters: 13,227,530
  Distill Epoch   1/700 [40.4s mem=8755MB] | total=3.2871 kl=3.2515 node_l2=0.727546 graph_l2=20034.627464 task=0.2465 | val_AP=0.3988 test_AP=0.3950
    -> New best distilled val AP=0.3988 (test=0.3950)
  Distill Epoch   2/700 [41.0s mem=8753MB] | total=2.5592 kl=3.2394 node_l2=0.422654 graph_l2=8533.871407 task=0.2512 | val_AP=0.4022 test_AP=0.3945
    -> New best distilled val AP=0.4022 (test=0.3945)
  Distill Epoch   3/700 [39.8s mem=8758MB] | total=2.3141 kl=3.2030 node_l2=0.329576 graph_l2=4865.865707 task=0.2538 | val_AP=0.3926 test_AP=0.3913
  Distill Epoch   4/700 [38.4s mem=8755MB] | total=2.2156 kl=3.1457 node_l2=0.300307 graph_l2=3795.807212 task=0.2523 | val_AP=0.3960 test_AP=0.3949
  Distill Epoch   5/700 [39.1s mem=8764MB] | total=2.1887 kl=3.1448 node_l2=0.285488 graph_l2=3348.304953 task=0.2551 | val_AP=0.3982 test_AP=0.3953
  Distill Epoch   6/700 [39.3s mem=8759MB] | total=2.1492 kl=3.1040 node_l2=0.276176 graph_l2=3099.890174 task=0.2535 | val_AP=0.4051 test_AP=0.4093
    -> New best distilled val AP=0.4051 (test=0.4093)
  Distill Epoch   7/700 [39.3s mem=8757MB] | total=2.1188 kl=3.0751 node_l2=0.267323 graph_l2=2879.457758 task=0.2530 | val_AP=0.4094 test_AP=0.4130
    -> New best distilled val AP=0.4094 (test=0.4130)
  Distill Epoch   8/700 [39.7s mem=8769MB] | total=2.0997 kl=3.0570 node_l2=0.260711 graph_l2=2739.426604 task=0.2532 | val_AP=0.4190 test_AP=0.4137
    -> New best distilled val AP=0.4190 (test=0.4137)
  Distill Epoch   9/700 [40.5s mem=8751MB] | total=2.0774 kl=3.0321 node_l2=0.254494 graph_l2=2650.943033 task=0.2513 | val_AP=0.4129 test_AP=0.4056
  Distill Epoch  10/700 [39.9s mem=8760MB] | total=2.0875 kl=3.0468 node_l2=0.251217 graph_l2=2635.940465 task=0.2556 | val_AP=0.4057 test_AP=0.4082
  Distill Epoch  11/700 [41.0s mem=8752MB] | total=2.0644 kl=3.0279 node_l2=0.245439 graph_l2=2504.176343 task=0.2521 | val_AP=0.4308 test_AP=0.4109
    -> New best distilled val AP=0.4308 (test=0.4109)
  Distill Epoch  12/700 [40.0s mem=8748MB] | total=2.0386 kl=2.9903 node_l2=0.240328 graph_l2=2437.808240 task=0.2512 | val_AP=0.4077 test_AP=0.4089
  Distill Epoch  13/700 [39.2s mem=8749MB] | total=2.0245 kl=2.9731 node_l2=0.235508 graph_l2=2364.235674 task=0.2516 | val_AP=0.4319 test_AP=0.4260
    -> New best distilled val AP=0.4319 (test=0.4260)
  Distill Epoch  14/700 [39.1s mem=8751MB] | total=2.0014 kl=2.9318 node_l2=0.232742 graph_l2=2353.582435 task=0.2512 | val_AP=0.4239 test_AP=0.4276
  Distill Epoch  15/700 [39.1s mem=8751MB] | total=1.9745 kl=2.8992 node_l2=0.228693 graph_l2=2282.541652 task=0.2470 | val_AP=0.4243 test_AP=0.4164
  Distill Epoch  16/700 [39.4s mem=8754MB] | total=1.9973 kl=2.9325 node_l2=0.227006 graph_l2=2302.760832 task=0.2520 | val_AP=0.4321 test_AP=0.4208
    -> New best distilled val AP=0.4321 (test=0.4208)
  Distill Epoch  17/700 [39.1s mem=8752MB] | total=1.9887 kl=2.9287 node_l2=0.224017 graph_l2=2270.079101 task=0.2491 | val_AP=0.4382 test_AP=0.4379
    -> New best distilled val AP=0.4382 (test=0.4379)
  Distill Epoch  18/700 [39.0s mem=8756MB] | total=1.9849 kl=2.9129 node_l2=0.222867 graph_l2=2296.854453 task=0.2518 | val_AP=0.4397 test_AP=0.4322
    -> New best distilled val AP=0.4397 (test=0.4322)
  Distill Epoch  19/700 [39.5s mem=8754MB] | total=1.9685 kl=2.8810 node_l2=0.222466 graph_l2=2337.897007 task=0.2499 | val_AP=0.4336 test_AP=0.4421
  Distill Epoch  20/700 [40.5s mem=8760MB] | total=1.9536 kl=2.8674 node_l2=0.219903 graph_l2=2299.867951 task=0.2458 | val_AP=0.4360 test_AP=0.4265
  Distill Epoch  21/700 [41.0s mem=8760MB] | total=1.9475 kl=2.8569 node_l2=0.217737 graph_l2=2297.784256 task=0.2461 | val_AP=0.4456 test_AP=0.4395
    -> New best distilled val AP=0.4456 (test=0.4395)
  Distill Epoch  22/700 [40.3s mem=8760MB] | total=1.9272 kl=2.8230 node_l2=0.216449 graph_l2=2294.350291 task=0.2440 | val_AP=0.4504 test_AP=0.4358
    -> New best distilled val AP=0.4504 (test=0.4358)
  Distill Epoch  23/700 [39.8s mem=8758MB] | total=1.9168 kl=2.8020 node_l2=0.216100 graph_l2=2320.052217 task=0.2431 | val_AP=0.4558 test_AP=0.4478
    -> New best distilled val AP=0.4558 (test=0.4478)
  Distill Epoch  24/700 [37.4s mem=8768MB] | total=1.9033 kl=2.7730 node_l2=0.215190 graph_l2=2322.075419 task=0.2442 | val_AP=0.4485 test_AP=0.4319
  Distill Epoch  25/700 [38.7s mem=8758MB] | total=1.9172 kl=2.7947 node_l2=0.216422 graph_l2=2393.812232 task=0.2433 | val_AP=0.4165 test_AP=0.4286
  Distill Epoch  26/700 [38.7s mem=8757MB] | total=1.8664 kl=2.7256 node_l2=0.211447 graph_l2=2273.205125 task=0.2369 | val_AP=0.4440 test_AP=0.4452
  Distill Epoch  27/700 [39.5s mem=8754MB] | total=1.8578 kl=2.6918 node_l2=0.213781 graph_l2=2367.142017 task=0.2389 | val_AP=0.4527 test_AP=0.4526
  Distill Epoch  28/700 [40.3s mem=8764MB] | total=1.8446 kl=2.6706 node_l2=0.212708 graph_l2=2362.816233 task=0.2374 | val_AP=0.4391 test_AP=0.4448
  Distill Epoch  29/700 [40.1s mem=8758MB] | total=1.8424 kl=2.6771 node_l2=0.212022 graph_l2=2363.459622 task=0.2330 | val_AP=0.4333 test_AP=0.4422
  Distill Epoch  30/700 [40.4s mem=8754MB] | total=1.8293 kl=2.6416 node_l2=0.212188 graph_l2=2400.696927 task=0.2353 | val_AP=0.4338 test_AP=0.4417
  Distill Epoch  31/700 [40.5s mem=8753MB] | total=1.8052 kl=2.6040 node_l2=0.210555 graph_l2=2378.914482 task=0.2325 | val_AP=0.4392 test_AP=0.4449
  Distill Epoch  32/700 [39.3s mem=8761MB] | total=1.7975 kl=2.5949 node_l2=0.209598 graph_l2=2360.928434 task=0.2310 | val_AP=0.4521 test_AP=0.4471
  Distill Epoch  33/700 [38.3s mem=8755MB] | total=1.7657 kl=2.5334 node_l2=0.209707 graph_l2=2388.928753 task=0.2289 | val_AP=0.4573 test_AP=0.4562
    -> New best distilled val AP=0.4573 (test=0.4562)
  Distill Epoch  34/700 [38.7s mem=8753MB] | total=1.7535 kl=2.5163 node_l2=0.210213 graph_l2=2407.174074 task=0.2249 | val_AP=0.4580 test_AP=0.4486
    -> New best distilled val AP=0.4580 (test=0.4486)
  Distill Epoch  35/700 [39.9s mem=8759MB] | total=1.7276 kl=2.4688 node_l2=0.209615 graph_l2=2411.545566 task=0.2232 | val_AP=0.4486 test_AP=0.4444
  Distill Epoch  36/700 [39.3s mem=8760MB] | total=1.7663 kl=2.5215 node_l2=0.213891 graph_l2=2516.632672 task=0.2273 | val_AP=0.4553 test_AP=0.4522
  Distill Epoch  37/700 [39.1s mem=8755MB] | total=1.7078 kl=2.4308 node_l2=0.211396 graph_l2=2472.713221 task=0.2192 | val_AP=0.4580 test_AP=0.4541
    -> New best distilled val AP=0.4580 (test=0.4541)
  Distill Epoch  38/700 [25.6s mem=8759MB] | total=1.6875 kl=2.3975 node_l2=0.210168 graph_l2=2430.142613 task=0.2184 | val_AP=0.4620 test_AP=0.4576
    -> New best distilled val AP=0.4620 (test=0.4576)
  Distill Epoch  39/700 [25.5s mem=8762MB] | total=1.6353 kl=2.3117 node_l2=0.207900 graph_l2=2414.080457 task=0.2123 | val_AP=0.4722 test_AP=0.4622
    -> New best distilled val AP=0.4722 (test=0.4622)
  Distill Epoch  40/700 [25.8s mem=8754MB] | total=1.6228 kl=2.2882 node_l2=0.208211 graph_l2=2419.269570 task=0.2114 | val_AP=0.4727 test_AP=0.4622
    -> New best distilled val AP=0.4727 (test=0.4622)
  Distill Epoch  41/700 [25.9s mem=8766MB] | total=1.6017 kl=2.2569 node_l2=0.206618 graph_l2=2385.778012 task=0.2089 | val_AP=0.4624 test_AP=0.4739
  Distill Epoch  42/700 [25.0s mem=8757MB] | total=1.5759 kl=2.2161 node_l2=0.206498 graph_l2=2390.401989 task=0.2042 | val_AP=0.4711 test_AP=0.4656
  Distill Epoch  43/700 [24.2s mem=8751MB] | total=1.5158 kl=2.1146 node_l2=0.204027 graph_l2=2338.104261 task=0.1997 | val_AP=0.4680 test_AP=0.4628
  Distill Epoch  44/700 [25.5s mem=8757MB] | total=1.5018 kl=2.0886 node_l2=0.204343 graph_l2=2355.044660 task=0.1979 | val_AP=0.4786 test_AP=0.4782
    -> New best distilled val AP=0.4786 (test=0.4782)
  Distill Epoch  45/700 [25.8s mem=8757MB] | total=1.4825 kl=2.0586 node_l2=0.203396 graph_l2=2326.441061 task=0.1960 | val_AP=0.4755 test_AP=0.4733
  Distill Epoch  46/700 [26.0s mem=8753MB] | total=1.4998 kl=2.0815 node_l2=0.206634 graph_l2=2412.219928 task=0.1959 | val_AP=0.4785 test_AP=0.4784
  Distill Epoch  47/700 [25.6s mem=8754MB] | total=1.4361 kl=1.9796 node_l2=0.203299 graph_l2=2329.054560 task=0.1902 | val_AP=0.4809 test_AP=0.4708
    -> New best distilled val AP=0.4809 (test=0.4708)
  Distill Epoch  48/700 [25.1s mem=8758MB] | total=1.4287 kl=1.9626 node_l2=0.203024 graph_l2=2338.713230 task=0.1908 | val_AP=0.4839 test_AP=0.4749
    -> New best distilled val AP=0.4839 (test=0.4749)
  Distill Epoch  49/700 [24.3s mem=8750MB] | total=1.4059 kl=1.9335 node_l2=0.200961 graph_l2=2289.104682 task=0.1868 | val_AP=0.4873 test_AP=0.4886
    -> New best distilled val AP=0.4873 (test=0.4886)
  Distill Epoch  50/700 [24.4s mem=8759MB] | total=1.4111 kl=1.9370 node_l2=0.203043 graph_l2=2359.976626 task=0.1860 | val_AP=0.4789 test_AP=0.4660
  Distill Epoch  51/700 [25.1s mem=8764MB] | total=1.3622 kl=1.8533 node_l2=0.203507 graph_l2=2342.784281 task=0.1806 | val_AP=0.4840 test_AP=0.4812
  Distill Epoch  52/700 [24.1s mem=8752MB] | total=1.3550 kl=1.8393 node_l2=0.202667 graph_l2=2333.460331 task=0.1811 | val_AP=0.4810 test_AP=0.4670
  Distill Epoch  53/700 [25.3s mem=8755MB] | total=1.3073 kl=1.7633 node_l2=0.199971 graph_l2=2283.764955 task=0.1762 | val_AP=0.5001 test_AP=0.4822
    -> New best distilled val AP=0.5001 (test=0.4822)
  Distill Epoch  54/700 [25.0s mem=8764MB] | total=1.2905 kl=1.7322 node_l2=0.200801 graph_l2=2300.547979 task=0.1741 | val_AP=0.4792 test_AP=0.4940
  Distill Epoch  55/700 [24.8s mem=8761MB] | total=1.2648 kl=1.6913 node_l2=0.199484 graph_l2=2268.150443 task=0.1717 | val_AP=0.4965 test_AP=0.4885
  Distill Epoch  56/700 [24.3s mem=8767MB] | total=1.2738 kl=1.7075 node_l2=0.200888 graph_l2=2289.393948 task=0.1709 | val_AP=0.4801 test_AP=0.4804
  Distill Epoch  57/700 [25.9s mem=8760MB] | total=1.2312 kl=1.6357 node_l2=0.199661 graph_l2=2256.985166 task=0.1672 | val_AP=0.4908 test_AP=0.4889
  Distill Epoch  58/700 [24.3s mem=8759MB] | total=1.2025 kl=1.5916 node_l2=0.197421 graph_l2=2228.889363 task=0.1638 | val_AP=0.4790 test_AP=0.4801
  Distill Epoch  59/700 [25.4s mem=8751MB] | total=1.1858 kl=1.5591 node_l2=0.198470 graph_l2=2252.423455 task=0.1619 | val_AP=0.4998 test_AP=0.4926
  Distill Epoch  60/700 [25.0s mem=8757MB] | total=1.1688 kl=1.5288 node_l2=0.198224 graph_l2=2244.426116 task=0.1609 | val_AP=0.5040 test_AP=0.4946
    -> New best distilled val AP=0.5040 (test=0.4946)
  Distill Epoch  61/700 [24.1s mem=8759MB] | total=1.1606 kl=1.5246 node_l2=0.196424 graph_l2=2207.414287 task=0.1581 | val_AP=0.4814 test_AP=0.4685
  Distill Epoch  62/700 [24.7s mem=8746MB] | total=1.1373 kl=1.4830 node_l2=0.196309 graph_l2=2206.792053 task=0.1561 | val_AP=0.5040 test_AP=0.4921
    -> New best distilled val AP=0.5040 (test=0.4921)
  Distill Epoch  63/700 [25.1s mem=8753MB] | total=1.1225 kl=1.4518 node_l2=0.197003 graph_l2=2206.606404 task=0.1564 | val_AP=0.4948 test_AP=0.4932
  Distill Epoch  64/700 [25.0s mem=8762MB] | total=1.1147 kl=1.4430 node_l2=0.196529 graph_l2=2210.243080 task=0.1537 | val_AP=0.4909 test_AP=0.4833
  Distill Epoch  65/700 [24.4s mem=8759MB] | total=1.0939 kl=1.4155 node_l2=0.195172 graph_l2=2172.848962 task=0.1499 | val_AP=0.4897 test_AP=0.4815
  Distill Epoch  66/700 [25.3s mem=8746MB] | total=1.0693 kl=1.3731 node_l2=0.193748 graph_l2=2150.568659 task=0.1486 | val_AP=0.4999 test_AP=0.4915
  Distill Epoch  67/700 [25.6s mem=8754MB] | total=1.0637 kl=1.3611 node_l2=0.194385 graph_l2=2152.115933 task=0.1486 | val_AP=0.5057 test_AP=0.4937
    -> New best distilled val AP=0.5057 (test=0.4937)
  Distill Epoch  68/700 [24.3s mem=8755MB] | total=1.0330 kl=1.3163 node_l2=0.193052 graph_l2=2123.746116 task=0.1434 | val_AP=0.5047 test_AP=0.4976
  Distill Epoch  69/700 [26.1s mem=8762MB] | total=1.0272 kl=1.3088 node_l2=0.191256 graph_l2=2076.281770 task=0.1445 | val_AP=0.5000 test_AP=0.4854
  Distill Epoch  70/700 [25.0s mem=8764MB] | total=1.0048 kl=1.2731 node_l2=0.190429 graph_l2=2072.578684 task=0.1411 | val_AP=0.5048 test_AP=0.4925
  Distill Epoch  71/700 [25.2s mem=8763MB] | total=0.9869 kl=1.2405 node_l2=0.189640 graph_l2=2059.646311 task=0.1407 | val_AP=0.4997 test_AP=0.4947
  Distill Epoch  72/700 [24.4s mem=8755MB] | total=0.9755 kl=1.2252 node_l2=0.188746 graph_l2=2037.053473 task=0.1389 | val_AP=0.4984 test_AP=0.4891
  Distill Epoch  73/700 [24.2s mem=8759MB] | total=0.9606 kl=1.2040 node_l2=0.186178 graph_l2=1991.566226 task=0.1382 | val_AP=0.5101 test_AP=0.5028
    -> New best distilled val AP=0.5101 (test=0.5028)
  Distill Epoch  74/700 [26.5s mem=8751MB] | total=0.9374 kl=1.1689 node_l2=0.185441 graph_l2=1973.444267 task=0.1346 | val_AP=0.5044 test_AP=0.4999
  Distill Epoch  75/700 [24.6s mem=8758MB] | total=0.9282 kl=1.1515 node_l2=0.185603 graph_l2=1979.846497 task=0.1339 | val_AP=0.5006 test_AP=0.4946
  Distill Epoch  76/700 [25.1s mem=8767MB] | total=0.9111 kl=1.1242 node_l2=0.184483 graph_l2=1952.779672 task=0.1325 | val_AP=0.4945 test_AP=0.4925
  Distill Epoch  77/700 [24.1s mem=8749MB] | total=0.9200 kl=1.1396 node_l2=0.185034 graph_l2=1971.313910 task=0.1326 | val_AP=0.5117 test_AP=0.4952
    -> New best distilled val AP=0.5117 (test=0.4952)
  Distill Epoch  78/700 [25.4s mem=8755MB] | total=0.8938 kl=1.0976 node_l2=0.183810 graph_l2=1937.375388 task=0.1302 | val_AP=0.4947 test_AP=0.4963
  Distill Epoch  79/700 [24.2s mem=8756MB] | total=0.8882 kl=1.0957 node_l2=0.182338 graph_l2=1910.872052 task=0.1281 | val_AP=0.4945 test_AP=0.4914
  Distill Epoch  80/700 [24.1s mem=8761MB] | total=0.8706 kl=1.0640 node_l2=0.182432 graph_l2=1919.992497 task=0.1261 | val_AP=0.4984 test_AP=0.4909
  Distill Epoch  81/700 [24.2s mem=8764MB] | total=0.8681 kl=1.0636 node_l2=0.180816 graph_l2=1883.388130 task=0.1264 | val_AP=0.5029 test_AP=0.4976
  Distill Epoch  82/700 [24.3s mem=8754MB] | total=0.8586 kl=1.0512 node_l2=0.179725 graph_l2=1865.645666 task=0.1249 | val_AP=0.5056 test_AP=0.4955
  Distill Epoch  83/700 [24.3s mem=8752MB] | total=0.8613 kl=1.0530 node_l2=0.179995 graph_l2=1871.043301 task=0.1260 | val_AP=0.5038 test_AP=0.4942
  Distill Epoch  84/700 [24.9s mem=8759MB] | total=0.8331 kl=1.0087 node_l2=0.178796 graph_l2=1839.924563 task=0.1228 | val_AP=0.4978 test_AP=0.5029
  Distill Epoch  85/700 [24.1s mem=8757MB] | total=0.8379 kl=1.0208 node_l2=0.177437 graph_l2=1814.891534 task=0.1234 | val_AP=0.5018 test_AP=0.4886
  Distill Epoch  86/700 [26.0s mem=8755MB] | total=0.8133 kl=0.9791 node_l2=0.176342 graph_l2=1795.774128 task=0.1215 | val_AP=0.4994 test_AP=0.5024
  Distill Epoch  87/700 [24.2s mem=8759MB] | total=0.8184 kl=0.9875 node_l2=0.176290 graph_l2=1816.153377 task=0.1215 | val_AP=0.4940 test_AP=0.4915
  Distill Epoch  88/700 [24.0s mem=8749MB] | total=0.7942 kl=0.9498 node_l2=0.175704 graph_l2=1791.071385 task=0.1183 | val_AP=0.5069 test_AP=0.5012
  Distill Epoch  89/700 [25.6s mem=8752MB] | total=0.8052 kl=0.9705 node_l2=0.175800 graph_l2=1777.221336 task=0.1194 | val_AP=0.5039 test_AP=0.4999
  Distill Epoch  90/700 [24.4s mem=8759MB] | total=0.7823 kl=0.9314 node_l2=0.173542 graph_l2=1743.581300 task=0.1189 | val_AP=0.5076 test_AP=0.4986
  Distill Epoch  91/700 [25.4s mem=8747MB] | total=0.7687 kl=0.9150 node_l2=0.171659 graph_l2=1720.837565 task=0.1161 | val_AP=0.5097 test_AP=0.4959
  Distill Epoch  92/700 [24.5s mem=8762MB] | total=0.7696 kl=0.9124 node_l2=0.172161 graph_l2=1732.195620 task=0.1172 | val_AP=0.4942 test_AP=0.5052
  Distill Epoch  93/700 [25.4s mem=8755MB] | total=0.7550 kl=0.8966 node_l2=0.170415 graph_l2=1690.172405 task=0.1142 | val_AP=0.5054 test_AP=0.5024
  Distill Epoch  94/700 [24.4s mem=8761MB] | total=0.7610 kl=0.9064 node_l2=0.169629 graph_l2=1686.521271 task=0.1155 | val_AP=0.5007 test_AP=0.4946
  Distill Epoch  95/700 [25.6s mem=8760MB] | total=0.7537 kl=0.8946 node_l2=0.170410 graph_l2=1699.713014 task=0.1135 | val_AP=0.5055 test_AP=0.4986
  Distill Epoch  96/700 [25.1s mem=8761MB] | total=0.7492 kl=0.8885 node_l2=0.169430 graph_l2=1680.773510 task=0.1135 | val_AP=0.5067 test_AP=0.4995
  Distill Epoch  97/700 [25.3s mem=8766MB] | total=0.7307 kl=0.8581 node_l2=0.168491 graph_l2=1661.963421 task=0.1119 | val_AP=0.4934 test_AP=0.4903
  Distill Epoch  98/700 [24.0s mem=8764MB] | total=0.7295 kl=0.8582 node_l2=0.166845 graph_l2=1635.030423 task=0.1127 | val_AP=0.5060 test_AP=0.4968
  Distill Epoch  99/700 [24.4s mem=8758MB] | total=0.7229 kl=0.8521 node_l2=0.167312 graph_l2=1646.077559 task=0.1091 | val_AP=0.5016 test_AP=0.4939
  Distill Epoch 100/700 [25.0s mem=8760MB] | total=0.7293 kl=0.8627 node_l2=0.165792 graph_l2=1615.105424 task=0.1119 | val_AP=0.4998 test_AP=0.4860
  Distill Epoch 101/700 [24.1s mem=8758MB] | total=0.7173 kl=0.8471 node_l2=0.164677 graph_l2=1598.095732 task=0.1096 | val_AP=0.5056 test_AP=0.5000
  Distill Epoch 102/700 [24.1s mem=8762MB] | total=0.7189 kl=0.8477 node_l2=0.165142 graph_l2=1604.708039 task=0.1102 | val_AP=0.4974 test_AP=0.4896
  Distill Epoch 103/700 [24.3s mem=8756MB] | total=0.7035 kl=0.8210 node_l2=0.165099 graph_l2=1605.019234 task=0.1085 | val_AP=0.5120 test_AP=0.4965
    -> New best distilled val AP=0.5120 (test=0.4965)
  Distill Epoch 104/700 [24.3s mem=8755MB] | total=0.6944 kl=0.8087 node_l2=0.163446 graph_l2=1570.079634 task=0.1082 | val_AP=0.5050 test_AP=0.4970
  Distill Epoch 105/700 [25.2s mem=8771MB] | total=0.6818 kl=0.7881 node_l2=0.162389 graph_l2=1558.579975 task=0.1072 | val_AP=0.5042 test_AP=0.4941
  Distill Epoch 106/700 [24.0s mem=8756MB] | total=0.6717 kl=0.7762 node_l2=0.161207 graph_l2=1537.423877 task=0.1051 | val_AP=0.5132 test_AP=0.4950
    -> New best distilled val AP=0.5132 (test=0.4950)
  Distill Epoch 107/700 [24.0s mem=8763MB] | total=0.6755 kl=0.7849 node_l2=0.160350 graph_l2=1534.591498 task=0.1052 | val_AP=0.5099 test_AP=0.5050
  Distill Epoch 108/700 [24.6s mem=8765MB] | total=0.6626 kl=0.7656 node_l2=0.159182 graph_l2=1512.693899 task=0.1038 | val_AP=0.5081 test_AP=0.4969
  Distill Epoch 109/700 [24.3s mem=8760MB] | total=0.6649 kl=0.7658 node_l2=0.159080 graph_l2=1516.824156 task=0.1055 | val_AP=0.4921 test_AP=0.4888
  Distill Epoch 110/700 [26.1s mem=8758MB] | total=0.6568 kl=0.7532 node_l2=0.158857 graph_l2=1503.926323 task=0.1047 | val_AP=0.5054 test_AP=0.4998
  Distill Epoch 111/700 [24.5s mem=8757MB] | total=0.6631 kl=0.7679 node_l2=0.158418 graph_l2=1500.934137 task=0.1041 | val_AP=0.5023 test_AP=0.5000
  Distill Epoch 112/700 [24.9s mem=8753MB] | total=0.6404 kl=0.7281 node_l2=0.156981 graph_l2=1472.713770 task=0.1035 | val_AP=0.5085 test_AP=0.4891
  Distill Epoch 113/700 [24.3s mem=8765MB] | total=0.6504 kl=0.7435 node_l2=0.156995 graph_l2=1477.072020 task=0.1053 | val_AP=0.4979 test_AP=0.4956
  Distill Epoch 114/700 [24.5s mem=8749MB] | total=0.6488 kl=0.7437 node_l2=0.156675 graph_l2=1466.923869 task=0.1044 | val_AP=0.5097 test_AP=0.5025
  Distill Epoch 115/700 [25.9s mem=8754MB] | total=0.6334 kl=0.7190 node_l2=0.155622 graph_l2=1448.640855 task=0.1030 | val_AP=0.5073 test_AP=0.4996
  Distill Epoch 116/700 [25.0s mem=8760MB] | total=0.6376 kl=0.7297 node_l2=0.155302 graph_l2=1455.775397 task=0.1019 | val_AP=0.5098 test_AP=0.5010
  Distill Epoch 117/700 [25.0s mem=8763MB] | total=0.6317 kl=0.7232 node_l2=0.154601 graph_l2=1438.100010 task=0.1007 | val_AP=0.5096 test_AP=0.5060
  Distill Epoch 118/700 [25.7s mem=8754MB] | total=0.6189 kl=0.7025 node_l2=0.153736 graph_l2=1428.534142 task=0.0995 | val_AP=0.5086 test_AP=0.5014
  Distill Epoch 119/700 [25.0s mem=8753MB] | total=0.6251 kl=0.7108 node_l2=0.153223 graph_l2=1424.972524 task=0.1015 | val_AP=0.5026 test_AP=0.5041
  Distill Epoch 120/700 [25.4s mem=8749MB] | total=0.6228 kl=0.7096 node_l2=0.153135 graph_l2=1422.933055 task=0.1002 | val_AP=0.5101 test_AP=0.5068
  Distill Epoch 121/700 [25.3s mem=8755MB] | total=0.6119 kl=0.6923 node_l2=0.151673 graph_l2=1400.846360 task=0.0999 | val_AP=0.5025 test_AP=0.5015
  Distill Epoch 122/700 [25.2s mem=8750MB] | total=0.6076 kl=0.6893 node_l2=0.151099 graph_l2=1383.047167 task=0.0985 | val_AP=0.5049 test_AP=0.5030
  Distill Epoch 123/700 [24.3s mem=8759MB] | total=0.6089 kl=0.6883 node_l2=0.150719 graph_l2=1383.116760 task=0.1002 | val_AP=0.5117 test_AP=0.5027
  Distill Epoch 124/700 [25.9s mem=8759MB] | total=0.5978 kl=0.6747 node_l2=0.149688 graph_l2=1368.923346 task=0.0976 | val_AP=0.4991 test_AP=0.4963
  Distill Epoch 125/700 [25.1s mem=8763MB] | total=0.6050 kl=0.6850 node_l2=0.150093 graph_l2=1368.606909 task=0.0992 | val_AP=0.5070 test_AP=0.5010
  Distill Epoch 126/700 [24.7s mem=8755MB] | total=0.5978 kl=0.6732 node_l2=0.149122 graph_l2=1371.437478 task=0.0984 | val_AP=0.5073 test_AP=0.4994
  Distill Epoch 127/700 [25.1s mem=8758MB] | total=0.5845 kl=0.6549 node_l2=0.147558 graph_l2=1339.693879 task=0.0969 | val_AP=0.5025 test_AP=0.5014
  Distill Epoch 128/700 [24.9s mem=8758MB] | total=0.5989 kl=0.6819 node_l2=0.147835 graph_l2=1355.352757 task=0.0969 | val_AP=0.5066 test_AP=0.5056
  Distill Epoch 129/700 [25.2s mem=8756MB] | total=0.5801 kl=0.6501 node_l2=0.147096 graph_l2=1327.512179 task=0.0959 | val_AP=0.4981 test_AP=0.4988
  Distill Epoch 130/700 [24.8s mem=8751MB] | total=0.5920 kl=0.6691 node_l2=0.146946 graph_l2=1328.031912 task=0.0979 | val_AP=0.5114 test_AP=0.5057
  Distill Epoch 131/700 [24.4s mem=8759MB] | total=0.5798 kl=0.6521 node_l2=0.145234 graph_l2=1308.921326 task=0.0964 | val_AP=0.5009 test_AP=0.5024
  Distill Epoch 132/700 [25.1s mem=8754MB] | total=0.5799 kl=0.6534 node_l2=0.145021 graph_l2=1307.326402 task=0.0961 | val_AP=0.5019 test_AP=0.4976
  Distill Epoch 133/700 [24.4s mem=8756MB] | total=0.5783 kl=0.6498 node_l2=0.144899 graph_l2=1300.101461 task=0.0966 | val_AP=0.5092 test_AP=0.5072
  Distill Epoch 134/700 [24.5s mem=8762MB] | total=0.5727 kl=0.6430 node_l2=0.144388 graph_l2=1294.505543 task=0.0952 | val_AP=0.5043 test_AP=0.5019
  Distill Epoch 135/700 [24.4s mem=8755MB] | total=0.5691 kl=0.6387 node_l2=0.143617 graph_l2=1284.287351 task=0.0948 | val_AP=0.5059 test_AP=0.5045
  Distill Epoch 136/700 [23.9s mem=8752MB] | total=0.5653 kl=0.6313 node_l2=0.142550 graph_l2=1268.393805 task=0.0958 | val_AP=0.5066 test_AP=0.5057
  Distill Epoch 137/700 [24.2s mem=8756MB] | total=0.5679 kl=0.6371 node_l2=0.142537 graph_l2=1277.505222 task=0.0951 | val_AP=0.5072 test_AP=0.5036
  Distill Epoch 138/700 [25.3s mem=8762MB] | total=0.5584 kl=0.6234 node_l2=0.141506 graph_l2=1261.638862 task=0.0941 | val_AP=0.5049 test_AP=0.4997
  Distill Epoch 139/700 [24.3s mem=8752MB] | total=0.5660 kl=0.6352 node_l2=0.141251 graph_l2=1264.679312 task=0.0955 | val_AP=0.5007 test_AP=0.4934
  Distill Epoch 140/700 [24.6s mem=8760MB] | total=0.5639 kl=0.6361 node_l2=0.140657 graph_l2=1252.300366 task=0.0941 | val_AP=0.5000 test_AP=0.5054
  Distill Epoch 141/700 [24.8s mem=8758MB] | total=0.5518 kl=0.6131 node_l2=0.140300 graph_l2=1234.237438 task=0.0945 | val_AP=0.5008 test_AP=0.4995
  Distill Epoch 142/700 [24.5s mem=8756MB] | total=0.5523 kl=0.6181 node_l2=0.139623 graph_l2=1228.337704 task=0.0934 | val_AP=0.5011 test_AP=0.5083
  Distill Epoch 143/700 [24.9s mem=8757MB] | total=0.5523 kl=0.6177 node_l2=0.139755 graph_l2=1234.711376 task=0.0933 | val_AP=0.5001 test_AP=0.5004
  Distill Epoch 144/700 [24.9s mem=8749MB] | total=0.5484 kl=0.6086 node_l2=0.139831 graph_l2=1237.910184 task=0.0936 | val_AP=0.4993 test_AP=0.4972
  Distill Epoch 145/700 [24.5s mem=8762MB] | total=0.5493 kl=0.6158 node_l2=0.138185 graph_l2=1211.347521 task=0.0931 | val_AP=0.5021 test_AP=0.5005
  Distill Epoch 146/700 [24.8s mem=8756MB] | total=0.5430 kl=0.6066 node_l2=0.137601 graph_l2=1199.642623 task=0.0925 | val_AP=0.5099 test_AP=0.5075
  Distill Epoch 147/700 [24.9s mem=8760MB] | total=0.5365 kl=0.5969 node_l2=0.136831 graph_l2=1194.081242 task=0.0916 | val_AP=0.5149 test_AP=0.5013
    -> New best distilled val AP=0.5149 (test=0.5013)
  Distill Epoch 148/700 [24.3s mem=8755MB] | total=0.5386 kl=0.5995 node_l2=0.136855 graph_l2=1203.560976 task=0.0919 | val_AP=0.5125 test_AP=0.5077
  Distill Epoch 149/700 [24.9s mem=8752MB] | total=0.5443 kl=0.6098 node_l2=0.137233 graph_l2=1203.250619 task=0.0922 | val_AP=0.5123 test_AP=0.5057
  Distill Epoch 150/700 [25.5s mem=8756MB] | total=0.5363 kl=0.5962 node_l2=0.136740 graph_l2=1198.769966 task=0.0916 | val_AP=0.5154 test_AP=0.5016
    -> New best distilled val AP=0.5154 (test=0.5016)
  Distill Epoch 151/700 [25.5s mem=8752MB] | total=0.5252 kl=0.5767 node_l2=0.135835 graph_l2=1185.597771 task=0.0914 | val_AP=0.5064 test_AP=0.5010
  Distill Epoch 152/700 [25.6s mem=8754MB] | total=0.5349 kl=0.5957 node_l2=0.136061 graph_l2=1188.133037 task=0.0914 | val_AP=0.5121 test_AP=0.5073
  Distill Epoch 153/700 [24.2s mem=8766MB] | total=0.5307 kl=0.5927 node_l2=0.135295 graph_l2=1176.933342 task=0.0898 | val_AP=0.5124 test_AP=0.5101
  Distill Epoch 154/700 [25.9s mem=8755MB] | total=0.5176 kl=0.5672 node_l2=0.134262 graph_l2=1166.316996 task=0.0905 | val_AP=0.5087 test_AP=0.5036
  Distill Epoch 155/700 [25.7s mem=8762MB] | total=0.5269 kl=0.5843 node_l2=0.135011 graph_l2=1181.537636 task=0.0901 | val_AP=0.5051 test_AP=0.4998
  Distill Epoch 156/700 [26.4s mem=8752MB] | total=0.5253 kl=0.5802 node_l2=0.134810 graph_l2=1170.145092 task=0.0911 | val_AP=0.5056 test_AP=0.5120
  Distill Epoch 157/700 [24.9s mem=8759MB] | total=0.5181 kl=0.5706 node_l2=0.133437 graph_l2=1159.403337 task=0.0901 | val_AP=0.5057 test_AP=0.5032
  Distill Epoch 158/700 [25.6s mem=8764MB] | total=0.5195 kl=0.5772 node_l2=0.132710 graph_l2=1141.317945 task=0.0896 | val_AP=0.5137 test_AP=0.5102
  Distill Epoch 159/700 [24.1s mem=8760MB] | total=0.5154 kl=0.5680 node_l2=0.132350 graph_l2=1140.902634 task=0.0902 | val_AP=0.5162 test_AP=0.5066
    -> New best distilled val AP=0.5162 (test=0.5066)
  Distill Epoch 160/700 [24.8s mem=8758MB] | total=0.5120 kl=0.5643 node_l2=0.132205 graph_l2=1142.198203 task=0.0889 | val_AP=0.5121 test_AP=0.5036
  Distill Epoch 161/700 [25.6s mem=8758MB] | total=0.5155 kl=0.5712 node_l2=0.131721 graph_l2=1139.562781 task=0.0892 | val_AP=0.5113 test_AP=0.5046
  Distill Epoch 162/700 [24.2s mem=8758MB] | total=0.5121 kl=0.5651 node_l2=0.131794 graph_l2=1131.684980 task=0.0893 | val_AP=0.5118 test_AP=0.5117
  Distill Epoch 163/700 [24.4s mem=8761MB] | total=0.5227 kl=0.5802 node_l2=0.132053 graph_l2=1140.975712 task=0.0913 | val_AP=0.5033 test_AP=0.5042
  Distill Epoch 164/700 [26.0s mem=8754MB] | total=0.5122 kl=0.5668 node_l2=0.131205 graph_l2=1124.265882 task=0.0891 | val_AP=0.5110 test_AP=0.5064
  Distill Epoch 165/700 [25.9s mem=8771MB] | total=0.5096 kl=0.5621 node_l2=0.130499 graph_l2=1120.869003 task=0.0894 | val_AP=0.5168 test_AP=0.5086
    -> New best distilled val AP=0.5168 (test=0.5086)
  Distill Epoch 166/700 [24.1s mem=8755MB] | total=0.5054 kl=0.5607 node_l2=0.129617 graph_l2=1104.541548 task=0.0875 | val_AP=0.5123 test_AP=0.5075
  Distill Epoch 167/700 [24.7s mem=8753MB] | total=0.5075 kl=0.5620 node_l2=0.129266 graph_l2=1106.947811 task=0.0887 | val_AP=0.5105 test_AP=0.5044
  Distill Epoch 168/700 [24.9s mem=8759MB] | total=0.4999 kl=0.5491 node_l2=0.128352 graph_l2=1087.333792 task=0.0891 | val_AP=0.5070 test_AP=0.5106
  Distill Epoch 169/700 [24.7s mem=8754MB] | total=0.4941 kl=0.5415 node_l2=0.128386 graph_l2=1091.702216 task=0.0871 | val_AP=0.5136 test_AP=0.5062
  Distill Epoch 170/700 [25.8s mem=8749MB] | total=0.5046 kl=0.5621 node_l2=0.127720 graph_l2=1085.006883 task=0.0879 | val_AP=0.5128 test_AP=0.5077
  Distill Epoch 171/700 [24.4s mem=8753MB] | total=0.4950 kl=0.5434 node_l2=0.127456 graph_l2=1075.138862 task=0.0882 | val_AP=0.5162 test_AP=0.5110
  Distill Epoch 172/700 [24.4s mem=8762MB] | total=0.4907 kl=0.5357 node_l2=0.127421 graph_l2=1082.893191 task=0.0875 | val_AP=0.5117 test_AP=0.5037
  Distill Epoch 173/700 [25.1s mem=8758MB] | total=0.4966 kl=0.5423 node_l2=0.127886 graph_l2=1084.001319 task=0.0894 | val_AP=0.5058 test_AP=0.5116
  Distill Epoch 174/700 [24.4s mem=8747MB] | total=0.4953 kl=0.5459 node_l2=0.126749 graph_l2=1073.346384 task=0.0878 | val_AP=0.5090 test_AP=0.4980
  Distill Epoch 175/700 [25.8s mem=8749MB] | total=0.4866 kl=0.5318 node_l2=0.125664 graph_l2=1059.576473 task=0.0875 | val_AP=0.5159 test_AP=0.5066
  Distill Epoch 176/700 [25.5s mem=8762MB] | total=0.4894 kl=0.5404 node_l2=0.125364 graph_l2=1051.027810 task=0.0867 | val_AP=0.5134 test_AP=0.5034
  Distill Epoch 177/700 [24.0s mem=8755MB] | total=0.4856 kl=0.5322 node_l2=0.124737 graph_l2=1049.052991 task=0.0873 | val_AP=0.5156 test_AP=0.5085
  Distill Epoch 178/700 [24.6s mem=8744MB] | total=0.4819 kl=0.5279 node_l2=0.124498 graph_l2=1041.076930 task=0.0864 | val_AP=0.5100 test_AP=0.5057
  Distill Epoch 179/700 [25.7s mem=8761MB] | total=0.4891 kl=0.5398 node_l2=0.124516 graph_l2=1045.815102 task=0.0872 | val_AP=0.5107 test_AP=0.5103
  Distill Epoch 180/700 [25.6s mem=8751MB] | total=0.4787 kl=0.5232 node_l2=0.124247 graph_l2=1040.057994 task=0.0858 | val_AP=0.5063 test_AP=0.4993
  Distill Epoch 181/700 [24.5s mem=8762MB] | total=0.4836 kl=0.5318 node_l2=0.123681 graph_l2=1030.298163 task=0.0869 | val_AP=0.5079 test_AP=0.5074
  Distill Epoch 182/700 [25.6s mem=8751MB] | total=0.4806 kl=0.5255 node_l2=0.124093 graph_l2=1048.115269 task=0.0861 | val_AP=0.5132 test_AP=0.5056
  Distill Epoch 183/700 [24.6s mem=8765MB] | total=0.4791 kl=0.5236 node_l2=0.123209 graph_l2=1030.603196 task=0.0868 | val_AP=0.5012 test_AP=0.5069
  Distill Epoch 184/700 [25.9s mem=8752MB] | total=0.4795 kl=0.5267 node_l2=0.122922 graph_l2=1029.396382 task=0.0860 | val_AP=0.5103 test_AP=0.5124
  Distill Epoch 185/700 [25.0s mem=8758MB] | total=0.4751 kl=0.5190 node_l2=0.123050 graph_l2=1026.105471 task=0.0856 | val_AP=0.5014 test_AP=0.5019
  Distill Epoch 186/700 [25.7s mem=8762MB] | total=0.4748 kl=0.5195 node_l2=0.122114 graph_l2=1017.912487 task=0.0859 | val_AP=0.5080 test_AP=0.5055
  Distill Epoch 187/700 [24.1s mem=8762MB] | total=0.4669 kl=0.5042 node_l2=0.121343 graph_l2=1007.722367 task=0.0864 | val_AP=0.5046 test_AP=0.5088
  Distill Epoch 188/700 [24.3s mem=8753MB] | total=0.4756 kl=0.5208 node_l2=0.121642 graph_l2=1010.118022 task=0.0866 | val_AP=0.5204 test_AP=0.5081
    -> New best distilled val AP=0.5204 (test=0.5081)
  Distill Epoch 189/700 [24.1s mem=8756MB] | total=0.4702 kl=0.5115 node_l2=0.121537 graph_l2=1013.185047 task=0.0858 | val_AP=0.5160 test_AP=0.5146
  Distill Epoch 190/700 [25.0s mem=8749MB] | total=0.4602 kl=0.4967 node_l2=0.120311 graph_l2=995.220325 task=0.0849 | val_AP=0.5111 test_AP=0.5053
  Distill Epoch 191/700 [25.1s mem=8754MB] | total=0.4692 kl=0.5107 node_l2=0.121017 graph_l2=1008.897835 task=0.0858 | val_AP=0.5133 test_AP=0.5115
  Distill Epoch 192/700 [24.4s mem=8760MB] | total=0.4650 kl=0.5071 node_l2=0.120204 graph_l2=996.040689 task=0.0846 | val_AP=0.5070 test_AP=0.5050
  Distill Epoch 193/700 [24.5s mem=8761MB] | total=0.4610 kl=0.4986 node_l2=0.119873 graph_l2=997.656987 task=0.0849 | val_AP=0.5109 test_AP=0.5076
  Distill Epoch 194/700 [24.9s mem=8758MB] | total=0.4639 kl=0.5056 node_l2=0.119107 graph_l2=986.522088 task=0.0852 | val_AP=0.5125 test_AP=0.5100
  Distill Epoch 195/700 [25.1s mem=8756MB] | total=0.4546 kl=0.4914 node_l2=0.118447 graph_l2=970.887262 task=0.0842 | val_AP=0.5091 test_AP=0.5148
  Distill Epoch 196/700 [24.1s mem=8756MB] | total=0.4566 kl=0.4944 node_l2=0.118178 graph_l2=972.708131 task=0.0847 | val_AP=0.5086 test_AP=0.5052
  Distill Epoch 197/700 [24.2s mem=8751MB] | total=0.4587 kl=0.4996 node_l2=0.118054 graph_l2=965.757637 task=0.0846 | val_AP=0.5138 test_AP=0.5151
  Distill Epoch 198/700 [24.4s mem=8750MB] | total=0.4589 kl=0.4998 node_l2=0.118219 graph_l2=977.133093 task=0.0842 | val_AP=0.5161 test_AP=0.5139
  Distill Epoch 199/700 [25.0s mem=8752MB] | total=0.4650 kl=0.5098 node_l2=0.118911 graph_l2=982.639201 task=0.0846 | val_AP=0.5077 test_AP=0.5136
  Distill Epoch 200/700 [24.5s mem=8749MB] | total=0.4678 kl=0.5157 node_l2=0.118462 graph_l2=982.896888 task=0.0846 | val_AP=0.5103 test_AP=0.5075
  Distill Epoch 201/700 [25.3s mem=8760MB] | total=0.4575 kl=0.5006 node_l2=0.116947 graph_l2=959.023860 task=0.0840 | val_AP=0.5090 test_AP=0.5059
  Distill Epoch 202/700 [24.2s mem=8762MB] | total=0.4568 kl=0.4967 node_l2=0.116670 graph_l2=960.043824 task=0.0851 | val_AP=0.5160 test_AP=0.5101
  Distill Epoch 203/700 [24.0s mem=8748MB] | total=0.4484 kl=0.4842 node_l2=0.116184 graph_l2=947.691928 task=0.0840 | val_AP=0.5131 test_AP=0.5055
  Distill Epoch 204/700 [24.5s mem=8764MB] | total=0.4503 kl=0.4886 node_l2=0.115524 graph_l2=946.596011 task=0.0841 | val_AP=0.5107 test_AP=0.4997
  Distill Epoch 205/700 [25.4s mem=8765MB] | total=0.4554 kl=0.4960 node_l2=0.116270 graph_l2=959.323048 task=0.0844 | val_AP=0.5148 test_AP=0.5100
  Distill Epoch 206/700 [24.3s mem=8755MB] | total=0.4540 kl=0.4978 node_l2=0.115082 graph_l2=940.404659 task=0.0838 | val_AP=0.5118 test_AP=0.5084
  Distill Epoch 207/700 [25.0s mem=8756MB] | total=0.4508 kl=0.4916 node_l2=0.114732 graph_l2=932.535035 task=0.0842 | val_AP=0.5140 test_AP=0.5087
  Distill Epoch 208/700 [25.5s mem=8759MB] | total=0.4423 kl=0.4796 node_l2=0.114012 graph_l2=923.802184 task=0.0828 | val_AP=0.5094 test_AP=0.5129
  Distill Epoch 209/700 [25.1s mem=8754MB] | total=0.4442 kl=0.4800 node_l2=0.114391 graph_l2=931.556402 task=0.0836 | val_AP=0.5230 test_AP=0.5086
    -> New best distilled val AP=0.5230 (test=0.5086)
  Distill Epoch 210/700 [24.2s mem=8753MB] | total=0.4489 kl=0.4890 node_l2=0.114414 graph_l2=933.298443 task=0.0838 | val_AP=0.5095 test_AP=0.5041
  Distill Epoch 211/700 [24.3s mem=8756MB] | total=0.4440 kl=0.4795 node_l2=0.114532 graph_l2=932.895635 task=0.0836 | val_AP=0.5079 test_AP=0.5098
  Distill Epoch 212/700 [24.7s mem=8757MB] | total=0.4479 kl=0.4890 node_l2=0.113771 graph_l2=921.839329 task=0.0837 | val_AP=0.5134 test_AP=0.5085
  Distill Epoch 213/700 [24.7s mem=8759MB] | total=0.4452 kl=0.4838 node_l2=0.113838 graph_l2=929.897220 task=0.0832 | val_AP=0.5115 test_AP=0.5106
  Distill Epoch 214/700 [25.9s mem=8759MB] | total=0.4404 kl=0.4741 node_l2=0.113718 graph_l2=927.874050 task=0.0834 | val_AP=0.5113 test_AP=0.5163
  Distill Epoch 215/700 [25.3s mem=8757MB] | total=0.4395 kl=0.4731 node_l2=0.112491 graph_l2=911.989843 task=0.0842 | val_AP=0.5078 test_AP=0.5137
  Distill Epoch 216/700 [24.6s mem=8751MB] | total=0.4389 kl=0.4760 node_l2=0.112277 graph_l2=909.993684 task=0.0827 | val_AP=0.5139 test_AP=0.5081
  Distill Epoch 217/700 [25.2s mem=8757MB] | total=0.4371 kl=0.4726 node_l2=0.112216 graph_l2=908.285780 task=0.0828 | val_AP=0.5145 test_AP=0.5121
  Distill Epoch 218/700 [25.6s mem=8755MB] | total=0.4349 kl=0.4702 node_l2=0.112011 graph_l2=905.516806 task=0.0821 | val_AP=0.5105 test_AP=0.5124
  Distill Epoch 219/700 [24.9s mem=8755MB] | total=0.4343 kl=0.4689 node_l2=0.111645 graph_l2=898.964741 task=0.0826 | val_AP=0.5157 test_AP=0.5117
  Distill Epoch 220/700 [26.1s mem=8765MB] | total=0.4412 kl=0.4808 node_l2=0.111512 graph_l2=904.012326 task=0.0832 | val_AP=0.5110 test_AP=0.5105
  Distill Epoch 221/700 [24.3s mem=8753MB] | total=0.4279 kl=0.4566 node_l2=0.110851 graph_l2=886.824685 task=0.0832 | val_AP=0.5117 test_AP=0.5143
  Distill Epoch 222/700 [24.8s mem=8762MB] | total=0.4267 kl=0.4575 node_l2=0.110558 graph_l2=884.123728 task=0.0820 | val_AP=0.5053 test_AP=0.5076
  Distill Epoch 223/700 [25.2s mem=8752MB] | total=0.4372 kl=0.4759 node_l2=0.110746 graph_l2=894.262267 task=0.0827 | val_AP=0.5106 test_AP=0.5081
  Distill Epoch 224/700 [25.7s mem=8756MB] | total=0.4254 kl=0.4559 node_l2=0.109957 graph_l2=879.984053 task=0.0821 | val_AP=0.5143 test_AP=0.5099
  Distill Epoch 225/700 [24.3s mem=8761MB] | total=0.4229 kl=0.4524 node_l2=0.108934 graph_l2=868.423156 task=0.0823 | val_AP=0.5143 test_AP=0.5095
  Distill Epoch 226/700 [26.1s mem=8755MB] | total=0.4323 kl=0.4706 node_l2=0.109355 graph_l2=879.064201 task=0.0820 | val_AP=0.5134 test_AP=0.5080
  Distill Epoch 227/700 [25.3s mem=8751MB] | total=0.4292 kl=0.4642 node_l2=0.109418 graph_l2=880.632626 task=0.0819 | val_AP=0.5121 test_AP=0.5108
  Distill Epoch 228/700 [25.5s mem=8755MB] | total=0.4234 kl=0.4545 node_l2=0.108758 graph_l2=869.141427 task=0.0819 | val_AP=0.5050 test_AP=0.5057
  Distill Epoch 229/700 [25.5s mem=8765MB] | total=0.4254 kl=0.4555 node_l2=0.108684 graph_l2=874.447613 task=0.0830 | val_AP=0.5203 test_AP=0.5109
  Distill Epoch 230/700 [25.1s mem=8751MB] | total=0.4265 kl=0.4640 node_l2=0.108094 graph_l2=865.629485 task=0.0809 | val_AP=0.5123 test_AP=0.5109
  Distill Epoch 231/700 [24.3s mem=8760MB] | total=0.4234 kl=0.4571 node_l2=0.107830 graph_l2=861.718285 task=0.0815 | val_AP=0.5150 test_AP=0.5107
  Distill Epoch 232/700 [25.5s mem=8756MB] | total=0.4248 kl=0.4599 node_l2=0.108152 graph_l2=861.239859 task=0.0814 | val_AP=0.5115 test_AP=0.5139
  Distill Epoch 233/700 [25.0s mem=8755MB] | total=0.4232 kl=0.4560 node_l2=0.107822 graph_l2=859.238445 task=0.0820 | val_AP=0.5112 test_AP=0.5115
  Distill Epoch 234/700 [25.7s mem=8758MB] | total=0.4197 kl=0.4501 node_l2=0.107050 graph_l2=849.689360 task=0.0822 | val_AP=0.5159 test_AP=0.5117
  Distill Epoch 235/700 [25.2s mem=8752MB] | total=0.4200 kl=0.4523 node_l2=0.107197 graph_l2=854.177443 task=0.0813 | val_AP=0.5164 test_AP=0.5146
  Distill Epoch 236/700 [25.7s mem=8753MB] | total=0.4292 kl=0.4703 node_l2=0.106955 graph_l2=854.335724 task=0.0816 | val_AP=0.5149 test_AP=0.5101
  Distill Epoch 237/700 [25.0s mem=8753MB] | total=0.4189 kl=0.4535 node_l2=0.106353 graph_l2=846.310765 task=0.0806 | val_AP=0.5128 test_AP=0.5131
  Distill Epoch 238/700 [24.2s mem=8745MB] | total=0.4188 kl=0.4501 node_l2=0.106610 graph_l2=847.849321 task=0.0817 | val_AP=0.5130 test_AP=0.5100
  Distill Epoch 239/700 [24.1s mem=8748MB] | total=0.4192 kl=0.4514 node_l2=0.106605 graph_l2=853.992127 task=0.0813 | val_AP=0.5159 test_AP=0.5102
  Distill Epoch 240/700 [24.2s mem=8751MB] | total=0.4197 kl=0.4542 node_l2=0.105989 graph_l2=843.353954 task=0.0812 | val_AP=0.5046 test_AP=0.5069
  Distill Epoch 241/700 [25.3s mem=8751MB] | total=0.4150 kl=0.4463 node_l2=0.105094 graph_l2=832.532954 task=0.0814 | val_AP=0.5119 test_AP=0.5037
  Distill Epoch 242/700 [25.1s mem=8755MB] | total=0.4178 kl=0.4530 node_l2=0.105411 graph_l2=839.607551 task=0.0805 | val_AP=0.5067 test_AP=0.5051
  Distill Epoch 243/700 [25.2s mem=8760MB] | total=0.4112 kl=0.4399 node_l2=0.105005 graph_l2=830.244618 task=0.0811 | val_AP=0.5111 test_AP=0.5073
  Distill Epoch 244/700 [25.8s mem=8759MB] | total=0.4076 kl=0.4342 node_l2=0.104056 graph_l2=821.016747 task=0.0811 | val_AP=0.5122 test_AP=0.5077
  Distill Epoch 245/700 [24.9s mem=8760MB] | total=0.4135 kl=0.4442 node_l2=0.104633 graph_l2=829.126970 task=0.0814 | val_AP=0.5124 test_AP=0.5129
  Distill Epoch 246/700 [24.1s mem=8760MB] | total=0.4103 kl=0.4416 node_l2=0.104283 graph_l2=826.125866 task=0.0800 | val_AP=0.5181 test_AP=0.5098
  Distill Epoch 247/700 [24.7s mem=8756MB] | total=0.4068 kl=0.4354 node_l2=0.103984 graph_l2=820.729592 task=0.0801 | val_AP=0.5141 test_AP=0.5073
  Distill Epoch 248/700 [26.0s mem=8760MB] | total=0.4061 kl=0.4316 node_l2=0.104086 graph_l2=826.014449 task=0.0808 | val_AP=0.5221 test_AP=0.5144
  Distill Epoch 249/700 [24.7s mem=8759MB] | total=0.4127 kl=0.4472 node_l2=0.103769 graph_l2=816.973216 task=0.0803 | val_AP=0.5151 test_AP=0.5107
  Distill Epoch 250/700 [24.5s mem=8752MB] | total=0.4085 kl=0.4385 node_l2=0.103341 graph_l2=813.756761 task=0.0807 | val_AP=0.5083 test_AP=0.5109
  Distill Epoch 251/700 [24.2s mem=8751MB] | total=0.4025 kl=0.4280 node_l2=0.102811 graph_l2=802.475737 task=0.0808 | val_AP=0.5200 test_AP=0.5104
  Distill Epoch 252/700 [24.6s mem=8749MB] | total=0.4078 kl=0.4381 node_l2=0.102829 graph_l2=810.065612 task=0.0807 | val_AP=0.5224 test_AP=0.5086
  Distill Epoch 253/700 [25.3s mem=8753MB] | total=0.4039 kl=0.4323 node_l2=0.102540 graph_l2=804.350413 task=0.0802 | val_AP=0.5130 test_AP=0.5090
  Distill Epoch 254/700 [24.9s mem=8754MB] | total=0.4047 kl=0.4354 node_l2=0.102110 graph_l2=805.656164 task=0.0797 | val_AP=0.5090 test_AP=0.5123
  Distill Epoch 255/700 [24.3s mem=8753MB] | total=0.4028 kl=0.4282 node_l2=0.102169 graph_l2=802.029918 task=0.0813 | val_AP=0.5132 test_AP=0.5053
  Distill Epoch 256/700 [24.0s mem=8754MB] | total=0.4079 kl=0.4412 node_l2=0.101822 graph_l2=799.638958 task=0.0803 | val_AP=0.5186 test_AP=0.5091
  Distill Epoch 257/700 [24.2s mem=8758MB] | total=0.4075 kl=0.4399 node_l2=0.101964 graph_l2=796.815547 task=0.0806 | val_AP=0.5082 test_AP=0.5105
  Distill Epoch 258/700 [24.4s mem=8757MB] | total=0.4014 kl=0.4300 node_l2=0.101400 graph_l2=797.367759 task=0.0798 | val_AP=0.5148 test_AP=0.5108
  Distill Epoch 259/700 [24.9s mem=8752MB] | total=0.4010 kl=0.4287 node_l2=0.101423 graph_l2=795.497465 task=0.0801 | val_AP=0.5179 test_AP=0.5084
  Distill Epoch 260/700 [25.3s mem=8752MB] | total=0.3974 kl=0.4216 node_l2=0.100992 graph_l2=795.053742 task=0.0803 | val_AP=0.5191 test_AP=0.5102
  Distill Epoch 261/700 [25.2s mem=8756MB] | total=0.3997 kl=0.4290 node_l2=0.100837 graph_l2=788.482873 task=0.0795 | val_AP=0.5202 test_AP=0.5131
  Distill Epoch 262/700 [24.8s mem=8749MB] | total=0.4011 kl=0.4309 node_l2=0.100336 graph_l2=781.289752 task=0.0803 | val_AP=0.5197 test_AP=0.5111
  Distill Epoch 263/700 [24.6s mem=8759MB] | total=0.4011 kl=0.4316 node_l2=0.100339 graph_l2=781.535183 task=0.0800 | val_AP=0.5196 test_AP=0.5144
  Distill Epoch 264/700 [25.2s mem=8761MB] | total=0.4006 kl=0.4310 node_l2=0.100240 graph_l2=785.583468 task=0.0798 | val_AP=0.5160 test_AP=0.5120
  Distill Epoch 265/700 [25.5s mem=8759MB] | total=0.3969 kl=0.4234 node_l2=0.099848 graph_l2=779.484551 task=0.0802 | val_AP=0.5174 test_AP=0.5075
  Distill Epoch 266/700 [25.7s mem=8755MB] | total=0.3982 kl=0.4272 node_l2=0.099618 graph_l2=775.111918 task=0.0800 | val_AP=0.5145 test_AP=0.5061
  Distill Epoch 267/700 [24.1s mem=8760MB] | total=0.3995 kl=0.4300 node_l2=0.099532 graph_l2=774.131893 task=0.0800 | val_AP=0.5124 test_AP=0.5084
  Distill Epoch 268/700 [24.4s mem=8752MB] | total=0.3926 kl=0.4189 node_l2=0.099369 graph_l2=775.111449 task=0.0789 | val_AP=0.5186 test_AP=0.5115
  Distill Epoch 269/700 [24.3s mem=8752MB] | total=0.3869 kl=0.4095 node_l2=0.098433 graph_l2=761.803938 task=0.0790 | val_AP=0.5179 test_AP=0.5023
  Distill Epoch 270/700 [24.7s mem=8754MB] | total=0.3930 kl=0.4210 node_l2=0.098449 graph_l2=763.921455 task=0.0792 | val_AP=0.5137 test_AP=0.5107
  Distill Epoch 271/700 [25.7s mem=8749MB] | total=0.3923 kl=0.4191 node_l2=0.098141 graph_l2=760.263383 task=0.0797 | val_AP=0.5132 test_AP=0.5051
  Distill Epoch 272/700 [25.3s mem=8753MB] | total=0.3968 kl=0.4293 node_l2=0.097934 graph_l2=764.546409 task=0.0791 | val_AP=0.5113 test_AP=0.5070
  Distill Epoch 273/700 [25.2s mem=8760MB] | total=0.3888 kl=0.4142 node_l2=0.098121 graph_l2=758.049314 task=0.0789 | val_AP=0.5081 test_AP=0.5057
  Distill Epoch 274/700 [24.3s mem=8753MB] | total=0.3963 kl=0.4285 node_l2=0.097534 graph_l2=757.210092 task=0.0795 | val_AP=0.5116 test_AP=0.5119
  Distill Epoch 275/700 [25.1s mem=8761MB] | total=0.3913 kl=0.4219 node_l2=0.097240 graph_l2=749.648225 task=0.0786 | val_AP=0.5157 test_AP=0.5130
  Distill Epoch 276/700 [24.6s mem=8755MB] | total=0.3909 kl=0.4187 node_l2=0.097396 graph_l2=756.806469 task=0.0792 | val_AP=0.5153 test_AP=0.5137
  Distill Epoch 277/700 [24.8s mem=8765MB] | total=0.3909 kl=0.4205 node_l2=0.096921 graph_l2=752.929662 task=0.0788 | val_AP=0.5203 test_AP=0.5127
  Distill Epoch 278/700 [25.0s mem=8755MB] | total=0.3904 kl=0.4189 node_l2=0.097222 graph_l2=753.012934 task=0.0789 | val_AP=0.5175 test_AP=0.5127
  Distill Epoch 279/700 [24.8s mem=8763MB] | total=0.3877 kl=0.4137 node_l2=0.096809 graph_l2=748.196491 task=0.0792 | val_AP=0.5146 test_AP=0.5123
  Distill Epoch 280/700 [26.3s mem=8753MB] | total=0.3947 kl=0.4300 node_l2=0.096451 graph_l2=745.171278 task=0.0785 | val_AP=0.5122 test_AP=0.5078
  Distill Epoch 281/700 [26.8s mem=8755MB] | total=0.3873 kl=0.4150 node_l2=0.096340 graph_l2=739.968250 task=0.0789 | val_AP=0.5156 test_AP=0.5143
  Distill Epoch 282/700 [24.5s mem=8758MB] | total=0.3857 kl=0.4138 node_l2=0.095664 graph_l2=735.461037 task=0.0785 | val_AP=0.5149 test_AP=0.5092
  Distill Epoch 283/700 [25.7s mem=8758MB] | total=0.3872 kl=0.4171 node_l2=0.095324 graph_l2=730.914221 task=0.0787 | val_AP=0.5183 test_AP=0.5111
  Distill Epoch 284/700 [25.5s mem=8756MB] | total=0.3855 kl=0.4119 node_l2=0.095374 graph_l2=732.941430 task=0.0793 | val_AP=0.5183 test_AP=0.5101
  Distill Epoch 285/700 [25.7s mem=8764MB] | total=0.3888 kl=0.4182 node_l2=0.095032 graph_l2=731.541940 task=0.0797 | val_AP=0.5157 test_AP=0.5108
  Distill Epoch 286/700 [24.0s mem=8755MB] | total=0.3860 kl=0.4142 node_l2=0.095483 graph_l2=733.164965 task=0.0787 | val_AP=0.5118 test_AP=0.5077
  Distill Epoch 287/700 [24.4s mem=8760MB] | total=0.3870 kl=0.4192 node_l2=0.095138 graph_l2=724.598997 task=0.0780 | val_AP=0.5177 test_AP=0.5122
  Distill Epoch 288/700 [24.6s mem=8759MB] | total=0.3797 kl=0.4031 node_l2=0.094519 graph_l2=721.007284 task=0.0790 | val_AP=0.5149 test_AP=0.5145
  Distill Epoch 289/700 [23.8s mem=8757MB] | total=0.3787 kl=0.4028 node_l2=0.094154 graph_l2=720.350399 task=0.0785 | val_AP=0.5105 test_AP=0.5102
  Distill Epoch 290/700 [25.7s mem=8758MB] | total=0.3809 kl=0.4056 node_l2=0.094198 graph_l2=723.829226 task=0.0790 | val_AP=0.5134 test_AP=0.5059
  Distill Epoch 291/700 [24.3s mem=8756MB] | total=0.3806 kl=0.4042 node_l2=0.093781 graph_l2=713.905788 task=0.0799 | val_AP=0.5107 test_AP=0.5136
  Distill Epoch 292/700 [24.0s mem=8755MB] | total=0.3776 kl=0.4027 node_l2=0.094041 graph_l2=718.486779 task=0.0777 | val_AP=0.5155 test_AP=0.5138
  Distill Epoch 293/700 [24.3s mem=8753MB] | total=0.3837 kl=0.4141 node_l2=0.093412 graph_l2=714.440323 task=0.0785 | val_AP=0.5082 test_AP=0.5052
  Distill Epoch 294/700 [26.0s mem=8754MB] | total=0.3764 kl=0.3986 node_l2=0.093477 graph_l2=717.651079 task=0.0788 | val_AP=0.5150 test_AP=0.5090
  Distill Epoch 295/700 [24.6s mem=8757MB] | total=0.3801 kl=0.4092 node_l2=0.093144 graph_l2=707.846811 task=0.0779 | val_AP=0.5169 test_AP=0.5119
  Distill Epoch 296/700 [25.2s mem=8760MB] | total=0.3801 kl=0.4055 node_l2=0.093403 graph_l2=719.457518 task=0.0789 | val_AP=0.5166 test_AP=0.5092
  Distill Epoch 297/700 [25.0s mem=8761MB] | total=0.3790 kl=0.4068 node_l2=0.092663 graph_l2=707.921633 task=0.0782 | val_AP=0.5167 test_AP=0.5157
  Distill Epoch 298/700 [24.6s mem=8751MB] | total=0.3792 kl=0.4085 node_l2=0.093211 graph_l2=711.644371 task=0.0773 | val_AP=0.5144 test_AP=0.5086
  Distill Epoch 299/700 [25.7s mem=8749MB] | total=0.3774 kl=0.4018 node_l2=0.092663 graph_l2=709.948409 task=0.0789 | val_AP=0.5111 test_AP=0.5137
  Distill Epoch 300/700 [25.3s mem=8769MB] | total=0.3761 kl=0.4026 node_l2=0.092303 graph_l2=700.099409 task=0.0780 | val_AP=0.5094 test_AP=0.5133
  Distill Epoch 301/700 [24.4s mem=8770MB] | total=0.3763 kl=0.4032 node_l2=0.092255 graph_l2=702.164824 task=0.0779 | val_AP=0.5132 test_AP=0.5113
  Distill Epoch 302/700 [25.5s mem=8759MB] | total=0.3787 kl=0.4052 node_l2=0.092059 graph_l2=701.689945 task=0.0791 | val_AP=0.5150 test_AP=0.5096
  Distill Epoch 303/700 [24.7s mem=8761MB] | total=0.3737 kl=0.3990 node_l2=0.091487 graph_l2=692.159159 task=0.0782 | val_AP=0.5168 test_AP=0.5080
  Distill Epoch 304/700 [24.3s mem=8765MB] | total=0.3772 kl=0.4053 node_l2=0.091866 graph_l2=702.298398 task=0.0779 | val_AP=0.5183 test_AP=0.5113
  Distill Epoch 305/700 [24.3s mem=8767MB] | total=0.3724 kl=0.3972 node_l2=0.091052 graph_l2=688.678384 task=0.0782 | val_AP=0.5160 test_AP=0.5097
  Distill Epoch 306/700 [24.1s mem=8754MB] | total=0.3724 kl=0.3981 node_l2=0.091229 graph_l2=692.313553 task=0.0776 | val_AP=0.5140 test_AP=0.5131
  Distill Epoch 307/700 [24.1s mem=8750MB] | total=0.3726 kl=0.3956 node_l2=0.091026 graph_l2=694.231609 task=0.0788 | val_AP=0.5130 test_AP=0.5062
  Distill Epoch 308/700 [25.6s mem=8754MB] | total=0.3697 kl=0.3933 node_l2=0.090882 graph_l2=685.154460 task=0.0778 | val_AP=0.5132 test_AP=0.5065
  Distill Epoch 309/700 [24.3s mem=8763MB] | total=0.3676 kl=0.3895 node_l2=0.090696 graph_l2=687.123951 task=0.0776 | val_AP=0.5191 test_AP=0.5097
  Distillation early stopping at epoch 309. Best val AP=0.5230 at epoch 209.
Distillation done. Best val AP (M_base)=0.5230 at epoch 209.

  Cycle 0 distillation gap: AP_proxy=0.4528 - AP_base=0.5230 = -0.0702

  WEIGHT SWAP: loading distilled weights as new M_proxy init
    Saved swapped model to checkpoints_adv_distill_7/cycle0/swapped_model.pt

  STOPPING: distillation gap (-0.0702) < threshold (0.003). Proxies offer nothing new to distill.

======================================================================
RATCHET COMPLETE — Summary across cycles:
======================================================================
 Cycle  AP_proxy(val)  AP_proxy(test)  AP_base(val)      Gap
------------------------------------------------------------
     0         0.4528          0.4493        0.5230  -0.0702

Full cycle log saved to checkpoints_adv_distill_7/ratchet_log.pkl
