+ python main_adversarial_distillation.py --num_cycles 5 --run_stage1 --backbone vanilla_gt --generator flow_matching --num_proxies 16 --hidden_dim 512 --num_layers 4 --num_heads 8 --num_gred_layers 8 --num_transformer_layers 2 --state_dim 88 --batch_size 128 --num_workers 4 --s1_lr 3e-5 --s1_max_epochs 100 --s1_patience 15 --s2_lr 1e-4 --s2_max_epochs 500 --s2_patience 100 --s3_lr_gen 5e-4 --s3_lr_transformer 1e-5 --s3_max_epochs 200 --s3_patience 30 --s3_grad_clip 0.5 --dropout 0.2 --s1_weight_decay 1e-3 --novelty_temperature 1 --novelty_alpha 0.1 --novelty_alpha_node 0.1 --diversity_weight 0.5 --distill_lr 5e-5 --distill_max_epochs 700 --distill_patience 100 --distill_temperature 1.5 --distill_kl_weight 0.5 --distill_node_weight 0.5 --distill_graph_weight 0.00005 --distill_task_weight 1.2 --gap_threshold 0.005 --distill_gap_threshold 0.003 --save_dir checkpoints_adv_distill_8
{'config': None, 'num_cycles': 5, 'resume_cycle': 0, 'gap_threshold': 0.005, 'distill_gap_threshold': 0.003, 'reinit_generator': False, 'run_stage1': True, 'generator': 'flow_matching', 'backbone': 'vanilla_gt', 'model_path': None, 'generator_path': None, 'hidden_dim': 512, 'num_layers': 4, 'num_heads': 8, 'output_dim': 10, 'dropout': 0.2, 'num_proxies': 16, 'use_lap_pe': True, 'lap_pe_dim': 8, 'state_dim': 88, 'num_gred_layers': 8, 'num_transformer_layers': 2, 'gred_expand': 1, 'r_min': 0.0, 'r_max': 1.0, 'max_phase': 6.28, 'gred_act': 'full-glu', 'max_hops': 40, 'dist_mask_workers': 8, 's1_lr': 3e-05, 's1_weight_decay': 0.001, 's1_max_epochs': 100, 's1_patience': 15, 's1_grad_clip': 1.0, 's2_lr': 0.0001, 's2_weight_decay': 0.0003, 's2_max_epochs': 500, 's2_patience': 100, 's2_eval_every': 1, 's2_grad_clip': 1.0, 's3_lr_gen': 0.0005, 's3_lr_transformer': 1e-05, 's3_max_epochs': 200, 's3_patience': 30, 's3_grad_clip': 0.5, 's3_weight_decay': 0.0001, 'novelty_temperature': 1.0, 'novelty_alpha': 0.1, 'novelty_alpha_node': 0.1, 'diversity_weight': 0.5, 'gen_hidden_dim': 256, 'gen_num_layers': 4, 'gen_num_heads': 8, 'gen_dropout': 0.2, 'pma_query_mode': 'farthest_point', 'coarsen_gnn_type': 'GIN', 'coarsen_reg_weight': 0.1, 'coarsen_reg_type': 'mincut', 'gnn_layers': 4, 'gnn_type': 'GINE', 'pool_types': ['max'], 'decode_hidden': 128, 'decode_layers': 3, 'idx_emb_dim': 128, 'decode_mode': 'shared', 'denoiser_dim': 256, 'denoiser_layers': 4, 'denoiser_heads': 8, 'euler_steps': 1, 'use_cross_attn_routing': False, 'num_cross_layers': 2, 'cross_attn_proxy_self_attn': True, 'proxy_insertion_layers': '-1', 'separate_proxy_generators': False, 'separate_proxy_routers': False, 'proxy_aux_loss_decay': 1.0, 'distill_lr': 5e-05, 'distill_weight_decay': 0.0001, 'distill_max_epochs': 700, 'distill_patience': 100, 'distill_grad_clip': 1.0, 'distill_kl_weight': 0.5, 'distill_node_weight': 0.5, 'distill_graph_weight': 5e-05, 'distill_task_weight': 1.2, 'distill_temperature': 1.5, 'distill_partial_swap': False, 'readout_scope': 'all_tokens', 'batch_size': 128, 'num_workers': 4, 'lr_min': 1e-07, 'warmup_ratio': 0.05, 'recurrent_lr_factor': 1.0, 'save_dir': 'checkpoints_adv_distill_8', 'device': 'cuda'}
Saved code snapshot to checkpoints_adv_distill_8/code_snapshot.zip

######################################################################
#  RATCHET CYCLE 0/4
######################################################################

============================================================
STAGE 1: Pretrain backbone (vanilla_gt)
============================================================
  Parameters: 13,227,530
  S1 Epoch   1/100 [18.0s mem=16521MB] | train_loss=2.9699 train_AP=0.1839 | val_loss=0.6122 val_AP=0.2484
    -> New best val loss=0.6122, saved
  S1 Epoch   2/100 [18.0s mem=16519MB] | train_loss=0.5481 train_AP=0.2079 | val_loss=0.5553 val_AP=0.2337
    -> New best val loss=0.5553, saved
  S1 Epoch   3/100 [18.6s mem=16515MB] | train_loss=0.3928 train_AP=0.2130 | val_loss=0.4256 val_AP=0.2584
    -> New best val loss=0.4256, saved
  S1 Epoch   4/100 [18.8s mem=16512MB] | train_loss=0.3715 train_AP=0.2378 | val_loss=0.3895 val_AP=0.2679
    -> New best val loss=0.3895, saved
  S1 Epoch   5/100 [18.6s mem=16514MB] | train_loss=0.3706 train_AP=0.2439 | val_loss=0.3340 val_AP=0.2827
    -> New best val loss=0.3340, saved
  S1 Epoch   6/100 [18.2s mem=16518MB] | train_loss=0.3765 train_AP=0.2426 | val_loss=0.3730 val_AP=0.2598
  S1 Epoch   7/100 [18.2s mem=16507MB] | train_loss=0.3708 train_AP=0.2429 | val_loss=0.3259 val_AP=0.2805
    -> New best val loss=0.3259, saved
  S1 Epoch   8/100 [19.2s mem=16511MB] | train_loss=0.3661 train_AP=0.2397 | val_loss=0.3323 val_AP=0.2720
  S1 Epoch   9/100 [19.5s mem=16508MB] | train_loss=0.3616 train_AP=0.2426 | val_loss=0.3676 val_AP=0.2783
  S1 Epoch  10/100 [19.0s mem=16513MB] | train_loss=0.3587 train_AP=0.2476 | val_loss=0.3642 val_AP=0.2696
  S1 Epoch  11/100 [18.5s mem=16517MB] | train_loss=0.3575 train_AP=0.2471 | val_loss=0.3271 val_AP=0.2722
  S1 Epoch  12/100 [17.9s mem=16510MB] | train_loss=0.3548 train_AP=0.2474 | val_loss=0.3196 val_AP=0.2899
    -> New best val loss=0.3196, saved
  S1 Epoch  13/100 [18.2s mem=16505MB] | train_loss=0.3551 train_AP=0.2485 | val_loss=0.3428 val_AP=0.2734
  S1 Epoch  14/100 [19.7s mem=16517MB] | train_loss=0.3516 train_AP=0.2470 | val_loss=0.3342 val_AP=0.2765
  S1 Epoch  15/100 [18.8s mem=16506MB] | train_loss=0.3524 train_AP=0.2519 | val_loss=0.3291 val_AP=0.2766
  S1 Epoch  16/100 [19.2s mem=16509MB] | train_loss=0.3493 train_AP=0.2505 | val_loss=0.3236 val_AP=0.2802
  S1 Epoch  17/100 [18.8s mem=16516MB] | train_loss=0.3484 train_AP=0.2521 | val_loss=0.3188 val_AP=0.2877
    -> New best val loss=0.3188, saved
  S1 Epoch  18/100 [18.4s mem=16510MB] | train_loss=0.3482 train_AP=0.2536 | val_loss=0.3597 val_AP=0.2714
  S1 Epoch  19/100 [18.3s mem=16487MB] | train_loss=0.3444 train_AP=0.2564 | val_loss=0.3198 val_AP=0.2864
  S1 Epoch  20/100 [19.4s mem=16515MB] | train_loss=0.3456 train_AP=0.2552 | val_loss=0.3267 val_AP=0.2828
  S1 Epoch  21/100 [20.0s mem=16517MB] | train_loss=0.3455 train_AP=0.2568 | val_loss=0.3373 val_AP=0.2760
  S1 Epoch  22/100 [18.9s mem=16518MB] | train_loss=0.3445 train_AP=0.2546 | val_loss=0.3206 val_AP=0.2814
  S1 Epoch  23/100 [18.4s mem=16513MB] | train_loss=0.3434 train_AP=0.2561 | val_loss=0.3254 val_AP=0.2802
  S1 Epoch  24/100 [18.6s mem=16515MB] | train_loss=0.3386 train_AP=0.2604 | val_loss=0.3276 val_AP=0.2686
  S1 Epoch  25/100 [17.9s mem=16515MB] | train_loss=0.3420 train_AP=0.2567 | val_loss=0.3297 val_AP=0.2813
  S1 Epoch  26/100 [17.6s mem=16509MB] | train_loss=0.3421 train_AP=0.2575 | val_loss=0.3284 val_AP=0.2756
  S1 Epoch  27/100 [17.7s mem=16516MB] | train_loss=0.3408 train_AP=0.2600 | val_loss=0.3243 val_AP=0.2769
  S1 Epoch  28/100 [18.2s mem=16521MB] | train_loss=0.3364 train_AP=0.2621 | val_loss=0.3264 val_AP=0.2844
  S1 Epoch  29/100 [18.9s mem=16516MB] | train_loss=0.3377 train_AP=0.2628 | val_loss=0.3247 val_AP=0.2916
  S1 Epoch  30/100 [19.2s mem=16508MB] | train_loss=0.3356 train_AP=0.2644 | val_loss=0.3212 val_AP=0.2898
  S1 Epoch  31/100 [18.8s mem=16517MB] | train_loss=0.3379 train_AP=0.2635 | val_loss=0.3167 val_AP=0.2872
    -> New best val loss=0.3167, saved
  S1 Epoch  32/100 [19.2s mem=16521MB] | train_loss=0.3358 train_AP=0.2652 | val_loss=0.3284 val_AP=0.2903
  S1 Epoch  33/100 [19.3s mem=16512MB] | train_loss=0.3352 train_AP=0.2650 | val_loss=0.3239 val_AP=0.2889
  S1 Epoch  34/100 [19.1s mem=16512MB] | train_loss=0.3319 train_AP=0.2685 | val_loss=0.3210 val_AP=0.2942
  S1 Epoch  35/100 [18.3s mem=16508MB] | train_loss=0.3330 train_AP=0.2685 | val_loss=0.3296 val_AP=0.2785
  S1 Epoch  36/100 [18.9s mem=16514MB] | train_loss=0.3371 train_AP=0.2669 | val_loss=0.3221 val_AP=0.3006
  S1 Epoch  37/100 [18.4s mem=16519MB] | train_loss=0.3326 train_AP=0.2699 | val_loss=0.3421 val_AP=0.3061
  S1 Epoch  38/100 [18.5s mem=16512MB] | train_loss=0.3292 train_AP=0.2720 | val_loss=0.3159 val_AP=0.2874
    -> New best val loss=0.3159, saved
  S1 Epoch  39/100 [18.6s mem=16515MB] | train_loss=0.3298 train_AP=0.2742 | val_loss=0.3334 val_AP=0.2985
  S1 Epoch  40/100 [18.5s mem=16510MB] | train_loss=0.3308 train_AP=0.2727 | val_loss=0.3285 val_AP=0.2899
  S1 Epoch  41/100 [17.9s mem=16508MB] | train_loss=0.3292 train_AP=0.2762 | val_loss=0.3342 val_AP=0.2873
  S1 Epoch  42/100 [18.1s mem=16512MB] | train_loss=0.3296 train_AP=0.2761 | val_loss=0.3203 val_AP=0.2999
  S1 Epoch  43/100 [17.9s mem=16505MB] | train_loss=0.3278 train_AP=0.2754 | val_loss=0.3235 val_AP=0.2956
  S1 Epoch  44/100 [19.3s mem=16511MB] | train_loss=0.3263 train_AP=0.2790 | val_loss=0.3209 val_AP=0.3066
  S1 Epoch  45/100 [17.7s mem=16510MB] | train_loss=0.3254 train_AP=0.2819 | val_loss=0.3183 val_AP=0.3038
  S1 Epoch  46/100 [18.2s mem=16504MB] | train_loss=0.3240 train_AP=0.2823 | val_loss=0.3151 val_AP=0.3093
    -> New best val loss=0.3151, saved
  S1 Epoch  47/100 [18.2s mem=16512MB] | train_loss=0.3231 train_AP=0.2859 | val_loss=0.3199 val_AP=0.3134
  S1 Epoch  48/100 [18.5s mem=16511MB] | train_loss=0.3242 train_AP=0.2838 | val_loss=0.3388 val_AP=0.3090
  S1 Epoch  49/100 [17.9s mem=16520MB] | train_loss=0.3224 train_AP=0.2896 | val_loss=0.3404 val_AP=0.3122
  S1 Epoch  50/100 [17.7s mem=16510MB] | train_loss=0.3215 train_AP=0.2934 | val_loss=0.3306 val_AP=0.3156
  S1 Epoch  51/100 [17.7s mem=16508MB] | train_loss=0.3201 train_AP=0.2949 | val_loss=0.3185 val_AP=0.3166
  S1 Epoch  52/100 [18.4s mem=16511MB] | train_loss=0.3192 train_AP=0.2950 | val_loss=0.3323 val_AP=0.3297
  S1 Epoch  53/100 [17.8s mem=16516MB] | train_loss=0.3158 train_AP=0.3075 | val_loss=0.3239 val_AP=0.3270
  S1 Epoch  54/100 [18.4s mem=16507MB] | train_loss=0.3166 train_AP=0.3013 | val_loss=0.3366 val_AP=0.3318
  S1 Epoch  55/100 [17.8s mem=15982MB] | train_loss=0.3142 train_AP=0.3124 | val_loss=0.3105 val_AP=0.3354
    -> New best val loss=0.3105, saved
  S1 Epoch  56/100 [17.7s mem=16513MB] | train_loss=0.3141 train_AP=0.3149 | val_loss=0.3117 val_AP=0.3396
  S1 Epoch  57/100 [18.4s mem=16509MB] | train_loss=0.3138 train_AP=0.3171 | val_loss=0.3223 val_AP=0.3423
  S1 Epoch  58/100 [18.9s mem=16508MB] | train_loss=0.3105 train_AP=0.3220 | val_loss=0.3097 val_AP=0.3545
    -> New best val loss=0.3097, saved
  S1 Epoch  59/100 [18.6s mem=16503MB] | train_loss=0.3104 train_AP=0.3208 | val_loss=0.3311 val_AP=0.3416
  S1 Epoch  60/100 [18.3s mem=16510MB] | train_loss=0.3088 train_AP=0.3283 | val_loss=0.3189 val_AP=0.3507
  S1 Epoch  61/100 [18.7s mem=16487MB] | train_loss=0.3082 train_AP=0.3278 | val_loss=0.3063 val_AP=0.3610
    -> New best val loss=0.3063, saved
  S1 Epoch  62/100 [18.2s mem=16516MB] | train_loss=0.3062 train_AP=0.3353 | val_loss=0.3143 val_AP=0.3532
  S1 Epoch  63/100 [18.1s mem=16512MB] | train_loss=0.3037 train_AP=0.3450 | val_loss=0.3146 val_AP=0.3620
  S1 Epoch  64/100 [17.5s mem=16516MB] | train_loss=0.3036 train_AP=0.3460 | val_loss=0.3333 val_AP=0.3581
  S1 Epoch  65/100 [18.6s mem=16519MB] | train_loss=0.3041 train_AP=0.3467 | val_loss=0.3183 val_AP=0.3642
  S1 Epoch  66/100 [18.6s mem=16516MB] | train_loss=0.2997 train_AP=0.3549 | val_loss=0.3153 val_AP=0.3685
  S1 Epoch  67/100 [17.6s mem=16505MB] | train_loss=0.2983 train_AP=0.3577 | val_loss=0.3200 val_AP=0.3672
  S1 Epoch  68/100 [17.6s mem=16507MB] | train_loss=0.2983 train_AP=0.3583 | val_loss=0.3122 val_AP=0.3714
  S1 Epoch  69/100 [17.7s mem=16519MB] | train_loss=0.2949 train_AP=0.3693 | val_loss=0.3133 val_AP=0.3775
  S1 Epoch  70/100 [18.0s mem=16511MB] | train_loss=0.2946 train_AP=0.3718 | val_loss=0.3156 val_AP=0.3788
  S1 Epoch  71/100 [18.7s mem=16508MB] | train_loss=0.2896 train_AP=0.3838 | val_loss=0.3445 val_AP=0.3727
  S1 Epoch  72/100 [18.2s mem=16506MB] | train_loss=0.2888 train_AP=0.3903 | val_loss=0.3417 val_AP=0.3700
  S1 Epoch  73/100 [17.6s mem=16514MB] | train_loss=0.2884 train_AP=0.3844 | val_loss=0.3232 val_AP=0.3804
  S1 Epoch  74/100 [18.1s mem=16515MB] | train_loss=0.2845 train_AP=0.3940 | val_loss=0.3548 val_AP=0.3739
  S1 Epoch  75/100 [17.9s mem=15975MB] | train_loss=0.2841 train_AP=0.3952 | val_loss=0.3450 val_AP=0.3805
  S1 Epoch  76/100 [17.6s mem=16518MB] | train_loss=0.2825 train_AP=0.3989 | val_loss=0.3518 val_AP=0.3823
  Early stopping at epoch 76. Best val loss=0.3063 at epoch 61.
Stage 1 done. Best val loss=0.3063 at epoch 61.

============================================================
STAGE 2: Train generator (flow_matching) with self-novelty
  Backbone: vanilla_gt (frozen)
  alpha=0.1 alpha_node=0.1 T=1.0
============================================================
  Generator parameters: 3,684,864
  S2 Epoch   1/500 [25.4s mem=15509MB] | total=0.6306 task=0.2941 | out_nov=0.0161 node_nov=0.0017 | div=0.0767 ip_mean=0.0767 | val_AP=0.3593 test_AP=0.3520
    -> New best val loss=0.3020
  S2 Epoch   2/500 [24.2s mem=15518MB] | total=0.6007 task=0.2921 | out_nov=0.0163 node_nov=0.0015 | div=0.0207 ip_mean=0.0207 | val_AP=0.3583 test_AP=0.3503
    -> New best val loss=0.3010
  S2 Epoch   3/500 [24.5s mem=15514MB] | total=0.5922 task=0.2914 | out_nov=0.0176 node_nov=0.0015 | div=0.0054 ip_mean=0.0054 | val_AP=0.3596 test_AP=0.3508
    -> New best val loss=0.3000
  S2 Epoch   4/500 [23.7s mem=15510MB] | total=0.5909 task=0.2912 | out_nov=0.0184 node_nov=0.0016 | div=0.0034 ip_mean=0.0034 | val_AP=0.3570 test_AP=0.3526
  S2 Epoch   5/500 [23.9s mem=15509MB] | total=0.5903 task=0.2908 | out_nov=0.0192 node_nov=0.0016 | div=0.0031 ip_mean=0.0031 | val_AP=0.3569 test_AP=0.3495
  S2 Epoch   6/500 [24.8s mem=15504MB] | total=0.5901 task=0.2908 | out_nov=0.0200 node_nov=0.0016 | div=0.0030 ip_mean=0.0030 | val_AP=0.3583 test_AP=0.3520
    -> New best val loss=0.2997
  S2 Epoch   7/500 [24.7s mem=15508MB] | total=0.5897 task=0.2903 | out_nov=0.0205 node_nov=0.0016 | div=0.0031 ip_mean=0.0031 | val_AP=0.3561 test_AP=0.3534
  S2 Epoch   8/500 [24.4s mem=15512MB] | total=0.5896 task=0.2903 | out_nov=0.0210 node_nov=0.0017 | div=0.0031 ip_mean=0.0031 | val_AP=0.3605 test_AP=0.3508
  S2 Epoch   9/500 [23.8s mem=15509MB] | total=0.5896 task=0.2904 | out_nov=0.0209 node_nov=0.0017 | div=0.0028 ip_mean=0.0028 | val_AP=0.3587 test_AP=0.3520
  S2 Epoch  10/500 [23.9s mem=15509MB] | total=0.5896 task=0.2904 | out_nov=0.0216 node_nov=0.0018 | div=0.0031 ip_mean=0.0031 | val_AP=0.3576 test_AP=0.3515
  S2 Epoch  11/500 [23.6s mem=15512MB] | total=0.5893 task=0.2903 | out_nov=0.0225 node_nov=0.0020 | div=0.0029 ip_mean=0.0029 | val_AP=0.3581 test_AP=0.3530
  S2 Epoch  12/500 [24.0s mem=15514MB] | total=0.5877 task=0.2906 | out_nov=0.0332 node_nov=0.0087 | div=0.0024 ip_mean=0.0024 | val_AP=0.3534 test_AP=0.3454
    -> New best val loss=0.2995
  S2 Epoch  13/500 [25.6s mem=15504MB] | total=0.5843 task=0.2914 | out_nov=0.0475 node_nov=0.0313 | div=0.0015 ip_mean=0.0015 | val_AP=0.3435 test_AP=0.3488
  S2 Epoch  14/500 [25.6s mem=15516MB] | total=0.5817 task=0.2916 | out_nov=0.0515 node_nov=0.0581 | div=0.0021 ip_mean=0.0021 | val_AP=0.3516 test_AP=0.3518
  S2 Epoch  15/500 [25.3s mem=15509MB] | total=0.5784 task=0.2917 | out_nov=0.0539 node_nov=0.0928 | div=0.0027 ip_mean=0.0027 | val_AP=0.3533 test_AP=0.3538
  S2 Epoch  16/500 [24.9s mem=15508MB] | total=0.5753 task=0.2919 | out_nov=0.0568 node_nov=0.1212 | div=0.0023 ip_mean=0.0023 | val_AP=0.3462 test_AP=0.3478
  S2 Epoch  17/500 [24.6s mem=15509MB] | total=0.5745 task=0.2932 | out_nov=0.0594 node_nov=0.1422 | div=0.0030 ip_mean=0.0030 | val_AP=0.3532 test_AP=0.3475
  S2 Epoch  18/500 [24.3s mem=15510MB] | total=0.5731 task=0.2934 | out_nov=0.0605 node_nov=0.1600 | div=0.0034 ip_mean=0.0034 | val_AP=0.3506 test_AP=0.3504
  S2 Epoch  19/500 [24.2s mem=15508MB] | total=0.5714 task=0.2938 | out_nov=0.0607 node_nov=0.1724 | div=0.0019 ip_mean=0.0019 | val_AP=0.3501 test_AP=0.3515
  S2 Epoch  20/500 [26.1s mem=15503MB] | total=0.5701 task=0.2931 | out_nov=0.0582 node_nov=0.1804 | div=0.0017 ip_mean=0.0017 | val_AP=0.3502 test_AP=0.3418
  S2 Epoch  21/500 [25.4s mem=15508MB] | total=0.5699 task=0.2943 | out_nov=0.0617 node_nov=0.1963 | div=0.0028 ip_mean=0.0028 | val_AP=0.3485 test_AP=0.3499
  S2 Epoch  22/500 [24.3s mem=15508MB] | total=0.5687 task=0.2942 | out_nov=0.0609 node_nov=0.2050 | div=0.0022 ip_mean=0.0022 | val_AP=0.3447 test_AP=0.3479
  S2 Epoch  23/500 [24.3s mem=15512MB] | total=0.5683 task=0.2940 | out_nov=0.0637 node_nov=0.2126 | div=0.0039 ip_mean=0.0039 | val_AP=0.3438 test_AP=0.3425
  S2 Epoch  24/500 [25.2s mem=15512MB] | total=0.5674 task=0.2944 | out_nov=0.0655 node_nov=0.2217 | div=0.0034 ip_mean=0.0034 | val_AP=0.3485 test_AP=0.3447
  S2 Epoch  25/500 [26.0s mem=15511MB] | total=0.5659 task=0.2946 | out_nov=0.0649 node_nov=0.2319 | div=0.0021 ip_mean=0.0021 | val_AP=0.3432 test_AP=0.3482
  S2 Epoch  26/500 [23.9s mem=15515MB] | total=0.5656 task=0.2947 | out_nov=0.0650 node_nov=0.2415 | div=0.0032 ip_mean=0.0032 | val_AP=0.3426 test_AP=0.3404
  S2 Epoch  27/500 [24.7s mem=15501MB] | total=0.5650 task=0.2950 | out_nov=0.0648 node_nov=0.2493 | div=0.0027 ip_mean=0.0027 | val_AP=0.3497 test_AP=0.3455
  S2 Epoch  28/500 [24.0s mem=15512MB] | total=0.5624 task=0.2943 | out_nov=0.0662 node_nov=0.2619 | div=0.0018 ip_mean=0.0018 | val_AP=0.3405 test_AP=0.3397
  S2 Epoch  29/500 [25.0s mem=15511MB] | total=0.5622 task=0.2944 | out_nov=0.0658 node_nov=0.2722 | div=0.0032 ip_mean=0.0032 | val_AP=0.3374 test_AP=0.3381
  S2 Epoch  30/500 [24.0s mem=15510MB] | total=0.5609 task=0.2951 | out_nov=0.0661 node_nov=0.2847 | div=0.0017 ip_mean=0.0017 | val_AP=0.3405 test_AP=0.3392
  S2 Epoch  31/500 [24.1s mem=15505MB] | total=0.5611 task=0.2950 | out_nov=0.0660 node_nov=0.2911 | div=0.0036 ip_mean=0.0036 | val_AP=0.3489 test_AP=0.3407
  S2 Epoch  32/500 [24.1s mem=15520MB] | total=0.5594 task=0.2953 | out_nov=0.0662 node_nov=0.3051 | div=0.0025 ip_mean=0.0025 | val_AP=0.3347 test_AP=0.3351
  S2 Epoch  33/500 [23.5s mem=15516MB] | total=0.5586 task=0.2965 | out_nov=0.0681 node_nov=0.3197 | div=0.0016 ip_mean=0.0016 | val_AP=0.3460 test_AP=0.3423
  S2 Epoch  34/500 [23.5s mem=15507MB] | total=0.5569 task=0.2962 | out_nov=0.0685 node_nov=0.3367 | div=0.0023 ip_mean=0.0023 | val_AP=0.3352 test_AP=0.3365
  S2 Epoch  35/500 [23.4s mem=15506MB] | total=0.5554 task=0.2965 | out_nov=0.0712 node_nov=0.3567 | div=0.0035 ip_mean=0.0035 | val_AP=0.3448 test_AP=0.3358
  S2 Epoch  36/500 [23.7s mem=15512MB] | total=0.5536 task=0.2963 | out_nov=0.0704 node_nov=0.3679 | div=0.0023 ip_mean=0.0023 | val_AP=0.3332 test_AP=0.3367
  S2 Epoch  37/500 [23.9s mem=15511MB] | total=0.5543 task=0.2968 | out_nov=0.0709 node_nov=0.3779 | div=0.0048 ip_mean=0.0048 | val_AP=0.3458 test_AP=0.3456
  S2 Epoch  38/500 [23.6s mem=15513MB] | total=0.5506 task=0.2960 | out_nov=0.0720 node_nov=0.3933 | div=0.0022 ip_mean=0.0022 | val_AP=0.3429 test_AP=0.3449
  S2 Epoch  39/500 [23.6s mem=15512MB] | total=0.5512 task=0.2970 | out_nov=0.0711 node_nov=0.4067 | div=0.0039 ip_mean=0.0039 | val_AP=0.3471 test_AP=0.3446
  S2 Epoch  40/500 [23.4s mem=15516MB] | total=0.5478 task=0.2960 | out_nov=0.0724 node_nov=0.4216 | div=0.0024 ip_mean=0.0024 | val_AP=0.3442 test_AP=0.3419
  S2 Epoch  41/500 [23.2s mem=15506MB] | total=0.5464 task=0.2956 | out_nov=0.0719 node_nov=0.4309 | div=0.0023 ip_mean=0.0023 | val_AP=0.3507 test_AP=0.3387
  S2 Epoch  42/500 [23.3s mem=15509MB] | total=0.5457 task=0.2956 | out_nov=0.0721 node_nov=0.4441 | div=0.0034 ip_mean=0.0034 | val_AP=0.3487 test_AP=0.3466
  S2 Epoch  43/500 [23.4s mem=15511MB] | total=0.5447 task=0.2955 | out_nov=0.0727 node_nov=0.4597 | div=0.0050 ip_mean=0.0050 | val_AP=0.3424 test_AP=0.3470
  S2 Epoch  44/500 [23.6s mem=15519MB] | total=0.5422 task=0.2954 | out_nov=0.0734 node_nov=0.4771 | div=0.0037 ip_mean=0.0037 | val_AP=0.3470 test_AP=0.3476
  S2 Epoch  45/500 [23.7s mem=15515MB] | total=0.5416 task=0.2964 | out_nov=0.0749 node_nov=0.4951 | div=0.0043 ip_mean=0.0043 | val_AP=0.3485 test_AP=0.3400
  S2 Epoch  46/500 [23.4s mem=15515MB] | total=0.5401 task=0.2953 | out_nov=0.0735 node_nov=0.5008 | div=0.0043 ip_mean=0.0043 | val_AP=0.3467 test_AP=0.3444
  S2 Epoch  47/500 [23.5s mem=15513MB] | total=0.5388 task=0.2953 | out_nov=0.0732 node_nov=0.5194 | div=0.0056 ip_mean=0.0056 | val_AP=0.3509 test_AP=0.3500
  S2 Epoch  48/500 [23.5s mem=15518MB] | total=0.5376 task=0.2950 | out_nov=0.0760 node_nov=0.5297 | div=0.0063 ip_mean=0.0063 | val_AP=0.3505 test_AP=0.3480
  S2 Epoch  49/500 [23.9s mem=15506MB] | total=0.5347 task=0.2945 | out_nov=0.0750 node_nov=0.5490 | div=0.0052 ip_mean=0.0052 | val_AP=0.3453 test_AP=0.3470
  S2 Epoch  50/500 [23.9s mem=15507MB] | total=0.5340 task=0.2945 | out_nov=0.0754 node_nov=0.5632 | div=0.0066 ip_mean=0.0066 | val_AP=0.3477 test_AP=0.3498
  S2 Epoch  51/500 [23.3s mem=15505MB] | total=0.5319 task=0.2948 | out_nov=0.0778 node_nov=0.5825 | div=0.0061 ip_mean=0.0061 | val_AP=0.3433 test_AP=0.3468
  S2 Epoch  52/500 [23.5s mem=15512MB] | total=0.5309 task=0.2950 | out_nov=0.0796 node_nov=0.6019 | div=0.0082 ip_mean=0.0082 | val_AP=0.3491 test_AP=0.3460
  S2 Epoch  53/500 [23.6s mem=15507MB] | total=0.5281 task=0.2938 | out_nov=0.0795 node_nov=0.6082 | div=0.0061 ip_mean=0.0061 | val_AP=0.3514 test_AP=0.3500
  S2 Epoch  54/500 [23.8s mem=15505MB] | total=0.5256 task=0.2928 | out_nov=0.0808 node_nov=0.6274 | div=0.0072 ip_mean=0.0072 | val_AP=0.3532 test_AP=0.3566
  S2 Epoch  55/500 [23.6s mem=15516MB] | total=0.5232 task=0.2935 | out_nov=0.0814 node_nov=0.6518 | div=0.0062 ip_mean=0.0062 | val_AP=0.3552 test_AP=0.3528
  S2 Epoch  56/500 [24.2s mem=15507MB] | total=0.5201 task=0.2917 | out_nov=0.0834 node_nov=0.6626 | div=0.0060 ip_mean=0.0060 | val_AP=0.3623 test_AP=0.3548
  S2 Epoch  57/500 [25.0s mem=15512MB] | total=0.5193 task=0.2918 | out_nov=0.0848 node_nov=0.6761 | div=0.0072 ip_mean=0.0072 | val_AP=0.3593 test_AP=0.3527
  S2 Epoch  58/500 [23.6s mem=15514MB] | total=0.5169 task=0.2910 | out_nov=0.0856 node_nov=0.6996 | div=0.0088 ip_mean=0.0088 | val_AP=0.3605 test_AP=0.3586
    -> New best val loss=0.2991
  S2 Epoch  59/500 [23.5s mem=15513MB] | total=0.5146 task=0.2906 | out_nov=0.0871 node_nov=0.7137 | div=0.0081 ip_mean=0.0081 | val_AP=0.3617 test_AP=0.3651
  S2 Epoch  60/500 [23.3s mem=15505MB] | total=0.5133 task=0.2903 | out_nov=0.0903 node_nov=0.7250 | div=0.0091 ip_mean=0.0091 | val_AP=0.3660 test_AP=0.3620
  S2 Epoch  61/500 [23.7s mem=15016MB] | total=0.5087 task=0.2888 | out_nov=0.0898 node_nov=0.7531 | div=0.0083 ip_mean=0.0083 | val_AP=0.3585 test_AP=0.3562
    -> New best val loss=0.2990
  S2 Epoch  62/500 [23.5s mem=15508MB] | total=0.5071 task=0.2883 | out_nov=0.0886 node_nov=0.7665 | div=0.0087 ip_mean=0.0087 | val_AP=0.3568 test_AP=0.3558
  S2 Epoch  63/500 [23.5s mem=15516MB] | total=0.5074 task=0.2908 | out_nov=0.0906 node_nov=0.7946 | div=0.0101 ip_mean=0.0101 | val_AP=0.3665 test_AP=0.3556
    -> New best val loss=0.2950
  S2 Epoch  64/500 [23.3s mem=15506MB] | total=0.5025 task=0.2890 | out_nov=0.0904 node_nov=0.8217 | div=0.0095 ip_mean=0.0095 | val_AP=0.3678 test_AP=0.3671
  S2 Epoch  65/500 [24.0s mem=15512MB] | total=0.5007 task=0.2897 | out_nov=0.0923 node_nov=0.8588 | div=0.0123 ip_mean=0.0123 | val_AP=0.3694 test_AP=0.3615
  S2 Epoch  66/500 [23.2s mem=15503MB] | total=0.5000 task=0.2920 | out_nov=0.0954 node_nov=0.8765 | div=0.0104 ip_mean=0.0104 | val_AP=0.3619 test_AP=0.3666
  S2 Epoch  67/500 [23.3s mem=15517MB] | total=0.4942 task=0.2889 | out_nov=0.0922 node_nov=0.9139 | div=0.0119 ip_mean=0.0119 | val_AP=0.3650 test_AP=0.3611
  S2 Epoch  68/500 [23.5s mem=15514MB] | total=0.4926 task=0.2902 | out_nov=0.0955 node_nov=0.9385 | div=0.0116 ip_mean=0.0116 | val_AP=0.3616 test_AP=0.3569
  S2 Epoch  69/500 [23.7s mem=15517MB] | total=0.4896 task=0.2910 | out_nov=0.0941 node_nov=0.9793 | div=0.0117 ip_mean=0.0117 | val_AP=0.3582 test_AP=0.3601
  S2 Epoch  70/500 [23.8s mem=15509MB] | total=0.4850 task=0.2908 | out_nov=0.0946 node_nov=1.0247 | div=0.0124 ip_mean=0.0124 | val_AP=0.3676 test_AP=0.3597
  S2 Epoch  71/500 [23.5s mem=15508MB] | total=0.4841 task=0.2911 | out_nov=0.0943 node_nov=1.0517 | div=0.0151 ip_mean=0.0151 | val_AP=0.3610 test_AP=0.3515
  S2 Epoch  72/500 [23.4s mem=15511MB] | total=0.4820 task=0.2925 | out_nov=0.0928 node_nov=1.0981 | div=0.0172 ip_mean=0.0172 | val_AP=0.3644 test_AP=0.3615
  S2 Epoch  73/500 [25.0s mem=15519MB] | total=0.4813 task=0.2945 | out_nov=0.0967 node_nov=1.1083 | div=0.0145 ip_mean=0.0145 | val_AP=0.3570 test_AP=0.3521
  S2 Epoch  74/500 [23.4s mem=15505MB] | total=0.4763 task=0.2922 | out_nov=0.0928 node_nov=1.1334 | div=0.0135 ip_mean=0.0135 | val_AP=0.3669 test_AP=0.3632
  S2 Epoch  75/500 [23.6s mem=15517MB] | total=0.4770 task=0.2949 | out_nov=0.0959 node_nov=1.1659 | div=0.0166 ip_mean=0.0166 | val_AP=0.3475 test_AP=0.3336
  S2 Epoch  76/500 [23.5s mem=15517MB] | total=0.4735 task=0.2936 | out_nov=0.0924 node_nov=1.1967 | div=0.0177 ip_mean=0.0177 | val_AP=0.3509 test_AP=0.3475
  S2 Epoch  77/500 [24.3s mem=15519MB] | total=0.4682 task=0.2914 | out_nov=0.0953 node_nov=1.2296 | div=0.0185 ip_mean=0.0185 | val_AP=0.3586 test_AP=0.3574
  S2 Epoch  78/500 [23.5s mem=15518MB] | total=0.4669 task=0.2911 | out_nov=0.0966 node_nov=1.2256 | div=0.0161 ip_mean=0.0161 | val_AP=0.3572 test_AP=0.3572
  S2 Epoch  79/500 [23.5s mem=15511MB] | total=0.4638 task=0.2918 | out_nov=0.0953 node_nov=1.2749 | div=0.0182 ip_mean=0.0182 | val_AP=0.3552 test_AP=0.3518
  S2 Epoch  80/500 [23.9s mem=15506MB] | total=0.4619 task=0.2919 | out_nov=0.0942 node_nov=1.2888 | div=0.0166 ip_mean=0.0166 | val_AP=0.3619 test_AP=0.3579
  S2 Epoch  81/500 [23.6s mem=15504MB] | total=0.4618 task=0.2935 | out_nov=0.0987 node_nov=1.3007 | div=0.0163 ip_mean=0.0163 | val_AP=0.3564 test_AP=0.3530
  S2 Epoch  82/500 [23.7s mem=15508MB] | total=0.4600 task=0.2927 | out_nov=0.0943 node_nov=1.3139 | div=0.0162 ip_mean=0.0162 | val_AP=0.3545 test_AP=0.3611
  S2 Epoch  83/500 [23.3s mem=15514MB] | total=0.4589 task=0.2926 | out_nov=0.0944 node_nov=1.3213 | div=0.0156 ip_mean=0.0156 | val_AP=0.3641 test_AP=0.3620
  S2 Epoch  84/500 [23.4s mem=15514MB] | total=0.4558 task=0.2911 | out_nov=0.0962 node_nov=1.3384 | div=0.0165 ip_mean=0.0165 | val_AP=0.3552 test_AP=0.3579
  S2 Epoch  85/500 [24.0s mem=15508MB] | total=0.4551 task=0.2914 | out_nov=0.0983 node_nov=1.3481 | div=0.0168 ip_mean=0.0168 | val_AP=0.3612 test_AP=0.3588
  S2 Epoch  86/500 [23.6s mem=15501MB] | total=0.4539 task=0.2920 | out_nov=0.0949 node_nov=1.3667 | div=0.0162 ip_mean=0.0162 | val_AP=0.3665 test_AP=0.3554
  S2 Epoch  87/500 [24.3s mem=15508MB] | total=0.4535 task=0.2909 | out_nov=0.0967 node_nov=1.3729 | div=0.0192 ip_mean=0.0192 | val_AP=0.3688 test_AP=0.3615
  S2 Epoch  88/500 [23.4s mem=15511MB] | total=0.4507 task=0.2887 | out_nov=0.0972 node_nov=1.3754 | div=0.0185 ip_mean=0.0185 | val_AP=0.3564 test_AP=0.3544
  S2 Epoch  89/500 [23.3s mem=15504MB] | total=0.4513 task=0.2898 | out_nov=0.0989 node_nov=1.3945 | div=0.0216 ip_mean=0.0216 | val_AP=0.3737 test_AP=0.3644
  S2 Epoch  90/500 [23.5s mem=15509MB] | total=0.4507 task=0.2915 | out_nov=0.1003 node_nov=1.4051 | div=0.0194 ip_mean=0.0194 | val_AP=0.3564 test_AP=0.3478
  S2 Epoch  91/500 [23.4s mem=15513MB] | total=0.4484 task=0.2912 | out_nov=0.0987 node_nov=1.4135 | div=0.0170 ip_mean=0.0170 | val_AP=0.3705 test_AP=0.3639
  S2 Epoch  92/500 [23.5s mem=15514MB] | total=0.4463 task=0.2897 | out_nov=0.0977 node_nov=1.4214 | div=0.0171 ip_mean=0.0171 | val_AP=0.3780 test_AP=0.3793
  S2 Epoch  93/500 [23.8s mem=15508MB] | total=0.4443 task=0.2885 | out_nov=0.0999 node_nov=1.4292 | div=0.0173 ip_mean=0.0173 | val_AP=0.3726 test_AP=0.3748
  S2 Epoch  94/500 [23.6s mem=15512MB] | total=0.4430 task=0.2885 | out_nov=0.0984 node_nov=1.4415 | div=0.0169 ip_mean=0.0169 | val_AP=0.3670 test_AP=0.3655
  S2 Epoch  95/500 [23.6s mem=15511MB] | total=0.4441 task=0.2898 | out_nov=0.0991 node_nov=1.4446 | div=0.0174 ip_mean=0.0174 | val_AP=0.3660 test_AP=0.3546
  S2 Epoch  96/500 [23.5s mem=15522MB] | total=0.4414 task=0.2878 | out_nov=0.0930 node_nov=1.4547 | div=0.0169 ip_mean=0.0169 | val_AP=0.3641 test_AP=0.3630
  S2 Epoch  97/500 [23.4s mem=15511MB] | total=0.4420 task=0.2889 | out_nov=0.1001 node_nov=1.4565 | div=0.0175 ip_mean=0.0175 | val_AP=0.3800 test_AP=0.3675
  S2 Epoch  98/500 [23.5s mem=15506MB] | total=0.4407 task=0.2882 | out_nov=0.1023 node_nov=1.4558 | div=0.0166 ip_mean=0.0166 | val_AP=0.3717 test_AP=0.3701
  S2 Epoch  99/500 [23.4s mem=15500MB] | total=0.4351 task=0.2839 | out_nov=0.0992 node_nov=1.4636 | div=0.0150 ip_mean=0.0150 | val_AP=0.3722 test_AP=0.3685
  S2 Epoch 100/500 [23.6s mem=15508MB] | total=0.4376 task=0.2863 | out_nov=0.0998 node_nov=1.4721 | div=0.0171 ip_mean=0.0171 | val_AP=0.3736 test_AP=0.3720
  S2 Epoch 101/500 [23.3s mem=15516MB] | total=0.4328 task=0.2831 | out_nov=0.1017 node_nov=1.4808 | div=0.0160 ip_mean=0.0160 | val_AP=0.3633 test_AP=0.3591
  S2 Epoch 102/500 [23.5s mem=15512MB] | total=0.4387 task=0.2882 | out_nov=0.0966 node_nov=1.4803 | div=0.0165 ip_mean=0.0165 | val_AP=0.3705 test_AP=0.3648
  S2 Epoch 103/500 [23.6s mem=15512MB] | total=0.4343 task=0.2845 | out_nov=0.1035 node_nov=1.4792 | div=0.0161 ip_mean=0.0161 | val_AP=0.3869 test_AP=0.3803
  S2 Epoch 104/500 [23.4s mem=15508MB] | total=0.4338 task=0.2834 | out_nov=0.1015 node_nov=1.4833 | div=0.0177 ip_mean=0.0177 | val_AP=0.3786 test_AP=0.3700
  S2 Epoch 105/500 [23.3s mem=15504MB] | total=0.4295 task=0.2817 | out_nov=0.1040 node_nov=1.4940 | div=0.0151 ip_mean=0.0151 | val_AP=0.3741 test_AP=0.3744
    -> New best val loss=0.2943
  S2 Epoch 106/500 [24.5s mem=15509MB] | total=0.4331 task=0.2843 | out_nov=0.1017 node_nov=1.4873 | div=0.0155 ip_mean=0.0155 | val_AP=0.3709 test_AP=0.3665
  S2 Epoch 107/500 [23.3s mem=15509MB] | total=0.4338 task=0.2857 | out_nov=0.1034 node_nov=1.4925 | div=0.0153 ip_mean=0.0153 | val_AP=0.3778 test_AP=0.3748
  S2 Epoch 108/500 [24.2s mem=15507MB] | total=0.4299 task=0.2821 | out_nov=0.1036 node_nov=1.4937 | div=0.0152 ip_mean=0.0152 | val_AP=0.3899 test_AP=0.3754
  S2 Epoch 109/500 [23.9s mem=15511MB] | total=0.4293 task=0.2818 | out_nov=0.0983 node_nov=1.5078 | div=0.0162 ip_mean=0.0162 | val_AP=0.3809 test_AP=0.3772
  S2 Epoch 110/500 [24.1s mem=15510MB] | total=0.4280 task=0.2825 | out_nov=0.1038 node_nov=1.5148 | div=0.0149 ip_mean=0.0149 | val_AP=0.3791 test_AP=0.3790
  S2 Epoch 111/500 [23.7s mem=15507MB] | total=0.4298 task=0.2832 | out_nov=0.0996 node_nov=1.5178 | div=0.0168 ip_mean=0.0168 | val_AP=0.3820 test_AP=0.3917
  S2 Epoch 112/500 [23.8s mem=15514MB] | total=0.4276 task=0.2811 | out_nov=0.1039 node_nov=1.5137 | div=0.0165 ip_mean=0.0165 | val_AP=0.3832 test_AP=0.3790
  S2 Epoch 113/500 [23.4s mem=15514MB] | total=0.4271 task=0.2822 | out_nov=0.1060 node_nov=1.5201 | div=0.0148 ip_mean=0.0148 | val_AP=0.3758 test_AP=0.3710
  S2 Epoch 114/500 [24.4s mem=15518MB] | total=0.4289 task=0.2835 | out_nov=0.1037 node_nov=1.5224 | div=0.0160 ip_mean=0.0160 | val_AP=0.3701 test_AP=0.3676
  S2 Epoch 115/500 [23.3s mem=15504MB] | total=0.4262 task=0.2811 | out_nov=0.1034 node_nov=1.5267 | div=0.0162 ip_mean=0.0162 | val_AP=0.3868 test_AP=0.3802
  S2 Epoch 116/500 [23.5s mem=15503MB] | total=0.4264 task=0.2808 | out_nov=0.1074 node_nov=1.5205 | div=0.0169 ip_mean=0.0169 | val_AP=0.3828 test_AP=0.3698
  S2 Epoch 117/500 [23.4s mem=15521MB] | total=0.4210 task=0.2757 | out_nov=0.1079 node_nov=1.5225 | div=0.0166 ip_mean=0.0166 | val_AP=0.3912 test_AP=0.3784
  S2 Epoch 118/500 [23.5s mem=15518MB] | total=0.4227 task=0.2792 | out_nov=0.1097 node_nov=1.5288 | div=0.0147 ip_mean=0.0147 | val_AP=0.3918 test_AP=0.3864
  S2 Epoch 119/500 [23.2s mem=15515MB] | total=0.4225 task=0.2764 | out_nov=0.1113 node_nov=1.5158 | div=0.0177 ip_mean=0.0177 | val_AP=0.3644 test_AP=0.3683
  S2 Epoch 120/500 [23.6s mem=15507MB] | total=0.4229 task=0.2787 | out_nov=0.1064 node_nov=1.5355 | div=0.0168 ip_mean=0.0168 | val_AP=0.3941 test_AP=0.3784
  S2 Epoch 121/500 [23.8s mem=15509MB] | total=0.4203 task=0.2767 | out_nov=0.1100 node_nov=1.5318 | div=0.0156 ip_mean=0.0156 | val_AP=0.3965 test_AP=0.3891
  S2 Epoch 122/500 [24.1s mem=15515MB] | total=0.4217 task=0.2779 | out_nov=0.1067 node_nov=1.5391 | div=0.0167 ip_mean=0.0167 | val_AP=0.3937 test_AP=0.3723
  S2 Epoch 123/500 [23.3s mem=15517MB] | total=0.4211 task=0.2775 | out_nov=0.1100 node_nov=1.5372 | div=0.0166 ip_mean=0.0166 | val_AP=0.3832 test_AP=0.3787
  S2 Epoch 124/500 [23.4s mem=15509MB] | total=0.4196 task=0.2759 | out_nov=0.1110 node_nov=1.5373 | div=0.0170 ip_mean=0.0170 | val_AP=0.3776 test_AP=0.3813
  S2 Epoch 125/500 [23.3s mem=15517MB] | total=0.4156 task=0.2724 | out_nov=0.1089 node_nov=1.5405 | div=0.0163 ip_mean=0.0163 | val_AP=0.3886 test_AP=0.3841
  S2 Epoch 126/500 [23.4s mem=15513MB] | total=0.4152 task=0.2733 | out_nov=0.1079 node_nov=1.5480 | div=0.0151 ip_mean=0.0151 | val_AP=0.3893 test_AP=0.3790
    -> New best val loss=0.2919
  S2 Epoch 127/500 [23.9s mem=15507MB] | total=0.4149 task=0.2748 | out_nov=0.1112 node_nov=1.5610 | div=0.0148 ip_mean=0.0148 | val_AP=0.3862 test_AP=0.3859
  S2 Epoch 128/500 [23.3s mem=15510MB] | total=0.4137 task=0.2727 | out_nov=0.1105 node_nov=1.5568 | div=0.0155 ip_mean=0.0155 | val_AP=0.3881 test_AP=0.3773
  S2 Epoch 129/500 [23.8s mem=15505MB] | total=0.4127 task=0.2727 | out_nov=0.1105 node_nov=1.5580 | div=0.0138 ip_mean=0.0138 | val_AP=0.3899 test_AP=0.3833
  S2 Epoch 130/500 [23.4s mem=15512MB] | total=0.4152 task=0.2739 | out_nov=0.1113 node_nov=1.5546 | div=0.0159 ip_mean=0.0159 | val_AP=0.3895 test_AP=0.3860
  S2 Epoch 131/500 [24.2s mem=15519MB] | total=0.4107 task=0.2708 | out_nov=0.1121 node_nov=1.5588 | div=0.0141 ip_mean=0.0141 | val_AP=0.3783 test_AP=0.3687
  S2 Epoch 132/500 [23.9s mem=15513MB] | total=0.4125 task=0.2718 | out_nov=0.1109 node_nov=1.5631 | div=0.0162 ip_mean=0.0162 | val_AP=0.3892 test_AP=0.3829
  S2 Epoch 133/500 [23.5s mem=15514MB] | total=0.4137 task=0.2728 | out_nov=0.1110 node_nov=1.5643 | div=0.0168 ip_mean=0.0168 | val_AP=0.3979 test_AP=0.3830
  S2 Epoch 134/500 [24.2s mem=15509MB] | total=0.4119 task=0.2723 | out_nov=0.1130 node_nov=1.5639 | div=0.0148 ip_mean=0.0148 | val_AP=0.3862 test_AP=0.3800
  S2 Epoch 135/500 [23.5s mem=15519MB] | total=0.4103 task=0.2710 | out_nov=0.1095 node_nov=1.5694 | div=0.0143 ip_mean=0.0143 | val_AP=0.3885 test_AP=0.3763
  S2 Epoch 136/500 [23.5s mem=15513MB] | total=0.4107 task=0.2715 | out_nov=0.1141 node_nov=1.5672 | div=0.0146 ip_mean=0.0146 | val_AP=0.3956 test_AP=0.3851
  S2 Epoch 137/500 [23.3s mem=15517MB] | total=0.4109 task=0.2709 | out_nov=0.1150 node_nov=1.5634 | div=0.0156 ip_mean=0.0156 | val_AP=0.3974 test_AP=0.3886
    -> New best val loss=0.2913
  S2 Epoch 138/500 [23.2s mem=15517MB] | total=0.4070 task=0.2678 | out_nov=0.1150 node_nov=1.5712 | div=0.0157 ip_mean=0.0157 | val_AP=0.3891 test_AP=0.3913
  S2 Epoch 139/500 [23.4s mem=15504MB] | total=0.4072 task=0.2692 | out_nov=0.1140 node_nov=1.5754 | div=0.0139 ip_mean=0.0139 | val_AP=0.4022 test_AP=0.3877
  S2 Epoch 140/500 [23.3s mem=15512MB] | total=0.4056 task=0.2661 | out_nov=0.1142 node_nov=1.5657 | div=0.0148 ip_mean=0.0148 | val_AP=0.3950 test_AP=0.3876
  S2 Epoch 141/500 [23.4s mem=15511MB] | total=0.4101 task=0.2707 | out_nov=0.1174 node_nov=1.5645 | div=0.0151 ip_mean=0.0151 | val_AP=0.3984 test_AP=0.3851
  S2 Epoch 142/500 [23.3s mem=15507MB] | total=0.4047 task=0.2671 | out_nov=0.1172 node_nov=1.5742 | div=0.0135 ip_mean=0.0135 | val_AP=0.3905 test_AP=0.3859
  S2 Epoch 143/500 [23.7s mem=15514MB] | total=0.4066 task=0.2685 | out_nov=0.1160 node_nov=1.5749 | div=0.0143 ip_mean=0.0143 | val_AP=0.3952 test_AP=0.3921
  S2 Epoch 144/500 [24.3s mem=15511MB] | total=0.4023 task=0.2651 | out_nov=0.1165 node_nov=1.5814 | div=0.0141 ip_mean=0.0141 | val_AP=0.3816 test_AP=0.3856
  S2 Epoch 145/500 [23.4s mem=15512MB] | total=0.4060 task=0.2666 | out_nov=0.1174 node_nov=1.5757 | div=0.0173 ip_mean=0.0173 | val_AP=0.3984 test_AP=0.3946
  S2 Epoch 146/500 [23.4s mem=15504MB] | total=0.4070 task=0.2684 | out_nov=0.1189 node_nov=1.5763 | div=0.0162 ip_mean=0.0162 | val_AP=0.4024 test_AP=0.3969
  S2 Epoch 147/500 [23.4s mem=15512MB] | total=0.4000 task=0.2634 | out_nov=0.1193 node_nov=1.5834 | div=0.0137 ip_mean=0.0137 | val_AP=0.4041 test_AP=0.3920
  S2 Epoch 148/500 [24.8s mem=15506MB] | total=0.3999 task=0.2615 | out_nov=0.1161 node_nov=1.5854 | div=0.0171 ip_mean=0.0171 | val_AP=0.3912 test_AP=0.3868
  S2 Epoch 149/500 [24.3s mem=15518MB] | total=0.4024 task=0.2651 | out_nov=0.1164 node_nov=1.5901 | div=0.0159 ip_mean=0.0159 | val_AP=0.4051 test_AP=0.3945
  S2 Epoch 150/500 [23.8s mem=15515MB] | total=0.3984 task=0.2626 | out_nov=0.1203 node_nov=1.5915 | div=0.0139 ip_mean=0.0139 | val_AP=0.3975 test_AP=0.3992
  S2 Epoch 151/500 [23.3s mem=15508MB] | total=0.4013 task=0.2640 | out_nov=0.1200 node_nov=1.5839 | div=0.0154 ip_mean=0.0154 | val_AP=0.3947 test_AP=0.3896
  S2 Epoch 152/500 [23.5s mem=15511MB] | total=0.3984 task=0.2615 | out_nov=0.1210 node_nov=1.5953 | div=0.0171 ip_mean=0.0171 | val_AP=0.4074 test_AP=0.3940
  S2 Epoch 153/500 [23.4s mem=15508MB] | total=0.3999 task=0.2629 | out_nov=0.1206 node_nov=1.5875 | div=0.0156 ip_mean=0.0156 | val_AP=0.4050 test_AP=0.3952
  S2 Epoch 154/500 [23.2s mem=15513MB] | total=0.4090 task=0.2684 | out_nov=0.1226 node_nov=1.5586 | div=0.0173 ip_mean=0.0173 | val_AP=0.3896 test_AP=0.3876
  S2 Epoch 155/500 [23.4s mem=15517MB] | total=0.3996 task=0.2608 | out_nov=0.1217 node_nov=1.5693 | div=0.0158 ip_mean=0.0158 | val_AP=0.4071 test_AP=0.3942
  S2 Epoch 156/500 [23.3s mem=15509MB] | total=0.3972 task=0.2603 | out_nov=0.1211 node_nov=1.5895 | div=0.0158 ip_mean=0.0158 | val_AP=0.4022 test_AP=0.3928
  S2 Epoch 157/500 [23.5s mem=15514MB] | total=0.3995 task=0.2618 | out_nov=0.1215 node_nov=1.5839 | div=0.0165 ip_mean=0.0165 | val_AP=0.3992 test_AP=0.3932
  S2 Epoch 158/500 [24.0s mem=15504MB] | total=0.3920 task=0.2564 | out_nov=0.1242 node_nov=1.5939 | div=0.0147 ip_mean=0.0147 | val_AP=0.4150 test_AP=0.3922
    -> New best val loss=0.2900
  S2 Epoch 159/500 [23.4s mem=15508MB] | total=0.3947 task=0.2593 | out_nov=0.1228 node_nov=1.5995 | div=0.0153 ip_mean=0.0153 | val_AP=0.4044 test_AP=0.3952
  S2 Epoch 160/500 [23.3s mem=15516MB] | total=0.3989 task=0.2629 | out_nov=0.1206 node_nov=1.5950 | div=0.0151 ip_mean=0.0151 | val_AP=0.4036 test_AP=0.3874
  S2 Epoch 161/500 [23.5s mem=15505MB] | total=0.3934 task=0.2584 | out_nov=0.1218 node_nov=1.6013 | div=0.0146 ip_mean=0.0146 | val_AP=0.4013 test_AP=0.3809
  S2 Epoch 162/500 [23.4s mem=15515MB] | total=0.3934 task=0.2582 | out_nov=0.1223 node_nov=1.6005 | div=0.0150 ip_mean=0.0150 | val_AP=0.4075 test_AP=0.3921
  S2 Epoch 163/500 [23.6s mem=15510MB] | total=0.3912 task=0.2558 | out_nov=0.1248 node_nov=1.5967 | div=0.0152 ip_mean=0.0152 | val_AP=0.4122 test_AP=0.3934
  S2 Epoch 164/500 [23.4s mem=15511MB] | total=0.3898 task=0.2541 | out_nov=0.1233 node_nov=1.5980 | div=0.0155 ip_mean=0.0155 | val_AP=0.4004 test_AP=0.3951
    -> New best val loss=0.2896
  S2 Epoch 165/500 [23.9s mem=15506MB] | total=0.3889 task=0.2543 | out_nov=0.1253 node_nov=1.6006 | div=0.0143 ip_mean=0.0143 | val_AP=0.4169 test_AP=0.4043
  S2 Epoch 166/500 [23.7s mem=15519MB] | total=0.3893 task=0.2543 | out_nov=0.1251 node_nov=1.6018 | div=0.0154 ip_mean=0.0154 | val_AP=0.4029 test_AP=0.3931
  S2 Epoch 167/500 [23.4s mem=15514MB] | total=0.3926 task=0.2573 | out_nov=0.1251 node_nov=1.5978 | div=0.0151 ip_mean=0.0151 | val_AP=0.4043 test_AP=0.3894
  S2 Epoch 168/500 [23.5s mem=15506MB] | total=0.3917 task=0.2556 | out_nov=0.1234 node_nov=1.6035 | div=0.0175 ip_mean=0.0175 | val_AP=0.4045 test_AP=0.4039
  S2 Epoch 169/500 [23.8s mem=15507MB] | total=0.3917 task=0.2556 | out_nov=0.1239 node_nov=1.6000 | div=0.0171 ip_mean=0.0171 | val_AP=0.4031 test_AP=0.3994
  S2 Epoch 170/500 [23.4s mem=15512MB] | total=0.3898 task=0.2544 | out_nov=0.1229 node_nov=1.6082 | div=0.0170 ip_mean=0.0170 | val_AP=0.4085 test_AP=0.4048
    -> New best val loss=0.2868
  S2 Epoch 171/500 [23.4s mem=15514MB] | total=0.3882 task=0.2534 | out_nov=0.1250 node_nov=1.6062 | div=0.0159 ip_mean=0.0159 | val_AP=0.4166 test_AP=0.4024
  S2 Epoch 172/500 [23.7s mem=15510MB] | total=0.3874 task=0.2524 | out_nov=0.1228 node_nov=1.6068 | div=0.0158 ip_mean=0.0158 | val_AP=0.4143 test_AP=0.4002
  S2 Epoch 173/500 [23.8s mem=15512MB] | total=0.3850 task=0.2515 | out_nov=0.1255 node_nov=1.6098 | div=0.0140 ip_mean=0.0140 | val_AP=0.4122 test_AP=0.4052
  S2 Epoch 174/500 [24.9s mem=15511MB] | total=0.3864 task=0.2520 | out_nov=0.1261 node_nov=1.6091 | div=0.0158 ip_mean=0.0158 | val_AP=0.4085 test_AP=0.4047
  S2 Epoch 175/500 [23.5s mem=15505MB] | total=0.3852 task=0.2513 | out_nov=0.1234 node_nov=1.6163 | div=0.0157 ip_mean=0.0157 | val_AP=0.4259 test_AP=0.4094
  S2 Epoch 176/500 [23.4s mem=15514MB] | total=0.3851 task=0.2517 | out_nov=0.1255 node_nov=1.6116 | div=0.0142 ip_mean=0.0142 | val_AP=0.4139 test_AP=0.4023
  S2 Epoch 177/500 [24.2s mem=15519MB] | total=0.3814 task=0.2481 | out_nov=0.1291 node_nov=1.6093 | div=0.0144 ip_mean=0.0144 | val_AP=0.4104 test_AP=0.4040
  S2 Epoch 178/500 [23.6s mem=15503MB] | total=0.3817 task=0.2478 | out_nov=0.1292 node_nov=1.6120 | div=0.0159 ip_mean=0.0159 | val_AP=0.4049 test_AP=0.4012
  S2 Epoch 179/500 [23.3s mem=15517MB] | total=0.3885 task=0.2525 | out_nov=0.1299 node_nov=1.5940 | div=0.0168 ip_mean=0.0168 | val_AP=0.4158 test_AP=0.4021
  S2 Epoch 180/500 [24.5s mem=15504MB] | total=0.3835 task=0.2486 | out_nov=0.1325 node_nov=1.5994 | div=0.0162 ip_mean=0.0162 | val_AP=0.4199 test_AP=0.4005
  S2 Epoch 181/500 [23.9s mem=15498MB] | total=0.3883 task=0.2524 | out_nov=0.1299 node_nov=1.5986 | div=0.0176 ip_mean=0.0176 | val_AP=0.4127 test_AP=0.3992
  S2 Epoch 182/500 [24.0s mem=15512MB] | total=0.3795 task=0.2449 | out_nov=0.1279 node_nov=1.6109 | div=0.0168 ip_mean=0.0168 | val_AP=0.4187 test_AP=0.4052
  S2 Epoch 183/500 [23.5s mem=15516MB] | total=0.3799 task=0.2466 | out_nov=0.1319 node_nov=1.6081 | div=0.0148 ip_mean=0.0148 | val_AP=0.3969 test_AP=0.3939
  S2 Epoch 184/500 [23.6s mem=15518MB] | total=0.3805 task=0.2469 | out_nov=0.1302 node_nov=1.6115 | div=0.0154 ip_mean=0.0154 | val_AP=0.3962 test_AP=0.3934
  S2 Epoch 185/500 [23.5s mem=15504MB] | total=0.3775 task=0.2443 | out_nov=0.1331 node_nov=1.6096 | div=0.0148 ip_mean=0.0148 | val_AP=0.4117 test_AP=0.3993
  S2 Epoch 186/500 [23.4s mem=15511MB] | total=0.3783 task=0.2458 | out_nov=0.1294 node_nov=1.6194 | div=0.0148 ip_mean=0.0148 | val_AP=0.4117 test_AP=0.4060
  S2 Epoch 187/500 [24.4s mem=15509MB] | total=0.3791 task=0.2456 | out_nov=0.1310 node_nov=1.6106 | div=0.0153 ip_mean=0.0153 | val_AP=0.4086 test_AP=0.3931
  S2 Epoch 188/500 [23.9s mem=15504MB] | total=0.3771 task=0.2439 | out_nov=0.1359 node_nov=1.6078 | div=0.0151 ip_mean=0.0151 | val_AP=0.4073 test_AP=0.3949
  S2 Epoch 189/500 [23.8s mem=15506MB] | total=0.3825 task=0.2470 | out_nov=0.1352 node_nov=1.5959 | div=0.0172 ip_mean=0.0172 | val_AP=0.4227 test_AP=0.4026
  S2 Epoch 190/500 [23.4s mem=15526MB] | total=0.3790 task=0.2445 | out_nov=0.1369 node_nov=1.5993 | div=0.0163 ip_mean=0.0163 | val_AP=0.4241 test_AP=0.4039
  S2 Epoch 191/500 [23.9s mem=15510MB] | total=0.3776 task=0.2439 | out_nov=0.1339 node_nov=1.6057 | div=0.0154 ip_mean=0.0154 | val_AP=0.4165 test_AP=0.3993
  S2 Epoch 192/500 [23.4s mem=15508MB] | total=0.3749 task=0.2417 | out_nov=0.1338 node_nov=1.6102 | div=0.0153 ip_mean=0.0153 | val_AP=0.4211 test_AP=0.4001
  S2 Epoch 193/500 [23.4s mem=15513MB] | total=0.3729 task=0.2401 | out_nov=0.1341 node_nov=1.6157 | div=0.0155 ip_mean=0.0155 | val_AP=0.4188 test_AP=0.4025
  S2 Epoch 194/500 [23.4s mem=15509MB] | total=0.3761 task=0.2422 | out_nov=0.1378 node_nov=1.6037 | div=0.0161 ip_mean=0.0161 | val_AP=0.4297 test_AP=0.4094
  S2 Epoch 195/500 [23.6s mem=15512MB] | total=0.3738 task=0.2406 | out_nov=0.1327 node_nov=1.6111 | div=0.0152 ip_mean=0.0152 | val_AP=0.4128 test_AP=0.4059
  S2 Epoch 196/500 [23.5s mem=15518MB] | total=0.3716 task=0.2401 | out_nov=0.1331 node_nov=1.6195 | div=0.0135 ip_mean=0.0135 | val_AP=0.4157 test_AP=0.4085
  S2 Epoch 197/500 [23.3s mem=15517MB] | total=0.3757 task=0.2423 | out_nov=0.1357 node_nov=1.6143 | div=0.0169 ip_mean=0.0169 | val_AP=0.4212 test_AP=0.4140
  S2 Epoch 198/500 [23.5s mem=15509MB] | total=0.3715 task=0.2391 | out_nov=0.1385 node_nov=1.6209 | div=0.0169 ip_mean=0.0169 | val_AP=0.4111 test_AP=0.3985
  S2 Epoch 199/500 [23.6s mem=15511MB] | total=0.3710 task=0.2391 | out_nov=0.1389 node_nov=1.6216 | div=0.0160 ip_mean=0.0160 | val_AP=0.4336 test_AP=0.4162
    -> New best val loss=0.2866
  S2 Epoch 200/500 [23.6s mem=15500MB] | total=0.3667 task=0.2361 | out_nov=0.1397 node_nov=1.6261 | div=0.0145 ip_mean=0.0145 | val_AP=0.4278 test_AP=0.4131
  S2 Epoch 201/500 [23.7s mem=15510MB] | total=0.3693 task=0.2378 | out_nov=0.1390 node_nov=1.6236 | div=0.0155 ip_mean=0.0155 | val_AP=0.4200 test_AP=0.4211
  S2 Epoch 202/500 [23.4s mem=15517MB] | total=0.3702 task=0.2388 | out_nov=0.1375 node_nov=1.6238 | div=0.0149 ip_mean=0.0149 | val_AP=0.4245 test_AP=0.4166
  S2 Epoch 203/500 [25.4s mem=15502MB] | total=0.3651 task=0.2337 | out_nov=0.1420 node_nov=1.6270 | div=0.0166 ip_mean=0.0166 | val_AP=0.4280 test_AP=0.4158
  S2 Epoch 204/500 [24.8s mem=15511MB] | total=0.3665 task=0.2347 | out_nov=0.1398 node_nov=1.6248 | div=0.0165 ip_mean=0.0165 | val_AP=0.4200 test_AP=0.4139
  S2 Epoch 205/500 [23.4s mem=15510MB] | total=0.3661 task=0.2352 | out_nov=0.1426 node_nov=1.6241 | div=0.0152 ip_mean=0.0152 | val_AP=0.4185 test_AP=0.4180
  S2 Epoch 206/500 [23.5s mem=15511MB] | total=0.3682 task=0.2369 | out_nov=0.1415 node_nov=1.6314 | div=0.0171 ip_mean=0.0171 | val_AP=0.4278 test_AP=0.4154
  S2 Epoch 207/500 [24.8s mem=15515MB] | total=0.3639 task=0.2325 | out_nov=0.1412 node_nov=1.6253 | div=0.0161 ip_mean=0.0161 | val_AP=0.4274 test_AP=0.4128
  S2 Epoch 208/500 [23.3s mem=15510MB] | total=0.3646 task=0.2333 | out_nov=0.1411 node_nov=1.6265 | div=0.0159 ip_mean=0.0159 | val_AP=0.4234 test_AP=0.4111
  S2 Epoch 209/500 [23.6s mem=15507MB] | total=0.3657 task=0.2336 | out_nov=0.1386 node_nov=1.6249 | div=0.0168 ip_mean=0.0168 | val_AP=0.4347 test_AP=0.4218
  S2 Epoch 210/500 [25.5s mem=15502MB] | total=0.3622 task=0.2312 | out_nov=0.1401 node_nov=1.6303 | div=0.0161 ip_mean=0.0161 | val_AP=0.4374 test_AP=0.4200
  S2 Epoch 211/500 [26.4s mem=15509MB] | total=0.3600 task=0.2301 | out_nov=0.1440 node_nov=1.6313 | div=0.0149 ip_mean=0.0149 | val_AP=0.4120 test_AP=0.4059
  S2 Epoch 212/500 [25.1s mem=15508MB] | total=0.3613 task=0.2301 | out_nov=0.1400 node_nov=1.6308 | div=0.0165 ip_mean=0.0165 | val_AP=0.4304 test_AP=0.4221
  S2 Epoch 213/500 [26.5s mem=15506MB] | total=0.3591 task=0.2287 | out_nov=0.1423 node_nov=1.6309 | div=0.0154 ip_mean=0.0154 | val_AP=0.4181 test_AP=0.4167
  S2 Epoch 214/500 [26.6s mem=15510MB] | total=0.3592 task=0.2296 | out_nov=0.1463 node_nov=1.6339 | div=0.0151 ip_mean=0.0151 | val_AP=0.4393 test_AP=0.4321
  S2 Epoch 215/500 [25.1s mem=15510MB] | total=0.3588 task=0.2290 | out_nov=0.1470 node_nov=1.6310 | div=0.0150 ip_mean=0.0150 | val_AP=0.4216 test_AP=0.4133
  S2 Epoch 216/500 [25.8s mem=15516MB] | total=0.3585 task=0.2287 | out_nov=0.1461 node_nov=1.6359 | div=0.0159 ip_mean=0.0159 | val_AP=0.4251 test_AP=0.4120
  S2 Epoch 217/500 [24.6s mem=15510MB] | total=0.3584 task=0.2282 | out_nov=0.1445 node_nov=1.6330 | div=0.0160 ip_mean=0.0160 | val_AP=0.4380 test_AP=0.4219
  S2 Epoch 218/500 [24.4s mem=15517MB] | total=0.3552 task=0.2263 | out_nov=0.1481 node_nov=1.6333 | div=0.0140 ip_mean=0.0140 | val_AP=0.4178 test_AP=0.4173
  S2 Epoch 219/500 [23.6s mem=15508MB] | total=0.3561 task=0.2267 | out_nov=0.1461 node_nov=1.6406 | div=0.0161 ip_mean=0.0161 | val_AP=0.4342 test_AP=0.4158
  S2 Epoch 220/500 [23.8s mem=15504MB] | total=0.3562 task=0.2263 | out_nov=0.1462 node_nov=1.6332 | div=0.0157 ip_mean=0.0157 | val_AP=0.4256 test_AP=0.4160
  S2 Epoch 221/500 [23.6s mem=15514MB] | total=0.3536 task=0.2243 | out_nov=0.1454 node_nov=1.6362 | div=0.0149 ip_mean=0.0149 | val_AP=0.4280 test_AP=0.4143
  S2 Epoch 222/500 [23.4s mem=15514MB] | total=0.3546 task=0.2245 | out_nov=0.1477 node_nov=1.6347 | div=0.0165 ip_mean=0.0165 | val_AP=0.4399 test_AP=0.4277
  S2 Epoch 223/500 [24.2s mem=15511MB] | total=0.3532 task=0.2243 | out_nov=0.1475 node_nov=1.6368 | div=0.0147 ip_mean=0.0147 | val_AP=0.4338 test_AP=0.4320
  S2 Epoch 224/500 [23.6s mem=15509MB] | total=0.3552 task=0.2255 | out_nov=0.1480 node_nov=1.6321 | div=0.0153 ip_mean=0.0153 | val_AP=0.4445 test_AP=0.4282
  S2 Epoch 225/500 [23.4s mem=15500MB] | total=0.3537 task=0.2245 | out_nov=0.1472 node_nov=1.6363 | div=0.0152 ip_mean=0.0152 | val_AP=0.4233 test_AP=0.4262
  S2 Epoch 226/500 [23.3s mem=15514MB] | total=0.3527 task=0.2236 | out_nov=0.1498 node_nov=1.6372 | div=0.0157 ip_mean=0.0157 | val_AP=0.4341 test_AP=0.4202
  S2 Epoch 227/500 [23.6s mem=15505MB] | total=0.3499 task=0.2212 | out_nov=0.1481 node_nov=1.6361 | div=0.0143 ip_mean=0.0143 | val_AP=0.4292 test_AP=0.4212
  S2 Epoch 228/500 [24.0s mem=15516MB] | total=0.3487 task=0.2202 | out_nov=0.1513 node_nov=1.6375 | div=0.0149 ip_mean=0.0149 | val_AP=0.4318 test_AP=0.4270
  S2 Epoch 229/500 [23.4s mem=15511MB] | total=0.3496 task=0.2215 | out_nov=0.1535 node_nov=1.6410 | div=0.0152 ip_mean=0.0152 | val_AP=0.4346 test_AP=0.4227
  S2 Epoch 230/500 [23.6s mem=15512MB] | total=0.3502 task=0.2208 | out_nov=0.1540 node_nov=1.6336 | div=0.0163 ip_mean=0.0163 | val_AP=0.4337 test_AP=0.4378
  S2 Epoch 231/500 [23.2s mem=15514MB] | total=0.3483 task=0.2190 | out_nov=0.1535 node_nov=1.6369 | div=0.0168 ip_mean=0.0168 | val_AP=0.4291 test_AP=0.4208
  S2 Epoch 232/500 [23.5s mem=15517MB] | total=0.3478 task=0.2193 | out_nov=0.1535 node_nov=1.6386 | div=0.0153 ip_mean=0.0153 | val_AP=0.4355 test_AP=0.4227
  S2 Epoch 233/500 [23.3s mem=15511MB] | total=0.3482 task=0.2196 | out_nov=0.1525 node_nov=1.6364 | div=0.0152 ip_mean=0.0152 | val_AP=0.4334 test_AP=0.4255
  S2 Epoch 234/500 [23.6s mem=15515MB] | total=0.3461 task=0.2178 | out_nov=0.1544 node_nov=1.6416 | div=0.0156 ip_mean=0.0156 | val_AP=0.4328 test_AP=0.4248
  S2 Epoch 235/500 [23.4s mem=15514MB] | total=0.3468 task=0.2186 | out_nov=0.1553 node_nov=1.6403 | div=0.0155 ip_mean=0.0155 | val_AP=0.4324 test_AP=0.4236
  S2 Epoch 236/500 [23.3s mem=15513MB] | total=0.3465 task=0.2190 | out_nov=0.1519 node_nov=1.6421 | div=0.0137 ip_mean=0.0137 | val_AP=0.4317 test_AP=0.4229
  S2 Epoch 237/500 [23.6s mem=15515MB] | total=0.3425 task=0.2150 | out_nov=0.1543 node_nov=1.6419 | div=0.0142 ip_mean=0.0142 | val_AP=0.4419 test_AP=0.4329
  S2 Epoch 238/500 [23.4s mem=15514MB] | total=0.3468 task=0.2182 | out_nov=0.1568 node_nov=1.6384 | div=0.0160 ip_mean=0.0160 | val_AP=0.4385 test_AP=0.4257
  S2 Epoch 239/500 [23.4s mem=15506MB] | total=0.3435 task=0.2161 | out_nov=0.1558 node_nov=1.6437 | div=0.0145 ip_mean=0.0145 | val_AP=0.4333 test_AP=0.4221
  S2 Epoch 240/500 [23.9s mem=15518MB] | total=0.3436 task=0.2153 | out_nov=0.1573 node_nov=1.6406 | div=0.0161 ip_mean=0.0161 | val_AP=0.4448 test_AP=0.4282
  S2 Epoch 241/500 [23.5s mem=15513MB] | total=0.3422 task=0.2141 | out_nov=0.1566 node_nov=1.6370 | div=0.0151 ip_mean=0.0151 | val_AP=0.4428 test_AP=0.4312
  S2 Epoch 242/500 [23.5s mem=15509MB] | total=0.3419 task=0.2145 | out_nov=0.1547 node_nov=1.6440 | div=0.0146 ip_mean=0.0146 | val_AP=0.4397 test_AP=0.4240
  S2 Epoch 243/500 [23.5s mem=15517MB] | total=0.3402 task=0.2121 | out_nov=0.1566 node_nov=1.6473 | div=0.0169 ip_mean=0.0169 | val_AP=0.4391 test_AP=0.4200
  S2 Epoch 244/500 [23.3s mem=15509MB] | total=0.3403 task=0.2121 | out_nov=0.1559 node_nov=1.6460 | div=0.0169 ip_mean=0.0169 | val_AP=0.4365 test_AP=0.4208
  S2 Epoch 245/500 [23.5s mem=15512MB] | total=0.3394 task=0.2121 | out_nov=0.1571 node_nov=1.6476 | div=0.0157 ip_mean=0.0157 | val_AP=0.4415 test_AP=0.4196
  S2 Epoch 246/500 [23.4s mem=15520MB] | total=0.3406 task=0.2122 | out_nov=0.1569 node_nov=1.6459 | div=0.0173 ip_mean=0.0173 | val_AP=0.4399 test_AP=0.4302
  S2 Epoch 247/500 [23.5s mem=15515MB] | total=0.3390 task=0.2120 | out_nov=0.1573 node_nov=1.6434 | div=0.0142 ip_mean=0.0142 | val_AP=0.4392 test_AP=0.4244
  S2 Epoch 248/500 [23.5s mem=15506MB] | total=0.3383 task=0.2115 | out_nov=0.1583 node_nov=1.6446 | div=0.0142 ip_mean=0.0142 | val_AP=0.4432 test_AP=0.4222
  S2 Epoch 249/500 [23.5s mem=15514MB] | total=0.3368 task=0.2095 | out_nov=0.1602 node_nov=1.6431 | div=0.0153 ip_mean=0.0153 | val_AP=0.4444 test_AP=0.4300
  S2 Epoch 250/500 [24.0s mem=15524MB] | total=0.3343 task=0.2072 | out_nov=0.1598 node_nov=1.6442 | div=0.0150 ip_mean=0.0150 | val_AP=0.4307 test_AP=0.4252
  S2 Epoch 251/500 [24.0s mem=15518MB] | total=0.3356 task=0.2080 | out_nov=0.1593 node_nov=1.6426 | div=0.0155 ip_mean=0.0155 | val_AP=0.4408 test_AP=0.4239
  S2 Epoch 252/500 [23.2s mem=15513MB] | total=0.3343 task=0.2070 | out_nov=0.1596 node_nov=1.6458 | div=0.0156 ip_mean=0.0156 | val_AP=0.4494 test_AP=0.4206
  S2 Epoch 253/500 [23.5s mem=15518MB] | total=0.3352 task=0.2079 | out_nov=0.1615 node_nov=1.6468 | div=0.0162 ip_mean=0.0162 | val_AP=0.4400 test_AP=0.4200
  S2 Epoch 254/500 [23.8s mem=15522MB] | total=0.3338 task=0.2069 | out_nov=0.1603 node_nov=1.6473 | div=0.0154 ip_mean=0.0154 | val_AP=0.4409 test_AP=0.4282
  S2 Epoch 255/500 [23.6s mem=15501MB] | total=0.3369 task=0.2097 | out_nov=0.1627 node_nov=1.6485 | div=0.0167 ip_mean=0.0167 | val_AP=0.4364 test_AP=0.4302
  S2 Epoch 256/500 [23.4s mem=15510MB] | total=0.3364 task=0.2087 | out_nov=0.1594 node_nov=1.6456 | div=0.0164 ip_mean=0.0164 | val_AP=0.4444 test_AP=0.4258
  S2 Epoch 257/500 [23.5s mem=15508MB] | total=0.3317 task=0.2050 | out_nov=0.1641 node_nov=1.6444 | div=0.0150 ip_mean=0.0150 | val_AP=0.4453 test_AP=0.4231
  S2 Epoch 258/500 [23.9s mem=15508MB] | total=0.3338 task=0.2063 | out_nov=0.1623 node_nov=1.6444 | div=0.0164 ip_mean=0.0164 | val_AP=0.4497 test_AP=0.4347
  S2 Epoch 259/500 [23.4s mem=15510MB] | total=0.3320 task=0.2041 | out_nov=0.1648 node_nov=1.6382 | div=0.0165 ip_mean=0.0165 | val_AP=0.4371 test_AP=0.4378
  S2 Epoch 260/500 [23.8s mem=15515MB] | total=0.3313 task=0.2046 | out_nov=0.1650 node_nov=1.6437 | div=0.0151 ip_mean=0.0151 | val_AP=0.4470 test_AP=0.4255
  S2 Epoch 261/500 [23.8s mem=15508MB] | total=0.3301 task=0.2029 | out_nov=0.1635 node_nov=1.6481 | div=0.0168 ip_mean=0.0168 | val_AP=0.4483 test_AP=0.4382
  S2 Epoch 262/500 [23.4s mem=15508MB] | total=0.3308 task=0.2036 | out_nov=0.1627 node_nov=1.6506 | div=0.0171 ip_mean=0.0171 | val_AP=0.4390 test_AP=0.4347
  S2 Epoch 263/500 [23.8s mem=15505MB] | total=0.3287 task=0.2020 | out_nov=0.1641 node_nov=1.6480 | div=0.0159 ip_mean=0.0159 | val_AP=0.4357 test_AP=0.4286
  S2 Epoch 264/500 [23.5s mem=15511MB] | total=0.3276 task=0.2013 | out_nov=0.1650 node_nov=1.6487 | div=0.0153 ip_mean=0.0153 | val_AP=0.4465 test_AP=0.4269
  S2 Epoch 265/500 [23.4s mem=15509MB] | total=0.3258 task=0.1997 | out_nov=0.1645 node_nov=1.6517 | div=0.0155 ip_mean=0.0155 | val_AP=0.4348 test_AP=0.4237
  S2 Epoch 266/500 [24.4s mem=15504MB] | total=0.3285 task=0.2018 | out_nov=0.1655 node_nov=1.6511 | div=0.0166 ip_mean=0.0166 | val_AP=0.4395 test_AP=0.4240
  S2 Epoch 267/500 [23.4s mem=15509MB] | total=0.3242 task=0.1984 | out_nov=0.1669 node_nov=1.6541 | div=0.0159 ip_mean=0.0159 | val_AP=0.4413 test_AP=0.4330
  S2 Epoch 268/500 [23.8s mem=15502MB] | total=0.3239 task=0.1983 | out_nov=0.1658 node_nov=1.6530 | div=0.0149 ip_mean=0.0149 | val_AP=0.4494 test_AP=0.4360
  S2 Epoch 269/500 [23.4s mem=15507MB] | total=0.3229 task=0.1972 | out_nov=0.1661 node_nov=1.6544 | div=0.0156 ip_mean=0.0156 | val_AP=0.4395 test_AP=0.4374
  S2 Epoch 270/500 [23.4s mem=15517MB] | total=0.3241 task=0.1978 | out_nov=0.1661 node_nov=1.6558 | div=0.0170 ip_mean=0.0170 | val_AP=0.4459 test_AP=0.4248
  S2 Epoch 271/500 [23.4s mem=15513MB] | total=0.3254 task=0.1992 | out_nov=0.1660 node_nov=1.6518 | div=0.0159 ip_mean=0.0159 | val_AP=0.4332 test_AP=0.4273
  S2 Epoch 272/500 [23.9s mem=15509MB] | total=0.3237 task=0.1979 | out_nov=0.1659 node_nov=1.6529 | div=0.0153 ip_mean=0.0153 | val_AP=0.4461 test_AP=0.4239
  S2 Epoch 273/500 [23.6s mem=15506MB] | total=0.3245 task=0.1976 | out_nov=0.1668 node_nov=1.6493 | div=0.0170 ip_mean=0.0170 | val_AP=0.4466 test_AP=0.4289
  S2 Epoch 274/500 [23.2s mem=15517MB] | total=0.3218 task=0.1949 | out_nov=0.1688 node_nov=1.6497 | div=0.0176 ip_mean=0.0176 | val_AP=0.4376 test_AP=0.4217
  S2 Epoch 275/500 [24.7s mem=15516MB] | total=0.3201 task=0.1948 | out_nov=0.1694 node_nov=1.6515 | div=0.0147 ip_mean=0.0147 | val_AP=0.4446 test_AP=0.4286
  S2 Epoch 276/500 [23.5s mem=15510MB] | total=0.3204 task=0.1951 | out_nov=0.1691 node_nov=1.6514 | div=0.0147 ip_mean=0.0147 | val_AP=0.4353 test_AP=0.4212
  S2 Epoch 277/500 [24.1s mem=15514MB] | total=0.3196 task=0.1934 | out_nov=0.1698 node_nov=1.6503 | div=0.0164 ip_mean=0.0164 | val_AP=0.4451 test_AP=0.4309
  S2 Epoch 278/500 [24.2s mem=15506MB] | total=0.3192 task=0.1936 | out_nov=0.1682 node_nov=1.6522 | div=0.0153 ip_mean=0.0153 | val_AP=0.4363 test_AP=0.4254
  S2 Epoch 279/500 [24.6s mem=15514MB] | total=0.3168 task=0.1915 | out_nov=0.1690 node_nov=1.6531 | div=0.0150 ip_mean=0.0150 | val_AP=0.4441 test_AP=0.4317
  S2 Epoch 280/500 [23.6s mem=15513MB] | total=0.3190 task=0.1931 | out_nov=0.1700 node_nov=1.6553 | div=0.0168 ip_mean=0.0168 | val_AP=0.4464 test_AP=0.4279
  S2 Epoch 281/500 [23.5s mem=15511MB] | total=0.3207 task=0.1929 | out_nov=0.1702 node_nov=1.6498 | div=0.0196 ip_mean=0.0196 | val_AP=0.4440 test_AP=0.4300
  S2 Epoch 282/500 [23.5s mem=15504MB] | total=0.3180 task=0.1926 | out_nov=0.1701 node_nov=1.6549 | div=0.0158 ip_mean=0.0158 | val_AP=0.4324 test_AP=0.4352
  S2 Epoch 283/500 [24.3s mem=15507MB] | total=0.3157 task=0.1903 | out_nov=0.1722 node_nov=1.6544 | div=0.0162 ip_mean=0.0162 | val_AP=0.4446 test_AP=0.4430
  S2 Epoch 284/500 [23.8s mem=15510MB] | total=0.3164 task=0.1909 | out_nov=0.1704 node_nov=1.6557 | div=0.0163 ip_mean=0.0163 | val_AP=0.4387 test_AP=0.4314
  S2 Epoch 285/500 [23.5s mem=15512MB] | total=0.3170 task=0.1912 | out_nov=0.1701 node_nov=1.6572 | div=0.0170 ip_mean=0.0170 | val_AP=0.4469 test_AP=0.4322
  S2 Epoch 286/500 [23.5s mem=15516MB] | total=0.3135 task=0.1888 | out_nov=0.1733 node_nov=1.6583 | div=0.0158 ip_mean=0.0158 | val_AP=0.4566 test_AP=0.4368
  S2 Epoch 287/500 [24.4s mem=15516MB] | total=0.3155 task=0.1897 | out_nov=0.1723 node_nov=1.6528 | div=0.0167 ip_mean=0.0167 | val_AP=0.4489 test_AP=0.4422
  S2 Epoch 288/500 [23.5s mem=15520MB] | total=0.3121 task=0.1872 | out_nov=0.1741 node_nov=1.6540 | div=0.0153 ip_mean=0.0153 | val_AP=0.4494 test_AP=0.4347
  S2 Epoch 289/500 [23.3s mem=15509MB] | total=0.3148 task=0.1902 | out_nov=0.1731 node_nov=1.6562 | div=0.0151 ip_mean=0.0151 | val_AP=0.4490 test_AP=0.4310
  S2 Epoch 290/500 [23.5s mem=15508MB] | total=0.3134 task=0.1890 | out_nov=0.1736 node_nov=1.6558 | div=0.0148 ip_mean=0.0148 | val_AP=0.4521 test_AP=0.4330
  S2 Epoch 291/500 [23.5s mem=15510MB] | total=0.3120 task=0.1873 | out_nov=0.1751 node_nov=1.6551 | div=0.0154 ip_mean=0.0154 | val_AP=0.4438 test_AP=0.4333
  S2 Epoch 292/500 [23.5s mem=15507MB] | total=0.3124 task=0.1871 | out_nov=0.1747 node_nov=1.6549 | div=0.0165 ip_mean=0.0165 | val_AP=0.4427 test_AP=0.4384
  S2 Epoch 293/500 [23.3s mem=15519MB] | total=0.3120 task=0.1873 | out_nov=0.1750 node_nov=1.6532 | div=0.0151 ip_mean=0.0151 | val_AP=0.4351 test_AP=0.4254
  S2 Epoch 294/500 [24.4s mem=15511MB] | total=0.3118 task=0.1862 | out_nov=0.1746 node_nov=1.6497 | div=0.0162 ip_mean=0.0162 | val_AP=0.4511 test_AP=0.4320
  S2 Epoch 295/500 [23.4s mem=15517MB] | total=0.3118 task=0.1866 | out_nov=0.1753 node_nov=1.6569 | div=0.0168 ip_mean=0.0168 | val_AP=0.4472 test_AP=0.4390
  S2 Epoch 296/500 [23.7s mem=15513MB] | total=0.3095 task=0.1850 | out_nov=0.1769 node_nov=1.6574 | div=0.0158 ip_mean=0.0158 | val_AP=0.4447 test_AP=0.4306
  S2 Epoch 297/500 [23.4s mem=15513MB] | total=0.3110 task=0.1854 | out_nov=0.1764 node_nov=1.6513 | div=0.0169 ip_mean=0.0169 | val_AP=0.4553 test_AP=0.4404
  S2 Epoch 298/500 [23.8s mem=15512MB] | total=0.3096 task=0.1843 | out_nov=0.1761 node_nov=1.6544 | div=0.0168 ip_mean=0.0168 | val_AP=0.4472 test_AP=0.4368
  S2 Epoch 299/500 [24.9s mem=15516MB] | total=0.3071 task=0.1825 | out_nov=0.1780 node_nov=1.6615 | div=0.0170 ip_mean=0.0170 | val_AP=0.4440 test_AP=0.4423
  Early stopping at epoch 299. Best val loss=0.2866 at epoch 199.
Stage 2 done. Best val loss=0.2866 at epoch 199.

============================================================
STAGE 3: Joint finetune (backbone + generator)
  Backbone: vanilla_gt
  lr_gen=0.0005 lr_backbone=1e-05
============================================================
  S3 Epoch   1/200 [27.1s mem=20553MB] | total=0.4329 task=0.2730 train_AP=0.4293 | out_nov=0.1490 node_nov=1.3303 | div=0.0157 | val_AP=0.3933 test_AP=0.3809
    -> New best val loss=0.3935 (test=0.3809)
  S3 Epoch   2/200 [27.3s mem=20558MB] | total=0.4247 task=0.2744 train_AP=0.4328 | out_nov=0.1496 node_nov=1.4363 | div=0.0178 | val_AP=0.3735 test_AP=0.3580
  S3 Epoch   3/200 [27.1s mem=20554MB] | total=0.4343 task=0.2826 train_AP=0.4281 | out_nov=0.1492 node_nov=1.4425 | div=0.0217 | val_AP=0.3688 test_AP=0.3490
  S3 Epoch   4/200 [27.3s mem=20560MB] | total=0.4282 task=0.2822 train_AP=0.4172 | out_nov=0.1418 node_nov=1.5155 | div=0.0235 | val_AP=0.3601 test_AP=0.3536
    -> New best val loss=0.3899 (test=0.3536)
  S3 Epoch   5/200 [27.1s mem=20562MB] | total=0.4342 task=0.2952 train_AP=0.3885 | out_nov=0.1426 node_nov=1.5546 | div=0.0174 | val_AP=0.3622 test_AP=0.3573
    -> New best val loss=0.3442 (test=0.3573)
  S3 Epoch   6/200 [27.7s mem=20552MB] | total=0.4449 task=0.3034 train_AP=0.3656 | out_nov=0.1363 node_nov=1.5789 | div=0.0260 | val_AP=0.3589 test_AP=0.3416
  S3 Epoch   7/200 [27.0s mem=20553MB] | total=0.4452 task=0.3094 train_AP=0.3574 | out_nov=0.1469 node_nov=1.6164 | div=0.0242 | val_AP=0.3226 test_AP=0.3271
  S3 Epoch   8/200 [27.9s mem=20559MB] | total=0.4536 task=0.3235 train_AP=0.3268 | out_nov=0.1490 node_nov=1.6465 | div=0.0194 | val_AP=0.3372 test_AP=0.3374
  S3 Epoch   9/200 [27.3s mem=20551MB] | total=0.4660 task=0.3356 train_AP=0.3120 | out_nov=0.1510 node_nov=1.6619 | div=0.0234 | val_AP=0.3372 test_AP=0.3297
  S3 Epoch  10/200 [27.2s mem=20549MB] | total=0.4551 task=0.3313 train_AP=0.3108 | out_nov=0.1632 node_nov=1.6890 | div=0.0182 | val_AP=0.3093 test_AP=0.3092
  S3 Epoch  11/200 [27.5s mem=20545MB] | total=0.4673 task=0.3426 train_AP=0.2978 | out_nov=0.1804 node_nov=1.7080 | div=0.0270 | val_AP=0.3294 test_AP=0.3239
  S3 Epoch  12/200 [27.2s mem=20563MB] | total=0.4529 task=0.3315 train_AP=0.3082 | out_nov=0.1790 node_nov=1.7218 | div=0.0230 | val_AP=0.3181 test_AP=0.3156
  S3 Epoch  13/200 [27.4s mem=20544MB] | total=0.4474 task=0.3314 train_AP=0.3064 | out_nov=0.1860 node_nov=1.7452 | div=0.0182 | val_AP=0.3341 test_AP=0.3238
    -> New best val loss=0.3292 (test=0.3238)
  S3 Epoch  14/200 [27.2s mem=20560MB] | total=0.4549 task=0.3359 train_AP=0.3029 | out_nov=0.1867 node_nov=1.7460 | div=0.0246 | val_AP=0.2848 test_AP=0.2807
  S3 Epoch  15/200 [27.8s mem=20545MB] | total=0.4456 task=0.3279 train_AP=0.3083 | out_nov=0.1896 node_nov=1.7630 | div=0.0257 | val_AP=0.3482 test_AP=0.3371
  S3 Epoch  16/200 [27.3s mem=20552MB] | total=0.4419 task=0.3302 train_AP=0.3094 | out_nov=0.2105 node_nov=1.7782 | div=0.0212 | val_AP=0.3400 test_AP=0.3241
  S3 Epoch  17/200 [27.3s mem=20542MB] | total=0.4222 task=0.3166 train_AP=0.3311 | out_nov=0.2185 node_nov=1.7857 | div=0.0121 | val_AP=0.3489 test_AP=0.3278
  S3 Epoch  18/200 [27.1s mem=20544MB] | total=0.4189 task=0.3143 train_AP=0.3322 | out_nov=0.2184 node_nov=1.7853 | div=0.0099 | val_AP=0.3604 test_AP=0.3573
  S3 Epoch  19/200 [27.6s mem=20556MB] | total=0.4255 task=0.3148 train_AP=0.3352 | out_nov=0.1917 node_nov=1.7888 | div=0.0175 | val_AP=0.3396 test_AP=0.3284
  S3 Epoch  20/200 [27.2s mem=20561MB] | total=0.4157 task=0.3091 train_AP=0.3402 | out_nov=0.1927 node_nov=1.7822 | div=0.0082 | val_AP=0.3423 test_AP=0.3341
  S3 Epoch  21/200 [27.2s mem=20546MB] | total=0.4113 task=0.3072 train_AP=0.3483 | out_nov=0.2033 node_nov=1.7931 | div=0.0075 | val_AP=0.2896 test_AP=0.2817
  S3 Epoch  22/200 [27.3s mem=20567MB] | total=0.4208 task=0.3137 train_AP=0.3379 | out_nov=0.1920 node_nov=1.7912 | div=0.0108 | val_AP=0.3630 test_AP=0.3403
  S3 Epoch  23/200 [27.4s mem=20566MB] | total=0.4169 task=0.3103 train_AP=0.3488 | out_nov=0.1968 node_nov=1.7825 | div=0.0091 | val_AP=0.3393 test_AP=0.3274
  S3 Epoch  24/200 [27.3s mem=20563MB] | total=0.4085 task=0.3022 train_AP=0.3574 | out_nov=0.1978 node_nov=1.7959 | div=0.0113 | val_AP=0.3468 test_AP=0.3397
  S3 Epoch  25/200 [28.1s mem=20561MB] | total=0.4042 task=0.3004 train_AP=0.3654 | out_nov=0.1971 node_nov=1.7997 | div=0.0070 | val_AP=0.3842 test_AP=0.3829
    -> New best val loss=0.3186 (test=0.3829)
  S3 Epoch  26/200 [27.4s mem=20546MB] | total=0.3979 task=0.2957 train_AP=0.3734 | out_nov=0.2084 node_nov=1.8089 | div=0.0077 | val_AP=0.3847 test_AP=0.3734
  S3 Epoch  27/200 [28.0s mem=20561MB] | total=0.3966 task=0.2931 train_AP=0.3739 | out_nov=0.2085 node_nov=1.7964 | div=0.0079 | val_AP=0.3771 test_AP=0.3762
  S3 Epoch  28/200 [27.5s mem=20556MB] | total=0.3968 task=0.2936 train_AP=0.3739 | out_nov=0.2241 node_nov=1.8020 | div=0.0115 | val_AP=0.4001 test_AP=0.3918
  S3 Epoch  29/200 [27.2s mem=20545MB] | total=0.4199 task=0.3005 train_AP=0.3647 | out_nov=0.1922 node_nov=1.7850 | div=0.0341 | val_AP=0.3735 test_AP=0.3640
    -> New best val loss=0.3073 (test=0.3640)
  S3 Epoch  30/200 [28.7s mem=20555MB] | total=0.3921 task=0.2902 train_AP=0.3854 | out_nov=0.2087 node_nov=1.8120 | div=0.0080 | val_AP=0.3564 test_AP=0.3543
  S3 Epoch  31/200 [27.3s mem=20552MB] | total=0.3884 task=0.2875 train_AP=0.3907 | out_nov=0.2101 node_nov=1.8156 | div=0.0069 | val_AP=0.3825 test_AP=0.3716
  S3 Epoch  32/200 [27.3s mem=20551MB] | total=0.3898 task=0.2888 train_AP=0.3865 | out_nov=0.2287 node_nov=1.8107 | div=0.0099 | val_AP=0.3873 test_AP=0.3708
  S3 Epoch  33/200 [28.0s mem=20534MB] | total=0.3884 task=0.2857 train_AP=0.4021 | out_nov=0.1954 node_nov=1.8148 | div=0.0075 | val_AP=0.4037 test_AP=0.3987
  S3 Epoch  34/200 [27.5s mem=20548MB] | total=0.3918 task=0.2876 train_AP=0.3913 | out_nov=0.1835 node_nov=1.8128 | div=0.0076 | val_AP=0.3791 test_AP=0.3720
  S3 Epoch  35/200 [27.2s mem=20547MB] | total=0.3846 task=0.2810 train_AP=0.4041 | out_nov=0.1846 node_nov=1.8247 | div=0.0091 | val_AP=0.3945 test_AP=0.3770
  S3 Epoch  36/200 [27.8s mem=20558MB] | total=0.3814 task=0.2793 train_AP=0.4080 | out_nov=0.1900 node_nov=1.8262 | div=0.0075 | val_AP=0.4059 test_AP=0.4003
    -> New best val loss=0.2850 (test=0.4003)
  S3 Epoch  37/200 [27.7s mem=20563MB] | total=0.3796 task=0.2766 train_AP=0.4114 | out_nov=0.1911 node_nov=1.8189 | div=0.0081 | val_AP=0.4061 test_AP=0.4000
  S3 Epoch  38/200 [27.1s mem=20561MB] | total=0.3801 task=0.2778 train_AP=0.4147 | out_nov=0.2147 node_nov=1.8088 | div=0.0092 | val_AP=0.4013 test_AP=0.3882
  S3 Epoch  39/200 [27.4s mem=20551MB] | total=0.3688 task=0.2692 train_AP=0.4281 | out_nov=0.2378 node_nov=1.8211 | div=0.0111 | val_AP=0.4009 test_AP=0.3912
  S3 Epoch  40/200 [28.0s mem=20558MB] | total=0.3646 task=0.2668 train_AP=0.4318 | out_nov=0.2253 node_nov=1.8297 | div=0.0066 | val_AP=0.3846 test_AP=0.3745
  S3 Epoch  41/200 [27.2s mem=20556MB] | total=0.3639 task=0.2671 train_AP=0.4360 | out_nov=0.2340 node_nov=1.8262 | div=0.0055 | val_AP=0.4144 test_AP=0.4016
  S3 Epoch  42/200 [27.4s mem=20546MB] | total=0.3614 task=0.2635 train_AP=0.4432 | out_nov=0.2302 node_nov=1.8272 | div=0.0071 | val_AP=0.4055 test_AP=0.4021
  S3 Epoch  43/200 [27.4s mem=20550MB] | total=0.3615 task=0.2632 train_AP=0.4416 | out_nov=0.2271 node_nov=1.8273 | div=0.0074 | val_AP=0.4112 test_AP=0.4050
  S3 Epoch  44/200 [27.8s mem=20553MB] | total=0.3621 task=0.2607 train_AP=0.4541 | out_nov=0.2234 node_nov=1.8205 | div=0.0118 | val_AP=0.3959 test_AP=0.3794
  S3 Epoch  45/200 [27.4s mem=20573MB] | total=0.3600 task=0.2610 train_AP=0.4494 | out_nov=0.2306 node_nov=1.8285 | div=0.0097 | val_AP=0.4226 test_AP=0.4098
  S3 Epoch  46/200 [27.5s mem=19927MB] | total=0.3591 task=0.2570 train_AP=0.4547 | out_nov=0.2258 node_nov=1.8197 | div=0.0133 | val_AP=0.3731 test_AP=0.3617
  S3 Epoch  47/200 [27.9s mem=20558MB] | total=0.3486 task=0.2508 train_AP=0.4695 | out_nov=0.2401 node_nov=1.8315 | div=0.0099 | val_AP=0.4145 test_AP=0.4051
  S3 Epoch  48/200 [27.9s mem=20555MB] | total=0.3460 task=0.2496 train_AP=0.4697 | out_nov=0.2401 node_nov=1.8350 | div=0.0078 | val_AP=0.4094 test_AP=0.4128
  S3 Epoch  49/200 [27.3s mem=20560MB] | total=0.3412 task=0.2437 train_AP=0.4828 | out_nov=0.2392 node_nov=1.8313 | div=0.0091 | val_AP=0.4260 test_AP=0.4147
  S3 Epoch  50/200 [27.7s mem=20549MB] | total=0.3391 task=0.2422 train_AP=0.4818 | out_nov=0.2449 node_nov=1.8297 | div=0.0087 | val_AP=0.4040 test_AP=0.3928
  S3 Epoch  51/200 [27.0s mem=20553MB] | total=0.3346 task=0.2388 train_AP=0.4904 | out_nov=0.2554 node_nov=1.8242 | div=0.0076 | val_AP=0.3857 test_AP=0.3801
  S3 Epoch  52/200 [27.2s mem=20549MB] | total=0.3350 task=0.2394 train_AP=0.4957 | out_nov=0.2599 node_nov=1.8290 | div=0.0089 | val_AP=0.4209 test_AP=0.4221
  S3 Epoch  53/200 [27.3s mem=20560MB] | total=0.3300 task=0.2330 train_AP=0.5053 | out_nov=0.2479 node_nov=1.8255 | div=0.0087 | val_AP=0.4181 test_AP=0.4089
  S3 Epoch  54/200 [27.7s mem=20561MB] | total=0.3317 task=0.2347 train_AP=0.5008 | out_nov=0.2570 node_nov=1.8255 | div=0.0107 | val_AP=0.4114 test_AP=0.4084
  S3 Epoch  55/200 [27.3s mem=20560MB] | total=0.3272 task=0.2314 train_AP=0.5120 | out_nov=0.2516 node_nov=1.8246 | div=0.0068 | val_AP=0.4373 test_AP=0.4284
  S3 Epoch  56/200 [27.6s mem=20556MB] | total=0.3251 task=0.2290 train_AP=0.5171 | out_nov=0.2563 node_nov=1.8237 | div=0.0081 | val_AP=0.4173 test_AP=0.3973
  S3 Epoch  57/200 [27.1s mem=20559MB] | total=0.3216 task=0.2255 train_AP=0.5208 | out_nov=0.2677 node_nov=1.8267 | div=0.0110 | val_AP=0.4251 test_AP=0.4159
  S3 Epoch  58/200 [27.3s mem=20550MB] | total=0.3099 task=0.2159 train_AP=0.5388 | out_nov=0.2822 node_nov=1.8304 | div=0.0106 | val_AP=0.4346 test_AP=0.4315
  S3 Epoch  59/200 [27.4s mem=20552MB] | total=0.3009 task=0.2095 train_AP=0.5514 | out_nov=0.2907 node_nov=1.8348 | div=0.0078 | val_AP=0.4249 test_AP=0.4241
  S3 Epoch  60/200 [27.7s mem=20552MB] | total=0.3021 task=0.2100 train_AP=0.5529 | out_nov=0.2915 node_nov=1.8362 | div=0.0098 | val_AP=0.4325 test_AP=0.4238
  S3 Epoch  61/200 [27.7s mem=20551MB] | total=0.2968 task=0.2066 train_AP=0.5608 | out_nov=0.3025 node_nov=1.8419 | div=0.0093 | val_AP=0.4209 test_AP=0.4098
  S3 Epoch  62/200 [27.3s mem=20551MB] | total=0.3011 task=0.2100 train_AP=0.5521 | out_nov=0.2990 node_nov=1.8427 | div=0.0106 | val_AP=0.4185 test_AP=0.4084
  S3 Epoch  63/200 [27.4s mem=20556MB] | total=0.2920 task=0.2002 train_AP=0.5790 | out_nov=0.2928 node_nov=1.8267 | div=0.0075 | val_AP=0.4255 test_AP=0.4146
  S3 Epoch  64/200 [28.6s mem=20549MB] | total=0.2873 task=0.1973 train_AP=0.5790 | out_nov=0.3005 node_nov=1.8390 | div=0.0080 | val_AP=0.4171 test_AP=0.4114
  S3 Epoch  65/200 [27.3s mem=20548MB] | total=0.2818 task=0.1891 train_AP=0.5926 | out_nov=0.2872 node_nov=1.8349 | div=0.0098 | val_AP=0.4468 test_AP=0.4344
  S3 Epoch  66/200 [27.1s mem=20558MB] | total=0.2813 task=0.1900 train_AP=0.5970 | out_nov=0.2930 node_nov=1.8353 | div=0.0083 | val_AP=0.4200 test_AP=0.4204
  Early stopping at epoch 66. Best val loss=0.2850 at epoch 36.
Stage 3 done. Best val loss=0.2850 at epoch 36.

  Cycle 0 proxy result: val_AP=0.4059 test_AP=0.4003

============================================================
DISTILLATION: Train M_base to mimic frozen M_proxy (+ proxies)
  kl_w=0.5 node_w=0.5 graph_w=5e-05 task_w=1.2 T=1.5
  lr=5e-05 patience=100
============================================================
  Student parameters: 13,227,530
  Distill Epoch   1/700 [25.3s mem=17008MB] | total=16.9347 kl=2.6845 node_l2=7.630091 graph_l2=226681.981985 task=0.3694 | val_AP=0.2882 test_AP=0.2833
    -> New best distilled val loss=0.6907 (test=0.2833)
  Distill Epoch   2/700 [25.4s mem=17005MB] | total=9.1409 kl=2.4927 node_l2=3.848535 graph_l2=110329.191085 task=0.3781 | val_AP=0.2116 test_AP=0.2070
  Distill Epoch   3/700 [25.3s mem=17025MB] | total=7.1559 kl=1.6372 node_l2=3.125121 graph_l2=87560.226471 task=0.3306 | val_AP=0.2090 test_AP=0.2101
  Distill Epoch   4/700 [25.2s mem=17021MB] | total=6.5319 kl=1.4442 node_l2=2.859493 graph_l2=79872.934375 task=0.3220 | val_AP=0.2061 test_AP=0.2047
  Distill Epoch   5/700 [25.2s mem=17005MB] | total=6.0819 kl=1.3421 node_l2=2.656448 graph_l2=74055.743199 task=0.3165 | val_AP=0.2970 test_AP=0.2899
  Distill Epoch   6/700 [25.1s mem=17001MB] | total=5.6947 kl=1.2824 node_l2=2.478580 graph_l2=68763.341039 task=0.3134 | val_AP=0.2923 test_AP=0.2835
  Distill Epoch   7/700 [25.1s mem=17011MB] | total=5.1574 kl=1.2483 node_l2=2.225354 graph_l2=60918.213649 task=0.3122 | val_AP=0.3273 test_AP=0.3282
    -> New best distilled val loss=0.5910 (test=0.3282)
  Distill Epoch   8/700 [25.3s mem=17017MB] | total=4.5472 kl=1.2069 node_l2=1.942972 graph_l2=51972.492601 task=0.3114 | val_AP=0.3241 test_AP=0.3227
    -> New best distilled val loss=0.5326 (test=0.3227)
  Distill Epoch   9/700 [25.2s mem=17022MB] | total=3.9211 kl=1.1638 node_l2=1.654817 graph_l2=42838.110294 task=0.3082 | val_AP=0.3518 test_AP=0.3461
    -> New best distilled val loss=0.4626 (test=0.3461)
  Distill Epoch  10/700 [25.6s mem=17010MB] | total=3.3122 kl=1.1569 node_l2=1.368593 graph_l2=33611.475988 task=0.3074 | val_AP=0.3506 test_AP=0.3449
    -> New best distilled val loss=0.3765 (test=0.3449)
  Distill Epoch  11/700 [25.3s mem=17021MB] | total=2.8362 kl=1.1209 node_l2=1.146677 graph_l2=26704.541912 task=0.3060 | val_AP=0.3662 test_AP=0.3581
    -> New best distilled val loss=0.3705 (test=0.3581)
  Distill Epoch  12/700 [25.1s mem=17015MB] | total=2.3915 kl=1.0949 node_l2=0.939275 graph_l2=20177.039327 task=0.3046 | val_AP=0.3694 test_AP=0.3618
    -> New best distilled val loss=0.3386 (test=0.3618)
  Distill Epoch  13/700 [25.3s mem=17003MB] | total=2.0464 kl=1.0910 node_l2=0.771537 graph_l2=15003.525862 task=0.3041 | val_AP=0.3709 test_AP=0.3640
  Distill Epoch  14/700 [25.5s mem=17012MB] | total=1.7722 kl=1.0481 node_l2=0.647090 graph_l2=11264.742865 task=0.3011 | val_AP=0.3519 test_AP=0.3464
  Distill Epoch  15/700 [25.2s mem=17009MB] | total=1.5850 kl=1.0281 node_l2=0.558592 graph_l2=8622.880296 task=0.3005 | val_AP=0.3615 test_AP=0.3541
  Distill Epoch  16/700 [25.2s mem=17018MB] | total=1.4505 kl=1.0257 node_l2=0.489829 graph_l2=6662.606399 task=0.2997 | val_AP=0.3685 test_AP=0.3560
  Distill Epoch  17/700 [25.2s mem=17020MB] | total=1.3473 kl=1.0154 node_l2=0.437652 graph_l2=5241.756313 task=0.2989 | val_AP=0.3748 test_AP=0.3635
  Distill Epoch  18/700 [25.1s mem=17014MB] | total=1.2868 kl=1.0024 node_l2=0.406615 graph_l2=4483.063640 task=0.2985 | val_AP=0.3698 test_AP=0.3580
    -> New best distilled val loss=0.3275 (test=0.3580)
  Distill Epoch  19/700 [25.2s mem=17011MB] | total=1.2429 kl=1.0135 node_l2=0.378213 graph_l2=3783.604822 task=0.2982 | val_AP=0.3820 test_AP=0.3695
    -> New best distilled val loss=0.3162 (test=0.3695)
  Distill Epoch  20/700 [25.6s mem=17026MB] | total=1.1889 kl=0.9787 node_l2=0.357964 graph_l2=3324.757152 task=0.2953 | val_AP=0.3739 test_AP=0.3628
  Distill Epoch  21/700 [25.9s mem=17006MB] | total=1.1761 kl=0.9875 node_l2=0.344855 graph_l2=3051.671415 task=0.2978 | val_AP=0.3818 test_AP=0.3717
    -> New best distilled val loss=0.3098 (test=0.3717)
  Distill Epoch  22/700 [25.1s mem=17013MB] | total=1.1682 kl=0.9821 node_l2=0.337230 graph_l2=3092.400289 task=0.2949 | val_AP=0.3764 test_AP=0.3645
    -> New best distilled val loss=0.2965 (test=0.3645)
  Distill Epoch  23/700 [25.2s mem=17017MB] | total=1.1369 kl=0.9665 node_l2=0.322942 graph_l2=2791.494965 task=0.2938 | val_AP=0.3836 test_AP=0.3709
  Distill Epoch  24/700 [25.2s mem=17013MB] | total=1.1317 kl=0.9730 node_l2=0.312878 graph_l2=2654.606171 task=0.2967 | val_AP=0.3736 test_AP=0.3674
  Distill Epoch  25/700 [25.3s mem=17026MB] | total=1.1476 kl=1.0112 node_l2=0.307952 graph_l2=2604.028313 task=0.2982 | val_AP=0.3835 test_AP=0.3710
  Distill Epoch  26/700 [25.2s mem=17020MB] | total=1.0994 kl=0.9411 node_l2=0.300234 graph_l2=2554.855449 task=0.2925 | val_AP=0.3800 test_AP=0.3720
  Distill Epoch  27/700 [25.1s mem=17014MB] | total=1.0974 kl=0.9230 node_l2=0.297919 graph_l2=2729.780485 task=0.2920 | val_AP=0.3905 test_AP=0.3827
    -> New best distilled val loss=0.2958 (test=0.3827)
  Distill Epoch  28/700 [25.4s mem=17011MB] | total=1.0608 kl=0.8803 node_l2=0.289131 graph_l2=2604.075531 task=0.2882 | val_AP=0.3882 test_AP=0.3807
  Distill Epoch  29/700 [25.7s mem=17016MB] | total=1.0628 kl=0.8915 node_l2=0.282535 graph_l2=2514.542130 task=0.2917 | val_AP=0.3790 test_AP=0.3751
  Distill Epoch  30/700 [25.2s mem=17021MB] | total=1.0652 kl=0.9143 node_l2=0.275629 graph_l2=2406.649166 task=0.2915 | val_AP=0.3777 test_AP=0.3716
  Distill Epoch  31/700 [25.6s mem=17008MB] | total=1.0415 kl=0.8670 node_l2=0.272037 graph_l2=2486.968690 task=0.2897 | val_AP=0.3864 test_AP=0.3734
    -> New best distilled val loss=0.2878 (test=0.3734)
  Distill Epoch  32/700 [25.6s mem=17006MB] | total=1.0387 kl=0.8766 node_l2=0.267280 graph_l2=2401.432706 task=0.2889 | val_AP=0.3824 test_AP=0.3782
  Distill Epoch  33/700 [25.5s mem=17012MB] | total=1.0383 kl=0.8656 node_l2=0.267699 graph_l2=2503.603152 task=0.2887 | val_AP=0.3858 test_AP=0.3794
  Distill Epoch  34/700 [25.8s mem=17010MB] | total=1.0212 kl=0.8465 node_l2=0.260968 graph_l2=2448.781995 task=0.2875 | val_AP=0.3876 test_AP=0.3825
  Distill Epoch  35/700 [25.4s mem=17021MB] | total=1.0121 kl=0.8422 node_l2=0.255540 graph_l2=2364.204341 task=0.2875 | val_AP=0.3874 test_AP=0.3859
  Distill Epoch  36/700 [25.4s mem=17011MB] | total=1.0027 kl=0.8199 node_l2=0.253677 graph_l2=2460.690190 task=0.2858 | val_AP=0.3874 test_AP=0.3820
  Distill Epoch  37/700 [26.0s mem=17008MB] | total=0.9727 kl=0.7774 node_l2=0.251283 graph_l2=2391.560402 task=0.2823 | val_AP=0.3859 test_AP=0.3858
  Distill Epoch  38/700 [26.0s mem=17017MB] | total=0.9994 kl=0.8089 node_l2=0.252129 graph_l2=2531.920798 task=0.2853 | val_AP=0.3870 test_AP=0.3925
  Distill Epoch  39/700 [26.0s mem=17022MB] | total=0.9649 kl=0.7699 node_l2=0.243788 graph_l2=2350.555653 task=0.2837 | val_AP=0.3974 test_AP=0.3937
  Distill Epoch  40/700 [25.8s mem=17009MB] | total=0.9572 kl=0.7610 node_l2=0.242572 graph_l2=2356.335237 task=0.2813 | val_AP=0.3913 test_AP=0.3860
    -> New best distilled val loss=0.2878 (test=0.3860)
  Distill Epoch  41/700 [25.9s mem=17006MB] | total=0.9442 kl=0.7278 node_l2=0.241839 graph_l2=2505.311185 task=0.2785 | val_AP=0.3892 test_AP=0.3914
  Distill Epoch  42/700 [25.3s mem=17011MB] | total=0.9160 kl=0.7060 node_l2=0.233466 graph_l2=2250.788026 task=0.2781 | val_AP=0.4086 test_AP=0.3994
  Distill Epoch  43/700 [26.6s mem=17006MB] | total=0.9285 kl=0.7125 node_l2=0.236042 graph_l2=2392.774459 task=0.2789 | val_AP=0.3981 test_AP=0.3972
  Distill Epoch  44/700 [25.3s mem=17009MB] | total=0.9503 kl=0.7483 node_l2=0.236948 graph_l2=2432.136802 task=0.2800 | val_AP=0.4030 test_AP=0.3989
  Distill Epoch  45/700 [25.6s mem=17034MB] | total=0.8995 kl=0.6740 node_l2=0.232535 graph_l2=2331.979603 task=0.2747 | val_AP=0.4065 test_AP=0.4040
    -> New best distilled val loss=0.2760 (test=0.4040)
  Distill Epoch  46/700 [25.1s mem=17006MB] | total=0.8939 kl=0.6583 node_l2=0.232865 graph_l2=2393.834901 task=0.2739 | val_AP=0.4015 test_AP=0.3989
  Distill Epoch  47/700 [26.2s mem=17012MB] | total=0.8982 kl=0.6744 node_l2=0.229843 graph_l2=2348.066462 task=0.2739 | val_AP=0.4071 test_AP=0.4021
  Distill Epoch  48/700 [25.2s mem=16999MB] | total=0.8869 kl=0.6563 node_l2=0.228006 graph_l2=2343.392694 task=0.2730 | val_AP=0.4137 test_AP=0.4149
  Distill Epoch  49/700 [26.1s mem=17011MB] | total=0.8531 kl=0.6183 node_l2=0.222055 graph_l2=2169.335426 task=0.2704 | val_AP=0.4076 test_AP=0.4094
  Distill Epoch  50/700 [25.8s mem=17007MB] | total=0.8576 kl=0.6220 node_l2=0.222976 graph_l2=2209.810428 task=0.2705 | val_AP=0.4108 test_AP=0.4051
  Distill Epoch  51/700 [26.6s mem=17005MB] | total=0.8539 kl=0.6248 node_l2=0.218583 graph_l2=2183.340404 task=0.2692 | val_AP=0.4094 test_AP=0.4085
  Distill Epoch  52/700 [25.3s mem=17011MB] | total=0.8422 kl=0.5963 node_l2=0.218949 graph_l2=2258.464987 task=0.2681 | val_AP=0.4097 test_AP=0.4131
  Distill Epoch  53/700 [25.1s mem=17013MB] | total=0.8476 kl=0.5965 node_l2=0.219854 graph_l2=2368.316874 task=0.2675 | val_AP=0.4118 test_AP=0.4098
  Distill Epoch  54/700 [25.4s mem=17016MB] | total=0.8236 kl=0.5769 node_l2=0.214748 graph_l2=2153.538352 task=0.2667 | val_AP=0.4233 test_AP=0.4173
  Distill Epoch  55/700 [25.2s mem=17020MB] | total=0.8305 kl=0.5827 node_l2=0.216172 graph_l2=2224.596974 task=0.2665 | val_AP=0.4098 test_AP=0.4098
  Distill Epoch  56/700 [25.4s mem=17018MB] | total=0.8154 kl=0.5705 node_l2=0.210069 graph_l2=2123.452874 task=0.2658 | val_AP=0.4148 test_AP=0.4040
  Distill Epoch  57/700 [26.2s mem=17019MB] | total=0.8301 kl=0.5819 node_l2=0.215809 graph_l2=2247.181049 task=0.2657 | val_AP=0.4164 test_AP=0.4105
    -> New best distilled val loss=0.2747 (test=0.4105)
  Distill Epoch  58/700 [25.1s mem=17010MB] | total=0.7868 kl=0.5397 node_l2=0.206465 graph_l2=1967.060571 task=0.2628 | val_AP=0.4082 test_AP=0.4063
  Distill Epoch  59/700 [25.3s mem=17011MB] | total=0.7844 kl=0.5161 node_l2=0.208253 graph_l2=2156.365061 task=0.2620 | val_AP=0.4120 test_AP=0.4157
  Distill Epoch  60/700 [25.9s mem=17020MB] | total=0.7791 kl=0.5089 node_l2=0.208019 graph_l2=2138.713260 task=0.2614 | val_AP=0.4144 test_AP=0.4169
  Distill Epoch  61/700 [25.3s mem=17014MB] | total=0.7915 kl=0.5323 node_l2=0.206889 graph_l2=2138.736401 task=0.2625 | val_AP=0.4168 test_AP=0.4238
    -> New best distilled val loss=0.2727 (test=0.4238)
  Distill Epoch  62/700 [25.5s mem=17009MB] | total=0.7804 kl=0.5133 node_l2=0.206369 graph_l2=2154.124835 task=0.2607 | val_AP=0.4129 test_AP=0.4145
  Distill Epoch  63/700 [25.2s mem=17023MB] | total=0.7854 kl=0.5150 node_l2=0.206345 graph_l2=2252.754436 task=0.2601 | val_AP=0.4186 test_AP=0.4180
  Distill Epoch  64/700 [25.7s mem=17007MB] | total=0.7854 kl=0.5156 node_l2=0.205969 graph_l2=2221.256148 task=0.2613 | val_AP=0.4222 test_AP=0.4175
  Distill Epoch  65/700 [25.4s mem=17015MB] | total=0.7607 kl=0.4773 node_l2=0.203212 graph_l2=2213.571968 task=0.2581 | val_AP=0.4206 test_AP=0.4219
  Distill Epoch  66/700 [25.3s mem=17001MB] | total=0.7700 kl=0.4942 node_l2=0.203299 graph_l2=2247.627028 task=0.2574 | val_AP=0.4105 test_AP=0.4162
  Distill Epoch  67/700 [25.4s mem=17010MB] | total=0.7609 kl=0.4895 node_l2=0.200600 graph_l2=2119.616546 task=0.2582 | val_AP=0.4224 test_AP=0.4280
  Distill Epoch  68/700 [25.0s mem=17002MB] | total=0.7566 kl=0.4826 node_l2=0.201202 graph_l2=2136.800661 task=0.2565 | val_AP=0.4169 test_AP=0.4202
  Distill Epoch  69/700 [25.2s mem=17001MB] | total=0.7498 kl=0.4762 node_l2=0.198678 graph_l2=2096.119247 task=0.2563 | val_AP=0.4186 test_AP=0.4257
  Distill Epoch  70/700 [25.2s mem=17019MB] | total=0.7473 kl=0.4746 node_l2=0.196259 graph_l2=2103.173593 task=0.2555 | val_AP=0.4280 test_AP=0.4270
  Distill Epoch  71/700 [25.8s mem=17000MB] | total=0.7294 kl=0.4575 node_l2=0.194418 graph_l2=1949.745551 task=0.2550 | val_AP=0.4252 test_AP=0.4253
  Distill Epoch  72/700 [25.3s mem=17017MB] | total=0.7320 kl=0.4521 node_l2=0.195568 graph_l2=2070.080306 task=0.2538 | val_AP=0.4243 test_AP=0.4249
  Distill Epoch  73/700 [25.3s mem=17029MB] | total=0.7342 kl=0.4622 node_l2=0.196165 graph_l2=2009.861104 task=0.2538 | val_AP=0.4231 test_AP=0.4260
  Distill Epoch  74/700 [25.2s mem=17024MB] | total=0.7268 kl=0.4446 node_l2=0.194384 graph_l2=2053.049370 task=0.2539 | val_AP=0.4116 test_AP=0.4184
  Distill Epoch  75/700 [25.5s mem=17014MB] | total=0.7302 kl=0.4579 node_l2=0.193073 graph_l2=2011.254850 task=0.2535 | val_AP=0.4247 test_AP=0.4285
  Distill Epoch  76/700 [25.2s mem=17012MB] | total=0.7193 kl=0.4496 node_l2=0.190680 graph_l2=1934.641986 task=0.2520 | val_AP=0.4187 test_AP=0.4276
  Distill Epoch  77/700 [26.0s mem=17008MB] | total=0.7193 kl=0.4381 node_l2=0.192138 graph_l2=2048.194451 task=0.2515 | val_AP=0.4227 test_AP=0.4267
    -> New best distilled val loss=0.2713 (test=0.4267)
  Distill Epoch  78/700 [26.3s mem=17016MB] | total=0.7061 kl=0.4305 node_l2=0.188758 graph_l2=1896.869764 task=0.2514 | val_AP=0.4320 test_AP=0.4368
  Distill Epoch  79/700 [25.9s mem=17008MB] | total=0.7135 kl=0.4314 node_l2=0.190614 graph_l2=2022.527707 task=0.2512 | val_AP=0.4178 test_AP=0.4182
  Distill Epoch  80/700 [25.4s mem=17012MB] | total=0.7005 kl=0.4194 node_l2=0.187548 graph_l2=1934.604334 task=0.2503 | val_AP=0.4206 test_AP=0.4214
  Distill Epoch  81/700 [25.5s mem=17017MB] | total=0.7124 kl=0.4281 node_l2=0.191107 graph_l2=2058.498320 task=0.2498 | val_AP=0.4182 test_AP=0.4175
  Distill Epoch  82/700 [25.9s mem=17018MB] | total=0.7036 kl=0.4167 node_l2=0.189543 graph_l2=2035.378290 task=0.2489 | val_AP=0.4265 test_AP=0.4278
  Distill Epoch  83/700 [26.1s mem=17010MB] | total=0.6963 kl=0.4074 node_l2=0.188424 graph_l2=1979.226371 task=0.2495 | val_AP=0.4300 test_AP=0.4340
  Distill Epoch  84/700 [26.6s mem=17018MB] | total=0.7060 kl=0.4207 node_l2=0.188871 graph_l2=2046.080773 task=0.2491 | val_AP=0.4258 test_AP=0.4277
  Distill Epoch  85/700 [26.6s mem=17009MB] | total=0.6884 kl=0.4035 node_l2=0.185597 graph_l2=1906.774039 task=0.2487 | val_AP=0.4226 test_AP=0.4197
  Distill Epoch  86/700 [26.3s mem=17013MB] | total=0.6835 kl=0.3921 node_l2=0.185738 graph_l2=1963.032850 task=0.2471 | val_AP=0.4241 test_AP=0.4176
  Distill Epoch  87/700 [25.6s mem=17005MB] | total=0.6910 kl=0.4086 node_l2=0.184687 graph_l2=1926.533747 task=0.2484 | val_AP=0.4290 test_AP=0.4287
  Distill Epoch  88/700 [26.6s mem=17012MB] | total=0.6763 kl=0.3927 node_l2=0.182301 graph_l2=1861.380694 task=0.2464 | val_AP=0.4294 test_AP=0.4320
  Distill Epoch  89/700 [26.2s mem=17010MB] | total=0.6743 kl=0.3792 node_l2=0.183107 graph_l2=1953.151347 task=0.2462 | val_AP=0.4242 test_AP=0.4235
  Distill Epoch  90/700 [25.8s mem=17011MB] | total=0.6882 kl=0.3986 node_l2=0.184284 graph_l2=2004.521638 task=0.2471 | val_AP=0.4269 test_AP=0.4261
  Distill Epoch  91/700 [25.9s mem=17015MB] | total=0.6692 kl=0.3782 node_l2=0.181313 graph_l2=1892.584241 task=0.2457 | val_AP=0.4238 test_AP=0.4288
  Distill Epoch  92/700 [25.5s mem=17012MB] | total=0.6656 kl=0.3707 node_l2=0.181848 graph_l2=1927.865377 task=0.2441 | val_AP=0.4318 test_AP=0.4303
    -> New best distilled val loss=0.2709 (test=0.4303)
  Distill Epoch  93/700 [25.6s mem=17012MB] | total=0.6599 kl=0.3708 node_l2=0.177566 graph_l2=1844.510678 task=0.2446 | val_AP=0.4291 test_AP=0.4270
  Distill Epoch  94/700 [26.0s mem=17025MB] | total=0.6707 kl=0.3711 node_l2=0.179601 graph_l2=2044.827941 task=0.2443 | val_AP=0.4357 test_AP=0.4349
  Distill Epoch  95/700 [25.2s mem=17020MB] | total=0.6574 kl=0.3691 node_l2=0.175977 graph_l2=1861.409063 task=0.2432 | val_AP=0.4323 test_AP=0.4291
  Distill Epoch  96/700 [27.7s mem=17026MB] | total=0.6569 kl=0.3636 node_l2=0.178429 graph_l2=1905.910310 task=0.2422 | val_AP=0.4302 test_AP=0.4325
  Distill Epoch  97/700 [26.9s mem=17020MB] | total=0.6579 kl=0.3625 node_l2=0.177480 graph_l2=1929.917272 task=0.2429 | val_AP=0.4226 test_AP=0.4219
  Distill Epoch  98/700 [26.0s mem=17007MB] | total=0.6528 kl=0.3607 node_l2=0.175059 graph_l2=1854.128949 task=0.2435 | val_AP=0.4277 test_AP=0.4331
  Distill Epoch  99/700 [25.3s mem=17017MB] | total=0.6575 kl=0.3580 node_l2=0.177851 graph_l2=1951.209319 task=0.2433 | val_AP=0.4281 test_AP=0.4324
  Distill Epoch 100/700 [25.3s mem=17013MB] | total=0.6444 kl=0.3459 node_l2=0.175621 graph_l2=1880.843885 task=0.2414 | val_AP=0.4277 test_AP=0.4229
  Distill Epoch 101/700 [26.2s mem=17014MB] | total=0.6400 kl=0.3478 node_l2=0.171956 graph_l2=1822.479423 task=0.2408 | val_AP=0.4347 test_AP=0.4325
    -> New best distilled val loss=0.2696 (test=0.4325)
  Distill Epoch 102/700 [25.2s mem=17020MB] | total=0.6430 kl=0.3430 node_l2=0.176105 graph_l2=1916.467534 task=0.2397 | val_AP=0.4345 test_AP=0.4335
  Distill Epoch 103/700 [27.5s mem=17021MB] | total=0.6471 kl=0.3479 node_l2=0.174615 graph_l2=1947.288567 task=0.2404 | val_AP=0.4300 test_AP=0.4286
  Distill Epoch 104/700 [47.4s mem=17008MB] | total=0.6432 kl=0.3431 node_l2=0.173392 graph_l2=1916.233526 task=0.2409 | val_AP=0.4348 test_AP=0.4340
  Distill Epoch 105/700 [48.1s mem=17017MB] | total=0.6353 kl=0.3471 node_l2=0.168784 graph_l2=1796.527212 task=0.2396 | val_AP=0.4325 test_AP=0.4307
  Distill Epoch 106/700 [48.9s mem=16481MB] | total=0.6432 kl=0.3471 node_l2=0.171588 graph_l2=1901.300816 task=0.2407 | val_AP=0.4279 test_AP=0.4308
  Distill Epoch 107/700 [48.3s mem=17006MB] | total=0.6280 kl=0.3338 node_l2=0.169136 graph_l2=1802.217584 task=0.2387 | val_AP=0.4272 test_AP=0.4267
  Distill Epoch 108/700 [48.2s mem=17023MB] | total=0.6398 kl=0.3460 node_l2=0.170483 graph_l2=1892.397088 task=0.2392 | val_AP=0.4316 test_AP=0.4365
  Distill Epoch 109/700 [47.9s mem=17016MB] | total=0.6327 kl=0.3292 node_l2=0.170787 graph_l2=1904.462812 task=0.2396 | val_AP=0.4247 test_AP=0.4268
  Distill Epoch 110/700 [48.4s mem=17014MB] | total=0.6254 kl=0.3324 node_l2=0.166918 graph_l2=1791.618638 task=0.2384 | val_AP=0.4403 test_AP=0.4408
    -> New best distilled val loss=0.2693 (test=0.4408)
  Distill Epoch 111/700 [48.1s mem=17010MB] | total=0.6255 kl=0.3308 node_l2=0.167614 graph_l2=1814.243660 task=0.2380 | val_AP=0.4185 test_AP=0.4236
  Distill Epoch 112/700 [48.3s mem=17008MB] | total=0.6293 kl=0.3316 node_l2=0.168503 graph_l2=1862.829406 task=0.2384 | val_AP=0.4349 test_AP=0.4317
  Distill Epoch 113/700 [48.3s mem=17014MB] | total=0.6236 kl=0.3223 node_l2=0.167598 graph_l2=1880.946601 task=0.2371 | val_AP=0.4388 test_AP=0.4352
  Distill Epoch 114/700 [38.1s mem=16478MB] | total=0.6211 kl=0.3115 node_l2=0.167415 graph_l2=1953.159928 task=0.2367 | val_AP=0.4329 test_AP=0.4347
  Distill Epoch 115/700 [27.1s mem=17015MB] | total=0.6170 kl=0.3157 node_l2=0.165425 graph_l2=1865.033808 task=0.2360 | val_AP=0.4410 test_AP=0.4364
  Distill Epoch 116/700 [25.3s mem=17004MB] | total=0.6119 kl=0.3110 node_l2=0.164460 graph_l2=1809.474697 task=0.2364 | val_AP=0.4386 test_AP=0.4375
  Distill Epoch 117/700 [26.9s mem=17016MB] | total=0.6142 kl=0.3159 node_l2=0.163939 graph_l2=1814.495333 task=0.2363 | val_AP=0.4438 test_AP=0.4415
  Distill Epoch 118/700 [43.5s mem=17021MB] | total=0.6177 kl=0.3184 node_l2=0.165180 graph_l2=1868.971987 task=0.2354 | val_AP=0.4294 test_AP=0.4273
  Distill Epoch 119/700 [47.4s mem=17011MB] | total=0.6182 kl=0.3132 node_l2=0.166045 graph_l2=1927.788938 task=0.2351 | val_AP=0.4379 test_AP=0.4360
  Distill Epoch 120/700 [48.1s mem=17022MB] | total=0.6139 kl=0.3168 node_l2=0.163035 graph_l2=1824.104696 task=0.2356 | val_AP=0.4262 test_AP=0.4184
  Distill Epoch 121/700 [48.3s mem=17021MB] | total=0.6096 kl=0.3072 node_l2=0.162740 graph_l2=1838.426258 task=0.2356 | val_AP=0.4310 test_AP=0.4248
  Distill Epoch 122/700 [48.2s mem=17014MB] | total=0.6009 kl=0.2989 node_l2=0.162238 graph_l2=1787.595261 task=0.2341 | val_AP=0.4410 test_AP=0.4391
  Distill Epoch 123/700 [47.6s mem=17014MB] | total=0.6178 kl=0.3106 node_l2=0.163860 graph_l2=1966.107336 task=0.2352 | val_AP=0.4403 test_AP=0.4346
  Distill Epoch 124/700 [48.0s mem=17014MB] | total=0.5982 kl=0.3016 node_l2=0.158630 graph_l2=1754.533865 task=0.2336 | val_AP=0.4330 test_AP=0.4378
  Distill Epoch 125/700 [47.9s mem=17009MB] | total=0.6014 kl=0.3075 node_l2=0.158936 graph_l2=1773.488321 task=0.2330 | val_AP=0.4354 test_AP=0.4307
  Distill Epoch 126/700 [46.9s mem=17020MB] | total=0.5922 kl=0.2921 node_l2=0.157442 graph_l2=1734.707204 task=0.2339 | val_AP=0.4313 test_AP=0.4305
  Distill Epoch 127/700 [47.6s mem=17007MB] | total=0.6001 kl=0.3009 node_l2=0.158618 graph_l2=1808.327203 task=0.2332 | val_AP=0.4352 test_AP=0.4326
  Distill Epoch 128/700 [47.8s mem=17022MB] | total=0.6132 kl=0.3106 node_l2=0.162012 graph_l2=1946.101654 task=0.2330 | val_AP=0.4449 test_AP=0.4396
  Distill Epoch 129/700 [48.3s mem=17016MB] | total=0.5981 kl=0.2975 node_l2=0.157895 graph_l2=1830.914600 task=0.2324 | val_AP=0.4358 test_AP=0.4376
  Distill Epoch 130/700 [47.6s mem=17000MB] | total=0.5955 kl=0.2938 node_l2=0.158913 graph_l2=1820.852895 task=0.2317 | val_AP=0.4454 test_AP=0.4419
  Distill Epoch 131/700 [47.5s mem=17026MB] | total=0.5957 kl=0.2869 node_l2=0.159522 graph_l2=1905.821763 task=0.2310 | val_AP=0.4384 test_AP=0.4377
  Distill Epoch 132/700 [47.1s mem=17012MB] | total=0.5864 kl=0.2896 node_l2=0.154939 graph_l2=1712.718543 task=0.2321 | val_AP=0.4360 test_AP=0.4376
  Distill Epoch 133/700 [48.5s mem=17014MB] | total=0.5951 kl=0.2904 node_l2=0.157136 graph_l2=1859.308885 task=0.2319 | val_AP=0.4338 test_AP=0.4363
  Distill Epoch 134/700 [47.2s mem=17014MB] | total=0.5889 kl=0.2804 node_l2=0.156653 graph_l2=1877.755901 task=0.2304 | val_AP=0.4474 test_AP=0.4438
  Distill Epoch 135/700 [48.7s mem=17020MB] | total=0.5839 kl=0.2764 node_l2=0.155357 graph_l2=1848.641266 task=0.2296 | val_AP=0.4431 test_AP=0.4391
  Distill Epoch 136/700 [47.4s mem=17007MB] | total=0.5894 kl=0.2800 node_l2=0.155622 graph_l2=1882.683994 task=0.2312 | val_AP=0.4434 test_AP=0.4356
    -> New best distilled val loss=0.2668 (test=0.4356)
  Distill Epoch 137/700 [47.5s mem=17008MB] | total=0.5809 kl=0.2761 node_l2=0.153536 graph_l2=1807.296594 task=0.2297 | val_AP=0.4384 test_AP=0.4411
  Distill Epoch 138/700 [47.5s mem=17020MB] | total=0.5901 kl=0.2892 node_l2=0.154790 graph_l2=1839.160874 task=0.2301 | val_AP=0.4494 test_AP=0.4480
  Distill Epoch 139/700 [47.5s mem=17015MB] | total=0.5856 kl=0.2793 node_l2=0.154910 graph_l2=1859.690213 task=0.2296 | val_AP=0.4370 test_AP=0.4380
  Distill Epoch 140/700 [47.4s mem=17012MB] | total=0.5713 kl=0.2786 node_l2=0.149490 graph_l2=1650.341928 task=0.2290 | val_AP=0.4401 test_AP=0.4411
  Distill Epoch 141/700 [48.8s mem=17010MB] | total=0.5778 kl=0.2795 node_l2=0.150732 graph_l2=1746.416330 task=0.2295 | val_AP=0.4442 test_AP=0.4418
  Distill Epoch 142/700 [48.5s mem=17018MB] | total=0.5769 kl=0.2722 node_l2=0.152487 graph_l2=1807.946851 task=0.2285 | val_AP=0.4367 test_AP=0.4336
  Distill Epoch 143/700 [47.8s mem=17009MB] | total=0.5805 kl=0.2771 node_l2=0.151703 graph_l2=1788.449377 task=0.2305 | val_AP=0.4429 test_AP=0.4488
  Distill Epoch 144/700 [47.9s mem=17020MB] | total=0.5710 kl=0.2746 node_l2=0.148475 graph_l2=1694.768977 task=0.2290 | val_AP=0.4446 test_AP=0.4536
  Distill Epoch 145/700 [47.8s mem=17022MB] | total=0.5641 kl=0.2721 node_l2=0.147362 graph_l2=1632.725599 task=0.2273 | val_AP=0.4464 test_AP=0.4461
  Distill Epoch 146/700 [47.9s mem=17001MB] | total=0.5781 kl=0.2710 node_l2=0.150620 graph_l2=1865.482163 task=0.2283 | val_AP=0.4444 test_AP=0.4446
  Distill Epoch 147/700 [48.2s mem=17025MB] | total=0.5718 kl=0.2657 node_l2=0.150259 graph_l2=1804.226749 task=0.2280 | val_AP=0.4365 test_AP=0.4388
  Distill Epoch 148/700 [48.0s mem=17006MB] | total=0.5713 kl=0.2682 node_l2=0.149028 graph_l2=1766.539814 task=0.2286 | val_AP=0.4422 test_AP=0.4404
  Distill Epoch 149/700 [47.7s mem=17016MB] | total=0.5626 kl=0.2595 node_l2=0.147368 graph_l2=1726.373881 task=0.2274 | val_AP=0.4434 test_AP=0.4431
  Distill Epoch 150/700 [47.9s mem=17011MB] | total=0.5719 kl=0.2697 node_l2=0.149024 graph_l2=1796.493533 task=0.2273 | val_AP=0.4443 test_AP=0.4518
  Distill Epoch 151/700 [47.4s mem=17013MB] | total=0.5677 kl=0.2662 node_l2=0.147489 graph_l2=1782.507490 task=0.2264 | val_AP=0.4491 test_AP=0.4503
  Distill Epoch 152/700 [48.3s mem=17021MB] | total=0.5569 kl=0.2602 node_l2=0.143578 graph_l2=1652.677571 task=0.2269 | val_AP=0.4416 test_AP=0.4406
  Distill Epoch 153/700 [47.8s mem=17006MB] | total=0.5725 kl=0.2693 node_l2=0.148479 graph_l2=1832.323594 task=0.2267 | val_AP=0.4347 test_AP=0.4377
  Distill Epoch 154/700 [47.0s mem=17012MB] | total=0.5600 kl=0.2543 node_l2=0.145846 graph_l2=1766.182087 task=0.2264 | val_AP=0.4431 test_AP=0.4501
  Distill Epoch 155/700 [48.3s mem=17009MB] | total=0.5600 kl=0.2580 node_l2=0.144407 graph_l2=1749.039078 task=0.2261 | val_AP=0.4369 test_AP=0.4428
  Distill Epoch 156/700 [47.9s mem=17009MB] | total=0.5578 kl=0.2542 node_l2=0.144028 graph_l2=1725.050602 task=0.2270 | val_AP=0.4410 test_AP=0.4439
  Distill Epoch 157/700 [47.9s mem=17019MB] | total=0.5551 kl=0.2588 node_l2=0.142620 graph_l2=1667.366312 task=0.2259 | val_AP=0.4436 test_AP=0.4486
  Distill Epoch 158/700 [48.0s mem=17017MB] | total=0.5588 kl=0.2608 node_l2=0.143306 graph_l2=1711.018586 task=0.2260 | val_AP=0.4334 test_AP=0.4310
  Distill Epoch 159/700 [48.2s mem=17010MB] | total=0.5700 kl=0.2532 node_l2=0.149362 graph_l2=1957.838380 task=0.2257 | val_AP=0.4422 test_AP=0.4459
  Distill Epoch 160/700 [47.1s mem=17027MB] | total=0.5581 kl=0.2593 node_l2=0.142226 graph_l2=1743.112609 task=0.2252 | val_AP=0.4482 test_AP=0.4525
  Distill Epoch 161/700 [47.8s mem=17004MB] | total=0.5615 kl=0.2553 node_l2=0.143455 graph_l2=1814.883594 task=0.2262 | val_AP=0.4417 test_AP=0.4471
  Distill Epoch 162/700 [48.2s mem=17002MB] | total=0.5579 kl=0.2507 node_l2=0.143391 graph_l2=1828.647333 task=0.2245 | val_AP=0.4450 test_AP=0.4429
  Distill Epoch 163/700 [48.3s mem=17018MB] | total=0.5531 kl=0.2460 node_l2=0.143923 graph_l2=1793.840957 task=0.2237 | val_AP=0.4509 test_AP=0.4529
  Distill Epoch 164/700 [47.8s mem=17019MB] | total=0.5514 kl=0.2525 node_l2=0.141378 graph_l2=1700.417713 task=0.2245 | val_AP=0.4430 test_AP=0.4453
  Distill Epoch 165/700 [48.3s mem=17031MB] | total=0.5428 kl=0.2428 node_l2=0.138996 graph_l2=1663.937819 task=0.2239 | val_AP=0.4519 test_AP=0.4474
  Distill Epoch 166/700 [48.2s mem=17020MB] | total=0.5487 kl=0.2515 node_l2=0.139054 graph_l2=1697.032028 task=0.2238 | val_AP=0.4454 test_AP=0.4445
  Distill Epoch 167/700 [47.8s mem=17014MB] | total=0.5438 kl=0.2484 node_l2=0.136997 graph_l2=1640.617393 task=0.2242 | val_AP=0.4432 test_AP=0.4451
  Distill Epoch 168/700 [47.5s mem=17018MB] | total=0.5435 kl=0.2446 node_l2=0.137568 graph_l2=1679.921928 task=0.2237 | val_AP=0.4445 test_AP=0.4482
  Distill Epoch 169/700 [48.6s mem=17008MB] | total=0.5410 kl=0.2412 node_l2=0.137352 graph_l2=1666.741427 task=0.2237 | val_AP=0.4466 test_AP=0.4434
  Distill Epoch 170/700 [48.1s mem=17005MB] | total=0.5481 kl=0.2470 node_l2=0.140356 graph_l2=1744.417959 task=0.2226 | val_AP=0.4417 test_AP=0.4414
  Distill Epoch 171/700 [48.3s mem=17008MB] | total=0.5483 kl=0.2466 node_l2=0.139207 graph_l2=1741.899161 task=0.2236 | val_AP=0.4464 test_AP=0.4464
  Distill Epoch 172/700 [48.3s mem=17002MB] | total=0.5471 kl=0.2447 node_l2=0.137687 graph_l2=1759.786588 task=0.2232 | val_AP=0.4432 test_AP=0.4489
  Distill Epoch 173/700 [47.9s mem=17010MB] | total=0.5358 kl=0.2348 node_l2=0.134861 graph_l2=1683.886274 task=0.2223 | val_AP=0.4483 test_AP=0.4458
  Distill Epoch 174/700 [47.9s mem=17021MB] | total=0.5411 kl=0.2425 node_l2=0.136934 graph_l2=1667.253598 task=0.2233 | val_AP=0.4531 test_AP=0.4489
  Distill Epoch 175/700 [47.7s mem=17021MB] | total=0.5457 kl=0.2370 node_l2=0.139838 graph_l2=1800.360056 task=0.2227 | val_AP=0.4476 test_AP=0.4477
  Distill Epoch 176/700 [47.0s mem=17019MB] | total=0.5485 kl=0.2520 node_l2=0.137308 graph_l2=1738.256506 task=0.2224 | val_AP=0.4415 test_AP=0.4391
  Distill Epoch 177/700 [47.7s mem=17021MB] | total=0.5371 kl=0.2404 node_l2=0.135414 graph_l2=1649.974079 task=0.2222 | val_AP=0.4495 test_AP=0.4476
  Distill Epoch 178/700 [48.6s mem=17011MB] | total=0.5469 kl=0.2404 node_l2=0.138931 graph_l2=1828.546407 task=0.2215 | val_AP=0.4460 test_AP=0.4534
  Distill Epoch 179/700 [47.3s mem=17020MB] | total=0.5365 kl=0.2350 node_l2=0.134682 graph_l2=1726.685426 task=0.2211 | val_AP=0.4465 test_AP=0.4462
  Distill Epoch 180/700 [48.3s mem=17018MB] | total=0.5464 kl=0.2395 node_l2=0.138852 graph_l2=1827.124659 task=0.2216 | val_AP=0.4536 test_AP=0.4531
    -> New best distilled val loss=0.2654 (test=0.4531)
  Distill Epoch 181/700 [47.6s mem=17014MB] | total=0.5338 kl=0.2400 node_l2=0.133681 graph_l2=1634.312588 task=0.2210 | val_AP=0.4462 test_AP=0.4486
  Distill Epoch 182/700 [48.4s mem=17015MB] | total=0.5380 kl=0.2353 node_l2=0.134008 graph_l2=1739.248277 task=0.2220 | val_AP=0.4485 test_AP=0.4453
  Distill Epoch 183/700 [48.1s mem=17011MB] | total=0.5307 kl=0.2320 node_l2=0.132451 graph_l2=1665.364870 task=0.2210 | val_AP=0.4492 test_AP=0.4482
  Distill Epoch 184/700 [48.5s mem=17016MB] | total=0.5321 kl=0.2342 node_l2=0.133364 graph_l2=1666.609514 task=0.2208 | val_AP=0.4473 test_AP=0.4509
  Distill Epoch 185/700 [47.5s mem=17018MB] | total=0.5422 kl=0.2401 node_l2=0.134515 graph_l2=1794.513764 task=0.2210 | val_AP=0.4511 test_AP=0.4449
  Distill Epoch 186/700 [48.5s mem=17008MB] | total=0.5298 kl=0.2322 node_l2=0.131727 graph_l2=1662.031318 task=0.2206 | val_AP=0.4466 test_AP=0.4499
  Distill Epoch 187/700 [48.2s mem=17010MB] | total=0.5320 kl=0.2308 node_l2=0.132819 graph_l2=1711.365951 task=0.2205 | val_AP=0.4457 test_AP=0.4365
  Distill Epoch 188/700 [47.9s mem=17007MB] | total=0.5295 kl=0.2311 node_l2=0.131911 graph_l2=1679.367878 task=0.2200 | val_AP=0.4508 test_AP=0.4428
  Distill Epoch 189/700 [48.7s mem=17002MB] | total=0.5346 kl=0.2295 node_l2=0.133528 graph_l2=1768.992639 task=0.2206 | val_AP=0.4512 test_AP=0.4500
  Distill Epoch 190/700 [48.5s mem=17005MB] | total=0.5310 kl=0.2302 node_l2=0.131570 graph_l2=1714.271436 task=0.2203 | val_AP=0.4486 test_AP=0.4421
  Distill Epoch 191/700 [48.0s mem=17021MB] | total=0.5338 kl=0.2289 node_l2=0.133051 graph_l2=1774.659818 task=0.2201 | val_AP=0.4528 test_AP=0.4565
  Distill Epoch 192/700 [47.4s mem=17013MB] | total=0.5273 kl=0.2251 node_l2=0.132104 graph_l2=1711.721902 task=0.2192 | val_AP=0.4544 test_AP=0.4464
  Distill Epoch 193/700 [48.6s mem=17012MB] | total=0.5163 kl=0.2247 node_l2=0.126154 graph_l2=1542.355974 task=0.2198 | val_AP=0.4496 test_AP=0.4466
  Distill Epoch 194/700 [48.0s mem=17011MB] | total=0.5344 kl=0.2273 node_l2=0.132618 graph_l2=1822.043125 task=0.2195 | val_AP=0.4464 test_AP=0.4407
  Distill Epoch 195/700 [48.2s mem=17012MB] | total=0.5258 kl=0.2258 node_l2=0.129321 graph_l2=1697.324042 task=0.2194 | val_AP=0.4511 test_AP=0.4534
  Distill Epoch 196/700 [48.5s mem=17005MB] | total=0.5294 kl=0.2250 node_l2=0.130800 graph_l2=1752.759302 task=0.2199 | val_AP=0.4490 test_AP=0.4476
  Distill Epoch 197/700 [47.9s mem=17016MB] | total=0.5230 kl=0.2238 node_l2=0.130024 graph_l2=1688.766136 task=0.2180 | val_AP=0.4399 test_AP=0.4379
  Distill Epoch 198/700 [47.9s mem=17018MB] | total=0.5256 kl=0.2257 node_l2=0.129925 graph_l2=1699.429496 task=0.2190 | val_AP=0.4455 test_AP=0.4449
  Distill Epoch 199/700 [48.3s mem=17015MB] | total=0.5274 kl=0.2248 node_l2=0.130603 graph_l2=1747.246124 task=0.2186 | val_AP=0.4450 test_AP=0.4397
  Distill Epoch 200/700 [48.6s mem=17006MB] | total=0.5259 kl=0.2263 node_l2=0.128738 graph_l2=1731.364122 task=0.2182 | val_AP=0.4575 test_AP=0.4519
  Distill Epoch 201/700 [47.2s mem=17021MB] | total=0.5314 kl=0.2264 node_l2=0.130803 graph_l2=1795.598627 task=0.2192 | val_AP=0.4491 test_AP=0.4447
  Distill Epoch 202/700 [47.5s mem=17010MB] | total=0.5169 kl=0.2178 node_l2=0.126985 graph_l2=1656.104365 task=0.2181 | val_AP=0.4470 test_AP=0.4462
  Distill Epoch 203/700 [48.1s mem=17014MB] | total=0.5333 kl=0.2253 node_l2=0.131077 graph_l2=1858.585003 task=0.2184 | val_AP=0.4463 test_AP=0.4450
  Distill Epoch 204/700 [48.0s mem=17011MB] | total=0.5217 kl=0.2159 node_l2=0.128048 graph_l2=1759.622111 task=0.2181 | val_AP=0.4496 test_AP=0.4457
  Distill Epoch 205/700 [47.7s mem=17019MB] | total=0.5275 kl=0.2284 node_l2=0.128423 graph_l2=1762.125690 task=0.2175 | val_AP=0.4536 test_AP=0.4532
  Distill Epoch 206/700 [48.1s mem=17013MB] | total=0.5245 kl=0.2185 node_l2=0.128187 graph_l2=1805.565458 task=0.2174 | val_AP=0.4514 test_AP=0.4454
  Distill Epoch 207/700 [47.6s mem=17015MB] | total=0.5178 kl=0.2240 node_l2=0.125586 graph_l2=1635.932795 task=0.2177 | val_AP=0.4525 test_AP=0.4555
  Distill Epoch 208/700 [47.5s mem=17012MB] | total=0.5252 kl=0.2272 node_l2=0.127695 graph_l2=1727.258265 task=0.2178 | val_AP=0.4556 test_AP=0.4542
  Distill Epoch 209/700 [47.8s mem=17005MB] | total=0.5196 kl=0.2194 node_l2=0.127479 graph_l2=1710.031488 task=0.2172 | val_AP=0.4494 test_AP=0.4524
  Distill Epoch 210/700 [48.7s mem=17005MB] | total=0.5116 kl=0.2153 node_l2=0.125584 graph_l2=1626.651259 task=0.2165 | val_AP=0.4493 test_AP=0.4478
  Distill Epoch 211/700 [47.9s mem=17026MB] | total=0.5187 kl=0.2185 node_l2=0.126619 graph_l2=1696.125573 task=0.2178 | val_AP=0.4505 test_AP=0.4481
  Distill Epoch 212/700 [48.4s mem=17020MB] | total=0.5126 kl=0.2149 node_l2=0.125207 graph_l2=1658.647898 task=0.2163 | val_AP=0.4511 test_AP=0.4504
  Distill Epoch 213/700 [48.0s mem=17019MB] | total=0.5246 kl=0.2218 node_l2=0.128060 graph_l2=1787.121568 task=0.2170 | val_AP=0.4594 test_AP=0.4582
  Distill Epoch 214/700 [48.3s mem=17004MB] | total=0.5177 kl=0.2218 node_l2=0.126776 graph_l2=1651.238683 task=0.2173 | val_AP=0.4547 test_AP=0.4492
  Distill Epoch 215/700 [45.4s mem=16996MB] | total=0.5088 kl=0.2167 node_l2=0.123749 graph_l2=1580.219680 task=0.2163 | val_AP=0.4547 test_AP=0.4556
  Distill Epoch 216/700 [27.1s mem=17028MB] | total=0.5120 kl=0.2157 node_l2=0.124817 graph_l2=1636.147643 task=0.2166 | val_AP=0.4557 test_AP=0.4526
  Distill Epoch 217/700 [26.9s mem=17016MB] | total=0.5156 kl=0.2152 node_l2=0.125254 graph_l2=1740.928422 task=0.2152 | val_AP=0.4515 test_AP=0.4522
  Distill Epoch 218/700 [46.9s mem=17020MB] | total=0.5185 kl=0.2101 node_l2=0.126808 graph_l2=1802.366885 task=0.2166 | val_AP=0.4550 test_AP=0.4588
  Distill Epoch 219/700 [47.8s mem=17013MB] | total=0.5117 kl=0.2176 node_l2=0.122808 graph_l2=1651.914639 task=0.2158 | val_AP=0.4502 test_AP=0.4529
  Distill Epoch 220/700 [56.5s mem=17006MB] | total=0.5161 kl=0.2200 node_l2=0.123879 graph_l2=1690.427832 task=0.2164 | val_AP=0.4543 test_AP=0.4530
  Distill Epoch 221/700 [59.6s mem=17006MB] | total=0.5176 kl=0.2206 node_l2=0.124817 graph_l2=1713.118246 task=0.2160 | val_AP=0.4602 test_AP=0.4531
  Distill Epoch 222/700 [59.7s mem=17022MB] | total=0.5080 kl=0.2100 node_l2=0.121825 graph_l2=1664.639714 task=0.2157 | val_AP=0.4570 test_AP=0.4563
  Distill Epoch 223/700 [58.6s mem=17006MB] | total=0.5110 kl=0.2169 node_l2=0.122850 graph_l2=1624.917919 task=0.2166 | val_AP=0.4564 test_AP=0.4485
  Distill Epoch 224/700 [59.1s mem=17016MB] | total=0.5024 kl=0.2125 node_l2=0.119936 graph_l2=1553.762474 task=0.2154 | val_AP=0.4575 test_AP=0.4556
  Distill Epoch 225/700 [59.1s mem=17017MB] | total=0.5161 kl=0.2110 node_l2=0.123679 graph_l2=1801.199801 task=0.2156 | val_AP=0.4534 test_AP=0.4432
  Distill Epoch 226/700 [59.7s mem=17013MB] | total=0.5144 kl=0.2150 node_l2=0.123841 graph_l2=1722.774723 task=0.2157 | val_AP=0.4534 test_AP=0.4443
  Distill Epoch 227/700 [59.1s mem=17023MB] | total=0.5100 kl=0.2069 node_l2=0.123340 graph_l2=1731.668565 task=0.2153 | val_AP=0.4535 test_AP=0.4457
  Distill Epoch 228/700 [58.5s mem=17006MB] | total=0.5087 kl=0.2144 node_l2=0.120942 graph_l2=1651.671171 task=0.2154 | val_AP=0.4596 test_AP=0.4489
  Distill Epoch 229/700 [59.0s mem=17020MB] | total=0.5130 kl=0.2180 node_l2=0.122083 graph_l2=1685.491492 task=0.2156 | val_AP=0.4528 test_AP=0.4525
  Distill Epoch 230/700 [59.1s mem=17019MB] | total=0.5078 kl=0.2050 node_l2=0.123606 graph_l2=1734.170638 task=0.2140 | val_AP=0.4562 test_AP=0.4574
    -> New best distilled val loss=0.2648 (test=0.4574)
  Distill Epoch 231/700 [59.1s mem=17017MB] | total=0.5083 kl=0.2134 node_l2=0.119588 graph_l2=1679.888581 task=0.2148 | val_AP=0.4562 test_AP=0.4496
  Distill Epoch 232/700 [59.4s mem=17004MB] | total=0.5096 kl=0.2089 node_l2=0.121812 graph_l2=1711.079522 task=0.2155 | val_AP=0.4571 test_AP=0.4552
  Distill Epoch 233/700 [59.4s mem=17020MB] | total=0.5044 kl=0.2048 node_l2=0.121405 graph_l2=1688.393213 task=0.2140 | val_AP=0.4610 test_AP=0.4636
  Distill Epoch 234/700 [59.2s mem=17027MB] | total=0.5064 kl=0.2119 node_l2=0.120454 graph_l2=1657.677994 task=0.2144 | val_AP=0.4560 test_AP=0.4480
  Distill Epoch 235/700 [59.2s mem=17011MB] | total=0.4997 kl=0.2068 node_l2=0.119373 graph_l2=1587.066864 task=0.2144 | val_AP=0.4591 test_AP=0.4523
  Distill Epoch 236/700 [59.7s mem=17010MB] | total=0.5087 kl=0.2075 node_l2=0.121758 graph_l2=1751.776954 task=0.2137 | val_AP=0.4530 test_AP=0.4531
  Distill Epoch 237/700 [59.4s mem=17013MB] | total=0.5018 kl=0.2071 node_l2=0.119575 graph_l2=1631.574661 task=0.2141 | val_AP=0.4611 test_AP=0.4642
  Distill Epoch 238/700 [59.2s mem=17018MB] | total=0.4982 kl=0.2141 node_l2=0.115269 graph_l2=1528.603620 task=0.2143 | val_AP=0.4592 test_AP=0.4646
  Distill Epoch 239/700 [58.9s mem=17010MB] | total=0.5047 kl=0.2140 node_l2=0.119869 graph_l2=1653.752306 task=0.2125 | val_AP=0.4553 test_AP=0.4491
  Distill Epoch 240/700 [59.1s mem=17025MB] | total=0.5085 kl=0.2049 node_l2=0.121355 graph_l2=1778.976553 task=0.2137 | val_AP=0.4611 test_AP=0.4585
  Distill Epoch 241/700 [58.9s mem=17017MB] | total=0.4979 kl=0.2018 node_l2=0.117266 graph_l2=1630.255247 task=0.2141 | val_AP=0.4596 test_AP=0.4592
  Distill Epoch 242/700 [59.2s mem=17032MB] | total=0.5011 kl=0.2091 node_l2=0.117677 graph_l2=1639.311064 task=0.2131 | val_AP=0.4569 test_AP=0.4583
  Distill Epoch 243/700 [59.7s mem=17007MB] | total=0.4996 kl=0.2057 node_l2=0.117433 graph_l2=1637.133561 task=0.2135 | val_AP=0.4543 test_AP=0.4602
  Distill Epoch 244/700 [58.9s mem=17008MB] | total=0.4995 kl=0.2046 node_l2=0.118682 graph_l2=1647.834616 task=0.2129 | val_AP=0.4558 test_AP=0.4518
  Distill Epoch 245/700 [58.9s mem=17024MB] | total=0.4967 kl=0.2012 node_l2=0.117551 graph_l2=1625.550955 task=0.2134 | val_AP=0.4601 test_AP=0.4559
  Distill Epoch 246/700 [59.1s mem=17027MB] | total=0.4956 kl=0.2040 node_l2=0.116532 graph_l2=1595.313165 task=0.2130 | val_AP=0.4585 test_AP=0.4548
  Distill Epoch 247/700 [58.9s mem=17015MB] | total=0.4972 kl=0.2084 node_l2=0.115949 graph_l2=1583.989409 task=0.2132 | val_AP=0.4628 test_AP=0.4633
  Distill Epoch 248/700 [59.8s mem=17017MB] | total=0.4988 kl=0.2082 node_l2=0.116827 graph_l2=1608.051921 task=0.2132 | val_AP=0.4574 test_AP=0.4567
  Distill Epoch 249/700 [59.7s mem=17004MB] | total=0.4931 kl=0.2041 node_l2=0.114814 graph_l2=1549.589522 task=0.2135 | val_AP=0.4581 test_AP=0.4615
  Distill Epoch 250/700 [58.6s mem=17015MB] | total=0.4972 kl=0.2051 node_l2=0.115441 graph_l2=1621.220985 task=0.2132 | val_AP=0.4553 test_AP=0.4591
  Distill Epoch 251/700 [59.2s mem=17011MB] | total=0.5010 kl=0.2059 node_l2=0.117221 graph_l2=1691.937782 task=0.2124 | val_AP=0.4609 test_AP=0.4641
  Distill Epoch 252/700 [59.1s mem=17012MB] | total=0.4957 kl=0.2031 node_l2=0.115404 graph_l2=1621.307267 task=0.2128 | val_AP=0.4631 test_AP=0.4649
  Distill Epoch 253/700 [58.1s mem=17024MB] | total=0.4881 kl=0.1946 node_l2=0.112789 graph_l2=1585.524513 task=0.2126 | val_AP=0.4596 test_AP=0.4587
  Distill Epoch 254/700 [58.7s mem=17016MB] | total=0.5034 kl=0.2024 node_l2=0.119252 graph_l2=1747.995646 task=0.2127 | val_AP=0.4583 test_AP=0.4629
  Distill Epoch 255/700 [59.1s mem=17011MB] | total=0.4918 kl=0.2039 node_l2=0.113746 graph_l2=1567.176421 task=0.2122 | val_AP=0.4578 test_AP=0.4529
  Distill Epoch 256/700 [59.1s mem=17008MB] | total=0.5035 kl=0.2043 node_l2=0.119153 graph_l2=1750.625717 task=0.2119 | val_AP=0.4597 test_AP=0.4547
  Distill Epoch 257/700 [59.1s mem=17014MB] | total=0.4992 kl=0.2018 node_l2=0.117855 graph_l2=1690.951725 task=0.2124 | val_AP=0.4582 test_AP=0.4565
  Distill Epoch 258/700 [59.1s mem=17010MB] | total=0.4940 kl=0.2033 node_l2=0.115198 graph_l2=1606.311122 task=0.2120 | val_AP=0.4558 test_AP=0.4495
    -> New best distilled val loss=0.2646 (test=0.4495)
  Distill Epoch 259/700 [59.0s mem=17015MB] | total=0.4929 kl=0.2016 node_l2=0.113473 graph_l2=1621.245575 task=0.2119 | val_AP=0.4619 test_AP=0.4633
  Distill Epoch 260/700 [59.1s mem=17006MB] | total=0.5035 kl=0.2019 node_l2=0.118509 graph_l2=1781.409114 task=0.2119 | val_AP=0.4562 test_AP=0.4519
  Distill Epoch 261/700 [59.6s mem=17017MB] | total=0.4967 kl=0.1967 node_l2=0.116691 graph_l2=1712.181885 task=0.2120 | val_AP=0.4573 test_AP=0.4595
  Distill Epoch 262/700 [59.3s mem=17023MB] | total=0.4934 kl=0.1979 node_l2=0.114392 graph_l2=1658.551346 task=0.2119 | val_AP=0.4655 test_AP=0.4663
  Distill Epoch 263/700 [58.7s mem=17014MB] | total=0.4873 kl=0.1990 node_l2=0.111170 graph_l2=1561.333355 task=0.2118 | val_AP=0.4589 test_AP=0.4545
  Distill Epoch 264/700 [59.0s mem=17024MB] | total=0.4914 kl=0.1980 node_l2=0.114004 graph_l2=1644.930123 task=0.2110 | val_AP=0.4606 test_AP=0.4633
  Distill Epoch 265/700 [59.5s mem=17025MB] | total=0.4895 kl=0.1977 node_l2=0.113024 graph_l2=1606.792096 task=0.2115 | val_AP=0.4583 test_AP=0.4550
  Distill Epoch 266/700 [60.1s mem=17016MB] | total=0.4853 kl=0.1921 node_l2=0.112098 graph_l2=1586.991041 task=0.2115 | val_AP=0.4633 test_AP=0.4588
  Distill Epoch 267/700 [57.5s mem=17014MB] | total=0.4969 kl=0.1990 node_l2=0.115325 graph_l2=1732.906104 task=0.2109 | val_AP=0.4554 test_AP=0.4513
  Distill Epoch 268/700 [47.5s mem=17010MB] | total=0.5008 kl=0.1999 node_l2=0.116295 graph_l2=1779.179389 task=0.2114 | val_AP=0.4606 test_AP=0.4555
  Distill Epoch 269/700 [47.9s mem=17020MB] | total=0.4884 kl=0.2033 node_l2=0.111991 graph_l2=1545.620445 task=0.2112 | val_AP=0.4587 test_AP=0.4508
    -> New best distilled val loss=0.2640 (test=0.4508)
  Distill Epoch 270/700 [48.1s mem=17020MB] | total=0.4920 kl=0.2015 node_l2=0.113066 graph_l2=1618.491515 task=0.2115 | val_AP=0.4590 test_AP=0.4609
  Distill Epoch 271/700 [47.7s mem=17017MB] | total=0.4854 kl=0.1997 node_l2=0.112240 graph_l2=1541.970135 task=0.2103 | val_AP=0.4631 test_AP=0.4683
  Distill Epoch 272/700 [48.2s mem=17021MB] | total=0.4964 kl=0.1934 node_l2=0.117485 graph_l2=1769.453277 task=0.2104 | val_AP=0.4701 test_AP=0.4682
    -> New best distilled val loss=0.2629 (test=0.4682)
  Distill Epoch 273/700 [48.1s mem=17011MB] | total=0.4933 kl=0.1962 node_l2=0.114257 graph_l2=1714.078294 task=0.2103 | val_AP=0.4611 test_AP=0.4589
  Distill Epoch 274/700 [48.2s mem=17022MB] | total=0.4910 kl=0.1974 node_l2=0.112587 graph_l2=1659.016963 task=0.2109 | val_AP=0.4571 test_AP=0.4602
  Distill Epoch 275/700 [48.5s mem=17012MB] | total=0.4861 kl=0.1951 node_l2=0.111566 graph_l2=1590.608853 task=0.2110 | val_AP=0.4615 test_AP=0.4588
  Distill Epoch 276/700 [48.2s mem=17005MB] | total=0.4890 kl=0.1966 node_l2=0.112408 graph_l2=1640.541386 task=0.2103 | val_AP=0.4554 test_AP=0.4589
  Distill Epoch 277/700 [48.0s mem=17023MB] | total=0.4918 kl=0.1971 node_l2=0.113869 graph_l2=1680.925460 task=0.2102 | val_AP=0.4572 test_AP=0.4568
  Distill Epoch 278/700 [48.7s mem=17014MB] | total=0.4886 kl=0.1950 node_l2=0.113762 graph_l2=1635.744957 task=0.2104 | val_AP=0.4625 test_AP=0.4593
  Distill Epoch 279/700 [48.2s mem=17017MB] | total=0.4866 kl=0.1964 node_l2=0.110408 graph_l2=1621.347847 task=0.2101 | val_AP=0.4669 test_AP=0.4601
  Distill Epoch 280/700 [49.1s mem=17004MB] | total=0.4848 kl=0.1952 node_l2=0.110937 graph_l2=1593.186164 task=0.2101 | val_AP=0.4669 test_AP=0.4651
  Distill Epoch 281/700 [48.4s mem=17014MB] | total=0.4899 kl=0.1967 node_l2=0.113465 graph_l2=1654.187922 task=0.2101 | val_AP=0.4582 test_AP=0.4539
  Distill Epoch 282/700 [47.1s mem=17014MB] | total=0.4908 kl=0.1977 node_l2=0.112600 graph_l2=1667.251888 task=0.2102 | val_AP=0.4569 test_AP=0.4550
  Distill Epoch 283/700 [47.6s mem=17021MB] | total=0.4883 kl=0.1960 node_l2=0.112941 graph_l2=1653.095109 task=0.2093 | val_AP=0.4594 test_AP=0.4633
  Distill Epoch 284/700 [48.2s mem=17012MB] | total=0.4860 kl=0.1953 node_l2=0.111642 graph_l2=1617.547121 task=0.2097 | val_AP=0.4638 test_AP=0.4689
  Distill Epoch 285/700 [47.8s mem=17020MB] | total=0.4832 kl=0.1979 node_l2=0.110824 graph_l2=1542.489845 task=0.2097 | val_AP=0.4601 test_AP=0.4641
  Distill Epoch 286/700 [47.5s mem=17005MB] | total=0.4762 kl=0.1948 node_l2=0.107949 graph_l2=1473.198330 task=0.2093 | val_AP=0.4694 test_AP=0.4647
  Distill Epoch 287/700 [47.7s mem=17004MB] | total=0.4949 kl=0.1953 node_l2=0.113147 graph_l2=1768.856251 task=0.2102 | val_AP=0.4617 test_AP=0.4637
  Distill Epoch 288/700 [47.5s mem=17024MB] | total=0.4854 kl=0.1948 node_l2=0.110834 graph_l2=1619.282908 task=0.2097 | val_AP=0.4645 test_AP=0.4587
  Distill Epoch 289/700 [47.9s mem=16999MB] | total=0.4849 kl=0.1921 node_l2=0.110518 graph_l2=1630.148195 task=0.2100 | val_AP=0.4570 test_AP=0.4603
  Distill Epoch 290/700 [47.7s mem=17024MB] | total=0.4914 kl=0.1967 node_l2=0.111934 graph_l2=1708.099543 task=0.2097 | val_AP=0.4631 test_AP=0.4578
  Distill Epoch 291/700 [48.2s mem=17013MB] | total=0.5018 kl=0.1998 node_l2=0.116334 graph_l2=1847.934695 task=0.2094 | val_AP=0.4637 test_AP=0.4617
  Distill Epoch 292/700 [48.3s mem=17022MB] | total=0.4894 kl=0.1956 node_l2=0.113196 graph_l2=1695.528830 task=0.2085 | val_AP=0.4627 test_AP=0.4593
  Distill Epoch 293/700 [48.4s mem=17013MB] | total=0.4880 kl=0.1890 node_l2=0.113922 graph_l2=1706.431566 task=0.2093 | val_AP=0.4649 test_AP=0.4615
  Distill Epoch 294/700 [49.0s mem=17013MB] | total=0.4995 kl=0.1981 node_l2=0.113958 graph_l2=1852.195579 task=0.2091 | val_AP=0.4599 test_AP=0.4605
  Distill Epoch 295/700 [47.9s mem=17018MB] | total=0.4948 kl=0.1975 node_l2=0.112613 graph_l2=1768.214963 task=0.2094 | val_AP=0.4647 test_AP=0.4661
  Distill Epoch 296/700 [48.3s mem=17007MB] | total=0.4799 kl=0.1897 node_l2=0.108884 graph_l2=1581.527222 task=0.2096 | val_AP=0.4667 test_AP=0.4597
  Distill Epoch 297/700 [48.9s mem=17012MB] | total=0.4852 kl=0.1914 node_l2=0.110638 graph_l2=1656.311200 task=0.2094 | val_AP=0.4622 test_AP=0.4582
  Distill Epoch 298/700 [47.2s mem=17015MB] | total=0.4795 kl=0.1988 node_l2=0.107706 graph_l2=1513.090547 task=0.2088 | val_AP=0.4653 test_AP=0.4642
  Distill Epoch 299/700 [47.4s mem=17025MB] | total=0.4883 kl=0.1963 node_l2=0.110922 graph_l2=1680.303026 task=0.2089 | val_AP=0.4597 test_AP=0.4523
  Distill Epoch 300/700 [48.0s mem=17019MB] | total=0.4878 kl=0.1919 node_l2=0.111897 graph_l2=1702.826677 task=0.2089 | val_AP=0.4686 test_AP=0.4642
    -> New best distilled val loss=0.2624 (test=0.4642)
  Distill Epoch 301/700 [48.2s mem=17015MB] | total=0.4758 kl=0.1946 node_l2=0.107025 graph_l2=1492.989779 task=0.2086 | val_AP=0.4694 test_AP=0.4620
  Distill Epoch 302/700 [48.0s mem=17018MB] | total=0.4759 kl=0.1903 node_l2=0.108620 graph_l2=1532.508490 task=0.2081 | val_AP=0.4633 test_AP=0.4578
  Distill Epoch 303/700 [48.2s mem=17015MB] | total=0.4815 kl=0.1873 node_l2=0.110299 graph_l2=1659.770025 task=0.2081 | val_AP=0.4689 test_AP=0.4679
  Distill Epoch 304/700 [48.1s mem=17003MB] | total=0.4877 kl=0.1953 node_l2=0.111118 graph_l2=1694.029505 task=0.2081 | val_AP=0.4627 test_AP=0.4647
  Distill Epoch 305/700 [48.4s mem=17021MB] | total=0.4834 kl=0.1919 node_l2=0.108658 graph_l2=1655.368224 task=0.2087 | val_AP=0.4618 test_AP=0.4697
  Distill Epoch 306/700 [48.3s mem=17023MB] | total=0.4836 kl=0.1986 node_l2=0.108519 graph_l2=1594.813864 task=0.2086 | val_AP=0.4558 test_AP=0.4593
  Distill Epoch 307/700 [47.9s mem=17029MB] | total=0.4737 kl=0.1849 node_l2=0.106183 graph_l2=1561.843836 task=0.2084 | val_AP=0.4641 test_AP=0.4689
  Distill Epoch 308/700 [48.2s mem=17010MB] | total=0.4802 kl=0.1922 node_l2=0.109750 graph_l2=1613.263689 task=0.2071 | val_AP=0.4611 test_AP=0.4582
  Distill Epoch 309/700 [48.2s mem=17013MB] | total=0.4772 kl=0.1917 node_l2=0.107236 graph_l2=1559.116388 task=0.2081 | val_AP=0.4634 test_AP=0.4653
    -> New best distilled val loss=0.2619 (test=0.4653)
  Distill Epoch 310/700 [47.8s mem=17020MB] | total=0.4783 kl=0.1850 node_l2=0.108714 graph_l2=1648.983893 task=0.2074 | val_AP=0.4649 test_AP=0.4609
  Distill Epoch 311/700 [48.5s mem=17018MB] | total=0.4751 kl=0.1907 node_l2=0.106389 graph_l2=1551.290218 task=0.2075 | val_AP=0.4683 test_AP=0.4703
  Distill Epoch 312/700 [48.0s mem=17010MB] | total=0.4800 kl=0.1890 node_l2=0.108557 graph_l2=1649.701307 task=0.2073 | val_AP=0.4728 test_AP=0.4650
  Distill Epoch 313/700 [48.3s mem=17025MB] | total=0.4829 kl=0.1889 node_l2=0.110296 graph_l2=1672.153213 task=0.2081 | val_AP=0.4662 test_AP=0.4617
  Distill Epoch 314/700 [49.0s mem=17005MB] | total=0.4745 kl=0.1845 node_l2=0.105805 graph_l2=1585.874534 task=0.2083 | val_AP=0.4748 test_AP=0.4708
  Distill Epoch 315/700 [47.5s mem=17012MB] | total=0.4756 kl=0.1872 node_l2=0.107123 graph_l2=1601.233625 task=0.2070 | val_AP=0.4647 test_AP=0.4551
  Distill Epoch 316/700 [48.1s mem=17024MB] | total=0.4807 kl=0.1887 node_l2=0.109078 graph_l2=1664.346004 task=0.2072 | val_AP=0.4616 test_AP=0.4673
  Distill Epoch 317/700 [48.5s mem=17019MB] | total=0.4776 kl=0.1903 node_l2=0.106740 graph_l2=1611.310585 task=0.2071 | val_AP=0.4640 test_AP=0.4573
  Distill Epoch 318/700 [47.2s mem=17011MB] | total=0.4751 kl=0.1877 node_l2=0.106613 graph_l2=1586.765558 task=0.2072 | val_AP=0.4618 test_AP=0.4661
  Distill Epoch 319/700 [26.6s mem=17015MB] | total=0.4768 kl=0.1860 node_l2=0.107337 graph_l2=1628.384632 task=0.2073 | val_AP=0.4684 test_AP=0.4672
  Distill Epoch 320/700 [26.8s mem=17000MB] | total=0.4793 kl=0.1884 node_l2=0.109497 graph_l2=1640.509614 task=0.2069 | val_AP=0.4681 test_AP=0.4625
  Distill Epoch 321/700 [42.2s mem=17008MB] | total=0.4672 kl=0.1845 node_l2=0.102989 graph_l2=1491.954368 task=0.2074 | val_AP=0.4708 test_AP=0.4685
  Distill Epoch 322/700 [47.9s mem=17028MB] | total=0.4685 kl=0.1834 node_l2=0.104338 graph_l2=1539.831029 task=0.2063 | val_AP=0.4627 test_AP=0.4678
  Distill Epoch 323/700 [48.3s mem=17013MB] | total=0.4754 kl=0.1874 node_l2=0.105314 graph_l2=1617.468012 task=0.2068 | val_AP=0.4682 test_AP=0.4643
  Distill Epoch 324/700 [47.4s mem=17014MB] | total=0.4846 kl=0.1871 node_l2=0.109900 graph_l2=1773.590523 task=0.2062 | val_AP=0.4677 test_AP=0.4597
  Distill Epoch 325/700 [47.6s mem=16995MB] | total=0.4760 kl=0.1840 node_l2=0.107304 graph_l2=1654.197668 task=0.2064 | val_AP=0.4671 test_AP=0.4661
  Distill Epoch 326/700 [48.7s mem=17010MB] | total=0.4763 kl=0.1861 node_l2=0.106792 graph_l2=1636.326030 task=0.2067 | val_AP=0.4656 test_AP=0.4691
  Distill Epoch 327/700 [47.5s mem=17011MB] | total=0.4664 kl=0.1850 node_l2=0.103717 graph_l2=1488.657658 task=0.2064 | val_AP=0.4710 test_AP=0.4681
  Distill Epoch 328/700 [48.6s mem=17015MB] | total=0.4730 kl=0.1878 node_l2=0.105538 graph_l2=1585.146845 task=0.2059 | val_AP=0.4729 test_AP=0.4730
  Distill Epoch 329/700 [53.5s mem=17016MB] | total=0.4724 kl=0.1849 node_l2=0.105928 graph_l2=1574.826797 task=0.2069 | val_AP=0.4719 test_AP=0.4717
  Distill Epoch 330/700 [65.9s mem=17013MB] | total=0.4839 kl=0.1859 node_l2=0.109865 graph_l2=1773.948104 task=0.2061 | val_AP=0.4664 test_AP=0.4666
  Distill Epoch 331/700 [65.9s mem=17013MB] | total=0.4635 kl=0.1837 node_l2=0.103237 graph_l2=1462.574431 task=0.2058 | val_AP=0.4678 test_AP=0.4641
  Distill Epoch 332/700 [66.1s mem=17016MB] | total=0.4768 kl=0.1858 node_l2=0.107415 graph_l2=1655.019648 task=0.2062 | val_AP=0.4694 test_AP=0.4717
  Distill Epoch 333/700 [66.5s mem=17009MB] | total=0.4767 kl=0.1844 node_l2=0.106922 graph_l2=1687.442768 task=0.2056 | val_AP=0.4704 test_AP=0.4662
  Distill Epoch 334/700 [65.7s mem=17007MB] | total=0.4684 kl=0.1847 node_l2=0.103384 graph_l2=1548.161241 task=0.2058 | val_AP=0.4760 test_AP=0.4712
  Distill Epoch 335/700 [66.6s mem=17010MB] | total=0.4721 kl=0.1868 node_l2=0.105261 graph_l2=1595.343525 task=0.2053 | val_AP=0.4674 test_AP=0.4682
  Distill Epoch 336/700 [67.2s mem=17027MB] | total=0.4688 kl=0.1873 node_l2=0.104433 graph_l2=1533.331989 task=0.2052 | val_AP=0.4686 test_AP=0.4713
  Distill Epoch 337/700 [66.5s mem=17002MB] | total=0.4750 kl=0.1871 node_l2=0.105308 graph_l2=1641.431748 task=0.2056 | val_AP=0.4704 test_AP=0.4722
  Distill Epoch 338/700 [66.3s mem=17019MB] | total=0.4729 kl=0.1837 node_l2=0.105902 graph_l2=1638.078964 task=0.2052 | val_AP=0.4718 test_AP=0.4680
  Distill Epoch 339/700 [67.2s mem=17015MB] | total=0.4672 kl=0.1797 node_l2=0.103219 graph_l2=1563.476102 task=0.2063 | val_AP=0.4715 test_AP=0.4723
  Distill Epoch 340/700 [66.4s mem=17006MB] | total=0.4750 kl=0.1829 node_l2=0.106325 graph_l2=1683.455861 task=0.2052 | val_AP=0.4660 test_AP=0.4681
  Distill Epoch 341/700 [65.9s mem=17014MB] | total=0.4616 kl=0.1828 node_l2=0.101574 graph_l2=1470.884208 task=0.2049 | val_AP=0.4711 test_AP=0.4712
  Distill Epoch 342/700 [66.8s mem=17020MB] | total=0.4770 kl=0.1837 node_l2=0.107484 graph_l2=1698.187789 task=0.2054 | val_AP=0.4751 test_AP=0.4688
  Distill Epoch 343/700 [66.4s mem=17003MB] | total=0.4706 kl=0.1837 node_l2=0.104212 graph_l2=1602.493660 task=0.2054 | val_AP=0.4707 test_AP=0.4692
  Distill Epoch 344/700 [66.4s mem=16999MB] | total=0.4773 kl=0.1813 node_l2=0.108157 graph_l2=1736.549782 task=0.2048 | val_AP=0.4755 test_AP=0.4746
    -> New best distilled val loss=0.2612 (test=0.4746)
  Distill Epoch 345/700 [67.4s mem=17006MB] | total=0.4716 kl=0.1860 node_l2=0.105326 graph_l2=1606.800431 task=0.2047 | val_AP=0.4735 test_AP=0.4736
  Distill Epoch 346/700 [66.1s mem=17008MB] | total=0.4727 kl=0.1802 node_l2=0.106449 graph_l2=1664.383938 task=0.2051 | val_AP=0.4754 test_AP=0.4715
  Distill Epoch 347/700 [65.7s mem=17024MB] | total=0.4724 kl=0.1850 node_l2=0.104360 graph_l2=1629.289642 task=0.2053 | val_AP=0.4642 test_AP=0.4653
  Distill Epoch 348/700 [67.7s mem=17025MB] | total=0.4691 kl=0.1870 node_l2=0.104994 graph_l2=1544.906651 task=0.2049 | val_AP=0.4732 test_AP=0.4673
  Distill Epoch 349/700 [66.0s mem=17016MB] | total=0.4656 kl=0.1821 node_l2=0.102150 graph_l2=1567.166915 task=0.2043 | val_AP=0.4722 test_AP=0.4661
  Distill Epoch 350/700 [66.2s mem=17010MB] | total=0.4665 kl=0.1801 node_l2=0.103689 graph_l2=1591.613653 task=0.2042 | val_AP=0.4732 test_AP=0.4749
  Distill Epoch 351/700 [67.0s mem=17014MB] | total=0.4649 kl=0.1847 node_l2=0.101911 graph_l2=1516.443002 task=0.2048 | val_AP=0.4703 test_AP=0.4693
  Distill Epoch 352/700 [67.1s mem=17016MB] | total=0.4629 kl=0.1799 node_l2=0.102694 graph_l2=1533.478050 task=0.2041 | val_AP=0.4734 test_AP=0.4696
  Distill Epoch 353/700 [66.8s mem=16478MB] | total=0.4721 kl=0.1847 node_l2=0.106042 graph_l2=1635.629332 task=0.2042 | val_AP=0.4687 test_AP=0.4643
    -> New best distilled val loss=0.2609 (test=0.4643)
  Distill Epoch 354/700 [67.6s mem=17005MB] | total=0.4564 kl=0.1785 node_l2=0.100112 graph_l2=1429.017272 task=0.2047 | val_AP=0.4773 test_AP=0.4774
  Distill Epoch 355/700 [65.5s mem=17017MB] | total=0.4675 kl=0.1834 node_l2=0.104489 graph_l2=1580.941198 task=0.2038 | val_AP=0.4735 test_AP=0.4692
  Distill Epoch 356/700 [66.7s mem=17003MB] | total=0.4685 kl=0.1856 node_l2=0.103050 graph_l2=1599.229641 task=0.2035 | val_AP=0.4815 test_AP=0.4757
  Distill Epoch 357/700 [67.1s mem=17019MB] | total=0.4731 kl=0.1809 node_l2=0.106089 graph_l2=1698.608442 task=0.2039 | val_AP=0.4723 test_AP=0.4774
  Distill Epoch 358/700 [65.4s mem=17018MB] | total=0.4650 kl=0.1782 node_l2=0.102023 graph_l2=1594.787433 task=0.2043 | val_AP=0.4717 test_AP=0.4703
  Distill Epoch 359/700 [66.2s mem=17017MB] | total=0.4668 kl=0.1818 node_l2=0.102677 graph_l2=1602.992955 task=0.2037 | val_AP=0.4789 test_AP=0.4774
  Distill Epoch 360/700 [66.7s mem=17010MB] | total=0.4627 kl=0.1853 node_l2=0.101197 graph_l2=1485.839633 task=0.2043 | val_AP=0.4714 test_AP=0.4691
  Distill Epoch 361/700 [65.9s mem=17016MB] | total=0.4629 kl=0.1775 node_l2=0.101357 graph_l2=1562.705563 task=0.2044 | val_AP=0.4742 test_AP=0.4734
  Distill Epoch 362/700 [67.0s mem=17027MB] | total=0.4700 kl=0.1847 node_l2=0.104681 graph_l2=1604.916586 task=0.2043 | val_AP=0.4807 test_AP=0.4758
  Distill Epoch 363/700 [67.3s mem=17015MB] | total=0.4689 kl=0.1817 node_l2=0.103403 graph_l2=1644.248717 task=0.2034 | val_AP=0.4738 test_AP=0.4739
  Distill Epoch 364/700 [66.7s mem=17011MB] | total=0.4652 kl=0.1839 node_l2=0.101703 graph_l2=1561.903584 task=0.2035 | val_AP=0.4812 test_AP=0.4777
  Distill Epoch 365/700 [65.6s mem=17009MB] | total=0.4597 kl=0.1811 node_l2=0.098935 graph_l2=1510.011306 task=0.2035 | val_AP=0.4778 test_AP=0.4753
    -> New best distilled val loss=0.2608 (test=0.4753)
  Distill Epoch 366/700 [67.0s mem=17001MB] | total=0.4628 kl=0.1776 node_l2=0.101842 graph_l2=1571.785306 task=0.2037 | val_AP=0.4771 test_AP=0.4738
  Distill Epoch 367/700 [65.9s mem=17013MB] | total=0.4631 kl=0.1790 node_l2=0.101878 graph_l2=1585.093822 task=0.2028 | val_AP=0.4708 test_AP=0.4704
  Distill Epoch 368/700 [66.3s mem=17019MB] | total=0.4631 kl=0.1797 node_l2=0.101608 graph_l2=1557.152463 task=0.2038 | val_AP=0.4691 test_AP=0.4737
  Distill Epoch 369/700 [67.6s mem=17019MB] | total=0.4670 kl=0.1842 node_l2=0.102741 graph_l2=1588.203953 task=0.2034 | val_AP=0.4822 test_AP=0.4810
  Distill Epoch 370/700 [66.3s mem=17015MB] | total=0.4624 kl=0.1806 node_l2=0.102299 graph_l2=1550.770048 task=0.2029 | val_AP=0.4779 test_AP=0.4741
    -> New best distilled val loss=0.2604 (test=0.4741)
  Distill Epoch 371/700 [65.5s mem=17017MB] | total=0.4668 kl=0.1789 node_l2=0.103590 graph_l2=1648.226372 task=0.2026 | val_AP=0.4764 test_AP=0.4706
  Distill Epoch 372/700 [67.1s mem=17013MB] | total=0.4777 kl=0.1813 node_l2=0.107319 graph_l2=1797.789107 task=0.2029 | val_AP=0.4759 test_AP=0.4784
    -> New best distilled val loss=0.2595 (test=0.4784)
  Distill Epoch 373/700 [67.1s mem=17008MB] | total=0.4597 kl=0.1853 node_l2=0.099852 graph_l2=1470.730952 task=0.2030 | val_AP=0.4773 test_AP=0.4731
  Distill Epoch 374/700 [66.6s mem=17012MB] | total=0.4659 kl=0.1793 node_l2=0.103020 graph_l2=1618.519987 task=0.2032 | val_AP=0.4724 test_AP=0.4696
  Distill Epoch 375/700 [67.6s mem=17007MB] | total=0.4632 kl=0.1805 node_l2=0.101499 graph_l2=1582.830087 task=0.2026 | val_AP=0.4733 test_AP=0.4726
  Distill Epoch 376/700 [66.6s mem=17010MB] | total=0.4731 kl=0.1806 node_l2=0.105176 graph_l2=1737.698845 task=0.2028 | val_AP=0.4794 test_AP=0.4785
  Distill Epoch 377/700 [66.5s mem=17015MB] | total=0.4633 kl=0.1779 node_l2=0.102398 graph_l2=1598.744826 task=0.2027 | val_AP=0.4778 test_AP=0.4773
  Distill Epoch 378/700 [67.1s mem=17015MB] | total=0.4661 kl=0.1807 node_l2=0.103609 graph_l2=1609.305222 task=0.2029 | val_AP=0.4737 test_AP=0.4702
  Distill Epoch 379/700 [66.3s mem=17029MB] | total=0.4557 kl=0.1750 node_l2=0.100628 graph_l2=1504.931506 task=0.2022 | val_AP=0.4754 test_AP=0.4767
  Distill Epoch 380/700 [66.4s mem=17021MB] | total=0.4606 kl=0.1762 node_l2=0.101302 graph_l2=1580.755292 task=0.2023 | val_AP=0.4809 test_AP=0.4772
  Distill Epoch 381/700 [67.0s mem=17018MB] | total=0.4679 kl=0.1814 node_l2=0.101630 graph_l2=1663.607756 task=0.2026 | val_AP=0.4800 test_AP=0.4805
  Distill Epoch 382/700 [65.9s mem=17019MB] | total=0.4659 kl=0.1817 node_l2=0.102326 graph_l2=1623.537998 task=0.2022 | val_AP=0.4808 test_AP=0.4752
  Distill Epoch 383/700 [65.9s mem=17018MB] | total=0.4685 kl=0.1814 node_l2=0.103559 graph_l2=1667.038148 task=0.2022 | val_AP=0.4733 test_AP=0.4690
  Distill Epoch 384/700 [67.6s mem=17014MB] | total=0.4591 kl=0.1749 node_l2=0.101462 graph_l2=1556.117061 task=0.2026 | val_AP=0.4719 test_AP=0.4737
  Distill Epoch 385/700 [66.5s mem=17017MB] | total=0.4641 kl=0.1806 node_l2=0.101051 graph_l2=1625.447944 task=0.2016 | val_AP=0.4799 test_AP=0.4780
    -> New best distilled val loss=0.2586 (test=0.4780)
  Distill Epoch 386/700 [66.2s mem=17019MB] | total=0.4612 kl=0.1801 node_l2=0.101385 graph_l2=1552.245272 task=0.2023 | val_AP=0.4787 test_AP=0.4761
  Distill Epoch 387/700 [67.4s mem=17021MB] | total=0.4590 kl=0.1793 node_l2=0.098994 graph_l2=1556.908345 task=0.2017 | val_AP=0.4793 test_AP=0.4762
  Distill Epoch 388/700 [66.8s mem=17017MB] | total=0.4569 kl=0.1778 node_l2=0.099861 graph_l2=1516.623633 task=0.2019 | val_AP=0.4750 test_AP=0.4711
  Distill Epoch 389/700 [65.9s mem=17016MB] | total=0.4537 kl=0.1809 node_l2=0.097608 graph_l2=1455.314771 task=0.2014 | val_AP=0.4797 test_AP=0.4772
  Distill Epoch 390/700 [66.6s mem=17021MB] | total=0.4614 kl=0.1761 node_l2=0.101890 graph_l2=1601.962312 task=0.2019 | val_AP=0.4799 test_AP=0.4745
  Distill Epoch 391/700 [65.8s mem=17024MB] | total=0.4564 kl=0.1744 node_l2=0.100049 graph_l2=1536.658845 task=0.2019 | val_AP=0.4796 test_AP=0.4747
  Distill Epoch 392/700 [66.2s mem=17012MB] | total=0.4706 kl=0.1806 node_l2=0.105016 graph_l2=1734.999629 task=0.2009 | val_AP=0.4789 test_AP=0.4777
  Distill Epoch 393/700 [67.0s mem=17016MB] | total=0.4591 kl=0.1763 node_l2=0.099739 graph_l2=1579.328155 task=0.2018 | val_AP=0.4767 test_AP=0.4794
  Distill Epoch 394/700 [65.9s mem=17021MB] | total=0.4636 kl=0.1796 node_l2=0.101178 graph_l2=1626.839876 task=0.2016 | val_AP=0.4764 test_AP=0.4813
  Distill Epoch 395/700 [66.7s mem=17027MB] | total=0.4600 kl=0.1791 node_l2=0.100732 graph_l2=1580.523595 task=0.2009 | val_AP=0.4773 test_AP=0.4794
  Distill Epoch 396/700 [67.3s mem=17007MB] | total=0.4517 kl=0.1784 node_l2=0.097135 graph_l2=1434.363487 task=0.2019 | val_AP=0.4790 test_AP=0.4842
  Distill Epoch 397/700 [67.1s mem=17015MB] | total=0.4545 kl=0.1752 node_l2=0.098723 graph_l2=1512.679879 task=0.2016 | val_AP=0.4837 test_AP=0.4863
  Distill Epoch 398/700 [66.1s mem=17016MB] | total=0.4610 kl=0.1817 node_l2=0.100086 graph_l2=1581.351285 task=0.2008 | val_AP=0.4772 test_AP=0.4834
  Distill Epoch 399/700 [67.4s mem=17010MB] | total=0.4668 kl=0.1780 node_l2=0.102423 graph_l2=1694.407357 task=0.2015 | val_AP=0.4799 test_AP=0.4859
  Distill Epoch 400/700 [66.5s mem=17024MB] | total=0.4522 kl=0.1741 node_l2=0.098079 graph_l2=1501.317700 task=0.2009 | val_AP=0.4799 test_AP=0.4841
  Distill Epoch 401/700 [66.3s mem=17025MB] | total=0.4660 kl=0.1793 node_l2=0.102493 graph_l2=1680.010938 task=0.2010 | val_AP=0.4812 test_AP=0.4807
  Distill Epoch 402/700 [67.1s mem=17005MB] | total=0.4500 kl=0.1746 node_l2=0.095946 graph_l2=1473.052336 task=0.2009 | val_AP=0.4799 test_AP=0.4770
  Distill Epoch 403/700 [66.3s mem=17002MB] | total=0.4535 kl=0.1755 node_l2=0.097608 graph_l2=1514.694986 task=0.2010 | val_AP=0.4792 test_AP=0.4817
  Distill Epoch 404/700 [65.9s mem=17025MB] | total=0.4597 kl=0.1744 node_l2=0.100621 graph_l2=1625.219270 task=0.2008 | val_AP=0.4850 test_AP=0.4855
  Distill Epoch 405/700 [66.5s mem=17019MB] | total=0.4544 kl=0.1749 node_l2=0.099146 graph_l2=1539.133411 task=0.2004 | val_AP=0.4767 test_AP=0.4770
  Distill Epoch 406/700 [66.4s mem=17018MB] | total=0.4586 kl=0.1759 node_l2=0.099885 graph_l2=1606.967415 task=0.2003 | val_AP=0.4776 test_AP=0.4809
  Distill Epoch 407/700 [66.2s mem=17020MB] | total=0.4558 kl=0.1727 node_l2=0.099817 graph_l2=1580.179835 task=0.2004 | val_AP=0.4771 test_AP=0.4825
  Distill Epoch 408/700 [67.3s mem=17011MB] | total=0.4617 kl=0.1765 node_l2=0.100675 graph_l2=1637.248727 task=0.2010 | val_AP=0.4771 test_AP=0.4822
  Distill Epoch 409/700 [66.8s mem=17017MB] | total=0.4618 kl=0.1736 node_l2=0.101330 graph_l2=1673.659871 task=0.2006 | val_AP=0.4819 test_AP=0.4818
  Distill Epoch 410/700 [66.3s mem=17025MB] | total=0.4631 kl=0.1784 node_l2=0.101063 graph_l2=1648.183077 task=0.2008 | val_AP=0.4834 test_AP=0.4848
  Distill Epoch 411/700 [66.7s mem=17023MB] | total=0.4508 kl=0.1757 node_l2=0.097611 graph_l2=1478.411397 task=0.2002 | val_AP=0.4762 test_AP=0.4822
  Distill Epoch 412/700 [66.1s mem=17009MB] | total=0.4565 kl=0.1733 node_l2=0.098506 graph_l2=1596.692727 task=0.2006 | val_AP=0.4832 test_AP=0.4822
  Distill Epoch 413/700 [65.8s mem=17012MB] | total=0.4661 kl=0.1735 node_l2=0.103403 graph_l2=1741.075436 task=0.2005 | val_AP=0.4835 test_AP=0.4836
  Distill Epoch 414/700 [66.5s mem=17006MB] | total=0.4575 kl=0.1749 node_l2=0.100446 graph_l2=1597.398924 task=0.2000 | val_AP=0.4791 test_AP=0.4767
  Distill Epoch 415/700 [66.0s mem=17015MB] | total=0.4632 kl=0.1745 node_l2=0.102224 graph_l2=1690.419049 task=0.2002 | val_AP=0.4840 test_AP=0.4819
  Distill Epoch 416/700 [66.5s mem=17015MB] | total=0.4589 kl=0.1738 node_l2=0.101000 graph_l2=1632.197931 task=0.1999 | val_AP=0.4790 test_AP=0.4778
  Distill Epoch 417/700 [67.0s mem=17015MB] | total=0.4478 kl=0.1725 node_l2=0.096091 graph_l2=1473.483460 task=0.1998 | val_AP=0.4806 test_AP=0.4839
  Distill Epoch 418/700 [66.7s mem=17016MB] | total=0.4574 kl=0.1747 node_l2=0.099717 graph_l2=1602.717338 task=0.2001 | val_AP=0.4774 test_AP=0.4768
  Distill Epoch 419/700 [66.1s mem=17011MB] | total=0.4545 kl=0.1763 node_l2=0.099700 graph_l2=1545.053108 task=0.1994 | val_AP=0.4817 test_AP=0.4844
  Distill Epoch 420/700 [66.2s mem=17016MB] | total=0.4579 kl=0.1746 node_l2=0.098989 graph_l2=1629.991734 task=0.1997 | val_AP=0.4784 test_AP=0.4794
  Distill Epoch 421/700 [66.9s mem=17000MB] | total=0.4562 kl=0.1725 node_l2=0.099686 graph_l2=1611.511472 task=0.1996 | val_AP=0.4826 test_AP=0.4812
  Distill Epoch 422/700 [66.5s mem=17014MB] | total=0.4606 kl=0.1759 node_l2=0.100293 graph_l2=1654.515983 task=0.1998 | val_AP=0.4845 test_AP=0.4805
    -> New best distilled val loss=0.2586 (test=0.4805)
  Distill Epoch 423/700 [67.4s mem=17023MB] | total=0.4538 kl=0.1731 node_l2=0.097306 graph_l2=1582.660116 task=0.1995 | val_AP=0.4826 test_AP=0.4812
  Distill Epoch 424/700 [66.6s mem=17012MB] | total=0.4687 kl=0.1766 node_l2=0.102710 graph_l2=1787.653206 task=0.1997 | val_AP=0.4802 test_AP=0.4822
  Distill Epoch 425/700 [66.6s mem=17029MB] | total=0.4579 kl=0.1736 node_l2=0.100045 graph_l2=1643.340013 task=0.1991 | val_AP=0.4804 test_AP=0.4752
  Distill Epoch 426/700 [66.9s mem=17014MB] | total=0.4506 kl=0.1724 node_l2=0.097675 graph_l2=1515.721453 task=0.1998 | val_AP=0.4852 test_AP=0.4894
  Distill Epoch 427/700 [67.2s mem=17015MB] | total=0.4622 kl=0.1759 node_l2=0.100601 graph_l2=1695.345761 task=0.1993 | val_AP=0.4811 test_AP=0.4811
  Distill Epoch 428/700 [59.7s mem=17020MB] | total=0.4654 kl=0.1749 node_l2=0.101999 graph_l2=1752.689842 task=0.1995 | val_AP=0.4876 test_AP=0.4834
    -> New best distilled val loss=0.2583 (test=0.4834)
  Distill Epoch 429/700 [45.5s mem=17008MB] | total=0.4588 kl=0.1787 node_l2=0.099024 graph_l2=1606.666847 task=0.1996 | val_AP=0.4772 test_AP=0.4764
  Distill Epoch 430/700 [67.8s mem=17010MB] | total=0.4540 kl=0.1756 node_l2=0.096966 graph_l2=1565.391569 task=0.1996 | val_AP=0.4828 test_AP=0.4849
  Distill Epoch 431/700 [66.7s mem=17005MB] | total=0.4607 kl=0.1707 node_l2=0.101183 graph_l2=1712.535161 task=0.1993 | val_AP=0.4810 test_AP=0.4817
  Distill Epoch 432/700 [65.9s mem=17028MB] | total=0.4557 kl=0.1716 node_l2=0.099569 graph_l2=1620.271273 task=0.1992 | val_AP=0.4802 test_AP=0.4788
  Distill Epoch 433/700 [67.7s mem=17001MB] | total=0.4511 kl=0.1711 node_l2=0.097593 graph_l2=1548.747233 task=0.1994 | val_AP=0.4833 test_AP=0.4865
  Distill Epoch 434/700 [66.6s mem=17011MB] | total=0.4588 kl=0.1744 node_l2=0.100895 graph_l2=1652.227953 task=0.1988 | val_AP=0.4789 test_AP=0.4804
  Distill Epoch 435/700 [66.4s mem=17001MB] | total=0.4520 kl=0.1706 node_l2=0.098538 graph_l2=1582.464363 task=0.1986 | val_AP=0.4801 test_AP=0.4849
  Distill Epoch 436/700 [66.5s mem=17016MB] | total=0.4461 kl=0.1730 node_l2=0.094957 graph_l2=1464.629695 task=0.1991 | val_AP=0.4771 test_AP=0.4806
  Distill Epoch 437/700 [66.0s mem=17010MB] | total=0.4434 kl=0.1741 node_l2=0.093625 graph_l2=1420.593927 task=0.1988 | val_AP=0.4809 test_AP=0.4866
  Distill Epoch 438/700 [66.6s mem=17008MB] | total=0.4546 kl=0.1741 node_l2=0.098626 graph_l2=1591.806617 task=0.1988 | val_AP=0.4822 test_AP=0.4809
  Distill Epoch 439/700 [66.9s mem=17014MB] | total=0.4646 kl=0.1775 node_l2=0.101404 graph_l2=1746.736628 task=0.1982 | val_AP=0.4834 test_AP=0.4795
  Distill Epoch 440/700 [66.5s mem=17011MB] | total=0.4448 kl=0.1727 node_l2=0.094738 graph_l2=1458.346044 task=0.1985 | val_AP=0.4845 test_AP=0.4811
    -> New best distilled val loss=0.2579 (test=0.4811)
  Distill Epoch 441/700 [66.5s mem=17014MB] | total=0.4447 kl=0.1748 node_l2=0.094676 graph_l2=1434.659478 task=0.1986 | val_AP=0.4816 test_AP=0.4850
  Distill Epoch 442/700 [68.0s mem=17010MB] | total=0.4559 kl=0.1769 node_l2=0.098691 graph_l2=1595.714614 task=0.1986 | val_AP=0.4865 test_AP=0.4854
  Distill Epoch 443/700 [66.2s mem=17012MB] | total=0.4501 kl=0.1705 node_l2=0.096188 graph_l2=1557.490185 task=0.1991 | val_AP=0.4901 test_AP=0.4904
  Distill Epoch 444/700 [65.5s mem=17018MB] | total=0.4492 kl=0.1723 node_l2=0.096786 graph_l2=1547.078119 task=0.1978 | val_AP=0.4816 test_AP=0.4907
  Distill Epoch 445/700 [67.0s mem=17011MB] | total=0.4433 kl=0.1722 node_l2=0.094364 graph_l2=1441.226259 task=0.1983 | val_AP=0.4822 test_AP=0.4863
  Distill Epoch 446/700 [67.1s mem=17007MB] | total=0.4487 kl=0.1718 node_l2=0.095798 graph_l2=1524.644644 task=0.1989 | val_AP=0.4817 test_AP=0.4805
  Distill Epoch 447/700 [66.8s mem=17017MB] | total=0.4431 kl=0.1701 node_l2=0.095230 graph_l2=1460.075734 task=0.1979 | val_AP=0.4849 test_AP=0.4820
  Distill Epoch 448/700 [67.1s mem=17013MB] | total=0.4555 kl=0.1725 node_l2=0.098151 graph_l2=1650.486866 task=0.1981 | val_AP=0.4865 test_AP=0.4853
  Distill Epoch 449/700 [67.1s mem=16487MB] | total=0.4504 kl=0.1742 node_l2=0.096823 graph_l2=1542.642839 task=0.1981 | val_AP=0.4833 test_AP=0.4846
  Distill Epoch 450/700 [66.7s mem=17009MB] | total=0.4508 kl=0.1739 node_l2=0.098494 graph_l2=1546.899627 task=0.1977 | val_AP=0.4875 test_AP=0.4865
  Distill Epoch 451/700 [66.7s mem=17006MB] | total=0.4531 kl=0.1746 node_l2=0.097429 graph_l2=1589.060123 task=0.1980 | val_AP=0.4854 test_AP=0.4859
  Distill Epoch 452/700 [66.8s mem=17013MB] | total=0.4449 kl=0.1708 node_l2=0.095208 graph_l2=1496.671222 task=0.1975 | val_AP=0.4863 test_AP=0.4860
  Distill Epoch 453/700 [65.8s mem=17025MB] | total=0.4525 kl=0.1727 node_l2=0.097237 graph_l2=1602.548588 task=0.1978 | val_AP=0.4893 test_AP=0.4910
  Distill Epoch 454/700 [67.2s mem=17016MB] | total=0.4516 kl=0.1716 node_l2=0.097682 graph_l2=1593.745045 task=0.1977 | val_AP=0.4910 test_AP=0.4856
    -> New best distilled val loss=0.2577 (test=0.4856)
  Distill Epoch 455/700 [67.6s mem=17005MB] | total=0.4472 kl=0.1707 node_l2=0.096056 graph_l2=1541.310731 task=0.1973 | val_AP=0.4848 test_AP=0.4842
  Distill Epoch 456/700 [66.1s mem=17012MB] | total=0.4499 kl=0.1716 node_l2=0.096571 graph_l2=1564.833666 task=0.1980 | val_AP=0.4829 test_AP=0.4860
  Distill Epoch 457/700 [66.7s mem=17007MB] | total=0.4538 kl=0.1746 node_l2=0.099068 graph_l2=1606.279649 task=0.1973 | val_AP=0.4894 test_AP=0.4968
  Distill Epoch 458/700 [67.0s mem=17014MB] | total=0.4451 kl=0.1691 node_l2=0.094455 graph_l2=1532.058820 task=0.1973 | val_AP=0.4821 test_AP=0.4826
  Distill Epoch 459/700 [66.0s mem=17009MB] | total=0.4448 kl=0.1692 node_l2=0.094546 graph_l2=1524.494814 task=0.1973 | val_AP=0.4790 test_AP=0.4792
  Distill Epoch 460/700 [67.0s mem=17006MB] | total=0.4478 kl=0.1709 node_l2=0.095267 graph_l2=1553.904917 task=0.1975 | val_AP=0.4857 test_AP=0.4856
  Distill Epoch 461/700 [67.2s mem=17008MB] | total=0.4426 kl=0.1643 node_l2=0.095089 graph_l2=1522.642152 task=0.1973 | val_AP=0.4858 test_AP=0.4808
  Distill Epoch 462/700 [66.4s mem=17012MB] | total=0.4516 kl=0.1709 node_l2=0.097204 graph_l2=1608.260604 task=0.1976 | val_AP=0.4818 test_AP=0.4838
  Distill Epoch 463/700 [67.2s mem=17014MB] | total=0.4581 kl=0.1740 node_l2=0.098841 graph_l2=1706.399406 task=0.1970 | val_AP=0.4802 test_AP=0.4857
  Distill Epoch 464/700 [66.7s mem=17008MB] | total=0.4491 kl=0.1712 node_l2=0.096932 graph_l2=1565.293428 task=0.1973 | val_AP=0.4816 test_AP=0.4824
  Distill Epoch 465/700 [66.3s mem=17008MB] | total=0.4454 kl=0.1690 node_l2=0.095047 graph_l2=1538.285739 task=0.1971 | val_AP=0.4861 test_AP=0.4894
  Distill Epoch 466/700 [66.7s mem=17018MB] | total=0.4417 kl=0.1677 node_l2=0.094713 graph_l2=1484.966686 task=0.1968 | val_AP=0.4810 test_AP=0.4845
  Distill Epoch 467/700 [67.0s mem=17018MB] | total=0.4523 kl=0.1713 node_l2=0.098074 graph_l2=1624.876162 task=0.1970 | val_AP=0.4861 test_AP=0.4880
  Distill Epoch 468/700 [66.6s mem=17018MB] | total=0.4497 kl=0.1693 node_l2=0.096841 graph_l2=1603.911215 task=0.1970 | val_AP=0.4844 test_AP=0.4848
  Distill Epoch 469/700 [65.9s mem=17026MB] | total=0.4541 kl=0.1740 node_l2=0.097563 graph_l2=1630.787686 task=0.1973 | val_AP=0.4836 test_AP=0.4839
  Distill Epoch 470/700 [66.8s mem=17013MB] | total=0.4455 kl=0.1700 node_l2=0.095330 graph_l2=1534.895139 task=0.1968 | val_AP=0.4852 test_AP=0.4845
  Distill Epoch 471/700 [65.9s mem=17019MB] | total=0.4502 kl=0.1671 node_l2=0.097918 graph_l2=1628.210562 task=0.1969 | val_AP=0.4831 test_AP=0.4794
  Distill Epoch 472/700 [66.8s mem=17014MB] | total=0.4427 kl=0.1679 node_l2=0.094185 graph_l2=1511.239017 task=0.1968 | val_AP=0.4832 test_AP=0.4853
  Distill Epoch 473/700 [66.6s mem=17007MB] | total=0.4446 kl=0.1687 node_l2=0.095304 graph_l2=1521.617943 task=0.1971 | val_AP=0.4892 test_AP=0.4836
  Distill Epoch 474/700 [66.0s mem=17023MB] | total=0.4426 kl=0.1666 node_l2=0.094754 graph_l2=1515.622505 task=0.1968 | val_AP=0.4874 test_AP=0.4910
  Distill Epoch 475/700 [66.4s mem=17023MB] | total=0.4410 kl=0.1678 node_l2=0.094742 graph_l2=1472.236744 task=0.1968 | val_AP=0.4855 test_AP=0.4882
  Distill Epoch 476/700 [67.3s mem=17010MB] | total=0.4462 kl=0.1712 node_l2=0.095539 graph_l2=1525.356269 task=0.1972 | val_AP=0.4850 test_AP=0.4873
  Distill Epoch 477/700 [65.8s mem=17022MB] | total=0.4510 kl=0.1720 node_l2=0.097365 graph_l2=1611.103755 task=0.1964 | val_AP=0.4878 test_AP=0.4827
  Distill Epoch 478/700 [67.1s mem=16474MB] | total=0.4460 kl=0.1682 node_l2=0.096609 graph_l2=1556.222786 task=0.1965 | val_AP=0.4854 test_AP=0.4887
  Distill Epoch 479/700 [67.2s mem=17013MB] | total=0.4431 kl=0.1679 node_l2=0.095480 graph_l2=1510.378129 task=0.1966 | val_AP=0.4862 test_AP=0.4847
  Distill Epoch 480/700 [65.6s mem=17017MB] | total=0.4446 kl=0.1667 node_l2=0.095112 graph_l2=1554.872098 task=0.1966 | val_AP=0.4908 test_AP=0.4865
  Distill Epoch 481/700 [66.7s mem=17022MB] | total=0.4433 kl=0.1672 node_l2=0.095498 graph_l2=1522.699321 task=0.1965 | val_AP=0.4845 test_AP=0.4902
  Distill Epoch 482/700 [66.7s mem=17019MB] | total=0.4510 kl=0.1692 node_l2=0.097881 graph_l2=1643.610050 task=0.1961 | val_AP=0.4859 test_AP=0.4840
  Distill Epoch 483/700 [66.8s mem=17018MB] | total=0.4406 kl=0.1670 node_l2=0.093849 graph_l2=1486.120548 task=0.1966 | val_AP=0.4902 test_AP=0.4901
  Distill Epoch 484/700 [66.1s mem=17013MB] | total=0.4491 kl=0.1707 node_l2=0.096175 graph_l2=1614.449059 task=0.1958 | val_AP=0.4823 test_AP=0.4864
  Distill Epoch 485/700 [67.3s mem=17019MB] | total=0.4390 kl=0.1701 node_l2=0.092629 graph_l2=1445.791189 task=0.1961 | val_AP=0.4876 test_AP=0.4888
  Distill Epoch 486/700 [58.2s mem=17002MB] | total=0.4487 kl=0.1697 node_l2=0.096913 graph_l2=1593.491770 task=0.1965 | val_AP=0.4867 test_AP=0.4892
  Distill Epoch 487/700 [47.2s mem=17025MB] | total=0.4472 kl=0.1692 node_l2=0.096952 graph_l2=1584.776040 task=0.1957 | val_AP=0.4874 test_AP=0.4864
  Distill Epoch 488/700 [47.3s mem=17010MB] | total=0.4475 kl=0.1687 node_l2=0.097322 graph_l2=1585.540008 task=0.1960 | val_AP=0.4913 test_AP=0.4887
  Distill Epoch 489/700 [49.0s mem=17014MB] | total=0.4449 kl=0.1667 node_l2=0.095612 graph_l2=1582.856562 task=0.1955 | val_AP=0.4882 test_AP=0.4919
  Distill Epoch 490/700 [47.1s mem=17015MB] | total=0.4468 kl=0.1673 node_l2=0.095747 graph_l2=1606.010411 task=0.1958 | val_AP=0.4892 test_AP=0.4879
  Distill Epoch 491/700 [48.0s mem=17020MB] | total=0.4463 kl=0.1691 node_l2=0.095962 graph_l2=1570.559523 task=0.1961 | val_AP=0.4863 test_AP=0.4909
  Distill Epoch 492/700 [47.8s mem=17009MB] | total=0.4360 kl=0.1662 node_l2=0.092177 graph_l2=1433.422030 task=0.1960 | val_AP=0.4893 test_AP=0.4904
  Distill Epoch 493/700 [47.5s mem=17029MB] | total=0.4467 kl=0.1692 node_l2=0.097236 graph_l2=1565.311231 task=0.1960 | val_AP=0.4863 test_AP=0.4878
  Distill Epoch 494/700 [48.0s mem=17022MB] | total=0.4403 kl=0.1704 node_l2=0.093566 graph_l2=1467.989101 task=0.1958 | val_AP=0.4865 test_AP=0.4942
  Distill Epoch 495/700 [48.1s mem=17011MB] | total=0.4449 kl=0.1688 node_l2=0.096317 graph_l2=1544.339018 task=0.1959 | val_AP=0.4857 test_AP=0.4943
  Distill Epoch 496/700 [47.1s mem=17011MB] | total=0.4417 kl=0.1681 node_l2=0.094748 graph_l2=1509.482556 task=0.1956 | val_AP=0.4863 test_AP=0.4940
  Distill Epoch 497/700 [47.9s mem=17011MB] | total=0.4411 kl=0.1671 node_l2=0.094572 graph_l2=1508.485978 task=0.1957 | val_AP=0.4900 test_AP=0.4903
  Distill Epoch 498/700 [48.3s mem=17018MB] | total=0.4456 kl=0.1661 node_l2=0.096063 graph_l2=1598.386508 task=0.1955 | val_AP=0.4838 test_AP=0.4827
  Distill Epoch 499/700 [48.2s mem=17016MB] | total=0.4433 kl=0.1654 node_l2=0.095850 graph_l2=1562.946433 task=0.1955 | val_AP=0.4856 test_AP=0.4868
  Distill Epoch 500/700 [47.8s mem=17005MB] | total=0.4341 kl=0.1642 node_l2=0.091915 graph_l2=1419.794416 task=0.1959 | val_AP=0.4882 test_AP=0.4850
  Distill Epoch 501/700 [47.3s mem=17013MB] | total=0.4410 kl=0.1692 node_l2=0.094094 graph_l2=1497.634022 task=0.1954 | val_AP=0.4838 test_AP=0.4862
  Distill Epoch 502/700 [48.0s mem=17001MB] | total=0.4454 kl=0.1656 node_l2=0.095811 graph_l2=1599.474310 task=0.1956 | val_AP=0.4861 test_AP=0.4872
  Distill Epoch 503/700 [47.7s mem=17022MB] | total=0.4377 kl=0.1669 node_l2=0.092655 graph_l2=1468.951429 task=0.1954 | val_AP=0.4885 test_AP=0.4883
  Distill Epoch 504/700 [47.9s mem=17020MB] | total=0.4409 kl=0.1661 node_l2=0.095016 graph_l2=1516.044352 task=0.1955 | val_AP=0.4913 test_AP=0.4894
  Distill Epoch 505/700 [48.1s mem=17007MB] | total=0.4409 kl=0.1653 node_l2=0.094864 graph_l2=1529.380338 task=0.1953 | val_AP=0.4879 test_AP=0.4880
  Distill Epoch 506/700 [47.5s mem=17012MB] | total=0.4530 kl=0.1718 node_l2=0.099680 graph_l2=1668.094349 task=0.1949 | val_AP=0.4876 test_AP=0.4902
  Distill Epoch 507/700 [47.4s mem=17016MB] | total=0.4408 kl=0.1673 node_l2=0.094027 graph_l2=1505.630405 task=0.1957 | val_AP=0.4875 test_AP=0.4870
  Distill Epoch 508/700 [47.4s mem=17013MB] | total=0.4469 kl=0.1707 node_l2=0.096343 graph_l2=1576.253968 task=0.1955 | val_AP=0.4861 test_AP=0.4895
  Distill Epoch 509/700 [47.3s mem=17018MB] | total=0.4527 kl=0.1718 node_l2=0.097281 graph_l2=1683.884743 task=0.1949 | val_AP=0.4847 test_AP=0.4895
  Distill Epoch 510/700 [47.6s mem=17016MB] | total=0.4381 kl=0.1628 node_l2=0.093239 graph_l2=1521.156486 task=0.1950 | val_AP=0.4874 test_AP=0.4923
  Distill Epoch 511/700 [47.5s mem=17020MB] | total=0.4477 kl=0.1688 node_l2=0.095895 graph_l2=1624.198683 task=0.1951 | val_AP=0.4831 test_AP=0.4824
  Distill Epoch 512/700 [47.3s mem=16988MB] | total=0.4401 kl=0.1663 node_l2=0.093868 graph_l2=1511.746727 task=0.1953 | val_AP=0.4860 test_AP=0.4890
  Distill Epoch 513/700 [47.6s mem=17011MB] | total=0.4523 kl=0.1665 node_l2=0.097633 graph_l2=1726.499031 task=0.1949 | val_AP=0.4892 test_AP=0.4900
  Distill Epoch 514/700 [47.8s mem=17009MB] | total=0.4358 kl=0.1649 node_l2=0.092286 graph_l2=1455.951779 task=0.1953 | val_AP=0.4890 test_AP=0.4876
  Distill Epoch 515/700 [47.6s mem=17002MB] | total=0.4407 kl=0.1610 node_l2=0.094849 graph_l2=1581.401576 task=0.1948 | val_AP=0.4927 test_AP=0.4932
  Distill Epoch 516/700 [46.7s mem=17016MB] | total=0.4378 kl=0.1646 node_l2=0.091811 graph_l2=1516.148803 task=0.1948 | val_AP=0.4900 test_AP=0.4902
  Distill Epoch 517/700 [47.7s mem=17012MB] | total=0.4433 kl=0.1687 node_l2=0.094726 graph_l2=1569.218634 task=0.1942 | val_AP=0.4884 test_AP=0.4939
  Distill Epoch 518/700 [47.0s mem=17009MB] | total=0.4474 kl=0.1688 node_l2=0.097097 graph_l2=1609.009198 task=0.1950 | val_AP=0.4871 test_AP=0.4921
  Distill Epoch 519/700 [48.1s mem=17009MB] | total=0.4406 kl=0.1639 node_l2=0.093876 graph_l2=1561.433625 task=0.1947 | val_AP=0.4864 test_AP=0.4921
  Distill Epoch 520/700 [48.4s mem=17009MB] | total=0.4388 kl=0.1631 node_l2=0.093200 graph_l2=1546.223035 task=0.1944 | val_AP=0.4864 test_AP=0.4896
  Distill Epoch 521/700 [47.1s mem=17021MB] | total=0.4386 kl=0.1635 node_l2=0.093623 graph_l2=1532.397024 task=0.1945 | val_AP=0.4855 test_AP=0.4891
  Distill Epoch 522/700 [46.9s mem=17015MB] | total=0.4512 kl=0.1663 node_l2=0.097938 graph_l2=1709.098407 task=0.1947 | val_AP=0.4876 test_AP=0.4856
  Distill Epoch 523/700 [47.8s mem=17011MB] | total=0.4465 kl=0.1670 node_l2=0.096194 graph_l2=1630.553358 task=0.1945 | val_AP=0.4836 test_AP=0.4868
  Distill Epoch 524/700 [47.7s mem=17010MB] | total=0.4450 kl=0.1639 node_l2=0.096850 graph_l2=1618.479463 task=0.1947 | val_AP=0.4860 test_AP=0.4874
  Distill Epoch 525/700 [47.4s mem=17014MB] | total=0.4401 kl=0.1668 node_l2=0.094258 graph_l2=1530.433103 task=0.1942 | val_AP=0.4896 test_AP=0.4847
  Distill Epoch 526/700 [48.2s mem=17019MB] | total=0.4435 kl=0.1657 node_l2=0.095456 graph_l2=1597.522169 task=0.1942 | val_AP=0.4899 test_AP=0.4905
  Distill Epoch 527/700 [47.5s mem=17010MB] | total=0.4366 kl=0.1646 node_l2=0.093651 graph_l2=1484.490557 task=0.1944 | val_AP=0.4918 test_AP=0.4865
  Distill Epoch 528/700 [47.7s mem=17017MB] | total=0.4399 kl=0.1646 node_l2=0.093821 graph_l2=1550.770650 task=0.1943 | val_AP=0.4850 test_AP=0.4864
  Distill Epoch 529/700 [48.0s mem=17015MB] | total=0.4434 kl=0.1656 node_l2=0.095666 graph_l2=1588.721179 task=0.1944 | val_AP=0.4837 test_AP=0.4833
  Distill Epoch 530/700 [47.8s mem=17009MB] | total=0.4477 kl=0.1683 node_l2=0.096866 graph_l2=1639.588329 task=0.1943 | val_AP=0.4883 test_AP=0.4913
  Distill Epoch 531/700 [48.1s mem=17013MB] | total=0.4338 kl=0.1651 node_l2=0.092158 graph_l2=1443.970491 task=0.1942 | val_AP=0.4887 test_AP=0.4902
  Distill Epoch 532/700 [47.3s mem=17026MB] | total=0.4366 kl=0.1633 node_l2=0.093291 graph_l2=1503.077632 task=0.1943 | val_AP=0.4884 test_AP=0.4927
  Distill Epoch 533/700 [47.9s mem=17012MB] | total=0.4325 kl=0.1629 node_l2=0.091580 graph_l2=1444.333849 task=0.1942 | val_AP=0.4855 test_AP=0.4910
  Distill Epoch 534/700 [29.7s mem=17013MB] | total=0.4303 kl=0.1637 node_l2=0.090480 graph_l2=1414.889760 task=0.1937 | val_AP=0.4870 test_AP=0.4929
  Distill Epoch 535/700 [25.9s mem=17001MB] | total=0.4401 kl=0.1667 node_l2=0.094124 graph_l2=1540.929631 task=0.1938 | val_AP=0.4860 test_AP=0.4820
  Distill Epoch 536/700 [31.5s mem=17037MB] | total=0.4325 kl=0.1640 node_l2=0.091607 graph_l2=1424.815688 task=0.1945 | val_AP=0.4832 test_AP=0.4912
  Distill Epoch 537/700 [48.0s mem=17014MB] | total=0.4380 kl=0.1633 node_l2=0.093589 graph_l2=1532.232909 task=0.1941 | val_AP=0.4842 test_AP=0.4843
  Distill Epoch 538/700 [47.9s mem=17014MB] | total=0.4546 kl=0.1676 node_l2=0.099126 graph_l2=1765.715678 task=0.1941 | val_AP=0.4856 test_AP=0.4858
  Distill Epoch 539/700 [47.2s mem=17026MB] | total=0.4357 kl=0.1639 node_l2=0.092232 graph_l2=1490.622454 task=0.1942 | val_AP=0.4871 test_AP=0.4889
  Distill Epoch 540/700 [47.7s mem=17035MB] | total=0.4414 kl=0.1683 node_l2=0.094570 graph_l2=1549.541458 task=0.1937 | val_AP=0.4878 test_AP=0.4871
  Distill Epoch 541/700 [47.3s mem=17022MB] | total=0.4422 kl=0.1649 node_l2=0.096553 graph_l2=1582.644005 task=0.1937 | val_AP=0.4889 test_AP=0.4897
  Distill Epoch 542/700 [47.9s mem=17014MB] | total=0.4399 kl=0.1670 node_l2=0.093786 graph_l2=1546.403666 task=0.1935 | val_AP=0.4890 test_AP=0.4919
  Distill Epoch 543/700 [47.0s mem=17015MB] | total=0.4385 kl=0.1635 node_l2=0.093936 graph_l2=1547.223854 task=0.1937 | val_AP=0.4935 test_AP=0.4949
  Distill Epoch 544/700 [47.4s mem=17016MB] | total=0.4468 kl=0.1689 node_l2=0.095483 graph_l2=1651.227613 task=0.1933 | val_AP=0.4857 test_AP=0.4898
  Distill Epoch 545/700 [47.8s mem=17007MB] | total=0.4366 kl=0.1671 node_l2=0.092057 graph_l2=1491.594224 task=0.1937 | val_AP=0.4912 test_AP=0.4889
  Distill Epoch 546/700 [47.9s mem=17024MB] | total=0.4423 kl=0.1653 node_l2=0.095156 graph_l2=1590.329867 task=0.1938 | val_AP=0.4889 test_AP=0.4883
  Distill Epoch 547/700 [48.3s mem=17015MB] | total=0.4457 kl=0.1647 node_l2=0.096877 graph_l2=1651.263859 task=0.1936 | val_AP=0.4879 test_AP=0.4921
  Distill Epoch 548/700 [48.1s mem=17016MB] | total=0.4379 kl=0.1651 node_l2=0.092575 graph_l2=1532.842489 task=0.1937 | val_AP=0.4913 test_AP=0.4956
  Distill Epoch 549/700 [47.4s mem=16995MB] | total=0.4388 kl=0.1622 node_l2=0.093622 graph_l2=1556.564177 task=0.1942 | val_AP=0.4896 test_AP=0.4920
  Distill Epoch 550/700 [47.6s mem=17008MB] | total=0.4421 kl=0.1646 node_l2=0.093528 graph_l2=1604.105671 task=0.1940 | val_AP=0.4904 test_AP=0.4937
  Distill Epoch 551/700 [47.3s mem=17019MB] | total=0.4344 kl=0.1632 node_l2=0.091569 graph_l2=1494.421272 task=0.1936 | val_AP=0.4922 test_AP=0.4882
  Distill Epoch 552/700 [46.8s mem=17014MB] | total=0.4402 kl=0.1665 node_l2=0.094226 graph_l2=1553.751068 task=0.1935 | val_AP=0.4893 test_AP=0.4921
  Distill Epoch 553/700 [48.0s mem=17017MB] | total=0.4410 kl=0.1647 node_l2=0.093812 graph_l2=1587.835205 task=0.1936 | val_AP=0.4878 test_AP=0.4891
  Distill Epoch 554/700 [47.6s mem=17009MB] | total=0.4391 kl=0.1644 node_l2=0.094420 graph_l2=1545.418969 task=0.1937 | val_AP=0.4875 test_AP=0.4958
  Distillation early stopping at epoch 554. Best val loss=0.2577 at epoch 454.
Distillation done. Best val loss (M_base)=0.2577 at epoch 454.

  Cycle 0 distillation gap: AP_proxy=0.4059 - AP_base=0.4910 = -0.0851

  WEIGHT SWAP: loading distilled weights as new M_proxy init
    Saved swapped model to checkpoints_adv_distill_8/cycle0/swapped_model.pt

  STOPPING: distillation gap (-0.0851) < threshold (0.003). Proxies offer nothing new to distill.

======================================================================
RATCHET COMPLETE — Summary across cycles:
======================================================================
 Cycle  AP_proxy(val)  AP_proxy(test)  AP_base(val)      Gap
------------------------------------------------------------
     0         0.4059          0.4003        0.4910  -0.0851

Full cycle log saved to checkpoints_adv_distill_8/ratchet_log.pkl
