+ BASE_DIR=checkpoints_gred
+ echo === E2E: GRED-only baseline ===
=== E2E: GRED-only baseline ===
+ python3 main_e2e.py --backbone gred --generator score_based --num_proxies 0 --hidden_dim 88 --state_dim 88 --num_gred_layers 8 --gred_expand 1 --r_min 0.95 --r_max 1.0 --max_phase 6.28 --gred_act full-glu --max_hops 40 --dropout 0.2 --lr 1e-3 --weight_decay 0.2 --batch_size 8 --max_epochs 500 --patience 30 --mmd_lambda 0 --proxy_warmup_epochs 0 --save_dir checkpoints_gred/gred_only_e2e
/home1/sajan_rg/.local/lib/python3.13/site-packages/outdated/__init__.py:36: UserWarning: pkg_resources is deprecated as an API. See https://setuptools.pypa.io/en/latest/pkg_resources.html. The pkg_resources package is slated for removal as early as 2025-11-30. Refrain from using this package or pin to Setuptools<81.
  from pkg_resources import parse_version
Pipeline B — End-to-End Training
  Backbone: gred
  Generator: score_based
  Proxies: 0, Warmup: 0 epochs
  Readout: nodes_only, MMD lambda: 0.0
  GRED: layers=8, state_dim=88, max_hops=40, act=full-glu
  Device: cuda
  Loading cached distance masks from ./data/Peptides-func/dist_masks/train.pkl
  Loading cached distance masks from ./data/Peptides-func/dist_masks/val.pkl
  Loading cached distance masks from ./data/Peptides-func/dist_masks/test.pkl
/home1/sajan_rg/.local/lib/python3.13/site-packages/torch/nn/modules/linear.py:124: UserWarning: Initializing zero-element tensors is a no-op
  init.kaiming_uniform_(self.weight, a=math.sqrt(5))
  Total parameters: 823,182
    Model:     527,438
    Generator: 295,744
Epoch   1/500 [157.4s mem=4308MB] proxies=OFF (warmup) | train_loss=0.3273 mmd=0.0000 train_AP=0.2731 | val_loss=0.2990 val_AP=0.3644 | test_loss=0.2970 test_AP=0.3594
  -> New best val AP=0.3644 (test AP=0.3594), saved to checkpoints_gred/gred_only_e2e/best_e2e.pt
Epoch   2/500 [159.1s mem=4308MB] proxies=OFF (warmup) | train_loss=0.2948 mmd=0.0000 train_AP=0.3555 | val_loss=0.2729 val_AP=0.4253 | test_loss=0.2755 test_AP=0.4092
  -> New best val AP=0.4253 (test AP=0.4092), saved to checkpoints_gred/gred_only_e2e/best_e2e.pt
Epoch   3/500 [170.4s mem=4308MB] proxies=OFF (warmup) | train_loss=0.2793 mmd=0.0000 train_AP=0.3909 | val_loss=0.2699 val_AP=0.4406 | test_loss=0.2749 test_AP=0.4193
  -> New best val AP=0.4406 (test AP=0.4193), saved to checkpoints_gred/gred_only_e2e/best_e2e.pt
Epoch   4/500 [156.3s mem=4308MB] proxies=OFF (warmup) | train_loss=0.2747 mmd=0.0000 train_AP=0.3990 | val_loss=0.2628 val_AP=0.4372 | test_loss=0.2685 test_AP=0.4127
Epoch   5/500 [161.0s mem=4308MB] proxies=OFF (warmup) | train_loss=0.2751 mmd=0.0000 train_AP=0.3967 | val_loss=0.2788 val_AP=0.4334 | test_loss=0.2829 test_AP=0.4173
Epoch   6/500 [157.0s mem=4308MB] proxies=OFF (warmup) | train_loss=0.2748 mmd=0.0000 train_AP=0.4014 | val_loss=0.2757 val_AP=0.4216 | test_loss=0.2824 test_AP=0.4045
Epoch   7/500 [171.8s mem=4308MB] proxies=OFF (warmup) | train_loss=0.2738 mmd=0.0000 train_AP=0.4046 | val_loss=0.2701 val_AP=0.4419 | test_loss=0.2747 test_AP=0.4230
  -> New best val AP=0.4419 (test AP=0.4230), saved to checkpoints_gred/gred_only_e2e/best_e2e.pt
Epoch   8/500 [157.6s mem=4308MB] proxies=OFF (warmup) | train_loss=0.2743 mmd=0.0000 train_AP=0.3987 | val_loss=0.2672 val_AP=0.4368 | test_loss=0.2718 test_AP=0.4165
Epoch   9/500 [154.6s mem=4308MB] proxies=OFF (warmup) | train_loss=0.2761 mmd=0.0000 train_AP=0.3960 | val_loss=0.2629 val_AP=0.4362 | test_loss=0.2687 test_AP=0.4166
Epoch  10/500 [155.8s mem=4308MB] proxies=OFF (warmup) | train_loss=0.2765 mmd=0.0000 train_AP=0.3938 | val_loss=0.2668 val_AP=0.4335 | test_loss=0.2714 test_AP=0.4106
Epoch  11/500 [163.1s mem=4308MB] proxies=OFF (warmup) | train_loss=0.2749 mmd=0.0000 train_AP=0.3986 | val_loss=0.2605 val_AP=0.4450 | test_loss=0.2647 test_AP=0.4259
  -> New best val AP=0.4450 (test AP=0.4259), saved to checkpoints_gred/gred_only_e2e/best_e2e.pt
Epoch  12/500 [154.5s mem=4308MB] proxies=OFF (warmup) | train_loss=0.2745 mmd=0.0000 train_AP=0.4038 | val_loss=0.2683 val_AP=0.4258 | test_loss=0.2735 test_AP=0.4092
Epoch  13/500 [174.8s mem=4308MB] proxies=OFF (warmup) | train_loss=0.2764 mmd=0.0000 train_AP=0.4006 | val_loss=0.2705 val_AP=0.4399 | test_loss=0.2764 test_AP=0.4135
Epoch  14/500 [160.6s mem=4308MB] proxies=OFF (warmup) | train_loss=0.2755 mmd=0.0000 train_AP=0.4004 | val_loss=0.2674 val_AP=0.4395 | test_loss=0.2718 test_AP=0.4201
Epoch  15/500 [166.8s mem=4308MB] proxies=OFF (warmup) | train_loss=0.2743 mmd=0.0000 train_AP=0.4060 | val_loss=0.2651 val_AP=0.4514 | test_loss=0.2699 test_AP=0.4242
  -> New best val AP=0.4514 (test AP=0.4242), saved to checkpoints_gred/gred_only_e2e/best_e2e.pt
Epoch  16/500 [158.7s mem=4308MB] proxies=OFF (warmup) | train_loss=0.2749 mmd=0.0000 train_AP=0.4025 | val_loss=0.2611 val_AP=0.4388 | test_loss=0.2665 test_AP=0.4207
Epoch  17/500 [166.4s mem=4308MB] proxies=OFF (warmup) | train_loss=0.2732 mmd=0.0000 train_AP=0.4066 | val_loss=0.2621 val_AP=0.4401 | test_loss=0.2671 test_AP=0.4195
Epoch  18/500 [159.0s mem=4308MB] proxies=OFF (warmup) | train_loss=0.2742 mmd=0.0000 train_AP=0.4048 | val_loss=0.2566 val_AP=0.4581 | test_loss=0.2624 test_AP=0.4299
  -> New best val AP=0.4581 (test AP=0.4299), saved to checkpoints_gred/gred_only_e2e/best_e2e.pt
Epoch  19/500 [172.9s mem=4308MB] proxies=OFF (warmup) | train_loss=0.2738 mmd=0.0000 train_AP=0.4069 | val_loss=0.2628 val_AP=0.4442 | test_loss=0.2697 test_AP=0.4248
Epoch  20/500 [162.0s mem=4308MB] proxies=OFF (warmup) | train_loss=0.2727 mmd=0.0000 train_AP=0.4073 | val_loss=0.2736 val_AP=0.4417 | test_loss=0.2775 test_AP=0.4256
Epoch  21/500 [193.4s mem=4308MB] proxies=OFF (warmup) | train_loss=0.2729 mmd=0.0000 train_AP=0.4086 | val_loss=0.2723 val_AP=0.4450 | test_loss=0.2793 test_AP=0.4258
Epoch  22/500 [167.8s mem=4309MB] proxies=OFF (warmup) | train_loss=0.2728 mmd=0.0000 train_AP=0.4068 | val_loss=0.2587 val_AP=0.4533 | test_loss=0.2646 test_AP=0.4340
Epoch  23/500 [158.0s mem=4308MB] proxies=OFF (warmup) | train_loss=0.2733 mmd=0.0000 train_AP=0.4096 | val_loss=0.2629 val_AP=0.4471 | test_loss=0.2705 test_AP=0.4242
Epoch  24/500 [170.5s mem=4308MB] proxies=OFF (warmup) | train_loss=0.2729 mmd=0.0000 train_AP=0.4106 | val_loss=0.2751 val_AP=0.4446 | test_loss=0.2810 test_AP=0.4210
Epoch  25/500 [157.4s mem=4308MB] proxies=OFF (warmup) | train_loss=0.2728 mmd=0.0000 train_AP=0.4134 | val_loss=0.2708 val_AP=0.4367 | test_loss=0.2752 test_AP=0.4157
Epoch  26/500 [162.4s mem=4308MB] proxies=OFF (warmup) | train_loss=0.2714 mmd=0.0000 train_AP=0.4137 | val_loss=0.2626 val_AP=0.4506 | test_loss=0.2671 test_AP=0.4304
Epoch  27/500 [158.4s mem=4308MB] proxies=OFF (warmup) | train_loss=0.2711 mmd=0.0000 train_AP=0.4121 | val_loss=0.2609 val_AP=0.4505 | test_loss=0.2682 test_AP=0.4289
Epoch  28/500 [160.5s mem=4309MB] proxies=OFF (warmup) | train_loss=0.2720 mmd=0.0000 train_AP=0.4166 | val_loss=0.2598 val_AP=0.4506 | test_loss=0.2680 test_AP=0.4330
Epoch  29/500 [158.7s mem=4308MB] proxies=OFF (warmup) | train_loss=0.2705 mmd=0.0000 train_AP=0.4169 | val_loss=0.2600 val_AP=0.4661 | test_loss=0.2667 test_AP=0.4430
  -> New best val AP=0.4661 (test AP=0.4430), saved to checkpoints_gred/gred_only_e2e/best_e2e.pt
Epoch  30/500 [157.8s mem=4308MB] proxies=OFF (warmup) | train_loss=0.2691 mmd=0.0000 train_AP=0.4200 | val_loss=0.2671 val_AP=0.4354 | test_loss=0.2738 test_AP=0.4147
Epoch  31/500 [155.3s mem=4308MB] proxies=OFF (warmup) | train_loss=0.2697 mmd=0.0000 train_AP=0.4152 | val_loss=0.2585 val_AP=0.4592 | test_loss=0.2665 test_AP=0.4288
Epoch  32/500 [208.9s mem=4308MB] proxies=OFF (warmup) | train_loss=0.2701 mmd=0.0000 train_AP=0.4200 | val_loss=0.2535 val_AP=0.4695 | test_loss=0.2606 test_AP=0.4517
  -> New best val AP=0.4695 (test AP=0.4517), saved to checkpoints_gred/gred_only_e2e/best_e2e.pt
Epoch  33/500 [281.4s mem=4308MB] proxies=OFF (warmup) | train_loss=0.2674 mmd=0.0000 train_AP=0.4215 | val_loss=0.2606 val_AP=0.4675 | test_loss=0.2696 test_AP=0.4296
Epoch  34/500 [296.4s mem=4308MB] proxies=OFF (warmup) | train_loss=0.2678 mmd=0.0000 train_AP=0.4262 | val_loss=0.2604 val_AP=0.4738 | test_loss=0.2673 test_AP=0.4483
  -> New best val AP=0.4738 (test AP=0.4483), saved to checkpoints_gred/gred_only_e2e/best_e2e.pt
Epoch  35/500 [282.1s mem=4308MB] proxies=OFF (warmup) | train_loss=0.2670 mmd=0.0000 train_AP=0.4257 | val_loss=0.2522 val_AP=0.4731 | test_loss=0.2600 test_AP=0.4564
Epoch  36/500 [283.0s mem=4308MB] proxies=OFF (warmup) | train_loss=0.2672 mmd=0.0000 train_AP=0.4248 | val_loss=0.2529 val_AP=0.4746 | test_loss=0.2607 test_AP=0.4500
  -> New best val AP=0.4746 (test AP=0.4500), saved to checkpoints_gred/gred_only_e2e/best_e2e.pt
Epoch  37/500 [290.4s mem=4308MB] proxies=OFF (warmup) | train_loss=0.2650 mmd=0.0000 train_AP=0.4291 | val_loss=0.2719 val_AP=0.4569 | test_loss=0.2782 test_AP=0.4383
Epoch  38/500 [291.5s mem=4308MB] proxies=OFF (warmup) | train_loss=0.2652 mmd=0.0000 train_AP=0.4287 | val_loss=0.2527 val_AP=0.4735 | test_loss=0.2626 test_AP=0.4543
Epoch  39/500 [164.8s mem=4308MB] proxies=OFF (warmup) | train_loss=0.2656 mmd=0.0000 train_AP=0.4309 | val_loss=0.2555 val_AP=0.4816 | test_loss=0.2628 test_AP=0.4592
  -> New best val AP=0.4816 (test AP=0.4592), saved to checkpoints_gred/gred_only_e2e/best_e2e.pt
Epoch  40/500 [162.0s mem=4308MB] proxies=OFF (warmup) | train_loss=0.2663 mmd=0.0000 train_AP=0.4260 | val_loss=0.2572 val_AP=0.4678 | test_loss=0.2649 test_AP=0.4447
Epoch  41/500 [165.6s mem=4308MB] proxies=OFF (warmup) | train_loss=0.2654 mmd=0.0000 train_AP=0.4302 | val_loss=0.2566 val_AP=0.4734 | test_loss=0.2638 test_AP=0.4536
Epoch  42/500 [155.6s mem=4309MB] proxies=OFF (warmup) | train_loss=0.2641 mmd=0.0000 train_AP=0.4319 | val_loss=0.2529 val_AP=0.4740 | test_loss=0.2578 test_AP=0.4571
Epoch  43/500 [157.6s mem=4308MB] proxies=OFF (warmup) | train_loss=0.2638 mmd=0.0000 train_AP=0.4354 | val_loss=0.2642 val_AP=0.4689 | test_loss=0.2710 test_AP=0.4565
Epoch  44/500 [167.9s mem=4308MB] proxies=OFF (warmup) | train_loss=0.2642 mmd=0.0000 train_AP=0.4342 | val_loss=0.2501 val_AP=0.4873 | test_loss=0.2578 test_AP=0.4630
  -> New best val AP=0.4873 (test AP=0.4630), saved to checkpoints_gred/gred_only_e2e/best_e2e.pt
Epoch  45/500 [156.7s mem=4309MB] proxies=OFF (warmup) | train_loss=0.2631 mmd=0.0000 train_AP=0.4347 | val_loss=0.2561 val_AP=0.4687 | test_loss=0.2647 test_AP=0.4496
Epoch  46/500 [156.8s mem=4308MB] proxies=OFF (warmup) | train_loss=0.2625 mmd=0.0000 train_AP=0.4360 | val_loss=0.2563 val_AP=0.4582 | test_loss=0.2648 test_AP=0.4442
Epoch  47/500 [163.2s mem=4308MB] proxies=OFF (warmup) | train_loss=0.2625 mmd=0.0000 train_AP=0.4331 | val_loss=0.2566 val_AP=0.4653 | test_loss=0.2676 test_AP=0.4504
Epoch  48/500 [183.7s mem=4308MB] proxies=OFF (warmup) | train_loss=0.2629 mmd=0.0000 train_AP=0.4378 | val_loss=0.2514 val_AP=0.4838 | test_loss=0.2592 test_AP=0.4571
Epoch  49/500 [159.6s mem=4308MB] proxies=OFF (warmup) | train_loss=0.2606 mmd=0.0000 train_AP=0.4416 | val_loss=0.2639 val_AP=0.4684 | test_loss=0.2675 test_AP=0.4490
Epoch  50/500 [158.8s mem=4308MB] proxies=OFF (warmup) | train_loss=0.2607 mmd=0.0000 train_AP=0.4447 | val_loss=0.2524 val_AP=0.4711 | test_loss=0.2601 test_AP=0.4540
Epoch  51/500 [156.8s mem=4308MB] proxies=OFF (warmup) | train_loss=0.2616 mmd=0.0000 train_AP=0.4419 | val_loss=0.2466 val_AP=0.4872 | test_loss=0.2549 test_AP=0.4636
Epoch  52/500 [157.3s mem=4308MB] proxies=OFF (warmup) | train_loss=0.2609 mmd=0.0000 train_AP=0.4416 | val_loss=0.2545 val_AP=0.4729 | test_loss=0.2645 test_AP=0.4533
Epoch  53/500 [160.9s mem=4309MB] proxies=OFF (warmup) | train_loss=0.2617 mmd=0.0000 train_AP=0.4409 | val_loss=0.2482 val_AP=0.4870 | test_loss=0.2556 test_AP=0.4558
Epoch  54/500 [166.8s mem=4309MB] proxies=OFF (warmup) | train_loss=0.2622 mmd=0.0000 train_AP=0.4359 | val_loss=0.2477 val_AP=0.4942 | test_loss=0.2561 test_AP=0.4661
  -> New best val AP=0.4942 (test AP=0.4661), saved to checkpoints_gred/gred_only_e2e/best_e2e.pt
Epoch  55/500 [158.7s mem=4309MB] proxies=OFF (warmup) | train_loss=0.2594 mmd=0.0000 train_AP=0.4459 | val_loss=0.2498 val_AP=0.4947 | test_loss=0.2587 test_AP=0.4632
  -> New best val AP=0.4947 (test AP=0.4632), saved to checkpoints_gred/gred_only_e2e/best_e2e.pt
Epoch  56/500 [254.3s mem=4309MB] proxies=OFF (warmup) | train_loss=0.2610 mmd=0.0000 train_AP=0.4427 | val_loss=0.2445 val_AP=0.4959 | test_loss=0.2530 test_AP=0.4670
  -> New best val AP=0.4959 (test AP=0.4670), saved to checkpoints_gred/gred_only_e2e/best_e2e.pt
Epoch  57/500 [282.0s mem=4308MB] proxies=OFF (warmup) | train_loss=0.2614 mmd=0.0000 train_AP=0.4427 | val_loss=0.2519 val_AP=0.4861 | test_loss=0.2600 test_AP=0.4565
Epoch  58/500 [283.5s mem=4308MB] proxies=OFF (warmup) | train_loss=0.2618 mmd=0.0000 train_AP=0.4435 | val_loss=0.2445 val_AP=0.5043 | test_loss=0.2522 test_AP=0.4832
  -> New best val AP=0.5043 (test AP=0.4832), saved to checkpoints_gred/gred_only_e2e/best_e2e.pt
Epoch  59/500 [291.2s mem=4308MB] proxies=OFF (warmup) | train_loss=0.2598 mmd=0.0000 train_AP=0.4434 | val_loss=0.2677 val_AP=0.4890 | test_loss=0.2768 test_AP=0.4601
Epoch  60/500 [284.6s mem=4308MB] proxies=OFF (warmup) | train_loss=0.2619 mmd=0.0000 train_AP=0.4406 | val_loss=0.2620 val_AP=0.4740 | test_loss=0.2688 test_AP=0.4442
Epoch  61/500 [282.1s mem=4308MB] proxies=OFF (warmup) | train_loss=0.2615 mmd=0.0000 train_AP=0.4416 | val_loss=0.2498 val_AP=0.4948 | test_loss=0.2591 test_AP=0.4664
Epoch  62/500 [285.2s mem=4308MB] proxies=OFF (warmup) | train_loss=0.2599 mmd=0.0000 train_AP=0.4443 | val_loss=0.2611 val_AP=0.4596 | test_loss=0.2670 test_AP=0.4533
Epoch  63/500 [290.7s mem=4308MB] proxies=OFF (warmup) | train_loss=0.2600 mmd=0.0000 train_AP=0.4462 | val_loss=0.2485 val_AP=0.4856 | test_loss=0.2579 test_AP=0.4660
Epoch  64/500 [282.4s mem=4308MB] proxies=OFF (warmup) | train_loss=0.2604 mmd=0.0000 train_AP=0.4444 | val_loss=0.2500 val_AP=0.4902 | test_loss=0.2577 test_AP=0.4745
Epoch  65/500 [281.0s mem=4309MB] proxies=OFF (warmup) | train_loss=0.2583 mmd=0.0000 train_AP=0.4500 | val_loss=0.2436 val_AP=0.5029 | test_loss=0.2531 test_AP=0.4763
Epoch  66/500 [289.7s mem=4308MB] proxies=OFF (warmup) | train_loss=0.2601 mmd=0.0000 train_AP=0.4433 | val_loss=0.2536 val_AP=0.4995 | test_loss=0.2618 test_AP=0.4658
Epoch  67/500 [285.2s mem=4308MB] proxies=OFF (warmup) | train_loss=0.2604 mmd=0.0000 train_AP=0.4453 | val_loss=0.2463 val_AP=0.5104 | test_loss=0.2565 test_AP=0.4776
  -> New best val AP=0.5104 (test AP=0.4776), saved to checkpoints_gred/gred_only_e2e/best_e2e.pt
Epoch  68/500 [280.7s mem=4308MB] proxies=OFF (warmup) | train_loss=0.2585 mmd=0.0000 train_AP=0.4497 | val_loss=0.2542 val_AP=0.4913 | test_loss=0.2640 test_AP=0.4546
Epoch  69/500 [274.3s mem=4308MB] proxies=OFF (warmup) | train_loss=0.2579 mmd=0.0000 train_AP=0.4477 | val_loss=0.2542 val_AP=0.4760 | test_loss=0.2653 test_AP=0.4385
Epoch  70/500 [290.8s mem=4308MB] proxies=OFF (warmup) | train_loss=0.2588 mmd=0.0000 train_AP=0.4465 | val_loss=0.2502 val_AP=0.4962 | test_loss=0.2597 test_AP=0.4605
Epoch  71/500 [282.2s mem=4308MB] proxies=OFF (warmup) | train_loss=0.2578 mmd=0.0000 train_AP=0.4493 | val_loss=0.2573 val_AP=0.4879 | test_loss=0.2649 test_AP=0.4649
Epoch  72/500 [284.4s mem=4308MB] proxies=OFF (warmup) | train_loss=0.2593 mmd=0.0000 train_AP=0.4449 | val_loss=0.2537 val_AP=0.4810 | test_loss=0.2625 test_AP=0.4505
Epoch  73/500 [283.1s mem=4308MB] proxies=OFF (warmup) | train_loss=0.2585 mmd=0.0000 train_AP=0.4506 | val_loss=0.2535 val_AP=0.4946 | test_loss=0.2610 test_AP=0.4694
Epoch  74/500 [290.0s mem=4308MB] proxies=OFF (warmup) | train_loss=0.2596 mmd=0.0000 train_AP=0.4463 | val_loss=0.2462 val_AP=0.5037 | test_loss=0.2541 test_AP=0.4801
Epoch  75/500 [282.2s mem=4308MB] proxies=OFF (warmup) | train_loss=0.2591 mmd=0.0000 train_AP=0.4452 | val_loss=0.2554 val_AP=0.4845 | test_loss=0.2636 test_AP=0.4618
Epoch  76/500 [282.9s mem=4309MB] proxies=OFF (warmup) | train_loss=0.2595 mmd=0.0000 train_AP=0.4465 | val_loss=0.2494 val_AP=0.5025 | test_loss=0.2572 test_AP=0.4715
Epoch  77/500 [287.6s mem=4308MB] proxies=OFF (warmup) | train_loss=0.2602 mmd=0.0000 train_AP=0.4449 | val_loss=0.2524 val_AP=0.4886 | test_loss=0.2634 test_AP=0.4590
Epoch  78/500 [289.2s mem=4309MB] proxies=OFF (warmup) | train_loss=0.2594 mmd=0.0000 train_AP=0.4496 | val_loss=0.2535 val_AP=0.4747 | test_loss=0.2635 test_AP=0.4451
Epoch  79/500 [283.3s mem=4308MB] proxies=OFF (warmup) | train_loss=0.2610 mmd=0.0000 train_AP=0.4435 | val_loss=0.2486 val_AP=0.4989 | test_loss=0.2577 test_AP=0.4560
Epoch  80/500 [282.0s mem=4308MB] proxies=OFF (warmup) | train_loss=0.2605 mmd=0.0000 train_AP=0.4442 | val_loss=0.5114 val_AP=0.3482 | test_loss=0.5163 test_AP=0.3275
Epoch  81/500 [287.1s mem=4308MB] proxies=OFF (warmup) | train_loss=0.2587 mmd=0.0000 train_AP=0.4458 | val_loss=0.2463 val_AP=0.5004 | test_loss=0.2567 test_AP=0.4692
Epoch  82/500 [286.9s mem=4308MB] proxies=OFF (warmup) | train_loss=0.2579 mmd=0.0000 train_AP=0.4513 | val_loss=0.2449 val_AP=0.4978 | test_loss=0.2532 test_AP=0.4703
Epoch  83/500 [274.1s mem=4308MB] proxies=OFF (warmup) | train_loss=0.2585 mmd=0.0000 train_AP=0.4494 | val_loss=0.2454 val_AP=0.5018 | test_loss=0.2552 test_AP=0.4744
Epoch  84/500 [285.0s mem=4308MB] proxies=OFF (warmup) | train_loss=0.2600 mmd=0.0000 train_AP=0.4461 | val_loss=0.2682 val_AP=0.4455 | test_loss=0.2786 test_AP=0.4221
Epoch  85/500 [291.4s mem=4308MB] proxies=OFF (warmup) | train_loss=0.2591 mmd=0.0000 train_AP=0.4472 | val_loss=0.2548 val_AP=0.4795 | test_loss=0.2649 test_AP=0.4570
Epoch  86/500 [281.8s mem=4308MB] proxies=OFF (warmup) | train_loss=0.2585 mmd=0.0000 train_AP=0.4503 | val_loss=0.2525 val_AP=0.4895 | test_loss=0.2613 test_AP=0.4641
Epoch  87/500 [281.6s mem=4308MB] proxies=OFF (warmup) | train_loss=0.2589 mmd=0.0000 train_AP=0.4512 | val_loss=0.2458 val_AP=0.5029 | test_loss=0.2552 test_AP=0.4671
Epoch  88/500 [284.4s mem=4308MB] proxies=OFF (warmup) | train_loss=0.2591 mmd=0.0000 train_AP=0.4460 | val_loss=0.2524 val_AP=0.4973 | test_loss=0.2654 test_AP=0.4636
Epoch  89/500 [290.8s mem=4308MB] proxies=OFF (warmup) | train_loss=0.2615 mmd=0.0000 train_AP=0.4492 | val_loss=0.2475 val_AP=0.4950 | test_loss=0.2566 test_AP=0.4590
Epoch  90/500 [281.8s mem=4308MB] proxies=OFF (warmup) | train_loss=0.2581 mmd=0.0000 train_AP=0.4507 | val_loss=0.2524 val_AP=0.4893 | test_loss=0.2612 test_AP=0.4656
Epoch  91/500 [284.1s mem=4308MB] proxies=OFF (warmup) | train_loss=0.2595 mmd=0.0000 train_AP=0.4498 | val_loss=0.2437 val_AP=0.4989 | test_loss=0.2512 test_AP=0.4747
Epoch  92/500 [283.7s mem=4308MB] proxies=OFF (warmup) | train_loss=0.2587 mmd=0.0000 train_AP=0.4481 | val_loss=0.2570 val_AP=0.4932 | test_loss=0.2629 test_AP=0.4695
Epoch  93/500 [291.6s mem=4308MB] proxies=OFF (warmup) | train_loss=0.2591 mmd=0.0000 train_AP=0.4474 | val_loss=0.2514 val_AP=0.4829 | test_loss=0.2603 test_AP=0.4567
Epoch  94/500 [283.0s mem=4308MB] proxies=OFF (warmup) | train_loss=0.2603 mmd=0.0000 train_AP=0.4488 | val_loss=0.2453 val_AP=0.4962 | test_loss=0.2549 test_AP=0.4671
Epoch  95/500 [281.0s mem=4308MB] proxies=OFF (warmup) | train_loss=0.2597 mmd=0.0000 train_AP=0.4467 | val_loss=0.2430 val_AP=0.5015 | test_loss=0.2551 test_AP=0.4665
Epoch  96/500 [285.6s mem=4308MB] proxies=OFF (warmup) | train_loss=0.2586 mmd=0.0000 train_AP=0.4472 | val_loss=0.2519 val_AP=0.4881 | test_loss=0.2619 test_AP=0.4599
Epoch  97/500 [281.2s mem=4308MB] proxies=OFF (warmup) | train_loss=0.2582 mmd=0.0000 train_AP=0.4521 | val_loss=0.2439 val_AP=0.4982 | test_loss=0.2564 test_AP=0.4628
Early stopping at epoch 97 (patience=30). Best val AP=0.5104 at epoch 67.
Diagnostic: train_loss vs val_AP correlation = -0.7507

Training complete. Best val AP=0.5104 at epoch 67.
Diagnostics saved to checkpoints_gred/gred_only_e2e/e2e_diagnostics.pkl
+ echo === E2E: hybrid + score_based ===
=== E2E: hybrid + score_based ===
+ python3 main_e2e.py --backbone hybrid --generator score_based --num_proxies 32 --hidden_dim 88 --state_dim 88 --num_gred_layers 8 --num_transformer_layers 2 --gred_expand 1 --r_min 0.95 --r_max 1.0 --max_phase 6.28 --gred_act full-glu --max_hops 40 --num_heads 8 --dropout 0.2 --lr 1e-3 --weight_decay 3e-4 --batch_size 8 --max_epochs 500 --patience 30 --mmd_lambda 0.01 --proxy_warmup_epochs 20 --readout_scope nodes_only --save_dir checkpoints_gred/hybrid_score_e2e
/home1/sajan_rg/.local/lib/python3.13/site-packages/outdated/__init__.py:36: UserWarning: pkg_resources is deprecated as an API. See https://setuptools.pypa.io/en/latest/pkg_resources.html. The pkg_resources package is slated for removal as early as 2025-11-30. Refrain from using this package or pin to Setuptools<81.
  from pkg_resources import parse_version
Pipeline B — End-to-End Training
  Backbone: hybrid
  Generator: score_based
  Proxies: 32, Warmup: 20 epochs
  Readout: nodes_only, MMD lambda: 0.01
  GRED: layers=8, state_dim=88, max_hops=40, act=full-glu
  Hybrid: transformer_layers=2
  Device: cuda
  Loading cached distance masks from ./data/Peptides-func/dist_masks/train.pkl
  Loading cached distance masks from ./data/Peptides-func/dist_masks/val.pkl
  Loading cached distance masks from ./data/Peptides-func/dist_masks/test.pkl
  Total parameters: 1,012,878
    Model:     715,054
    Generator: 297,824
Epoch   1/500 [285.5s mem=4372MB] proxies=OFF (warmup) | train_loss=0.3284 mmd=0.0000 train_AP=0.2767 | val_loss=0.3084 val_AP=0.3742 | test_loss=0.3094 test_AP=0.3693
  -> New best val AP=0.3742 (test AP=0.3693), saved to checkpoints_gred/hybrid_score_e2e/best_e2e.pt
Epoch   2/500 [286.5s mem=4372MB] proxies=OFF (warmup) | train_loss=0.2876 mmd=0.0000 train_AP=0.3707 | val_loss=0.2814 val_AP=0.4229 | test_loss=0.2924 test_AP=0.4055
  -> New best val AP=0.4229 (test AP=0.4055), saved to checkpoints_gred/hybrid_score_e2e/best_e2e.pt
Epoch   3/500 [292.9s mem=4372MB] proxies=OFF (warmup) | train_loss=0.2666 mmd=0.0000 train_AP=0.4210 | val_loss=0.2482 val_AP=0.4728 | test_loss=0.2567 test_AP=0.4605
  -> New best val AP=0.4728 (test AP=0.4605), saved to checkpoints_gred/hybrid_score_e2e/best_e2e.pt
Epoch   4/500 [285.4s mem=4372MB] proxies=OFF (warmup) | train_loss=0.2549 mmd=0.0000 train_AP=0.4546 | val_loss=0.2319 val_AP=0.5163 | test_loss=0.2424 test_AP=0.4889
  -> New best val AP=0.5163 (test AP=0.4889), saved to checkpoints_gred/hybrid_score_e2e/best_e2e.pt
Epoch   5/500 [284.8s mem=4372MB] proxies=OFF (warmup) | train_loss=0.2450 mmd=0.0000 train_AP=0.4835 | val_loss=0.2376 val_AP=0.5183 | test_loss=0.2502 test_AP=0.4879
  -> New best val AP=0.5183 (test AP=0.4879), saved to checkpoints_gred/hybrid_score_e2e/best_e2e.pt
Epoch   6/500 [285.8s mem=4372MB] proxies=OFF (warmup) | train_loss=0.2386 mmd=0.0000 train_AP=0.5062 | val_loss=0.2392 val_AP=0.5295 | test_loss=0.2475 test_AP=0.5110
  -> New best val AP=0.5295 (test AP=0.5110), saved to checkpoints_gred/hybrid_score_e2e/best_e2e.pt
Epoch   7/500 [294.0s mem=4372MB] proxies=OFF (warmup) | train_loss=0.2337 mmd=0.0000 train_AP=0.5148 | val_loss=0.2300 val_AP=0.5568 | test_loss=0.2407 test_AP=0.5340
  -> New best val AP=0.5568 (test AP=0.5340), saved to checkpoints_gred/hybrid_score_e2e/best_e2e.pt
Epoch   8/500 [284.2s mem=4372MB] proxies=OFF (warmup) | train_loss=0.2272 mmd=0.0000 train_AP=0.5302 | val_loss=0.2438 val_AP=0.5355 | test_loss=0.2547 test_AP=0.5117
Epoch   9/500 [285.2s mem=4372MB] proxies=OFF (warmup) | train_loss=0.2223 mmd=0.0000 train_AP=0.5408 | val_loss=0.2416 val_AP=0.5531 | test_loss=0.2500 test_AP=0.5356
Epoch  10/500 [288.0s mem=4371MB] proxies=OFF (warmup) | train_loss=0.2210 mmd=0.0000 train_AP=0.5510 | val_loss=0.2204 val_AP=0.5771 | test_loss=0.2358 test_AP=0.5443
  -> New best val AP=0.5771 (test AP=0.5443), saved to checkpoints_gred/hybrid_score_e2e/best_e2e.pt
Epoch  11/500 [292.8s mem=4372MB] proxies=OFF (warmup) | train_loss=0.2133 mmd=0.0000 train_AP=0.5649 | val_loss=0.2380 val_AP=0.5801 | test_loss=0.2491 test_AP=0.5523
  -> New best val AP=0.5801 (test AP=0.5523), saved to checkpoints_gred/hybrid_score_e2e/best_e2e.pt
Epoch  12/500 [284.1s mem=4372MB] proxies=OFF (warmup) | train_loss=0.2125 mmd=0.0000 train_AP=0.5767 | val_loss=0.2319 val_AP=0.5749 | test_loss=0.2387 test_AP=0.5583
Epoch  13/500 [276.3s mem=4372MB] proxies=OFF (warmup) | train_loss=0.2064 mmd=0.0000 train_AP=0.5905 | val_loss=0.2124 val_AP=0.5944 | test_loss=0.2250 test_AP=0.5749
  -> New best val AP=0.5944 (test AP=0.5749), saved to checkpoints_gred/hybrid_score_e2e/best_e2e.pt
Epoch  14/500 [290.4s mem=4372MB] proxies=OFF (warmup) | train_loss=0.2053 mmd=0.0000 train_AP=0.5985 | val_loss=0.2169 val_AP=0.6027 | test_loss=0.2315 test_AP=0.5810
  -> New best val AP=0.6027 (test AP=0.5810), saved to checkpoints_gred/hybrid_score_e2e/best_e2e.pt
Epoch  15/500 [288.5s mem=4372MB] proxies=OFF (warmup) | train_loss=0.1980 mmd=0.0000 train_AP=0.6126 | val_loss=0.2373 val_AP=0.5992 | test_loss=0.2456 test_AP=0.5867
Epoch  16/500 [285.7s mem=4372MB] proxies=OFF (warmup) | train_loss=0.1983 mmd=0.0000 train_AP=0.6155 | val_loss=0.2252 val_AP=0.6100 | test_loss=0.2415 test_AP=0.5777
  -> New best val AP=0.6100 (test AP=0.5777), saved to checkpoints_gred/hybrid_score_e2e/best_e2e.pt
Epoch  17/500 [285.1s mem=4372MB] proxies=OFF (warmup) | train_loss=0.1963 mmd=0.0000 train_AP=0.6153 | val_loss=0.2243 val_AP=0.6181 | test_loss=0.2408 test_AP=0.5929
  -> New best val AP=0.6181 (test AP=0.5929), saved to checkpoints_gred/hybrid_score_e2e/best_e2e.pt
Epoch  18/500 [293.9s mem=4372MB] proxies=OFF (warmup) | train_loss=0.1929 mmd=0.0000 train_AP=0.6309 | val_loss=0.2276 val_AP=0.6011 | test_loss=0.2465 test_AP=0.5909
Epoch  19/500 [283.5s mem=4372MB] proxies=OFF (warmup) | train_loss=0.1910 mmd=0.0000 train_AP=0.6342 | val_loss=0.2236 val_AP=0.6084 | test_loss=0.2383 test_AP=0.5965
Epoch  20/500 [286.5s mem=4372MB] proxies=OFF (warmup) | train_loss=0.1879 mmd=0.0000 train_AP=0.6474 | val_loss=0.2488 val_AP=0.6112 | test_loss=0.2677 test_AP=0.5859
Epoch  21/500 [360.7s mem=4439MB] proxies=ON | train_loss=0.1878 mmd=0.0972 train_AP=0.6463 | val_loss=0.2171 val_AP=0.6306 | test_loss=0.2354 test_AP=0.6101
  -> New best val AP=0.6306 (test AP=0.6101), saved to checkpoints_gred/hybrid_score_e2e/best_e2e.pt
Epoch  22/500 [358.4s mem=4440MB] proxies=ON | train_loss=0.1826 mmd=0.0775 train_AP=0.6619 | val_loss=0.2321 val_AP=0.6120 | test_loss=0.2463 test_AP=0.5884
Epoch  23/500 [358.3s mem=4441MB] proxies=ON | train_loss=0.1846 mmd=0.0708 train_AP=0.6501 | val_loss=0.2223 val_AP=0.6243 | test_loss=0.2410 test_AP=0.6119
Epoch  24/500 [358.8s mem=4439MB] proxies=ON | train_loss=0.1828 mmd=0.0613 train_AP=0.6578 | val_loss=0.2380 val_AP=0.6422 | test_loss=0.2571 test_AP=0.6140
  -> New best val AP=0.6422 (test AP=0.6140), saved to checkpoints_gred/hybrid_score_e2e/best_e2e.pt
Epoch  25/500 [350.1s mem=4439MB] proxies=ON | train_loss=0.1797 mmd=0.0692 train_AP=0.6716 | val_loss=0.2523 val_AP=0.6312 | test_loss=0.2626 test_AP=0.6063
Epoch  26/500 [360.1s mem=4440MB] proxies=ON | train_loss=0.1757 mmd=0.0577 train_AP=0.6769 | val_loss=0.2229 val_AP=0.6543 | test_loss=0.2467 test_AP=0.6170
  -> New best val AP=0.6543 (test AP=0.6170), saved to checkpoints_gred/hybrid_score_e2e/best_e2e.pt
Epoch  27/500 [361.7s mem=4439MB] proxies=ON | train_loss=0.1769 mmd=0.0581 train_AP=0.6752 | val_loss=0.2252 val_AP=0.6420 | test_loss=0.2410 test_AP=0.6143
Epoch  28/500 [359.9s mem=4439MB] proxies=ON | train_loss=0.1747 mmd=0.0553 train_AP=0.6829 | val_loss=0.2413 val_AP=0.6415 | test_loss=0.2528 test_AP=0.6289
Epoch  29/500 [361.3s mem=4439MB] proxies=ON | train_loss=0.1710 mmd=0.0533 train_AP=0.6893 | val_loss=0.2207 val_AP=0.6592 | test_loss=0.2355 test_AP=0.6301
  -> New best val AP=0.6592 (test AP=0.6301), saved to checkpoints_gred/hybrid_score_e2e/best_e2e.pt
Epoch  30/500 [360.1s mem=4439MB] proxies=ON | train_loss=0.1735 mmd=0.0483 train_AP=0.6873 | val_loss=0.2511 val_AP=0.6420 | test_loss=0.2629 test_AP=0.6173
Epoch  31/500 [360.6s mem=4440MB] proxies=ON | train_loss=0.1707 mmd=0.0548 train_AP=0.6955 | val_loss=0.2502 val_AP=0.6312 | test_loss=0.2689 test_AP=0.6101
Epoch  32/500 [360.3s mem=4440MB] proxies=ON | train_loss=0.1707 mmd=0.0464 train_AP=0.6861 | val_loss=0.2347 val_AP=0.6506 | test_loss=0.2644 test_AP=0.6137
Epoch  33/500 [358.5s mem=4438MB] proxies=ON | train_loss=0.1669 mmd=0.0512 train_AP=0.7002 | val_loss=0.2429 val_AP=0.6406 | test_loss=0.2620 test_AP=0.6179
Epoch  34/500 [361.1s mem=4439MB] proxies=ON | train_loss=0.1665 mmd=0.0475 train_AP=0.7010 | val_loss=0.2632 val_AP=0.6589 | test_loss=0.2912 test_AP=0.6276
Epoch  35/500 [349.3s mem=4439MB] proxies=ON | train_loss=0.1656 mmd=0.0509 train_AP=0.7082 | val_loss=0.2458 val_AP=0.6449 | test_loss=0.2689 test_AP=0.6181
Epoch  36/500 [361.7s mem=4439MB] proxies=ON | train_loss=0.1622 mmd=0.0543 train_AP=0.7108 | val_loss=0.3215 val_AP=0.6397 | test_loss=0.3442 test_AP=0.6148
Epoch  37/500 [360.5s mem=4438MB] proxies=ON | train_loss=0.1620 mmd=0.0458 train_AP=0.7138 | val_loss=0.2798 val_AP=0.6396 | test_loss=0.2826 test_AP=0.6370
Epoch  38/500 [358.3s mem=4439MB] proxies=ON | train_loss=0.1632 mmd=0.0444 train_AP=0.7115 | val_loss=0.2701 val_AP=0.6406 | test_loss=0.2885 test_AP=0.6170
Epoch  39/500 [359.8s mem=4440MB] proxies=ON | train_loss=0.1623 mmd=0.0487 train_AP=0.7130 | val_loss=0.2660 val_AP=0.6380 | test_loss=0.2694 test_AP=0.6271
Epoch  40/500 [360.5s mem=4439MB] proxies=ON | train_loss=0.1607 mmd=0.0561 train_AP=0.7190 | val_loss=0.2733 val_AP=0.6362 | test_loss=0.2847 test_AP=0.6224
Epoch  41/500 [363.0s mem=4440MB] proxies=ON | train_loss=0.1604 mmd=0.0530 train_AP=0.7199 | val_loss=0.2551 val_AP=0.6592 | test_loss=0.2812 test_AP=0.6328
  -> New best val AP=0.6592 (test AP=0.6328), saved to checkpoints_gred/hybrid_score_e2e/best_e2e.pt
Epoch  42/500 [362.1s mem=4438MB] proxies=ON | train_loss=0.1578 mmd=0.0537 train_AP=0.7264 | val_loss=0.2755 val_AP=0.6591 | test_loss=0.2965 test_AP=0.6438
Epoch  43/500 [361.9s mem=4438MB] proxies=ON | train_loss=0.1576 mmd=0.0520 train_AP=0.7288 | val_loss=0.2802 val_AP=0.6500 | test_loss=0.3072 test_AP=0.6367
Epoch  44/500 [361.0s mem=4440MB] proxies=ON | train_loss=0.1583 mmd=0.0521 train_AP=0.7268 | val_loss=0.2668 val_AP=0.6453 | test_loss=0.2988 test_AP=0.6238
Epoch  45/500 [360.3s mem=4438MB] proxies=ON | train_loss=0.1563 mmd=0.0506 train_AP=0.7360 | val_loss=0.2576 val_AP=0.6701 | test_loss=0.2956 test_AP=0.6370
  -> New best val AP=0.6701 (test AP=0.6370), saved to checkpoints_gred/hybrid_score_e2e/best_e2e.pt
Epoch  46/500 [353.5s mem=4439MB] proxies=ON | train_loss=0.1544 mmd=0.0506 train_AP=0.7364 | val_loss=0.2415 val_AP=0.6792 | test_loss=0.2812 test_AP=0.6288
  -> New best val AP=0.6792 (test AP=0.6288), saved to checkpoints_gred/hybrid_score_e2e/best_e2e.pt
Epoch  47/500 [360.8s mem=4438MB] proxies=ON | train_loss=0.1553 mmd=0.0473 train_AP=0.7356 | val_loss=0.2962 val_AP=0.6519 | test_loss=0.3168 test_AP=0.6372
Epoch  48/500 [360.7s mem=4441MB] proxies=ON | train_loss=0.1543 mmd=0.0503 train_AP=0.7337 | val_loss=0.2865 val_AP=0.6612 | test_loss=0.3181 test_AP=0.6359
Epoch  49/500 [361.5s mem=4438MB] proxies=ON | train_loss=0.1554 mmd=0.0487 train_AP=0.7361 | val_loss=0.3098 val_AP=0.6555 | test_loss=0.3443 test_AP=0.6273
Epoch  50/500 [359.8s mem=4439MB] proxies=ON | train_loss=0.1544 mmd=0.0484 train_AP=0.7366 | val_loss=0.2770 val_AP=0.6415 | test_loss=0.2915 test_AP=0.6249
Epoch  51/500 [360.2s mem=4439MB] proxies=ON | train_loss=0.1533 mmd=0.0484 train_AP=0.7438 | val_loss=0.2938 val_AP=0.6526 | test_loss=0.3158 test_AP=0.6353
Epoch  52/500 [361.8s mem=4438MB] proxies=ON | train_loss=0.1521 mmd=0.0487 train_AP=0.7401 | val_loss=0.2809 val_AP=0.6704 | test_loss=0.3262 test_AP=0.6381
Epoch  53/500 [361.2s mem=4440MB] proxies=ON | train_loss=0.1492 mmd=0.0473 train_AP=0.7474 | val_loss=0.3021 val_AP=0.6565 | test_loss=0.3235 test_AP=0.6390
Epoch  54/500 [361.1s mem=4441MB] proxies=ON | train_loss=0.1539 mmd=0.0462 train_AP=0.7430 | val_loss=0.3313 val_AP=0.6429 | test_loss=0.3568 test_AP=0.6251
Epoch  55/500 [360.4s mem=4438MB] proxies=ON | train_loss=0.1489 mmd=0.0469 train_AP=0.7477 | val_loss=0.2859 val_AP=0.6681 | test_loss=0.3113 test_AP=0.6435
Epoch  56/500 [349.9s mem=4439MB] proxies=ON | train_loss=0.1491 mmd=0.0490 train_AP=0.7523 | val_loss=0.2800 val_AP=0.6617 | test_loss=0.3072 test_AP=0.6368
Epoch  57/500 [358.5s mem=4438MB] proxies=ON | train_loss=0.1521 mmd=0.0482 train_AP=0.7481 | val_loss=0.2885 val_AP=0.6597 | test_loss=0.3131 test_AP=0.6335
Epoch  58/500 [360.1s mem=4439MB] proxies=ON | train_loss=0.1491 mmd=0.0504 train_AP=0.7562 | val_loss=0.3163 val_AP=0.6628 | test_loss=0.3479 test_AP=0.6398
Epoch  59/500 [360.9s mem=4439MB] proxies=ON | train_loss=0.1463 mmd=0.0488 train_AP=0.7560 | val_loss=0.3025 val_AP=0.6424 | test_loss=0.3167 test_AP=0.6391
Epoch  60/500 [359.4s mem=4439MB] proxies=ON | train_loss=0.1475 mmd=0.0491 train_AP=0.7488 | val_loss=0.2611 val_AP=0.6650 | test_loss=0.2932 test_AP=0.6481
Epoch  61/500 [360.3s mem=4439MB] proxies=ON | train_loss=0.1470 mmd=0.0484 train_AP=0.7508 | val_loss=0.2939 val_AP=0.6628 | test_loss=0.3294 test_AP=0.6258
Epoch  62/500 [359.7s mem=4440MB] proxies=ON | train_loss=0.1477 mmd=0.0476 train_AP=0.7591 | val_loss=0.3145 val_AP=0.6559 | test_loss=0.3392 test_AP=0.6388
Epoch  63/500 [361.1s mem=4438MB] proxies=ON | train_loss=0.1483 mmd=0.0498 train_AP=0.7559 | val_loss=0.2908 val_AP=0.6600 | test_loss=0.3116 test_AP=0.6487
Epoch  64/500 [360.6s mem=4438MB] proxies=ON | train_loss=0.1434 mmd=0.0482 train_AP=0.7615 | val_loss=0.3602 val_AP=0.6599 | test_loss=0.3921 test_AP=0.6452
Epoch  65/500 [361.2s mem=4438MB] proxies=ON | train_loss=0.1430 mmd=0.0481 train_AP=0.7678 | val_loss=0.3110 val_AP=0.6539 | test_loss=0.3484 test_AP=0.6258
Epoch  66/500 [353.0s mem=4439MB] proxies=ON | train_loss=0.1474 mmd=0.0491 train_AP=0.7572 | val_loss=0.3274 val_AP=0.6485 | test_loss=0.3591 test_AP=0.6211
Epoch  67/500 [362.4s mem=4440MB] proxies=ON | train_loss=0.1435 mmd=0.0492 train_AP=0.7626 | val_loss=0.3014 val_AP=0.6557 | test_loss=0.3100 test_AP=0.6540
Epoch  68/500 [359.2s mem=4438MB] proxies=ON | train_loss=0.1414 mmd=0.0469 train_AP=0.7675 | val_loss=0.3137 val_AP=0.6705 | test_loss=0.3392 test_AP=0.6462
Epoch  69/500 [360.8s mem=4440MB] proxies=ON | train_loss=0.1434 mmd=0.0486 train_AP=0.7675 | val_loss=0.2846 val_AP=0.6690 | test_loss=0.3095 test_AP=0.6494
Epoch  70/500 [359.5s mem=4437MB] proxies=ON | train_loss=0.1444 mmd=0.0483 train_AP=0.7655 | val_loss=0.3043 val_AP=0.6707 | test_loss=0.3384 test_AP=0.6430
Epoch  71/500 [360.1s mem=4439MB] proxies=ON | train_loss=0.1424 mmd=0.0475 train_AP=0.7667 | val_loss=0.3886 val_AP=0.6540 | test_loss=0.4062 test_AP=0.6428
Epoch  72/500 [360.7s mem=4439MB] proxies=ON | train_loss=0.1445 mmd=0.0493 train_AP=0.7688 | val_loss=0.3570 val_AP=0.6783 | test_loss=0.4121 test_AP=0.6411
Epoch  73/500 [360.7s mem=4440MB] proxies=ON | train_loss=0.1421 mmd=0.0472 train_AP=0.7696 | val_loss=0.2804 val_AP=0.6696 | test_loss=0.3186 test_AP=0.6383
Epoch  74/500 [359.7s mem=4438MB] proxies=ON | train_loss=0.1433 mmd=0.0479 train_AP=0.7673 | val_loss=0.3793 val_AP=0.6514 | test_loss=0.4208 test_AP=0.6308
Epoch  75/500 [359.4s mem=4441MB] proxies=ON | train_loss=0.1458 mmd=0.0490 train_AP=0.7608 | val_loss=0.3233 val_AP=0.6604 | test_loss=0.3622 test_AP=0.6315
Epoch  76/500 [351.2s mem=4439MB] proxies=ON | train_loss=0.1398 mmd=0.0493 train_AP=0.7707 | val_loss=0.3281 val_AP=0.6615 | test_loss=0.3747 test_AP=0.6406
Early stopping at epoch 76 (patience=30). Best val AP=0.6792 at epoch 46.
Diagnostic: train_loss vs val_AP correlation = -0.9681

Training complete. Best val AP=0.6792 at epoch 46.
Diagnostics saved to checkpoints_gred/hybrid_score_e2e/e2e_diagnostics.pkl
+ STAGED_DIR=checkpoints_gred/three_staged
+ SHARED_DIR=checkpoints_gred/three_staged/shared
+ echo === Three-Staged: Stage 1 (GRED pretrain) ===
=== Three-Staged: Stage 1 (GRED pretrain) ===
+ python3 main_three_staged.py --stage 1 --backbone gred --hidden_dim 88 --state_dim 88 --num_gred_layers 8 --gred_expand 1 --r_min 0.95 --r_max 1.0 --max_phase 6.28 --gred_act full-glu --max_hops 40 --dropout 0.2 --batch_size 8 --s1_lr 1e-3 --s1_weight_decay 0.2 --s1_max_epochs 200 --s1_patience 10 --save_dir checkpoints_gred/three_staged/shared
/home1/sajan_rg/.local/lib/python3.13/site-packages/outdated/__init__.py:36: UserWarning: pkg_resources is deprecated as an API. See https://setuptools.pypa.io/en/latest/pkg_resources.html. The pkg_resources package is slated for removal as early as 2025-11-30. Refrain from using this package or pin to Setuptools<81.
  from pkg_resources import parse_version
Saved code snapshot to checkpoints_gred/three_staged/shared/code_snapshot.zip

============================================================
STAGE 1: Pretrain Model
  Backbone: gred
============================================================
  Loading cached distance masks from ./data/Peptides-func/dist_masks/train.pkl
  Loading cached distance masks from ./data/Peptides-func/dist_masks/val.pkl
  Loading cached distance masks from ./data/Peptides-func/dist_masks/test.pkl
  Parameters: 527,438
Epoch   1/200 [257.9s mem=4307MB] | train_loss=0.3260 train_AP=0.2769 | val_loss=0.3180 val_AP=0.3749
  -> New best val AP=0.3749, saved
Epoch   2/200 [268.5s mem=4307MB] | train_loss=0.2859 train_AP=0.3737 | val_loss=0.2718 val_AP=0.4278
  -> New best val AP=0.4278, saved
Epoch   3/200 [259.9s mem=4307MB] | train_loss=0.2768 train_AP=0.3973 | val_loss=0.2607 val_AP=0.4477
  -> New best val AP=0.4477, saved
Epoch   4/200 [259.0s mem=4307MB] | train_loss=0.2760 train_AP=0.4020 | val_loss=0.2634 val_AP=0.4529
  -> New best val AP=0.4529, saved
Epoch   5/200 [266.3s mem=4307MB] | train_loss=0.2753 train_AP=0.4054 | val_loss=0.2672 val_AP=0.4496
Epoch   6/200 [258.9s mem=4307MB] | train_loss=0.2746 train_AP=0.4038 | val_loss=0.2771 val_AP=0.4560
  -> New best val AP=0.4560, saved
Epoch   7/200 [258.8s mem=4308MB] | train_loss=0.2762 train_AP=0.3987 | val_loss=0.2657 val_AP=0.4444
Epoch   8/200 [267.7s mem=4307MB] | train_loss=0.2769 train_AP=0.3958 | val_loss=0.2626 val_AP=0.4399
Epoch   9/200 [259.3s mem=4307MB] | train_loss=0.2782 train_AP=0.3915 | val_loss=0.2829 val_AP=0.4369
Epoch  10/200 [259.9s mem=4307MB] | train_loss=0.2762 train_AP=0.3997 | val_loss=0.2667 val_AP=0.4379 | test_AP=0.4331
Epoch  11/200 [269.1s mem=4308MB] | train_loss=0.2751 train_AP=0.4060 | val_loss=0.2645 val_AP=0.4461
Epoch  12/200 [258.8s mem=4308MB] | train_loss=0.2727 train_AP=0.4089 | val_loss=0.2601 val_AP=0.4496
Epoch  13/200 [260.5s mem=4307MB] | train_loss=0.2727 train_AP=0.4131 | val_loss=0.2657 val_AP=0.4520
Epoch  14/200 [269.4s mem=4307MB] | train_loss=0.2713 train_AP=0.4127 | val_loss=0.2636 val_AP=0.4383
Epoch  15/200 [251.3s mem=4307MB] | train_loss=0.2701 train_AP=0.4163 | val_loss=0.2725 val_AP=0.4403
Epoch  16/200 [256.5s mem=4307MB] | train_loss=0.2695 train_AP=0.4181 | val_loss=0.2630 val_AP=0.4557
Early stopping at epoch 16. Best val AP=0.4560 at epoch 6.
Stage 1 done. Best val AP=0.4560 at epoch 6.

All requested stages complete.
+ echo === Three-Staged: Stage 1 (hybrid pretrain) ===
=== Three-Staged: Stage 1 (hybrid pretrain) ===
+ python3 main_three_staged.py --stage 1 --backbone hybrid --hidden_dim 88 --state_dim 88 --num_gred_layers 8 --num_transformer_layers 2 --num_heads 8 --gred_expand 1 --r_min 0.95 --r_max 1.0 --max_phase 6.28 --gred_act full-glu --max_hops 40 --dropout 0.2 --batch_size 8 --s1_lr 1e-3 --s1_weight_decay 3e-4 --s1_max_epochs 500 --s1_patience 10 --save_dir checkpoints_gred/three_staged/hybrid_shared
/home1/sajan_rg/.local/lib/python3.13/site-packages/outdated/__init__.py:36: UserWarning: pkg_resources is deprecated as an API. See https://setuptools.pypa.io/en/latest/pkg_resources.html. The pkg_resources package is slated for removal as early as 2025-11-30. Refrain from using this package or pin to Setuptools<81.
  from pkg_resources import parse_version
Saved code snapshot to checkpoints_gred/three_staged/hybrid_shared/code_snapshot.zip

============================================================
STAGE 1: Pretrain Model
  Backbone: hybrid
============================================================
  Loading cached distance masks from ./data/Peptides-func/dist_masks/train.pkl
  Loading cached distance masks from ./data/Peptides-func/dist_masks/val.pkl
  Loading cached distance masks from ./data/Peptides-func/dist_masks/test.pkl
  Parameters: 715,054
Epoch   1/500 [256.6s mem=4364MB] | train_loss=0.3279 train_AP=0.2789 | val_loss=0.2902 val_AP=0.3671
  -> New best val AP=0.3671, saved
Epoch   2/500 [247.4s mem=4365MB] | train_loss=0.2884 train_AP=0.3715 | val_loss=0.2726 val_AP=0.4491
  -> New best val AP=0.4491, saved
Epoch   3/500 [247.7s mem=4366MB] | train_loss=0.2686 train_AP=0.4161 | val_loss=0.2482 val_AP=0.4746
  -> New best val AP=0.4746, saved
Epoch   4/500 [255.0s mem=4366MB] | train_loss=0.2570 train_AP=0.4507 | val_loss=0.2412 val_AP=0.5068
  -> New best val AP=0.5068, saved
Epoch   5/500 [248.7s mem=4366MB] | train_loss=0.2482 train_AP=0.4738 | val_loss=0.2321 val_AP=0.5285
  -> New best val AP=0.5285, saved
Epoch   6/500 [251.1s mem=4366MB] | train_loss=0.2400 train_AP=0.4920 | val_loss=0.2595 val_AP=0.5191
Epoch   7/500 [253.3s mem=4366MB] | train_loss=0.2340 train_AP=0.5182 | val_loss=0.2383 val_AP=0.5509
  -> New best val AP=0.5509, saved
Epoch   8/500 [247.8s mem=4366MB] | train_loss=0.2280 train_AP=0.5292 | val_loss=0.2477 val_AP=0.5445
Epoch   9/500 [254.5s mem=4366MB] | train_loss=0.2231 train_AP=0.5395 | val_loss=0.2430 val_AP=0.5551
  -> New best val AP=0.5551, saved
Epoch  10/500 [246.9s mem=4365MB] | train_loss=0.2187 train_AP=0.5567 | val_loss=0.2451 val_AP=0.5561 | test_AP=0.5345
  -> New best val AP=0.5561, saved
Epoch  11/500 [246.8s mem=4365MB] | train_loss=0.2155 train_AP=0.5678 | val_loss=0.2289 val_AP=0.5670
  -> New best val AP=0.5670, saved
Epoch  12/500 [256.3s mem=4365MB] | train_loss=0.2127 train_AP=0.5739 | val_loss=0.2418 val_AP=0.5722
  -> New best val AP=0.5722, saved
Epoch  13/500 [246.7s mem=4365MB] | train_loss=0.2085 train_AP=0.5949 | val_loss=0.2292 val_AP=0.5954
  -> New best val AP=0.5954, saved
Epoch  14/500 [241.0s mem=4366MB] | train_loss=0.2066 train_AP=0.5924 | val_loss=0.2246 val_AP=0.5860
Epoch  15/500 [253.9s mem=4366MB] | train_loss=0.2046 train_AP=0.5963 | val_loss=0.2245 val_AP=0.6014
  -> New best val AP=0.6014, saved
Epoch  16/500 [247.3s mem=4366MB] | train_loss=0.2027 train_AP=0.6031 | val_loss=0.2219 val_AP=0.6085
  -> New best val AP=0.6085, saved
Epoch  17/500 [248.3s mem=4366MB] | train_loss=0.1993 train_AP=0.6154 | val_loss=0.2609 val_AP=0.5789
Epoch  18/500 [254.3s mem=4366MB] | train_loss=0.1952 train_AP=0.6257 | val_loss=0.2498 val_AP=0.5845
Epoch  19/500 [247.5s mem=4365MB] | train_loss=0.1940 train_AP=0.6358 | val_loss=0.2337 val_AP=0.6139
  -> New best val AP=0.6139, saved
Epoch  20/500 [255.1s mem=4366MB] | train_loss=0.1910 train_AP=0.6330 | val_loss=0.2483 val_AP=0.6024 | test_AP=0.6013
Epoch  21/500 [252.8s mem=4366MB] | train_loss=0.1896 train_AP=0.6395 | val_loss=0.2485 val_AP=0.6101
Epoch  22/500 [248.4s mem=4366MB] | train_loss=0.1879 train_AP=0.6468 | val_loss=0.2318 val_AP=0.6226
  -> New best val AP=0.6226, saved
Epoch  23/500 [255.1s mem=4366MB] | train_loss=0.1870 train_AP=0.6453 | val_loss=0.2537 val_AP=0.6148
Epoch  24/500 [247.8s mem=4366MB] | train_loss=0.1890 train_AP=0.6493 | val_loss=0.2469 val_AP=0.6214
Epoch  25/500 [247.2s mem=4366MB] | train_loss=0.1823 train_AP=0.6598 | val_loss=0.2588 val_AP=0.6289
  -> New best val AP=0.6289, saved
Epoch  26/500 [255.1s mem=4366MB] | train_loss=0.1823 train_AP=0.6646 | val_loss=0.2590 val_AP=0.6284
Epoch  27/500 [247.1s mem=4366MB] | train_loss=0.1792 train_AP=0.6698 | val_loss=0.2651 val_AP=0.6157
Epoch  28/500 [246.2s mem=4366MB] | train_loss=0.1768 train_AP=0.6727 | val_loss=0.2244 val_AP=0.6351
  -> New best val AP=0.6351, saved
Epoch  29/500 [256.9s mem=4366MB] | train_loss=0.1770 train_AP=0.6770 | val_loss=0.2215 val_AP=0.6363
  -> New best val AP=0.6363, saved
Epoch  30/500 [240.0s mem=4366MB] | train_loss=0.1755 train_AP=0.6793 | val_loss=0.2570 val_AP=0.6389 | test_AP=0.6161
  -> New best val AP=0.6389, saved
Epoch  31/500 [247.3s mem=4366MB] | train_loss=0.1750 train_AP=0.6801 | val_loss=0.2328 val_AP=0.6395
  -> New best val AP=0.6395, saved
Epoch  32/500 [255.7s mem=4365MB] | train_loss=0.1718 train_AP=0.6877 | val_loss=0.2606 val_AP=0.6392
Epoch  33/500 [247.4s mem=4366MB] | train_loss=0.1730 train_AP=0.6901 | val_loss=0.2430 val_AP=0.6502
  -> New best val AP=0.6502, saved
Epoch  34/500 [255.4s mem=4366MB] | train_loss=0.1695 train_AP=0.6959 | val_loss=0.2333 val_AP=0.6491
Epoch  35/500 [248.0s mem=4365MB] | train_loss=0.1674 train_AP=0.7007 | val_loss=0.2637 val_AP=0.6387
Epoch  36/500 [247.9s mem=4366MB] | train_loss=0.1672 train_AP=0.7069 | val_loss=0.2816 val_AP=0.6388
Epoch  37/500 [256.3s mem=4366MB] | train_loss=0.1656 train_AP=0.7053 | val_loss=0.2379 val_AP=0.6585
  -> New best val AP=0.6585, saved
Epoch  38/500 [248.2s mem=4365MB] | train_loss=0.1663 train_AP=0.7067 | val_loss=0.3016 val_AP=0.6394
Epoch  39/500 [246.8s mem=4365MB] | train_loss=0.1641 train_AP=0.7097 | val_loss=0.2934 val_AP=0.6550
Epoch  40/500 [255.5s mem=4366MB] | train_loss=0.1620 train_AP=0.7110 | val_loss=0.2842 val_AP=0.6579 | test_AP=0.6187
Epoch  41/500 [248.0s mem=4366MB] | train_loss=0.1637 train_AP=0.7175 | val_loss=0.2534 val_AP=0.6491
Epoch  42/500 [246.9s mem=4365MB] | train_loss=0.1630 train_AP=0.7161 | val_loss=0.2336 val_AP=0.6672
  -> New best val AP=0.6672, saved
Epoch  43/500 [255.2s mem=4366MB] | train_loss=0.1597 train_AP=0.7180 | val_loss=0.2514 val_AP=0.6511
Epoch  44/500 [247.8s mem=4366MB] | train_loss=0.1599 train_AP=0.7164 | val_loss=0.2476 val_AP=0.6662
Epoch  45/500 [245.7s mem=4366MB] | train_loss=0.1565 train_AP=0.7283 | val_loss=0.3357 val_AP=0.6476
Epoch  46/500 [252.0s mem=4366MB] | train_loss=0.1543 train_AP=0.7294 | val_loss=0.2609 val_AP=0.6722
  -> New best val AP=0.6722, saved
Epoch  47/500 [246.7s mem=4365MB] | train_loss=0.1540 train_AP=0.7321 | val_loss=0.2830 val_AP=0.6502
Epoch  48/500 [256.4s mem=4365MB] | train_loss=0.1544 train_AP=0.7327 | val_loss=0.2536 val_AP=0.6554
Epoch  49/500 [248.4s mem=4366MB] | train_loss=0.1541 train_AP=0.7346 | val_loss=0.2627 val_AP=0.6770
  -> New best val AP=0.6770, saved
Epoch  50/500 [247.0s mem=4366MB] | train_loss=0.1530 train_AP=0.7383 | val_loss=0.2951 val_AP=0.6549 | test_AP=0.6335
Epoch  51/500 [254.9s mem=4365MB] | train_loss=0.1513 train_AP=0.7427 | val_loss=0.2789 val_AP=0.6569
Epoch  52/500 [247.6s mem=4365MB] | train_loss=0.1483 train_AP=0.7446 | val_loss=0.2663 val_AP=0.6756
Epoch  53/500 [246.4s mem=4366MB] | train_loss=0.1498 train_AP=0.7435 | val_loss=0.2503 val_AP=0.6597
Epoch  54/500 [253.8s mem=4365MB] | train_loss=0.1483 train_AP=0.7448 | val_loss=0.2725 val_AP=0.6593
Epoch  55/500 [248.1s mem=4366MB] | train_loss=0.1500 train_AP=0.7475 | val_loss=0.2847 val_AP=0.6699
Epoch  56/500 [247.7s mem=4365MB] | train_loss=0.1463 train_AP=0.7438 | val_loss=0.3100 val_AP=0.6542
Epoch  57/500 [254.0s mem=4366MB] | train_loss=0.1467 train_AP=0.7488 | val_loss=0.2886 val_AP=0.6712
Epoch  58/500 [247.0s mem=4366MB] | train_loss=0.1464 train_AP=0.7538 | val_loss=0.2737 val_AP=0.6657
Epoch  59/500 [251.2s mem=4365MB] | train_loss=0.1477 train_AP=0.7510 | val_loss=0.3107 val_AP=0.6630
Early stopping at epoch 59. Best val AP=0.6770 at epoch 49.
Stage 1 done. Best val AP=0.6770 at epoch 49.

All requested stages complete.
+ HYBRID_MODEL=checkpoints_gred/three_staged/hybrid_shared/stage1_best.pt
+ echo === Three-Staged: hybrid + score_based (stage 2) ===
=== Three-Staged: hybrid + score_based (stage 2) ===
+ python3 main_three_staged.py --stage 2 --backbone hybrid --generator score_based --num_proxies 32 --hidden_dim 88 --state_dim 88 --num_gred_layers 8 --num_transformer_layers 2 --num_heads 8 --max_hops 40 --dropout 0.2 --batch_size 8 --model_path checkpoints_gred/three_staged/hybrid_shared/stage1_best.pt --save_dir checkpoints_gred/three_staged/hybrid_score
/home1/sajan_rg/.local/lib/python3.13/site-packages/outdated/__init__.py:36: UserWarning: pkg_resources is deprecated as an API. See https://setuptools.pypa.io/en/latest/pkg_resources.html. The pkg_resources package is slated for removal as early as 2025-11-30. Refrain from using this package or pin to Setuptools<81.
  from pkg_resources import parse_version
Saved code snapshot to checkpoints_gred/three_staged/hybrid_score/code_snapshot.zip

============================================================
STAGE 2: Train Generator (score_based) on Task Loss
  Backbone: hybrid
  LR=0.001, patience=49, max_epochs=1000
============================================================
  Loading cached distance masks from ./data/Peptides-func/dist_masks/train.pkl
  Loading cached distance masks from ./data/Peptides-func/dist_masks/val.pkl
  Loading cached distance masks from ./data/Peptides-func/dist_masks/test.pkl
  Generator parameters: 415,128
Epoch   1/1000 [241.2s mem=752MB] | task_loss=0.1087 | val_AP=0.6703 mean_AP=0.6748 delta=-0.0045 | test_AP=0.6494 | cos_sim=0.2469 grad_norm=0.2136 attn_entr=1.9895
  -> New best val AP=0.6703
Epoch   2/1000 [210.0s mem=752MB] | task_loss=0.1053 | val_AP=0.6704 mean_AP=0.6732 delta=-0.0028 | test_AP=0.6514 | cos_sim=0.2781 grad_norm=0.1669 attn_entr=0.7645
  -> New best val AP=0.6704
Epoch   3/1000 [225.8s mem=752MB] | task_loss=0.1036 | val_AP=0.6745 mean_AP=0.6779 delta=-0.0034 | test_AP=0.6523 | cos_sim=0.2626 grad_norm=0.1751 attn_entr=0.6608
  -> New best val AP=0.6745
Epoch   4/1000 [239.5s mem=752MB] | task_loss=0.1024 | val_AP=0.6715 mean_AP=0.6760 delta=-0.0046 | test_AP=0.6525 | cos_sim=0.2502 grad_norm=0.1826 attn_entr=0.6190
Epoch   5/1000 [243.7s mem=752MB] | task_loss=0.1009 | val_AP=0.6739 mean_AP=0.6796 delta=-0.0058 | test_AP=0.6520 | cos_sim=0.2489 grad_norm=0.1997 attn_entr=0.3737
Epoch   6/1000 [228.0s mem=752MB] | task_loss=0.1000 | val_AP=0.6691 mean_AP=0.6751 delta=-0.0059 | test_AP=0.6528 | cos_sim=0.2455 grad_norm=0.2338 attn_entr=0.3833
Epoch   7/1000 [228.2s mem=751MB] | task_loss=0.0992 | val_AP=0.6761 mean_AP=0.6771 delta=-0.0010 | test_AP=0.6551 | cos_sim=0.2662 grad_norm=0.2269 attn_entr=0.3412
  -> New best val AP=0.6761
Epoch   8/1000 [237.7s mem=752MB] | task_loss=0.0983 | val_AP=0.6720 mean_AP=0.6740 delta=-0.0020 | test_AP=0.6540 | cos_sim=0.2729 grad_norm=0.2692 attn_entr=0.1244
Epoch   9/1000 [244.7s mem=752MB] | task_loss=0.0975 | val_AP=0.6742 mean_AP=0.6755 delta=-0.0012 | test_AP=0.6536 | cos_sim=0.2847 grad_norm=0.2844 attn_entr=0.1881
Epoch  10/1000 [226.4s mem=752MB] | task_loss=0.0964 | val_AP=0.6750 mean_AP=0.6764 delta=-0.0014 | test_AP=0.6530 | cos_sim=0.3010 grad_norm=0.4010 attn_entr=0.2577
Epoch  11/1000 [227.5s mem=754MB] | task_loss=0.0958 | val_AP=0.6749 mean_AP=0.6775 delta=-0.0025 | test_AP=0.6584 | cos_sim=0.3092 grad_norm=0.3674 attn_entr=0.2137
Epoch  12/1000 [231.0s mem=752MB] | task_loss=0.0949 | val_AP=0.6727 mean_AP=0.6747 delta=-0.0020 | test_AP=0.6589 | cos_sim=0.3284 grad_norm=0.3437 attn_entr=0.0928
Epoch  13/1000 [240.2s mem=752MB] | task_loss=0.0952 | val_AP=0.6760 mean_AP=0.6759 delta=+0.0001 | test_AP=0.6563 | cos_sim=0.3099 grad_norm=0.3839 attn_entr=0.1842
Epoch  14/1000 [236.8s mem=752MB] | task_loss=0.0935 | val_AP=0.6754 mean_AP=0.6751 delta=+0.0003 | test_AP=0.6577 | cos_sim=0.2809 grad_norm=0.4100 attn_entr=0.0513
Epoch  15/1000 [211.3s mem=761MB] | task_loss=0.0930 | val_AP=0.6709 mean_AP=0.6739 delta=-0.0030 | test_AP=0.6561 | cos_sim=0.2750 grad_norm=0.4444 attn_entr=0.1293
Epoch  16/1000 [234.1s mem=752MB] | task_loss=0.0924 | val_AP=0.6787 mean_AP=0.6758 delta=+0.0028 | test_AP=0.6580 | cos_sim=0.2988 grad_norm=0.4521 attn_entr=0.0596
  -> New best val AP=0.6787
Epoch  17/1000 [241.0s mem=752MB] | task_loss=0.0927 | val_AP=0.6777 mean_AP=0.6765 delta=+0.0012 | test_AP=0.6548 | cos_sim=0.3142 grad_norm=0.4196 attn_entr=0.1139
Epoch  18/1000 [232.5s mem=752MB] | task_loss=0.0920 | val_AP=0.6759 mean_AP=0.6779 delta=-0.0020 | test_AP=0.6556 | cos_sim=0.3317 grad_norm=0.4750 attn_entr=0.0390
Epoch  19/1000 [228.8s mem=752MB] | task_loss=0.0922 | val_AP=0.6752 mean_AP=0.6804 delta=-0.0051 | test_AP=0.6565 | cos_sim=0.3451 grad_norm=0.5431 attn_entr=0.0670
Epoch  20/1000 [228.0s mem=755MB] | task_loss=0.0908 | val_AP=0.6789 mean_AP=0.6770 delta=+0.0018 | test_AP=0.6569 | cos_sim=0.3239 grad_norm=0.4714 attn_entr=0.0616
  -> New best val AP=0.6789
Epoch  21/1000 [238.9s mem=753MB] | task_loss=0.0906 | val_AP=0.6789 mean_AP=0.6810 delta=-0.0021 | test_AP=0.6560 | cos_sim=0.3058 grad_norm=0.6660 attn_entr=0.0948
  -> New best val AP=0.6789
Epoch  22/1000 [243.8s mem=753MB] | task_loss=0.0900 | val_AP=0.6790 mean_AP=0.6807 delta=-0.0017 | test_AP=0.6580 | cos_sim=0.3058 grad_norm=0.5273 attn_entr=0.0960
  -> New best val AP=0.6790
Epoch  23/1000 [226.5s mem=752MB] | task_loss=0.0892 | val_AP=0.6746 mean_AP=0.6765 delta=-0.0019 | test_AP=0.6559 | cos_sim=0.2973 grad_norm=0.6392 attn_entr=0.0373
Epoch  24/1000 [225.1s mem=752MB] | task_loss=0.0892 | val_AP=0.6789 mean_AP=0.6775 delta=+0.0014 | test_AP=0.6617 | cos_sim=0.2868 grad_norm=0.5816 attn_entr=0.0820
Epoch  25/1000 [239.7s mem=752MB] | task_loss=0.0889 | val_AP=0.6774 mean_AP=0.6791 delta=-0.0017 | test_AP=0.6535 | cos_sim=0.2896 grad_norm=0.5632 attn_entr=0.1061
Epoch  26/1000 [244.1s mem=752MB] | task_loss=0.0887 | val_AP=0.6797 mean_AP=0.6787 delta=+0.0010 | test_AP=0.6582 | cos_sim=0.2995 grad_norm=0.6226 attn_entr=0.0897
  -> New best val AP=0.6797
Epoch  27/1000 [228.8s mem=752MB] | task_loss=0.0884 | val_AP=0.6771 mean_AP=0.6772 delta=-0.0001 | test_AP=0.6599 | cos_sim=0.3030 grad_norm=0.5808 attn_entr=0.1374
Epoch  28/1000 [211.4s mem=752MB] | task_loss=0.0878 | val_AP=0.6784 mean_AP=0.6794 delta=-0.0010 | test_AP=0.6538 | cos_sim=0.3042 grad_norm=0.5930 attn_entr=0.0498
Epoch  29/1000 [237.5s mem=752MB] | task_loss=0.0884 | val_AP=0.6747 mean_AP=0.6750 delta=-0.0003 | test_AP=0.6538 | cos_sim=0.3192 grad_norm=0.5817 attn_entr=0.1504
Epoch  30/1000 [243.4s mem=752MB] | task_loss=0.0874 | val_AP=0.6777 mean_AP=0.6804 delta=-0.0027 | test_AP=0.6581 | cos_sim=0.3095 grad_norm=0.6039 attn_entr=0.0633
Epoch  31/1000 [224.7s mem=752MB] | task_loss=0.0867 | val_AP=0.6803 mean_AP=0.6773 delta=+0.0030 | test_AP=0.6627 | cos_sim=0.3000 grad_norm=0.6350 attn_entr=0.0454
  -> New best val AP=0.6803
Epoch  32/1000 [227.7s mem=752MB] | task_loss=0.0864 | val_AP=0.6835 mean_AP=0.6842 delta=-0.0007 | test_AP=0.6594 | cos_sim=0.3075 grad_norm=0.6917 attn_entr=0.0555
  -> New best val AP=0.6835
Epoch  33/1000 [232.8s mem=752MB] | task_loss=0.0864 | val_AP=0.6790 mean_AP=0.6813 delta=-0.0022 | test_AP=0.6609 | cos_sim=0.3224 grad_norm=0.6041 attn_entr=0.1194
Epoch  34/1000 [244.0s mem=752MB] | task_loss=0.0858 | val_AP=0.6826 mean_AP=0.6830 delta=-0.0004 | test_AP=0.6627 | cos_sim=0.3313 grad_norm=0.7179 attn_entr=0.0950
Epoch  35/1000 [234.0s mem=752MB] | task_loss=0.0855 | val_AP=0.6833 mean_AP=0.6770 delta=+0.0063 | test_AP=0.6603 | cos_sim=0.3269 grad_norm=0.6371 attn_entr=0.1100
Epoch  36/1000 [227.9s mem=752MB] | task_loss=0.0851 | val_AP=0.6817 mean_AP=0.6805 delta=+0.0012 | test_AP=0.6633 | cos_sim=0.3097 grad_norm=0.5343 attn_entr=0.1303
Epoch  37/1000 [228.4s mem=752MB] | task_loss=0.0844 | val_AP=0.6753 mean_AP=0.6770 delta=-0.0017 | test_AP=0.6636 | cos_sim=0.2967 grad_norm=0.6249 attn_entr=0.0780
Epoch  38/1000 [239.9s mem=753MB] | task_loss=0.0840 | val_AP=0.6824 mean_AP=0.6815 delta=+0.0009 | test_AP=0.6612 | cos_sim=0.2979 grad_norm=0.6208 attn_entr=0.0613
Epoch  39/1000 [244.3s mem=752MB] | task_loss=0.0840 | val_AP=0.6825 mean_AP=0.6835 delta=-0.0010 | test_AP=0.6612 | cos_sim=0.3063 grad_norm=0.6757 attn_entr=0.0520
Epoch  40/1000 [225.8s mem=752MB] | task_loss=0.0843 | val_AP=0.6788 mean_AP=0.6811 delta=-0.0022 | test_AP=0.6609 | cos_sim=0.3121 grad_norm=0.7818 attn_entr=0.0206
Epoch  41/1000 [212.8s mem=752MB] | task_loss=0.0839 | val_AP=0.6786 mean_AP=0.6806 delta=-0.0020 | test_AP=0.6624 | cos_sim=0.3048 grad_norm=0.6684 attn_entr=0.0279
Epoch  42/1000 [239.4s mem=752MB] | task_loss=0.0829 | val_AP=0.6789 mean_AP=0.6806 delta=-0.0017 | test_AP=0.6591 | cos_sim=0.3132 grad_norm=0.6391 attn_entr=0.0017
Epoch  43/1000 [243.0s mem=752MB] | task_loss=0.0835 | val_AP=0.6746 mean_AP=0.6788 delta=-0.0041 | test_AP=0.6618 | cos_sim=0.3116 grad_norm=0.6608 attn_entr=0.0193
Epoch  44/1000 [227.6s mem=752MB] | task_loss=0.0833 | val_AP=0.6768 mean_AP=0.6792 delta=-0.0024 | test_AP=0.6635 | cos_sim=0.3179 grad_norm=0.6867 attn_entr=0.1683
Epoch  45/1000 [228.0s mem=752MB] | task_loss=0.0824 | val_AP=0.6774 mean_AP=0.6787 delta=-0.0013 | test_AP=0.6589 | cos_sim=0.3131 grad_norm=0.6898 attn_entr=0.0401
Epoch  46/1000 [238.8s mem=752MB] | task_loss=0.0821 | val_AP=0.6787 mean_AP=0.6798 delta=-0.0012 | test_AP=0.6609 | cos_sim=0.3065 grad_norm=0.6291 attn_entr=0.0327
Epoch  47/1000 [245.3s mem=752MB] | task_loss=0.0817 | val_AP=0.6803 mean_AP=0.6778 delta=+0.0025 | test_AP=0.6590 | cos_sim=0.2956 grad_norm=0.6945 attn_entr=0.0087
Epoch  48/1000 [207.8s mem=752MB] | task_loss=0.0810 | val_AP=0.6783 mean_AP=0.6784 delta=-0.0001 | test_AP=0.6592 | cos_sim=0.2937 grad_norm=0.6122 attn_entr=0.0407
Epoch  49/1000 [211.2s mem=752MB] | task_loss=0.0818 | val_AP=0.6816 mean_AP=0.6849 delta=-0.0033 | test_AP=0.6588 | cos_sim=0.2780 grad_norm=0.6686 attn_entr=0.0308
Epoch  50/1000 [229.1s mem=753MB] | task_loss=0.0812 | val_AP=0.6812 mean_AP=0.6854 delta=-0.0042 | test_AP=0.6621 | cos_sim=0.2890 grad_norm=0.8140 attn_entr=0.0134
Epoch  51/1000 [234.1s mem=761MB] | task_loss=0.0803 | val_AP=0.6782 mean_AP=0.6784 delta=-0.0003 | test_AP=0.6614 | cos_sim=0.2866 grad_norm=0.6488 attn_entr=0.0486
Epoch  52/1000 [217.0s mem=752MB] | task_loss=0.0800 | val_AP=0.6795 mean_AP=0.6782 delta=+0.0013 | test_AP=0.6633 | cos_sim=0.2827 grad_norm=0.6852 attn_entr=0.0165
Epoch  53/1000 [218.0s mem=752MB] | task_loss=0.0794 | val_AP=0.6785 mean_AP=0.6807 delta=-0.0022 | test_AP=0.6618 | cos_sim=0.2779 grad_norm=0.6922 attn_entr=0.0105
Epoch  54/1000 [230.3s mem=752MB] | task_loss=0.0791 | val_AP=0.6782 mean_AP=0.6787 delta=-0.0005 | test_AP=0.6599 | cos_sim=0.2700 grad_norm=0.6016 attn_entr=0.0039
Epoch  55/1000 [224.2s mem=752MB] | task_loss=0.0793 | val_AP=0.6756 mean_AP=0.6789 delta=-0.0033 | test_AP=0.6576 | cos_sim=0.2664 grad_norm=0.7045 attn_entr=0.0399
Epoch  56/1000 [215.7s mem=752MB] | task_loss=0.0789 | val_AP=0.6842 mean_AP=0.6817 delta=+0.0025 | test_AP=0.6622 | cos_sim=0.2712 grad_norm=0.7270 attn_entr=0.0762
  -> New best val AP=0.6842
Epoch  57/1000 [222.9s mem=752MB] | task_loss=0.0791 | val_AP=0.6802 mean_AP=0.6812 delta=-0.0010 | test_AP=0.6601 | cos_sim=0.2708 grad_norm=0.7605 attn_entr=0.0096
Epoch  58/1000 [234.9s mem=752MB] | task_loss=0.0784 | val_AP=0.6821 mean_AP=0.6809 delta=+0.0012 | test_AP=0.6618 | cos_sim=0.2802 grad_norm=0.6684 attn_entr=0.0123
Epoch  59/1000 [215.5s mem=752MB] | task_loss=0.0785 | val_AP=0.6804 mean_AP=0.6786 delta=+0.0018 | test_AP=0.6610 | cos_sim=0.2688 grad_norm=0.7739 attn_entr=0.0061
Epoch  60/1000 [215.2s mem=752MB] | task_loss=0.0781 | val_AP=0.6828 mean_AP=0.6780 delta=+0.0048 | test_AP=0.6654 | cos_sim=0.2629 grad_norm=0.8427 attn_entr=0.0439
Epoch  61/1000 [222.9s mem=752MB] | task_loss=0.0784 | val_AP=0.6790 mean_AP=0.6776 delta=+0.0014 | test_AP=0.6622 | cos_sim=0.2767 grad_norm=0.5909 attn_entr=0.0192
Epoch  62/1000 [212.8s mem=752MB] | task_loss=0.0786 | val_AP=0.6804 mean_AP=0.6786 delta=+0.0019 | test_AP=0.6594 | cos_sim=0.2787 grad_norm=0.7938 attn_entr=0.0800
Epoch  63/1000 [216.4s mem=752MB] | task_loss=0.0784 | val_AP=0.6813 mean_AP=0.6831 delta=-0.0018 | test_AP=0.6648 | cos_sim=0.2803 grad_norm=0.7966 attn_entr=0.0419
Epoch  64/1000 [229.0s mem=752MB] | task_loss=0.0779 | val_AP=0.6784 mean_AP=0.6785 delta=-0.0001 | test_AP=0.6610 | cos_sim=0.2719 grad_norm=0.7408 attn_entr=0.0191
Epoch  65/1000 [233.6s mem=752MB] | task_loss=0.0778 | val_AP=0.6802 mean_AP=0.6784 delta=+0.0019 | test_AP=0.6612 | cos_sim=0.2796 grad_norm=0.7457 attn_entr=0.0154
Epoch  66/1000 [216.2s mem=752MB] | task_loss=0.0783 | val_AP=0.6822 mean_AP=0.6820 delta=+0.0002 | test_AP=0.6629 | cos_sim=0.2801 grad_norm=0.7210 attn_entr=0.0380
Epoch  67/1000 [215.7s mem=752MB] | task_loss=0.0777 | val_AP=0.6804 mean_AP=0.6776 delta=+0.0028 | test_AP=0.6644 | cos_sim=0.2858 grad_norm=0.7697 attn_entr=0.0525
Epoch  68/1000 [230.5s mem=752MB] | task_loss=0.0771 | val_AP=0.6801 mean_AP=0.6786 delta=+0.0016 | test_AP=0.6619 | cos_sim=0.2817 grad_norm=0.7319 attn_entr=0.0204
Epoch  69/1000 [235.7s mem=752MB] | task_loss=0.0769 | val_AP=0.6787 mean_AP=0.6823 delta=-0.0036 | test_AP=0.6624 | cos_sim=0.2782 grad_norm=0.6977 attn_entr=0.0303
Epoch  70/1000 [214.8s mem=752MB] | task_loss=0.0765 | val_AP=0.6773 mean_AP=0.6811 delta=-0.0038 | test_AP=0.6630 | cos_sim=0.2660 grad_norm=0.7704 attn_entr=0.0061
Epoch  71/1000 [215.8s mem=754MB] | task_loss=0.0754 | val_AP=0.6782 mean_AP=0.6774 delta=+0.0008 | test_AP=0.6606 | cos_sim=0.2606 grad_norm=0.6245 attn_entr=0.0192
Epoch  72/1000 [231.8s mem=752MB] | task_loss=0.0762 | val_AP=0.6779 mean_AP=0.6780 delta=-0.0000 | test_AP=0.6653 | cos_sim=0.2611 grad_norm=0.7299 attn_entr=0.0312
Epoch  73/1000 [224.6s mem=752MB] | task_loss=0.0756 | val_AP=0.6809 mean_AP=0.6838 delta=-0.0029 | test_AP=0.6645 | cos_sim=0.2694 grad_norm=0.8237 attn_entr=0.0413
Epoch  74/1000 [214.2s mem=752MB] | task_loss=0.0748 | val_AP=0.6830 mean_AP=0.6842 delta=-0.0012 | test_AP=0.6620 | cos_sim=0.2742 grad_norm=0.7033 attn_entr=0.0719
Epoch  75/1000 [217.4s mem=752MB] | task_loss=0.0744 | val_AP=0.6844 mean_AP=0.6831 delta=+0.0012 | test_AP=0.6593 | cos_sim=0.2687 grad_norm=0.7550 attn_entr=0.0337
  -> New best val AP=0.6844
Epoch  76/1000 [226.4s mem=752MB] | task_loss=0.0741 | val_AP=0.6818 mean_AP=0.6809 delta=+0.0009 | test_AP=0.6605 | cos_sim=0.2687 grad_norm=0.7111 attn_entr=0.0371
Epoch  77/1000 [214.4s mem=764MB] | task_loss=0.0737 | val_AP=0.6844 mean_AP=0.6826 delta=+0.0018 | test_AP=0.6629 | cos_sim=0.2597 grad_norm=0.7955 attn_entr=0.0385
  -> New best val AP=0.6844
Epoch  78/1000 [223.9s mem=754MB] | task_loss=0.0734 | val_AP=0.6807 mean_AP=0.6830 delta=-0.0024 | test_AP=0.6601 | cos_sim=0.2634 grad_norm=0.8873 attn_entr=0.0857
Epoch  79/1000 [235.7s mem=752MB] | task_loss=0.0732 | val_AP=0.6808 mean_AP=0.6825 delta=-0.0018 | test_AP=0.6604 | cos_sim=0.2612 grad_norm=1.4215 attn_entr=0.0276
Epoch  80/1000 [216.3s mem=752MB] | task_loss=0.0730 | val_AP=0.6794 mean_AP=0.6818 delta=-0.0023 | test_AP=0.6607 | cos_sim=0.2598 grad_norm=0.7074 attn_entr=0.0011
Epoch  81/1000 [216.2s mem=752MB] | task_loss=0.0727 | val_AP=0.6795 mean_AP=0.6805 delta=-0.0010 | test_AP=0.6626 | cos_sim=0.2543 grad_norm=0.9054 attn_entr=0.0495
Epoch  82/1000 [229.5s mem=752MB] | task_loss=0.0719 | val_AP=0.6832 mean_AP=0.6825 delta=+0.0006 | test_AP=0.6612 | cos_sim=0.2591 grad_norm=0.6954 attn_entr=0.0508
Epoch  83/1000 [234.2s mem=752MB] | task_loss=0.0722 | val_AP=0.6753 mean_AP=0.6766 delta=-0.0013 | test_AP=0.6658 | cos_sim=0.2538 grad_norm=0.7369 attn_entr=0.0386
Epoch  84/1000 [216.0s mem=752MB] | task_loss=0.0714 | val_AP=0.6829 mean_AP=0.6793 delta=+0.0036 | test_AP=0.6587 | cos_sim=0.2533 grad_norm=0.7049 attn_entr=0.0383
Epoch  85/1000 [218.1s mem=751MB] | task_loss=0.0712 | val_AP=0.6783 mean_AP=0.6813 delta=-0.0031 | test_AP=0.6638 | cos_sim=0.2649 grad_norm=0.7292 attn_entr=0.0202
Epoch  86/1000 [230.1s mem=752MB] | task_loss=0.0706 | val_AP=0.6825 mean_AP=0.6820 delta=+0.0005 | test_AP=0.6671 | cos_sim=0.2640 grad_norm=0.7062 attn_entr=0.0342
Epoch  87/1000 [234.8s mem=752MB] | task_loss=0.0713 | val_AP=0.6773 mean_AP=0.6783 delta=-0.0010 | test_AP=0.6643 | cos_sim=0.2645 grad_norm=0.7257 attn_entr=0.0492
Epoch  88/1000 [216.9s mem=752MB] | task_loss=0.0712 | val_AP=0.6828 mean_AP=0.6770 delta=+0.0058 | test_AP=0.6623 | cos_sim=0.2644 grad_norm=0.7647 attn_entr=0.0650
Epoch  89/1000 [204.1s mem=752MB] | task_loss=0.0709 | val_AP=0.6775 mean_AP=0.6751 delta=+0.0024 | test_AP=0.6636 | cos_sim=0.2695 grad_norm=0.6872 attn_entr=0.0549
Epoch  90/1000 [235.3s mem=755MB] | task_loss=0.0701 | val_AP=0.6809 mean_AP=0.6796 delta=+0.0013 | test_AP=0.6665 | cos_sim=0.2705 grad_norm=0.6647 attn_entr=0.0186
Epoch  91/1000 [216.4s mem=753MB] | task_loss=0.0700 | val_AP=0.6789 mean_AP=0.6804 delta=-0.0015 | test_AP=0.6606 | cos_sim=0.2721 grad_norm=0.7593 attn_entr=0.0496
Epoch  92/1000 [216.6s mem=752MB] | task_loss=0.0696 | val_AP=0.6828 mean_AP=0.6785 delta=+0.0043 | test_AP=0.6621 | cos_sim=0.2709 grad_norm=0.7743 attn_entr=0.0004
Epoch  93/1000 [229.9s mem=752MB] | task_loss=0.0701 | val_AP=0.6773 mean_AP=0.6787 delta=-0.0015 | test_AP=0.6646 | cos_sim=0.2639 grad_norm=0.8018 attn_entr=0.0010
Epoch  94/1000 [230.3s mem=752MB] | task_loss=0.0696 | val_AP=0.6803 mean_AP=0.6772 delta=+0.0031 | test_AP=0.6630 | cos_sim=0.2708 grad_norm=0.7628 attn_entr=0.0185
Epoch  95/1000 [216.7s mem=752MB] | task_loss=0.0692 | val_AP=0.6835 mean_AP=0.6834 delta=+0.0001 | test_AP=0.6655 | cos_sim=0.2757 grad_norm=0.6080 attn_entr=0.0035
Epoch  96/1000 [218.8s mem=752MB] | task_loss=0.0684 | val_AP=0.6778 mean_AP=0.6757 delta=+0.0021 | test_AP=0.6613 | cos_sim=0.2703 grad_norm=0.8946 attn_entr=0.0003
Epoch  97/1000 [232.6s mem=752MB] | task_loss=0.0684 | val_AP=0.6787 mean_AP=0.6784 delta=+0.0003 | test_AP=0.6615 | cos_sim=0.2663 grad_norm=0.6860 attn_entr=0.0260
Epoch  98/1000 [218.9s mem=756MB] | task_loss=0.0683 | val_AP=0.6814 mean_AP=0.6816 delta=-0.0002 | test_AP=0.6620 | cos_sim=0.2694 grad_norm=0.7399 attn_entr=0.0202
Epoch  99/1000 [216.0s mem=752MB] | task_loss=0.0685 | val_AP=0.6846 mean_AP=0.6845 delta=+0.0001 | test_AP=0.6614 | cos_sim=0.2700 grad_norm=0.6685 attn_entr=0.0213
  -> New best val AP=0.6846
Epoch 100/1000 [227.1s mem=752MB] | task_loss=0.0680 | val_AP=0.6781 mean_AP=0.6833 delta=-0.0053 | test_AP=0.6630 | cos_sim=0.2746 grad_norm=0.7092 attn_entr=0.0407
Epoch 101/1000 [235.4s mem=752MB] | task_loss=0.0677 | val_AP=0.6741 mean_AP=0.6826 delta=-0.0085 | test_AP=0.6595 | cos_sim=0.2715 grad_norm=0.6962 attn_entr=0.0396
Epoch 102/1000 [215.7s mem=752MB] | task_loss=0.0677 | val_AP=0.6800 mean_AP=0.6777 delta=+0.0023 | test_AP=0.6604 | cos_sim=0.2755 grad_norm=0.6862 attn_entr=0.0190
Epoch 103/1000 [198.6s mem=752MB] | task_loss=0.0673 | val_AP=0.6762 mean_AP=0.6812 delta=-0.0050 | test_AP=0.6635 | cos_sim=0.2741 grad_norm=0.7265 attn_entr=0.0168
Epoch 104/1000 [235.0s mem=751MB] | task_loss=0.0670 | val_AP=0.6797 mean_AP=0.6830 delta=-0.0033 | test_AP=0.6643 | cos_sim=0.2724 grad_norm=0.7380 attn_entr=0.0010
Epoch 105/1000 [215.5s mem=752MB] | task_loss=0.0665 | val_AP=0.6823 mean_AP=0.6847 delta=-0.0024 | test_AP=0.6639 | cos_sim=0.2720 grad_norm=0.7536 attn_entr=0.0004
Epoch 106/1000 [218.3s mem=751MB] | task_loss=0.0665 | val_AP=0.6751 mean_AP=0.6826 delta=-0.0075 | test_AP=0.6621 | cos_sim=0.2672 grad_norm=0.8967 attn_entr=0.0507
Epoch 107/1000 [228.4s mem=752MB] | task_loss=0.0669 | val_AP=0.6756 mean_AP=0.6797 delta=-0.0041 | test_AP=0.6601 | cos_sim=0.2636 grad_norm=0.8115 attn_entr=0.0407
Epoch 108/1000 [233.3s mem=752MB] | task_loss=0.0666 | val_AP=0.6789 mean_AP=0.6826 delta=-0.0037 | test_AP=0.6638 | cos_sim=0.2637 grad_norm=0.7914 attn_entr=0.0039
Epoch 109/1000 [216.2s mem=752MB] | task_loss=0.0672 | val_AP=0.6760 mean_AP=0.6843 delta=-0.0083 | test_AP=0.6655 | cos_sim=0.2643 grad_norm=0.7979 attn_entr=0.0183
Epoch 110/1000 [217.0s mem=752MB] | task_loss=0.0662 | val_AP=0.6754 mean_AP=0.6830 delta=-0.0076 | test_AP=0.6636 | cos_sim=0.2701 grad_norm=0.6925 attn_entr=0.0031
Epoch 111/1000 [231.5s mem=752MB] | task_loss=0.0663 | val_AP=0.6782 mean_AP=0.6836 delta=-0.0054 | test_AP=0.6676 | cos_sim=0.2683 grad_norm=0.8645 attn_entr=0.0290
Epoch 112/1000 [231.3s mem=752MB] | task_loss=0.0658 | val_AP=0.6816 mean_AP=0.6827 delta=-0.0012 | test_AP=0.6653 | cos_sim=0.2650 grad_norm=0.6418 attn_entr=0.0540
Epoch 113/1000 [216.6s mem=752MB] | task_loss=0.0652 | val_AP=0.6746 mean_AP=0.6823 delta=-0.0076 | test_AP=0.6658 | cos_sim=0.2651 grad_norm=0.8153 attn_entr=0.0021
Epoch 114/1000 [221.2s mem=752MB] | task_loss=0.0655 | val_AP=0.6754 mean_AP=0.6806 delta=-0.0052 | test_AP=0.6629 | cos_sim=0.2700 grad_norm=0.6624 attn_entr=0.0165
Epoch 115/1000 [235.1s mem=752MB] | task_loss=0.0653 | val_AP=0.6752 mean_AP=0.6837 delta=-0.0085 | test_AP=0.6580 | cos_sim=0.2663 grad_norm=0.8541 attn_entr=0.0917
Epoch 116/1000 [221.3s mem=752MB] | task_loss=0.0647 | val_AP=0.6826 mean_AP=0.6834 delta=-0.0008 | test_AP=0.6636 | cos_sim=0.2717 grad_norm=0.6605 attn_entr=0.0070
Epoch 117/1000 [191.7s mem=752MB] | task_loss=0.0638 | val_AP=0.6813 mean_AP=0.6827 delta=-0.0014 | test_AP=0.6614 | cos_sim=0.2648 grad_norm=0.8809 attn_entr=0.0096
Epoch 118/1000 [236.1s mem=752MB] | task_loss=0.0640 | val_AP=0.6780 mean_AP=0.6820 delta=-0.0041 | test_AP=0.6640 | cos_sim=0.2602 grad_norm=0.7628 attn_entr=0.0390
Epoch 119/1000 [219.3s mem=755MB] | task_loss=0.0636 | val_AP=0.6748 mean_AP=0.6832 delta=-0.0084 | test_AP=0.6632 | cos_sim=0.2653 grad_norm=0.6956 attn_entr=0.0115
Epoch 120/1000 [216.0s mem=752MB] | task_loss=0.0638 | val_AP=0.6716 mean_AP=0.6839 delta=-0.0122 | test_AP=0.6611 | cos_sim=0.2623 grad_norm=0.6549 attn_entr=0.0298
Epoch 121/1000 [228.2s mem=752MB] | task_loss=0.0635 | val_AP=0.6786 mean_AP=0.6827 delta=-0.0040 | test_AP=0.6616 | cos_sim=0.2617 grad_norm=0.7592 attn_entr=0.0462
Epoch 122/1000 [235.8s mem=752MB] | task_loss=0.0635 | val_AP=0.6744 mean_AP=0.6807 delta=-0.0063 | test_AP=0.6623 | cos_sim=0.2680 grad_norm=0.7832 attn_entr=0.0007
Epoch 123/1000 [218.3s mem=752MB] | task_loss=0.0633 | val_AP=0.6756 mean_AP=0.6833 delta=-0.0077 | test_AP=0.6653 | cos_sim=0.2655 grad_norm=0.6707 attn_entr=0.0182
Epoch 124/1000 [217.3s mem=752MB] | task_loss=0.0626 | val_AP=0.6703 mean_AP=0.6800 delta=-0.0097 | test_AP=0.6660 | cos_sim=0.2585 grad_norm=0.6547 attn_entr=0.0320
Epoch 125/1000 [229.0s mem=752MB] | task_loss=0.0625 | val_AP=0.6766 mean_AP=0.6833 delta=-0.0067 | test_AP=0.6652 | cos_sim=0.2559 grad_norm=0.6255 attn_entr=0.0354
Epoch 126/1000 [233.8s mem=752MB] | task_loss=0.0623 | val_AP=0.6763 mean_AP=0.6808 delta=-0.0045 | test_AP=0.6627 | cos_sim=0.2604 grad_norm=0.5604 attn_entr=0.0075
Epoch 127/1000 [215.1s mem=752MB] | task_loss=0.0620 | val_AP=0.6761 mean_AP=0.6790 delta=-0.0029 | test_AP=0.6632 | cos_sim=0.2634 grad_norm=0.8114 attn_entr=0.0131
Epoch 128/1000 [213.9s mem=756MB] | task_loss=0.0618 | val_AP=0.6778 mean_AP=0.6793 delta=-0.0015 | test_AP=0.6663 | cos_sim=0.2623 grad_norm=0.7269 attn_entr=0.0078
Epoch 129/1000 [230.7s mem=752MB] | task_loss=0.0627 | val_AP=0.6746 mean_AP=0.6785 delta=-0.0039 | test_AP=0.6613 | cos_sim=0.2623 grad_norm=0.7614 attn_entr=0.0343
Epoch 130/1000 [228.0s mem=752MB] | task_loss=0.0623 | val_AP=0.6735 mean_AP=0.6786 delta=-0.0051 | test_AP=0.6637 | cos_sim=0.2716 grad_norm=0.7057 attn_entr=0.0001
Epoch 131/1000 [187.7s mem=752MB] | task_loss=0.0614 | val_AP=0.6754 mean_AP=0.6781 delta=-0.0028 | test_AP=0.6632 | cos_sim=0.2661 grad_norm=0.8535 attn_entr=0.0421
Epoch 132/1000 [232.7s mem=752MB] | task_loss=0.0611 | val_AP=0.6752 mean_AP=0.6831 delta=-0.0078 | test_AP=0.6655 | cos_sim=0.2630 grad_norm=0.8638 attn_entr=0.0074
Epoch 133/1000 [224.4s mem=752MB] | task_loss=0.0609 | val_AP=0.6803 mean_AP=0.6836 delta=-0.0033 | test_AP=0.6671 | cos_sim=0.2640 grad_norm=0.8562 attn_entr=0.0201
Epoch 134/1000 [216.2s mem=752MB] | task_loss=0.0609 | val_AP=0.6802 mean_AP=0.6848 delta=-0.0045 | test_AP=0.6642 | cos_sim=0.2589 grad_norm=0.6804 attn_entr=0.0281
Epoch 135/1000 [224.3s mem=752MB] | task_loss=0.0610 | val_AP=0.6785 mean_AP=0.6832 delta=-0.0047 | test_AP=0.6644 | cos_sim=0.2649 grad_norm=0.7830 attn_entr=0.0116
Epoch 136/1000 [233.5s mem=752MB] | task_loss=0.0601 | val_AP=0.6748 mean_AP=0.6837 delta=-0.0089 | test_AP=0.6640 | cos_sim=0.2640 grad_norm=0.6826 attn_entr=0.0345
Epoch 137/1000 [216.7s mem=752MB] | task_loss=0.0606 | val_AP=0.6764 mean_AP=0.6860 delta=-0.0096 | test_AP=0.6629 | cos_sim=0.2605 grad_norm=0.7812 attn_entr=0.0001
Epoch 138/1000 [214.1s mem=752MB] | task_loss=0.0608 | val_AP=0.6748 mean_AP=0.6814 delta=-0.0066 | test_AP=0.6646 | cos_sim=0.2616 grad_norm=0.6460 attn_entr=0.0001
Epoch 139/1000 [229.2s mem=752MB] | task_loss=0.0604 | val_AP=0.6776 mean_AP=0.6808 delta=-0.0032 | test_AP=0.6656 | cos_sim=0.2624 grad_norm=0.6967 attn_entr=0.0203
Epoch 140/1000 [234.3s mem=752MB] | task_loss=0.0594 | val_AP=0.6803 mean_AP=0.6842 delta=-0.0038 | test_AP=0.6619 | cos_sim=0.2628 grad_norm=0.7190 attn_entr=0.0081
Epoch 141/1000 [214.7s mem=752MB] | task_loss=0.0596 | val_AP=0.6779 mean_AP=0.6822 delta=-0.0043 | test_AP=0.6644 | cos_sim=0.2604 grad_norm=0.5989 attn_entr=0.0131
Epoch 142/1000 [215.8s mem=757MB] | task_loss=0.0603 | val_AP=0.6785 mean_AP=0.6827 delta=-0.0042 | test_AP=0.6604 | cos_sim=0.2597 grad_norm=0.5479 attn_entr=0.0073
Epoch 143/1000 [230.3s mem=752MB] | task_loss=0.0594 | val_AP=0.6773 mean_AP=0.6794 delta=-0.0021 | test_AP=0.6675 | cos_sim=0.2590 grad_norm=0.6256 attn_entr=0.0336
Epoch 144/1000 [232.5s mem=752MB] | task_loss=0.0590 | val_AP=0.6798 mean_AP=0.6848 delta=-0.0050 | test_AP=0.6641 | cos_sim=0.2616 grad_norm=0.6339 attn_entr=0.0174
Epoch 145/1000 [186.7s mem=752MB] | task_loss=0.0589 | val_AP=0.6754 mean_AP=0.6832 delta=-0.0078 | test_AP=0.6641 | cos_sim=0.2635 grad_norm=0.7181 attn_entr=0.0179
Epoch 146/1000 [231.2s mem=752MB] | task_loss=0.0588 | val_AP=0.6760 mean_AP=0.6816 delta=-0.0056 | test_AP=0.6690 | cos_sim=0.2595 grad_norm=0.6858 attn_entr=0.0020
Epoch 147/1000 [228.2s mem=753MB] | task_loss=0.0589 | val_AP=0.6801 mean_AP=0.6838 delta=-0.0038 | test_AP=0.6671 | cos_sim=0.2583 grad_norm=0.6522 attn_entr=0.0001
Epoch 148/1000 [217.0s mem=752MB] | task_loss=0.0587 | val_AP=0.6753 mean_AP=0.6823 delta=-0.0070 | test_AP=0.6642 | cos_sim=0.2633 grad_norm=0.6439 attn_entr=0.0349
Early stopping at epoch 148. Best val AP=0.6846 at epoch 99.
Stage 2 done. Best val AP=0.6846 at epoch 99.
Diagnostics saved to checkpoints_gred/three_staged/hybrid_score/stage2_diagnostics.pkl

All requested stages complete.
+ echo === Three-Staged: hybrid + score_based (stage 3) ===
=== Three-Staged: hybrid + score_based (stage 3) ===
+ python3 main_three_staged.py --stage 3 --backbone hybrid --generator score_based --num_proxies 32 --hidden_dim 88 --state_dim 88 --num_gred_layers 8 --num_transformer_layers 2 --num_heads 8 --max_hops 40 --dropout 0.2 --batch_size 8 --model_path checkpoints_gred/three_staged/hybrid_shared/stage1_best.pt --generator_path checkpoints_gred/three_staged/hybrid_score/stage2_generator.pt --save_dir checkpoints_gred/three_staged/hybrid_score
/home1/sajan_rg/.local/lib/python3.13/site-packages/outdated/__init__.py:36: UserWarning: pkg_resources is deprecated as an API. See https://setuptools.pypa.io/en/latest/pkg_resources.html. The pkg_resources package is slated for removal as early as 2025-11-30. Refrain from using this package or pin to Setuptools<81.
  from pkg_resources import parse_version
Saved code snapshot to checkpoints_gred/three_staged/hybrid_score/code_snapshot.zip

============================================================
STAGE 3: End-to-End Finetune
  Backbone: hybrid
  Phase A: 20 epochs (frozen model, gen_lr=1.00e-04)
  Phase B: unfreeze model at lr=5.00e-04, gen_lr=1.00e-04
  Proxy dropout: 0.1
============================================================
  Loading cached distance masks from ./data/Peptides-func/dist_masks/train.pkl
  Loading cached distance masks from ./data/Peptides-func/dist_masks/val.pkl
  Loading cached distance masks from ./data/Peptides-func/dist_masks/test.pkl
Epoch   1/500 [A][143.1s mem=750MB] | train_loss=0.1320 train_AP=0.7769 | val_loss=0.2583 val_AP=0.6878 | test_AP=0.6603
  -> New best val AP=0.6878 (test=0.6603)
Epoch   2/500 [A][139.1s mem=750MB] | train_loss=0.1289 train_AP=0.7839 | val_loss=0.2535 val_AP=0.6870 | test_AP=0.6595
Epoch   3/500 [A][143.5s mem=750MB] | train_loss=0.1280 train_AP=0.7788 | val_loss=0.2517 val_AP=0.6874 | test_AP=0.6601
Epoch   4/500 [A][138.5s mem=750MB] | train_loss=0.1252 train_AP=0.7845 | val_loss=0.2515 val_AP=0.6888 | test_AP=0.6599
  -> New best val AP=0.6888 (test=0.6599)
Epoch   5/500 [A][144.3s mem=750MB] | train_loss=0.1261 train_AP=0.7867 | val_loss=0.2516 val_AP=0.6874 | test_AP=0.6596
Epoch   6/500 [A][138.6s mem=750MB] | train_loss=0.1238 train_AP=0.7860 | val_loss=0.2498 val_AP=0.6875 | test_AP=0.6596
Epoch   7/500 [A][143.7s mem=750MB] | train_loss=0.1258 train_AP=0.7863 | val_loss=0.2516 val_AP=0.6872 | test_AP=0.6598
Epoch   8/500 [A][138.7s mem=750MB] | train_loss=0.1225 train_AP=0.7921 | val_loss=0.2523 val_AP=0.6880 | test_AP=0.6599
Epoch   9/500 [A][144.1s mem=754MB] | train_loss=0.1243 train_AP=0.7876 | val_loss=0.2526 val_AP=0.6883 | test_AP=0.6595
Epoch  10/500 [A][141.9s mem=750MB] | train_loss=0.1231 train_AP=0.7843 | val_loss=0.2519 val_AP=0.6881 | test_AP=0.6610
Epoch  11/500 [A][140.3s mem=750MB] | train_loss=0.1242 train_AP=0.7870 | val_loss=0.2517 val_AP=0.6880 | test_AP=0.6621
Epoch  12/500 [A][144.1s mem=750MB] | train_loss=0.1248 train_AP=0.7873 | val_loss=0.2518 val_AP=0.6872 | test_AP=0.6627
Epoch  13/500 [A][137.5s mem=750MB] | train_loss=0.1229 train_AP=0.7880 | val_loss=0.2509 val_AP=0.6874 | test_AP=0.6628
Epoch  14/500 [A][145.0s mem=754MB] | train_loss=0.1241 train_AP=0.7861 | val_loss=0.2506 val_AP=0.6870 | test_AP=0.6626
Epoch  15/500 [A][138.4s mem=750MB] | train_loss=0.1227 train_AP=0.7914 | val_loss=0.2507 val_AP=0.6882 | test_AP=0.6623
Epoch  16/500 [A][143.5s mem=750MB] | train_loss=0.1231 train_AP=0.7904 | val_loss=0.2495 val_AP=0.6884 | test_AP=0.6635
Epoch  17/500 [A][133.8s mem=760MB] | train_loss=0.1225 train_AP=0.7905 | val_loss=0.2489 val_AP=0.6879 | test_AP=0.6633
Epoch  18/500 [A][139.2s mem=750MB] | train_loss=0.1238 train_AP=0.7898 | val_loss=0.2481 val_AP=0.6881 | test_AP=0.6636
Epoch  19/500 [A][143.7s mem=750MB] | train_loss=0.1240 train_AP=0.7841 | val_loss=0.2501 val_AP=0.6885 | test_AP=0.6632
Epoch  20/500 [A][138.1s mem=750MB] | train_loss=0.1232 train_AP=0.7870 | val_loss=0.2512 val_AP=0.6882 | test_AP=0.6638
  [Epoch 21] Switching to Phase B — model unfrozen.
Epoch  21/500 [B][274.9s mem=4435MB] | train_loss=0.1351 train_AP=0.7719 | val_loss=0.2899 val_AP=0.6694 | test_AP=0.6541
Epoch  22/500 [B][270.1s mem=4435MB] | train_loss=0.1328 train_AP=0.7803 | val_loss=0.2735 val_AP=0.6825 | test_AP=0.6690
Epoch  23/500 [B][267.9s mem=4435MB] | train_loss=0.1316 train_AP=0.7800 | val_loss=0.3130 val_AP=0.6834 | test_AP=0.6468
Epoch  24/500 [B][268.4s mem=4435MB] | train_loss=0.1300 train_AP=0.7855 | val_loss=0.2954 val_AP=0.6858 | test_AP=0.6480
Epoch  25/500 [B][275.3s mem=4435MB] | train_loss=0.1268 train_AP=0.7894 | val_loss=0.2915 val_AP=0.6855 | test_AP=0.6552
Epoch  26/500 [B][267.4s mem=4435MB] | train_loss=0.1259 train_AP=0.7927 | val_loss=0.2868 val_AP=0.6747 | test_AP=0.6586
Epoch  27/500 [B][267.3s mem=4435MB] | train_loss=0.1251 train_AP=0.7948 | val_loss=0.3206 val_AP=0.6843 | test_AP=0.6480
Epoch  28/500 [B][275.8s mem=4435MB] | train_loss=0.1240 train_AP=0.7978 | val_loss=0.2785 val_AP=0.6924 | test_AP=0.6654
  -> New best val AP=0.6924 (test=0.6654)
Epoch  29/500 [B][266.5s mem=4435MB] | train_loss=0.1214 train_AP=0.8021 | val_loss=0.3240 val_AP=0.6947 | test_AP=0.6704
  -> New best val AP=0.6947 (test=0.6704)
Epoch  30/500 [B][267.4s mem=4435MB] | train_loss=0.1206 train_AP=0.8029 | val_loss=0.3080 val_AP=0.6862 | test_AP=0.6649
Epoch  31/500 [B][275.4s mem=4435MB] | train_loss=0.1193 train_AP=0.8048 | val_loss=0.3365 val_AP=0.6848 | test_AP=0.6614
Epoch  32/500 [B][267.5s mem=4435MB] | train_loss=0.1173 train_AP=0.8072 | val_loss=0.3181 val_AP=0.6788 | test_AP=0.6624
Epoch  33/500 [B][255.4s mem=4435MB] | train_loss=0.1204 train_AP=0.8073 | val_loss=0.3323 val_AP=0.6798 | test_AP=0.6643
Epoch  34/500 [B][274.7s mem=4435MB] | train_loss=0.1157 train_AP=0.8175 | val_loss=0.3394 val_AP=0.6789 | test_AP=0.6601
Epoch  35/500 [B][265.3s mem=4435MB] | train_loss=0.1148 train_AP=0.8166 | val_loss=0.3543 val_AP=0.6753 | test_AP=0.6578
Epoch  36/500 [B][248.4s mem=4367MB] | train_loss=0.1144 train_AP=0.8189 | val_loss=0.3514 val_AP=0.6933 | test_AP=0.6707
Epoch  37/500 [B][198.7s mem=4435MB] | train_loss=0.1131 train_AP=0.8195 | val_loss=0.3840 val_AP=0.6816 | test_AP=0.6705
Epoch  38/500 [B][198.9s mem=4435MB] | train_loss=0.1139 train_AP=0.8214 | val_loss=0.3635 val_AP=0.6824 | test_AP=0.6702
Epoch  39/500 [B][199.1s mem=4435MB] | train_loss=0.1143 train_AP=0.8218 | val_loss=0.3980 val_AP=0.6680 | test_AP=0.6588
Epoch  40/500 [B][199.0s mem=4435MB] | train_loss=0.1102 train_AP=0.8252 | val_loss=0.3385 val_AP=0.6828 | test_AP=0.6618
Epoch  41/500 [B][199.5s mem=4435MB] | train_loss=0.1114 train_AP=0.8263 | val_loss=0.3600 val_AP=0.6864 | test_AP=0.6733
Epoch  42/500 [B][199.5s mem=4366MB] | train_loss=0.1112 train_AP=0.8281 | val_loss=0.3630 val_AP=0.6869 | test_AP=0.6706
Epoch  43/500 [B][200.0s mem=4366MB] | train_loss=0.1101 train_AP=0.8287 | val_loss=0.3605 val_AP=0.6884 | test_AP=0.6695
Epoch  44/500 [B][199.2s mem=4435MB] | train_loss=0.1083 train_AP=0.8311 | val_loss=0.3613 val_AP=0.6851 | test_AP=0.6669
Epoch  45/500 [B][199.0s mem=4435MB] | train_loss=0.1107 train_AP=0.8297 | val_loss=0.3810 val_AP=0.6834 | test_AP=0.6604
Epoch  46/500 [B][200.6s mem=4435MB] | train_loss=0.1094 train_AP=0.8315 | val_loss=0.3823 val_AP=0.6828 | test_AP=0.6627
Epoch  47/500 [B][200.0s mem=4435MB] | train_loss=0.1079 train_AP=0.8340 | val_loss=0.3321 val_AP=0.6843 | test_AP=0.6698
Epoch  48/500 [B][199.3s mem=4435MB] | train_loss=0.1084 train_AP=0.8321 | val_loss=0.3818 val_AP=0.6782 | test_AP=0.6616
Epoch  49/500 [B][200.4s mem=4435MB] | train_loss=0.1048 train_AP=0.8427 | val_loss=0.4281 val_AP=0.6786 | test_AP=0.6675
Epoch  50/500 [B][198.8s mem=4435MB] | train_loss=0.1049 train_AP=0.8419 | val_loss=0.4026 val_AP=0.6753 | test_AP=0.6645
Epoch  51/500 [B][198.7s mem=4435MB] | train_loss=0.1065 train_AP=0.8373 | val_loss=0.4348 val_AP=0.6711 | test_AP=0.6574
Epoch  52/500 [B][199.1s mem=4435MB] | train_loss=0.1101 train_AP=0.8351 | val_loss=0.3994 val_AP=0.6801 | test_AP=0.6687
Epoch  53/500 [B][198.8s mem=4367MB] | train_loss=0.1045 train_AP=0.8450 | val_loss=0.3731 val_AP=0.6850 | test_AP=0.6644
Epoch  54/500 [B][199.9s mem=4435MB] | train_loss=0.1052 train_AP=0.8432 | val_loss=0.4285 val_AP=0.6821 | test_AP=0.6608
Epoch  55/500 [B][199.1s mem=4435MB] | train_loss=0.1040 train_AP=0.8446 | val_loss=0.3980 val_AP=0.6869 | test_AP=0.6676
Epoch  56/500 [B][200.3s mem=4435MB] | train_loss=0.1031 train_AP=0.8450 | val_loss=0.4029 val_AP=0.6879 | test_AP=0.6737
Epoch  57/500 [B][197.5s mem=4435MB] | train_loss=0.1038 train_AP=0.8496 | val_loss=0.3954 val_AP=0.6806 | test_AP=0.6673
Epoch  58/500 [B][199.9s mem=4435MB] | train_loss=0.1000 train_AP=0.8496 | val_loss=0.3977 val_AP=0.6813 | test_AP=0.6644
Epoch  59/500 [B][198.7s mem=4435MB] | train_loss=0.1012 train_AP=0.8487 | val_loss=0.4173 val_AP=0.6804 | test_AP=0.6731
Epoch  60/500 [B][198.3s mem=4435MB] | train_loss=0.1012 train_AP=0.8506 | val_loss=0.4518 val_AP=0.6839 | test_AP=0.6670
Epoch  61/500 [B][199.4s mem=4435MB] | train_loss=0.0991 train_AP=0.8517 | val_loss=0.4469 val_AP=0.6759 | test_AP=0.6717
Epoch  62/500 [B][200.2s mem=4435MB] | train_loss=0.0991 train_AP=0.8587 | val_loss=0.4113 val_AP=0.6853 | test_AP=0.6656
Epoch  63/500 [B][199.5s mem=4435MB] | train_loss=0.1005 train_AP=0.8529 | val_loss=0.3960 val_AP=0.6854 | test_AP=0.6727
Epoch  64/500 [B][199.4s mem=4435MB] | train_loss=0.0996 train_AP=0.8573 | val_loss=0.4412 val_AP=0.6796 | test_AP=0.6794
Epoch  65/500 [B][198.2s mem=4435MB] | train_loss=0.0965 train_AP=0.8618 | val_loss=0.4168 val_AP=0.6865 | test_AP=0.6736
Epoch  66/500 [B][198.6s mem=4435MB] | train_loss=0.0984 train_AP=0.8627 | val_loss=0.4188 val_AP=0.6849 | test_AP=0.6657
Epoch  67/500 [B][198.7s mem=4367MB] | train_loss=0.1004 train_AP=0.8588 | val_loss=0.4369 val_AP=0.6761 | test_AP=0.6756
Epoch  68/500 [B][199.5s mem=4435MB] | train_loss=0.0958 train_AP=0.8642 | val_loss=0.4315 val_AP=0.6914 | test_AP=0.6784
Epoch  69/500 [B][198.3s mem=4435MB] | train_loss=0.0974 train_AP=0.8604 | val_loss=0.4183 val_AP=0.6841 | test_AP=0.6721
Early stopping at epoch 69. Best val AP=0.6947 at epoch 29.
Stage 3 done. Best val AP=0.6947 at epoch 29.

All requested stages complete.
+ echo === Three-Staged: hybrid + pma (stage 2) ===
=== Three-Staged: hybrid + pma (stage 2) ===
+ python3 main_three_staged.py --stage 2 --backbone hybrid --generator pma --pma_query_mode farthest_point --num_proxies 32 --hidden_dim 88 --state_dim 88 --num_gred_layers 8 --num_transformer_layers 2 --num_heads 8 --max_hops 40 --dropout 0.2 --batch_size 8 --model_path checkpoints_gred/three_staged/hybrid_shared/stage1_best.pt --save_dir checkpoints_gred/three_staged/hybrid_pma
/home1/sajan_rg/.local/lib/python3.13/site-packages/outdated/__init__.py:36: UserWarning: pkg_resources is deprecated as an API. See https://setuptools.pypa.io/en/latest/pkg_resources.html. The pkg_resources package is slated for removal as early as 2025-11-30. Refrain from using this package or pin to Setuptools<81.
  from pkg_resources import parse_version
Saved code snapshot to checkpoints_gred/three_staged/hybrid_pma/code_snapshot.zip

============================================================
STAGE 2: Train Generator (pma) on Task Loss
  Backbone: hybrid
  LR=0.001, patience=49, max_epochs=1000
============================================================
  Loading cached distance masks from ./data/Peptides-func/dist_masks/train.pkl
  Loading cached distance masks from ./data/Peptides-func/dist_masks/val.pkl
  Loading cached distance masks from ./data/Peptides-func/dist_masks/test.pkl
  Generator parameters: 376,992
Epoch   1/1000 [310.9s mem=750MB] | task_loss=0.1083 | val_AP=0.6793 mean_AP=0.6769 delta=+0.0024 | test_AP=0.6503 | cos_sim=0.1805 grad_norm=0.0154 attn_entr=nan
  -> New best val AP=0.6793
Epoch   2/1000 [312.8s mem=750MB] | task_loss=0.1039 | val_AP=0.6785 mean_AP=0.6780 delta=+0.0005 | test_AP=0.6517 | cos_sim=0.2333 grad_norm=0.0205 attn_entr=nan
Epoch   3/1000 [312.4s mem=750MB] | task_loss=0.1006 | val_AP=0.6781 mean_AP=0.6774 delta=+0.0007 | test_AP=0.6505 | cos_sim=0.2144 grad_norm=0.0270 attn_entr=nan
Epoch   4/1000 [307.3s mem=750MB] | task_loss=0.0975 | val_AP=0.6767 mean_AP=0.6779 delta=-0.0012 | test_AP=0.6508 | cos_sim=0.2086 grad_norm=0.0369 attn_entr=nan
Epoch   5/1000 [308.5s mem=750MB] | task_loss=0.0939 | val_AP=0.6722 mean_AP=0.6800 delta=-0.0078 | test_AP=0.6531 | cos_sim=0.1943 grad_norm=0.0471 attn_entr=nan
Epoch   6/1000 [311.3s mem=750MB] | task_loss=0.0906 | val_AP=0.6817 mean_AP=0.6790 delta=+0.0028 | test_AP=0.6591 | cos_sim=0.1938 grad_norm=0.0582 attn_entr=nan
  -> New best val AP=0.6817
Epoch   7/1000 [311.1s mem=750MB] | task_loss=0.0878 | val_AP=0.6748 mean_AP=0.6765 delta=-0.0017 | test_AP=0.6558 | cos_sim=0.1957 grad_norm=0.0691 attn_entr=nan
Epoch   8/1000 [308.9s mem=750MB] | task_loss=0.0857 | val_AP=0.6762 mean_AP=0.6766 delta=-0.0004 | test_AP=0.6534 | cos_sim=0.1912 grad_norm=0.0753 attn_entr=nan
Epoch   9/1000 [310.6s mem=750MB] | task_loss=0.0832 | val_AP=0.6776 mean_AP=0.6781 delta=-0.0005 | test_AP=0.6550 | cos_sim=0.1918 grad_norm=0.0817 attn_entr=nan
Epoch  10/1000 [310.4s mem=750MB] | task_loss=0.0813 | val_AP=0.6724 mean_AP=0.6767 delta=-0.0043 | test_AP=0.6550 | cos_sim=0.1918 grad_norm=0.0874 attn_entr=nan
Epoch  11/1000 [312.2s mem=754MB] | task_loss=0.0794 | val_AP=0.6805 mean_AP=0.6799 delta=+0.0006 | test_AP=0.6550 | cos_sim=0.1873 grad_norm=0.0984 attn_entr=nan
Epoch  12/1000 [312.5s mem=750MB] | task_loss=0.0782 | val_AP=0.6770 mean_AP=0.6776 delta=-0.0005 | test_AP=0.6572 | cos_sim=0.1836 grad_norm=0.1002 attn_entr=nan
Epoch  13/1000 [309.1s mem=750MB] | task_loss=0.0767 | val_AP=0.6752 mean_AP=0.6782 delta=-0.0031 | test_AP=0.6571 | cos_sim=0.1840 grad_norm=0.1059 attn_entr=nan
Epoch  14/1000 [310.3s mem=752MB] | task_loss=0.0752 | val_AP=0.6722 mean_AP=0.6780 delta=-0.0058 | test_AP=0.6556 | cos_sim=0.1802 grad_norm=0.1112 attn_entr=nan
Epoch  15/1000 [312.9s mem=754MB] | task_loss=0.0742 | val_AP=0.6762 mean_AP=0.6783 delta=-0.0022 | test_AP=0.6609 | cos_sim=0.1829 grad_norm=0.1158 attn_entr=nan
Epoch  16/1000 [310.6s mem=752MB] | task_loss=0.0726 | val_AP=0.6755 mean_AP=0.6789 delta=-0.0034 | test_AP=0.6558 | cos_sim=0.1815 grad_norm=0.1125 attn_entr=nan
Epoch  17/1000 [309.7s mem=750MB] | task_loss=0.0718 | val_AP=0.6775 mean_AP=0.6791 delta=-0.0016 | test_AP=0.6554 | cos_sim=0.1858 grad_norm=0.1197 attn_entr=nan
Epoch  18/1000 [309.7s mem=750MB] | task_loss=0.0703 | val_AP=0.6770 mean_AP=0.6785 delta=-0.0015 | test_AP=0.6533 | cos_sim=0.1869 grad_norm=0.1189 attn_entr=nan
Epoch  19/1000 [312.3s mem=750MB] | task_loss=0.0705 | val_AP=0.6756 mean_AP=0.6800 delta=-0.0044 | test_AP=0.6588 | cos_sim=0.1860 grad_norm=0.1279 attn_entr=nan
Epoch  20/1000 [313.0s mem=750MB] | task_loss=0.0689 | val_AP=0.6748 mean_AP=0.6795 delta=-0.0047 | test_AP=0.6598 | cos_sim=0.1792 grad_norm=0.1292 attn_entr=nan
Epoch  21/1000 [308.9s mem=750MB] | task_loss=0.0679 | val_AP=0.6751 mean_AP=0.6805 delta=-0.0054 | test_AP=0.6576 | cos_sim=0.1822 grad_norm=0.1350 attn_entr=nan
Epoch  22/1000 [308.9s mem=750MB] | task_loss=0.0675 | val_AP=0.6733 mean_AP=0.6810 delta=-0.0077 | test_AP=0.6608 | cos_sim=0.1798 grad_norm=0.1357 attn_entr=nan
Epoch  23/1000 [312.0s mem=750MB] | task_loss=0.0661 | val_AP=0.6734 mean_AP=0.6787 delta=-0.0053 | test_AP=0.6601 | cos_sim=0.1799 grad_norm=0.1368 attn_entr=nan
Epoch  24/1000 [310.8s mem=750MB] | task_loss=0.0656 | val_AP=0.6768 mean_AP=0.6802 delta=-0.0035 | test_AP=0.6538 | cos_sim=0.1830 grad_norm=0.1405 attn_entr=nan
Epoch  25/1000 [312.1s mem=750MB] | task_loss=0.0654 | val_AP=0.6704 mean_AP=0.6809 delta=-0.0105 | test_AP=0.6610 | cos_sim=0.1862 grad_norm=0.1457 attn_entr=nan
Epoch  26/1000 [307.9s mem=750MB] | task_loss=0.0643 | val_AP=0.6786 mean_AP=0.6798 delta=-0.0012 | test_AP=0.6621 | cos_sim=0.1859 grad_norm=0.1444 attn_entr=nan
Epoch  27/1000 [310.6s mem=750MB] | task_loss=0.0639 | val_AP=0.6718 mean_AP=0.6799 delta=-0.0082 | test_AP=0.6617 | cos_sim=0.1844 grad_norm=0.1495 attn_entr=nan
Epoch  28/1000 [309.9s mem=750MB] | task_loss=0.0633 | val_AP=0.6709 mean_AP=0.6810 delta=-0.0102 | test_AP=0.6576 | cos_sim=0.1813 grad_norm=0.1498 attn_entr=nan
Epoch  29/1000 [310.4s mem=750MB] | task_loss=0.0630 | val_AP=0.6763 mean_AP=0.6796 delta=-0.0032 | test_AP=0.6564 | cos_sim=0.1834 grad_norm=0.1549 attn_entr=nan
Epoch  30/1000 [308.5s mem=752MB] | task_loss=0.0623 | val_AP=0.6718 mean_AP=0.6804 delta=-0.0086 | test_AP=0.6614 | cos_sim=0.1842 grad_norm=0.1586 attn_entr=nan
Epoch  31/1000 [307.6s mem=750MB] | task_loss=0.0614 | val_AP=0.6670 mean_AP=0.6773 delta=-0.0102 | test_AP=0.6511 | cos_sim=0.1802 grad_norm=0.1614 attn_entr=nan
Epoch  32/1000 [310.2s mem=750MB] | task_loss=0.0614 | val_AP=0.6714 mean_AP=0.6804 delta=-0.0089 | test_AP=0.6582 | cos_sim=0.1821 grad_norm=0.1625 attn_entr=nan
Epoch  33/1000 [312.4s mem=750MB] | task_loss=0.0608 | val_AP=0.6653 mean_AP=0.6807 delta=-0.0154 | test_AP=0.6519 | cos_sim=0.1861 grad_norm=0.1619 attn_entr=nan
Epoch  34/1000 [311.0s mem=750MB] | task_loss=0.0599 | val_AP=0.6730 mean_AP=0.6790 delta=-0.0061 | test_AP=0.6605 | cos_sim=0.1821 grad_norm=0.1649 attn_entr=nan
Epoch  35/1000 [342.3s mem=750MB] | task_loss=0.0595 | val_AP=0.6682 mean_AP=0.6796 delta=-0.0114 | test_AP=0.6570 | cos_sim=0.1844 grad_norm=0.1616 attn_entr=nan
Epoch  36/1000 [497.2s mem=750MB] | task_loss=0.0596 | val_AP=0.6707 mean_AP=0.6806 delta=-0.0099 | test_AP=0.6648 | cos_sim=0.1761 grad_norm=0.1730 attn_entr=nan
Epoch  37/1000 [495.8s mem=750MB] | task_loss=0.0588 | val_AP=0.6666 mean_AP=0.6820 delta=-0.0155 | test_AP=0.6628 | cos_sim=0.1798 grad_norm=0.1678 attn_entr=nan
Epoch  38/1000 [496.2s mem=750MB] | task_loss=0.0596 | val_AP=0.6642 mean_AP=0.6800 delta=-0.0158 | test_AP=0.6620 | cos_sim=0.1823 grad_norm=0.1788 attn_entr=nan
Epoch  39/1000 [497.2s mem=750MB] | task_loss=0.0580 | val_AP=0.6679 mean_AP=0.6785 delta=-0.0107 | test_AP=0.6578 | cos_sim=0.1826 grad_norm=0.1666 attn_entr=nan
Epoch  40/1000 [466.9s mem=750MB] | task_loss=0.0575 | val_AP=0.6692 mean_AP=0.6786 delta=-0.0093 | test_AP=0.6606 | cos_sim=0.1829 grad_norm=0.1697 attn_entr=nan
Epoch  41/1000 [468.4s mem=750MB] | task_loss=0.0571 | val_AP=0.6676 mean_AP=0.6816 delta=-0.0140 | test_AP=0.6599 | cos_sim=0.1792 grad_norm=0.1679 attn_entr=nan
Epoch  42/1000 [475.8s mem=750MB] | task_loss=0.0563 | val_AP=0.6713 mean_AP=0.6797 delta=-0.0084 | test_AP=0.6550 | cos_sim=0.1819 grad_norm=0.1659 attn_entr=nan
Epoch  43/1000 [496.5s mem=750MB] | task_loss=0.0562 | val_AP=0.6689 mean_AP=0.6797 delta=-0.0108 | test_AP=0.6664 | cos_sim=0.1849 grad_norm=0.1723 attn_entr=nan
Epoch  44/1000 [499.0s mem=750MB] | task_loss=0.0561 | val_AP=0.6743 mean_AP=0.6799 delta=-0.0056 | test_AP=0.6617 | cos_sim=0.1834 grad_norm=0.1735 attn_entr=nan
Epoch  45/1000 [500.2s mem=762MB] | task_loss=0.0555 | val_AP=0.6732 mean_AP=0.6792 delta=-0.0059 | test_AP=0.6592 | cos_sim=0.1855 grad_norm=0.1753 attn_entr=nan
Epoch  46/1000 [494.4s mem=750MB] | task_loss=0.0554 | val_AP=0.6677 mean_AP=0.6797 delta=-0.0120 | test_AP=0.6557 | cos_sim=0.1862 grad_norm=0.1813 attn_entr=nan
Epoch  47/1000 [493.4s mem=750MB] | task_loss=0.0553 | val_AP=0.6661 mean_AP=0.6815 delta=-0.0155 | test_AP=0.6589 | cos_sim=0.1905 grad_norm=0.1803 attn_entr=nan
Epoch  48/1000 [483.6s mem=750MB] | task_loss=0.0545 | val_AP=0.6696 mean_AP=0.6785 delta=-0.0088 | test_AP=0.6617 | cos_sim=0.1887 grad_norm=0.1757 attn_entr=nan
Epoch  49/1000 [468.7s mem=750MB] | task_loss=0.0535 | val_AP=0.6655 mean_AP=0.6818 delta=-0.0163 | test_AP=0.6597 | cos_sim=0.1905 grad_norm=0.1781 attn_entr=nan
Epoch  50/1000 [468.8s mem=750MB] | task_loss=0.0542 | val_AP=0.6688 mean_AP=0.6798 delta=-0.0110 | test_AP=0.6651 | cos_sim=0.1870 grad_norm=0.1862 attn_entr=nan
Epoch  51/1000 [498.2s mem=750MB] | task_loss=0.0540 | val_AP=0.6696 mean_AP=0.6791 delta=-0.0094 | test_AP=0.6635 | cos_sim=0.1953 grad_norm=0.1870 attn_entr=nan
Epoch  52/1000 [496.8s mem=750MB] | task_loss=0.0538 | val_AP=0.6682 mean_AP=0.6813 delta=-0.0131 | test_AP=0.6614 | cos_sim=0.1906 grad_norm=0.1840 attn_entr=nan
Epoch  53/1000 [493.2s mem=756MB] | task_loss=0.0534 | val_AP=0.6644 mean_AP=0.6790 delta=-0.0146 | test_AP=0.6557 | cos_sim=0.1905 grad_norm=0.1823 attn_entr=nan
Epoch  54/1000 [495.6s mem=750MB] | task_loss=0.0525 | val_AP=0.6678 mean_AP=0.6806 delta=-0.0128 | test_AP=0.6633 | cos_sim=0.1894 grad_norm=0.1808 attn_entr=nan
Epoch  55/1000 [497.1s mem=750MB] | task_loss=0.0529 | val_AP=0.6686 mean_AP=0.6809 delta=-0.0123 | test_AP=0.6652 | cos_sim=0.1886 grad_norm=0.1883 attn_entr=nan
Early stopping at epoch 55. Best val AP=0.6817 at epoch 6.
Stage 2 done. Best val AP=0.6817 at epoch 6.
Diagnostics saved to checkpoints_gred/three_staged/hybrid_pma/stage2_diagnostics.pkl

All requested stages complete.
+ echo === Three-Staged: hybrid + pma (stage 3) ===
=== Three-Staged: hybrid + pma (stage 3) ===
+ python3 main_three_staged.py --stage 3 --backbone hybrid --generator pma --pma_query_mode farthest_point --num_proxies 32 --hidden_dim 88 --state_dim 88 --num_gred_layers 8 --num_transformer_layers 2 --num_heads 8 --max_hops 40 --dropout 0.2 --batch_size 8 --model_path checkpoints_gred/three_staged/hybrid_shared/stage1_best.pt --generator_path checkpoints_gred/three_staged/hybrid_pma/stage2_generator.pt --save_dir checkpoints_gred/three_staged/hybrid_pma
/home1/sajan_rg/.local/lib/python3.13/site-packages/outdated/__init__.py:36: UserWarning: pkg_resources is deprecated as an API. See https://setuptools.pypa.io/en/latest/pkg_resources.html. The pkg_resources package is slated for removal as early as 2025-11-30. Refrain from using this package or pin to Setuptools<81.
  from pkg_resources import parse_version
Saved code snapshot to checkpoints_gred/three_staged/hybrid_pma/code_snapshot.zip

============================================================
STAGE 3: End-to-End Finetune
  Backbone: hybrid
  Phase A: 20 epochs (frozen model, gen_lr=1.00e-04)
  Phase B: unfreeze model at lr=5.00e-04, gen_lr=1.00e-04
  Proxy dropout: 0.1
============================================================
  Loading cached distance masks from ./data/Peptides-func/dist_masks/train.pkl
  Loading cached distance masks from ./data/Peptides-func/dist_masks/val.pkl
  Loading cached distance masks from ./data/Peptides-func/dist_masks/test.pkl
Epoch   1/500 [A][408.1s mem=750MB] | train_loss=0.1228 train_AP=0.7856 | val_loss=0.2439 val_AP=0.6793 | test_AP=0.6570
  -> New best val AP=0.6793 (test=0.6570)
Epoch   2/500 [A][411.6s mem=750MB] | train_loss=0.1228 train_AP=0.7888 | val_loss=0.2443 val_AP=0.6792 | test_AP=0.6582
Epoch   3/500 [A][411.9s mem=749MB] | train_loss=0.1225 train_AP=0.7848 | val_loss=0.2462 val_AP=0.6810 | test_AP=0.6577
  -> New best val AP=0.6810 (test=0.6577)
Epoch   4/500 [A][410.7s mem=750MB] | train_loss=0.1220 train_AP=0.7860 | val_loss=0.2451 val_AP=0.6837 | test_AP=0.6572
  -> New best val AP=0.6837 (test=0.6572)
Epoch   5/500 [A][413.3s mem=749MB] | train_loss=0.1217 train_AP=0.7887 | val_loss=0.2454 val_AP=0.6808 | test_AP=0.6579
Epoch   6/500 [A][408.4s mem=749MB] | train_loss=0.1199 train_AP=0.7914 | val_loss=0.2459 val_AP=0.6794 | test_AP=0.6573
Epoch   7/500 [A][412.1s mem=749MB] | train_loss=0.1205 train_AP=0.7906 | val_loss=0.2467 val_AP=0.6791 | test_AP=0.6568
Epoch   8/500 [A][415.8s mem=750MB] | train_loss=0.1197 train_AP=0.7946 | val_loss=0.2483 val_AP=0.6789 | test_AP=0.6571
Epoch   9/500 [A][412.1s mem=750MB] | train_loss=0.1213 train_AP=0.7894 | val_loss=0.2451 val_AP=0.6790 | test_AP=0.6588
Epoch  10/500 [A][410.3s mem=750MB] | train_loss=0.1209 train_AP=0.7872 | val_loss=0.2461 val_AP=0.6794 | test_AP=0.6571
Epoch  11/500 [A][414.0s mem=749MB] | train_loss=0.1202 train_AP=0.7893 | val_loss=0.2449 val_AP=0.6812 | test_AP=0.6592
Epoch  12/500 [A][414.0s mem=749MB] | train_loss=0.1222 train_AP=0.7882 | val_loss=0.2445 val_AP=0.6806 | test_AP=0.6585
Epoch  13/500 [A][413.9s mem=749MB] | train_loss=0.1199 train_AP=0.7908 | val_loss=0.2458 val_AP=0.6795 | test_AP=0.6574
Epoch  14/500 [A][420.2s mem=750MB] | train_loss=0.1211 train_AP=0.7942 | val_loss=0.2483 val_AP=0.6782 | test_AP=0.6598
Epoch  15/500 [A][426.4s mem=750MB] | train_loss=0.1207 train_AP=0.7899 | val_loss=0.2479 val_AP=0.6789 | test_AP=0.6572
Epoch  16/500 [A][425.7s mem=750MB] | train_loss=0.1193 train_AP=0.7926 | val_loss=0.2480 val_AP=0.6772 | test_AP=0.6575
Epoch  17/500 [A][427.7s mem=750MB] | train_loss=0.1204 train_AP=0.7925 | val_loss=0.2476 val_AP=0.6776 | test_AP=0.6582
Epoch  18/500 [A][422.7s mem=750MB] | train_loss=0.1208 train_AP=0.7921 | val_loss=0.2464 val_AP=0.6791 | test_AP=0.6577
Epoch  19/500 [A][423.4s mem=749MB] | train_loss=0.1171 train_AP=0.7980 | val_loss=0.2472 val_AP=0.6780 | test_AP=0.6579
Epoch  20/500 [A][422.8s mem=750MB] | train_loss=0.1185 train_AP=0.7980 | val_loss=0.2506 val_AP=0.6777 | test_AP=0.6583
  [Epoch 21] Switching to Phase B — model unfrozen.
Epoch  21/500 [B][502.0s mem=4464MB] | train_loss=0.1289 train_AP=0.7789 | val_loss=0.2921 val_AP=0.6812 | test_AP=0.6554
Epoch  22/500 [B][501.8s mem=4463MB] | train_loss=0.1280 train_AP=0.7866 | val_loss=0.3009 val_AP=0.6681 | test_AP=0.6591
Epoch  23/500 [B][501.3s mem=4464MB] | train_loss=0.1234 train_AP=0.7988 | val_loss=0.3070 val_AP=0.6814 | test_AP=0.6601
Epoch  24/500 [B][500.2s mem=4464MB] | train_loss=0.1205 train_AP=0.7953 | val_loss=0.3423 val_AP=0.6749 | test_AP=0.6550
Epoch  25/500 [B][502.2s mem=4464MB] | train_loss=0.1191 train_AP=0.8014 | val_loss=0.2775 val_AP=0.6952 | test_AP=0.6683
  -> New best val AP=0.6952 (test=0.6683)
Epoch  26/500 [B][517.1s mem=4464MB] | train_loss=0.1184 train_AP=0.8044 | val_loss=0.3625 val_AP=0.6805 | test_AP=0.6602
Epoch  27/500 [B][516.0s mem=4361MB] | train_loss=0.1152 train_AP=0.8134 | val_loss=0.3242 val_AP=0.6834 | test_AP=0.6667
Epoch  28/500 [B][516.1s mem=4464MB] | train_loss=0.1147 train_AP=0.8113 | val_loss=0.3668 val_AP=0.6757 | test_AP=0.6659
Epoch  29/500 [B][518.6s mem=4464MB] | train_loss=0.1141 train_AP=0.8182 | val_loss=0.3687 val_AP=0.6699 | test_AP=0.6695
Epoch  30/500 [B][520.6s mem=4464MB] | train_loss=0.1140 train_AP=0.8187 | val_loss=0.3533 val_AP=0.6730 | test_AP=0.6637
Epoch  31/500 [B][520.2s mem=4464MB] | train_loss=0.1098 train_AP=0.8247 | val_loss=0.3529 val_AP=0.6789 | test_AP=0.6714
Epoch  32/500 [B][519.3s mem=4464MB] | train_loss=0.1114 train_AP=0.8227 | val_loss=0.3539 val_AP=0.6763 | test_AP=0.6632
Epoch  33/500 [B][515.9s mem=4464MB] | train_loss=0.1076 train_AP=0.8304 | val_loss=0.3448 val_AP=0.6798 | test_AP=0.6664
Epoch  34/500 [B][519.3s mem=4464MB] | train_loss=0.1077 train_AP=0.8336 | val_loss=0.3738 val_AP=0.6903 | test_AP=0.6686
Epoch  35/500 [B][523.5s mem=4464MB] | train_loss=0.1079 train_AP=0.8308 | val_loss=0.3541 val_AP=0.6835 | test_AP=0.6747
Epoch  36/500 [B][512.6s mem=4464MB] | train_loss=0.1056 train_AP=0.8338 | val_loss=0.4018 val_AP=0.6915 | test_AP=0.6664
Epoch  37/500 [B][504.0s mem=4464MB] | train_loss=0.1031 train_AP=0.8397 | val_loss=0.3573 val_AP=0.6812 | test_AP=0.6684
Epoch  38/500 [B][502.2s mem=4464MB] | train_loss=0.1060 train_AP=0.8403 | val_loss=0.3428 val_AP=0.6899 | test_AP=0.6691
Epoch  39/500 [B][506.6s mem=4464MB] | train_loss=0.1021 train_AP=0.8445 | val_loss=0.4232 val_AP=0.6815 | test_AP=0.6632
Epoch  40/500 [B][504.8s mem=4464MB] | train_loss=0.1020 train_AP=0.8450 | val_loss=0.3674 val_AP=0.6890 | test_AP=0.6723
Epoch  41/500 [B][513.3s mem=4464MB] | train_loss=0.1009 train_AP=0.8483 | val_loss=0.3868 val_AP=0.6808 | test_AP=0.6631
Epoch  42/500 [B][515.1s mem=4464MB] | train_loss=0.1031 train_AP=0.8454 | val_loss=0.4380 val_AP=0.6729 | test_AP=0.6660
Epoch  43/500 [B][519.3s mem=4464MB] | train_loss=0.1025 train_AP=0.8473 | val_loss=0.4046 val_AP=0.6900 | test_AP=0.6720
Epoch  44/500 [B][516.9s mem=4464MB] | train_loss=0.1010 train_AP=0.8487 | val_loss=0.3824 val_AP=0.6896 | test_AP=0.6790
Epoch  45/500 [B][519.8s mem=4464MB] | train_loss=0.0974 train_AP=0.8500 | val_loss=0.4067 val_AP=0.6854 | test_AP=0.6793
Epoch  46/500 [B][520.0s mem=4464MB] | train_loss=0.0994 train_AP=0.8521 | val_loss=0.4195 val_AP=0.6831 | test_AP=0.6755
Epoch  47/500 [B][518.5s mem=4361MB] | train_loss=0.0972 train_AP=0.8527 | val_loss=0.4682 val_AP=0.6885 | test_AP=0.6679
Epoch  48/500 [B][516.3s mem=4464MB] | train_loss=0.0989 train_AP=0.8499 | val_loss=0.4028 val_AP=0.6857 | test_AP=0.6725
Epoch  49/500 [B][519.9s mem=4464MB] | train_loss=0.0978 train_AP=0.8596 | val_loss=0.4517 val_AP=0.6738 | test_AP=0.6649
Epoch  50/500 [B][518.6s mem=4464MB] | train_loss=0.0956 train_AP=0.8636 | val_loss=0.3793 val_AP=0.6852 | test_AP=0.6727
Epoch  51/500 [B][516.6s mem=4464MB] | train_loss=0.0937 train_AP=0.8594 | val_loss=0.4307 val_AP=0.6834 | test_AP=0.6777
Epoch  52/500 [B][503.2s mem=4464MB] | train_loss=0.0950 train_AP=0.8605 | val_loss=0.4476 val_AP=0.6918 | test_AP=0.6813
Epoch  53/500 [B][504.1s mem=4464MB] | train_loss=0.0943 train_AP=0.8661 | val_loss=0.4556 val_AP=0.6774 | test_AP=0.6683
Epoch  54/500 [B][503.3s mem=4464MB] | train_loss=0.0921 train_AP=0.8702 | val_loss=0.4465 val_AP=0.6851 | test_AP=0.6694
Epoch  55/500 [B][503.6s mem=4464MB] | train_loss=0.0943 train_AP=0.8658 | val_loss=0.4445 val_AP=0.6965 | test_AP=0.6773
  -> New best val AP=0.6965 (test=0.6773)
Epoch  56/500 [B][517.6s mem=4464MB] | train_loss=0.0925 train_AP=0.8694 | val_loss=0.4512 val_AP=0.6836 | test_AP=0.6657
Epoch  57/500 [B][514.2s mem=4464MB] | train_loss=0.0924 train_AP=0.8673 | val_loss=0.4443 val_AP=0.6863 | test_AP=0.6759
Epoch  58/500 [B][518.1s mem=4464MB] | train_loss=0.0914 train_AP=0.8721 | val_loss=0.4896 val_AP=0.6794 | test_AP=0.6734
Epoch  59/500 [B][520.9s mem=4464MB] | train_loss=0.0928 train_AP=0.8702 | val_loss=0.4474 val_AP=0.6886 | test_AP=0.6694
Epoch  60/500 [B][515.9s mem=4361MB] | train_loss=0.0888 train_AP=0.8771 | val_loss=0.4523 val_AP=0.6899 | test_AP=0.6726
Epoch  61/500 [B][513.8s mem=4464MB] | train_loss=0.0897 train_AP=0.8738 | val_loss=0.4787 val_AP=0.6789 | test_AP=0.6685
Epoch  62/500 [B][522.8s mem=4464MB] | train_loss=0.0912 train_AP=0.8738 | val_loss=0.4455 val_AP=0.6939 | test_AP=0.6838
Epoch  63/500 [B][335.2s mem=4464MB] | train_loss=0.0881 train_AP=0.8770 | val_loss=0.4702 val_AP=0.6843 | test_AP=0.6790
Epoch  64/500 [B][214.5s mem=4464MB] | train_loss=0.0868 train_AP=0.8800 | val_loss=0.4041 val_AP=0.6938 | test_AP=0.6707
Epoch  65/500 [B][213.4s mem=4464MB] | train_loss=0.0880 train_AP=0.8822 | val_loss=0.4978 val_AP=0.6787 | test_AP=0.6667
Epoch  66/500 [B][240.6s mem=4464MB] | train_loss=0.0873 train_AP=0.8759 | val_loss=0.4499 val_AP=0.6844 | test_AP=0.6719
Epoch  67/500 [B][211.5s mem=4464MB] | train_loss=0.0893 train_AP=0.8769 | val_loss=0.5303 val_AP=0.6778 | test_AP=0.6721
Epoch  68/500 [B][244.3s mem=4464MB] | train_loss=0.0880 train_AP=0.8807 | val_loss=0.5199 val_AP=0.6808 | test_AP=0.6736
Epoch  69/500 [B][212.4s mem=4464MB] | train_loss=0.0858 train_AP=0.8834 | val_loss=0.5384 val_AP=0.6893 | test_AP=0.6662
Epoch  70/500 [B][239.2s mem=4464MB] | train_loss=0.0862 train_AP=0.8880 | val_loss=0.5152 val_AP=0.6865 | test_AP=0.6717
Epoch  71/500 [B][210.5s mem=4464MB] | train_loss=0.0833 train_AP=0.8896 | val_loss=0.4910 val_AP=0.6774 | test_AP=0.6690
Epoch  72/500 [B][211.2s mem=4464MB] | train_loss=0.0830 train_AP=0.8860 | val_loss=0.5332 val_AP=0.6813 | test_AP=0.6682
Epoch  73/500 [B][212.2s mem=4464MB] | train_loss=0.0871 train_AP=0.8867 | val_loss=0.4919 val_AP=0.6847 | test_AP=0.6719
Epoch  74/500 [B][215.0s mem=4361MB] | train_loss=0.0852 train_AP=0.8861 | val_loss=0.4716 val_AP=0.6847 | test_AP=0.6743
Epoch  75/500 [B][237.1s mem=4464MB] | train_loss=0.0858 train_AP=0.8919 | val_loss=0.5215 val_AP=0.6862 | test_AP=0.6670
Epoch  76/500 [B][211.5s mem=4464MB] | train_loss=0.0826 train_AP=0.8954 | val_loss=0.4726 val_AP=0.6896 | test_AP=0.6695
Epoch  77/500 [B][261.1s mem=4464MB] | train_loss=0.0850 train_AP=0.8885 | val_loss=0.4464 val_AP=0.6898 | test_AP=0.6746
Epoch  78/500 [B][231.6s mem=4464MB] | train_loss=0.0839 train_AP=0.8916 | val_loss=0.4987 val_AP=0.6767 | test_AP=0.6719
Epoch  79/500 [B][206.5s mem=4464MB] | train_loss=0.0859 train_AP=0.8865 | val_loss=0.4883 val_AP=0.6766 | test_AP=0.6730
Epoch  80/500 [B][208.7s mem=4464MB] | train_loss=0.0811 train_AP=0.8945 | val_loss=0.4785 val_AP=0.6875 | test_AP=0.6768
Epoch  81/500 [B][216.6s mem=4464MB] | train_loss=0.0832 train_AP=0.8954 | val_loss=0.5676 val_AP=0.6793 | test_AP=0.6739
Epoch  82/500 [B][222.4s mem=4464MB] | train_loss=0.0787 train_AP=0.8977 | val_loss=0.5118 val_AP=0.6807 | test_AP=0.6814
Epoch  83/500 [B][205.3s mem=4361MB] | train_loss=0.0787 train_AP=0.8962 | val_loss=0.5346 val_AP=0.6942 | test_AP=0.6706
Epoch  84/500 [B][217.8s mem=4464MB] | train_loss=0.0805 train_AP=0.8979 | val_loss=0.5009 val_AP=0.6871 | test_AP=0.6766
Epoch  85/500 [B][207.1s mem=4464MB] | train_loss=0.0763 train_AP=0.9030 | val_loss=0.5082 val_AP=0.6830 | test_AP=0.6700
Epoch  86/500 [B][211.0s mem=4464MB] | train_loss=0.0800 train_AP=0.8984 | val_loss=0.5404 val_AP=0.6834 | test_AP=0.6689
Epoch  87/500 [B][210.4s mem=4464MB] | train_loss=0.0781 train_AP=0.9015 | val_loss=0.5289 val_AP=0.6867 | test_AP=0.6679
Epoch  88/500 [B][237.5s mem=4464MB] | train_loss=0.0791 train_AP=0.9047 | val_loss=0.5224 val_AP=0.6839 | test_AP=0.6763
Epoch  89/500 [B][222.0s mem=4464MB] | train_loss=0.0802 train_AP=0.9025 | val_loss=0.5019 val_AP=0.6841 | test_AP=0.6781
Epoch  90/500 [B][208.7s mem=4464MB] | train_loss=0.0777 train_AP=0.9058 | val_loss=0.5096 val_AP=0.6821 | test_AP=0.6651
Epoch  91/500 [B][219.7s mem=4464MB] | train_loss=0.0784 train_AP=0.9012 | val_loss=0.5275 val_AP=0.6751 | test_AP=0.6686
Epoch  92/500 [B][207.6s mem=4464MB] | train_loss=0.0792 train_AP=0.8999 | val_loss=0.5010 val_AP=0.6891 | test_AP=0.6738
Epoch  93/500 [B][208.7s mem=4464MB] | train_loss=0.0772 train_AP=0.9033 | val_loss=0.5155 val_AP=0.6892 | test_AP=0.6726
Epoch  94/500 [B][217.6s mem=4464MB] | train_loss=0.0781 train_AP=0.9099 | val_loss=0.5606 val_AP=0.6903 | test_AP=0.6822
Epoch  95/500 [B][205.6s mem=4464MB] | train_loss=0.0785 train_AP=0.9061 | val_loss=0.5723 val_AP=0.6855 | test_AP=0.6721
Early stopping at epoch 95. Best val AP=0.6965 at epoch 55.
Stage 3 done. Best val AP=0.6965 at epoch 55.

All requested stages complete.
+ echo All GRED experiments complete.
All GRED experiments complete.
+ =========================
run_gred.sh: 199: =========================: not found
