{'phase': 'pretrain', 'model_path': None, 'save_dir': 'checkpoints_attn_distill_8', 'hidden_dim': 96, 'num_layers': 1, 'num_heads': 8, 'output_dim': 10, 'dropout': 0.2, 's1_lr': 3e-05, 's1_weight_decay': 0.0005, 's1_max_epochs': 1000, 's1_patience': 50, 's1_grad_clip': 1.0, 'warmup_ratio': 0.05, 'lr_min': 1e-07, 'num_cross_layers': 1, 'use_proxy_self_attn': False, 'num_proxies': 4, 'proxy_lr': 0.08, 'proxy_opt_steps': 1000, 'proxy_mmd_lambda': 1.5, 'extract_rel_threshold': 0.1, 'proxy_init_jitter': 0.5, 'distill_weight': 1.0, 'temperature': 2.0, 'distill_loss_threshold': 0.5, 'distill_layers': 'all', 'lr': 5e-05, 'weight_decay': 0.0001, 'max_epochs': 200, 'patience': 30, 'grad_clip': 1.0, 'batch_size': 16, 'num_workers': 4, 'device': 'cuda'}
Unknown args =  ['--backbone', 'hybrid', '--num_gred_layers', '8', '--num_transformer_layers', '1', '--no-use_lap_pe', '--mse_weight', '0.2']

============================================================
PRETRAIN: Train Graph Transformer from scratch
  hidden_dim=96, num_layers=1, num_heads=8
  s1_lr=3e-05, s1_weight_decay=0.0005, dropout=0.2
  s1_max_epochs=1000, s1_patience=50
============================================================
  Parameters: 329,290
Epoch   1/1000 [18.7s mem=603MB] | train_loss=0.6786 train_AP=0.1652 | val_loss=0.6599 val_AP=0.1737
  -> New best: val_loss=0.6599 val_AP=0.1737, saved
Epoch   2/1000 [18.1s mem=602MB] | train_loss=0.6323 train_AP=0.1653 | val_loss=0.5923 val_AP=0.1668
  -> New best: val_loss=0.5923 val_AP=0.1737, saved
Epoch   3/1000 [19.1s mem=603MB] | train_loss=0.5527 train_AP=0.1660 | val_loss=0.4996 val_AP=0.1693
  -> New best: val_loss=0.4996 val_AP=0.1737, saved
Epoch   4/1000 [18.5s mem=603MB] | train_loss=0.4693 train_AP=0.1645 | val_loss=0.4165 val_AP=0.1796
  -> New best: val_loss=0.4165 val_AP=0.1796, saved
Epoch   5/1000 [19.3s mem=602MB] | train_loss=0.4037 train_AP=0.1666 | val_loss=0.3692 val_AP=0.1977
  -> New best: val_loss=0.3692 val_AP=0.1977, saved
Epoch   6/1000 [18.8s mem=604MB] | train_loss=0.3772 train_AP=0.1658 | val_loss=0.3588 val_AP=0.2103
  -> New best: val_loss=0.3588 val_AP=0.2103, saved
Epoch   7/1000 [18.9s mem=604MB] | train_loss=0.3730 train_AP=0.1631 | val_loss=0.3573 val_AP=0.2168
  -> New best: val_loss=0.3573 val_AP=0.2168, saved
Epoch   8/1000 [19.9s mem=604MB] | train_loss=0.3699 train_AP=0.1667 | val_loss=0.3569 val_AP=0.2115
  -> New best: val_loss=0.3569 val_AP=0.2168, saved
Epoch   9/1000 [19.4s mem=603MB] | train_loss=0.3685 train_AP=0.1662 | val_loss=0.3565 val_AP=0.2179
  -> New best: val_loss=0.3565 val_AP=0.2179, saved
Epoch  10/1000 [19.8s mem=603MB] | train_loss=0.3671 train_AP=0.1682 | val_loss=0.3543 val_AP=0.2289 | test_AP=0.2192
  -> New best: val_loss=0.3543 val_AP=0.2289, saved
Epoch  11/1000 [19.6s mem=603MB] | train_loss=0.3638 train_AP=0.1769 | val_loss=0.3504 val_AP=0.2421
  -> New best: val_loss=0.3504 val_AP=0.2421, saved
Epoch  12/1000 [19.5s mem=602MB] | train_loss=0.3587 train_AP=0.1893 | val_loss=0.3460 val_AP=0.2624
  -> New best: val_loss=0.3460 val_AP=0.2624, saved
Epoch  13/1000 [19.5s mem=605MB] | train_loss=0.3556 train_AP=0.1992 | val_loss=0.3411 val_AP=0.2622
  -> New best: val_loss=0.3411 val_AP=0.2624, saved
Epoch  14/1000 [19.6s mem=603MB] | train_loss=0.3505 train_AP=0.2163 | val_loss=0.3373 val_AP=0.2665
  -> New best: val_loss=0.3373 val_AP=0.2665, saved
Epoch  15/1000 [19.7s mem=602MB] | train_loss=0.3464 train_AP=0.2262 | val_loss=0.3324 val_AP=0.2705
  -> New best: val_loss=0.3324 val_AP=0.2705, saved
Epoch  16/1000 [19.6s mem=604MB] | train_loss=0.3428 train_AP=0.2340 | val_loss=0.3295 val_AP=0.2770
  -> New best: val_loss=0.3295 val_AP=0.2770, saved
Epoch  17/1000 [19.1s mem=604MB] | train_loss=0.3390 train_AP=0.2454 | val_loss=0.3247 val_AP=0.2861
  -> New best: val_loss=0.3247 val_AP=0.2861, saved
Epoch  18/1000 [19.7s mem=602MB] | train_loss=0.3348 train_AP=0.2553 | val_loss=0.3215 val_AP=0.2944
  -> New best: val_loss=0.3215 val_AP=0.2944, saved
Epoch  19/1000 [19.4s mem=601MB] | train_loss=0.3303 train_AP=0.2666 | val_loss=0.3179 val_AP=0.3048
  -> New best: val_loss=0.3179 val_AP=0.3048, saved
Epoch  20/1000 [19.8s mem=603MB] | train_loss=0.3273 train_AP=0.2734 | val_loss=0.3158 val_AP=0.3127 | test_AP=0.3101
  -> New best: val_loss=0.3158 val_AP=0.3127, saved
Epoch  21/1000 [20.3s mem=601MB] | train_loss=0.3239 train_AP=0.2848 | val_loss=0.3140 val_AP=0.3186
  -> New best: val_loss=0.3140 val_AP=0.3186, saved
Epoch  22/1000 [20.5s mem=601MB] | train_loss=0.3208 train_AP=0.2920 | val_loss=0.3143 val_AP=0.3201
  -> New best: val_loss=0.3140 val_AP=0.3201, saved
Epoch  23/1000 [19.6s mem=602MB] | train_loss=0.3187 train_AP=0.2977 | val_loss=0.3099 val_AP=0.3247
  -> New best: val_loss=0.3099 val_AP=0.3247, saved
Epoch  24/1000 [19.5s mem=603MB] | train_loss=0.3171 train_AP=0.3047 | val_loss=0.3106 val_AP=0.3274
  -> New best: val_loss=0.3099 val_AP=0.3274, saved
Epoch  25/1000 [19.1s mem=604MB] | train_loss=0.3149 train_AP=0.3106 | val_loss=0.3081 val_AP=0.3318
  -> New best: val_loss=0.3081 val_AP=0.3318, saved
Epoch  26/1000 [18.8s mem=601MB] | train_loss=0.3132 train_AP=0.3169 | val_loss=0.3079 val_AP=0.3340
  -> New best: val_loss=0.3079 val_AP=0.3340, saved
Epoch  27/1000 [20.2s mem=602MB] | train_loss=0.3103 train_AP=0.3228 | val_loss=0.3047 val_AP=0.3446
  -> New best: val_loss=0.3047 val_AP=0.3446, saved
Epoch  28/1000 [19.4s mem=601MB] | train_loss=0.3067 train_AP=0.3333 | val_loss=0.3005 val_AP=0.3525
  -> New best: val_loss=0.3005 val_AP=0.3525, saved
Epoch  29/1000 [19.5s mem=602MB] | train_loss=0.3024 train_AP=0.3424 | val_loss=0.2945 val_AP=0.3654
  -> New best: val_loss=0.2945 val_AP=0.3654, saved
Epoch  30/1000 [19.9s mem=604MB] | train_loss=0.2992 train_AP=0.3495 | val_loss=0.2909 val_AP=0.3744 | test_AP=0.3759
  -> New best: val_loss=0.2909 val_AP=0.3744, saved
Epoch  31/1000 [19.4s mem=601MB] | train_loss=0.2957 train_AP=0.3587 | val_loss=0.2951 val_AP=0.3769
  -> New best: val_loss=0.2909 val_AP=0.3769, saved
Epoch  32/1000 [19.4s mem=603MB] | train_loss=0.2937 train_AP=0.3627 | val_loss=0.2877 val_AP=0.3869
  -> New best: val_loss=0.2877 val_AP=0.3869, saved
Epoch  33/1000 [19.8s mem=603MB] | train_loss=0.2909 train_AP=0.3710 | val_loss=0.2844 val_AP=0.3931
  -> New best: val_loss=0.2844 val_AP=0.3931, saved
Epoch  34/1000 [19.6s mem=604MB] | train_loss=0.2891 train_AP=0.3758 | val_loss=0.2870 val_AP=0.3962
  -> New best: val_loss=0.2844 val_AP=0.3962, saved
Epoch  35/1000 [19.3s mem=602MB] | train_loss=0.2868 train_AP=0.3813 | val_loss=0.2854 val_AP=0.4002
  -> New best: val_loss=0.2844 val_AP=0.4002, saved
Epoch  36/1000 [20.1s mem=601MB] | train_loss=0.2862 train_AP=0.3824 | val_loss=0.2778 val_AP=0.4102
  -> New best: val_loss=0.2778 val_AP=0.4102, saved
Epoch  37/1000 [19.3s mem=604MB] | train_loss=0.2840 train_AP=0.3881 | val_loss=0.2799 val_AP=0.4117
  -> New best: val_loss=0.2778 val_AP=0.4117, saved
Epoch  38/1000 [19.7s mem=601MB] | train_loss=0.2823 train_AP=0.3935 | val_loss=0.2792 val_AP=0.4112
Epoch  39/1000 [19.4s mem=603MB] | train_loss=0.2798 train_AP=0.3964 | val_loss=0.2781 val_AP=0.4174
  -> New best: val_loss=0.2778 val_AP=0.4174, saved
Epoch  40/1000 [20.1s mem=602MB] | train_loss=0.2795 train_AP=0.3998 | val_loss=0.2793 val_AP=0.4188 | test_AP=0.4145
  -> New best: val_loss=0.2778 val_AP=0.4188, saved
Epoch  41/1000 [19.9s mem=603MB] | train_loss=0.2787 train_AP=0.4020 | val_loss=0.2706 val_AP=0.4320
  -> New best: val_loss=0.2706 val_AP=0.4320, saved
Epoch  42/1000 [19.3s mem=601MB] | train_loss=0.2759 train_AP=0.4094 | val_loss=0.2714 val_AP=0.4343
  -> New best: val_loss=0.2706 val_AP=0.4343, saved
Epoch  43/1000 [19.8s mem=601MB] | train_loss=0.2745 train_AP=0.4136 | val_loss=0.2707 val_AP=0.4391
  -> New best: val_loss=0.2706 val_AP=0.4391, saved
Epoch  44/1000 [19.4s mem=604MB] | train_loss=0.2733 train_AP=0.4176 | val_loss=0.2712 val_AP=0.4392
  -> New best: val_loss=0.2706 val_AP=0.4392, saved
Epoch  45/1000 [20.0s mem=603MB] | train_loss=0.2719 train_AP=0.4190 | val_loss=0.2707 val_AP=0.4450
  -> New best: val_loss=0.2706 val_AP=0.4450, saved
Epoch  46/1000 [20.7s mem=603MB] | train_loss=0.2716 train_AP=0.4205 | val_loss=0.2672 val_AP=0.4561
  -> New best: val_loss=0.2672 val_AP=0.4561, saved
Epoch  47/1000 [19.4s mem=602MB] | train_loss=0.2703 train_AP=0.4247 | val_loss=0.2749 val_AP=0.4465
Epoch  48/1000 [19.9s mem=601MB] | train_loss=0.2699 train_AP=0.4251 | val_loss=0.2707 val_AP=0.4473
Epoch  49/1000 [20.2s mem=602MB] | train_loss=0.2679 train_AP=0.4270 | val_loss=0.2725 val_AP=0.4460
Epoch  50/1000 [19.9s mem=601MB] | train_loss=0.2675 train_AP=0.4319 | val_loss=0.2721 val_AP=0.4462 | test_AP=0.4221
Epoch  51/1000 [20.4s mem=602MB] | train_loss=0.2659 train_AP=0.4379 | val_loss=0.2678 val_AP=0.4621
  -> New best: val_loss=0.2672 val_AP=0.4621, saved
Epoch  52/1000 [19.7s mem=602MB] | train_loss=0.2663 train_AP=0.4369 | val_loss=0.2632 val_AP=0.4686
  -> New best: val_loss=0.2632 val_AP=0.4686, saved
Epoch  53/1000 [20.6s mem=602MB] | train_loss=0.2642 train_AP=0.4399 | val_loss=0.2670 val_AP=0.4638
Epoch  54/1000 [20.7s mem=604MB] | train_loss=0.2647 train_AP=0.4405 | val_loss=0.2675 val_AP=0.4654
Epoch  55/1000 [19.5s mem=604MB] | train_loss=0.2628 train_AP=0.4457 | val_loss=0.2658 val_AP=0.4744
  -> New best: val_loss=0.2632 val_AP=0.4744, saved
Epoch  56/1000 [20.0s mem=601MB] | train_loss=0.2621 train_AP=0.4466 | val_loss=0.2602 val_AP=0.4719
  -> New best: val_loss=0.2602 val_AP=0.4744, saved
Epoch  57/1000 [20.1s mem=604MB] | train_loss=0.2622 train_AP=0.4452 | val_loss=0.2634 val_AP=0.4659
Epoch  58/1000 [19.2s mem=602MB] | train_loss=0.2603 train_AP=0.4495 | val_loss=0.2578 val_AP=0.4850
  -> New best: val_loss=0.2578 val_AP=0.4850, saved
Epoch  59/1000 [19.2s mem=602MB] | train_loss=0.2600 train_AP=0.4533 | val_loss=0.2620 val_AP=0.4728
Epoch  60/1000 [19.2s mem=604MB] | train_loss=0.2597 train_AP=0.4510 | val_loss=0.2629 val_AP=0.4803 | test_AP=0.4430
Epoch  61/1000 [20.5s mem=601MB] | train_loss=0.2585 train_AP=0.4580 | val_loss=0.2643 val_AP=0.4858
  -> New best: val_loss=0.2578 val_AP=0.4858, saved
Epoch  62/1000 [19.2s mem=603MB] | train_loss=0.2574 train_AP=0.4576 | val_loss=0.2678 val_AP=0.4649
Epoch  63/1000 [19.8s mem=601MB] | train_loss=0.2578 train_AP=0.4589 | val_loss=0.2606 val_AP=0.4888
  -> New best: val_loss=0.2578 val_AP=0.4888, saved
Epoch  64/1000 [18.8s mem=604MB] | train_loss=0.2576 train_AP=0.4595 | val_loss=0.2633 val_AP=0.4837
Epoch  65/1000 [19.1s mem=601MB] | train_loss=0.2564 train_AP=0.4604 | val_loss=0.2556 val_AP=0.4857
  -> New best: val_loss=0.2556 val_AP=0.4888, saved
Epoch  66/1000 [19.9s mem=601MB] | train_loss=0.2554 train_AP=0.4630 | val_loss=0.2575 val_AP=0.4910
  -> New best: val_loss=0.2556 val_AP=0.4910, saved
Epoch  67/1000 [19.7s mem=606MB] | train_loss=0.2554 train_AP=0.4647 | val_loss=0.2656 val_AP=0.4754
Epoch  68/1000 [20.7s mem=604MB] | train_loss=0.2554 train_AP=0.4648 | val_loss=0.2602 val_AP=0.4832
Epoch  69/1000 [20.0s mem=604MB] | train_loss=0.2543 train_AP=0.4699 | val_loss=0.2531 val_AP=0.4936
  -> New best: val_loss=0.2531 val_AP=0.4936, saved
Epoch  70/1000 [19.5s mem=601MB] | train_loss=0.2537 train_AP=0.4704 | val_loss=0.2620 val_AP=0.4886 | test_AP=0.4549
Epoch  71/1000 [19.9s mem=604MB] | train_loss=0.2534 train_AP=0.4704 | val_loss=0.2573 val_AP=0.4871
Epoch  72/1000 [19.7s mem=603MB] | train_loss=0.2527 train_AP=0.4740 | val_loss=0.2591 val_AP=0.4979
  -> New best: val_loss=0.2531 val_AP=0.4979, saved
Epoch  73/1000 [20.1s mem=604MB] | train_loss=0.2530 train_AP=0.4740 | val_loss=0.2605 val_AP=0.4801
Epoch  74/1000 [19.4s mem=604MB] | train_loss=0.2527 train_AP=0.4758 | val_loss=0.2564 val_AP=0.4934
Epoch  75/1000 [19.7s mem=604MB] | train_loss=0.2513 train_AP=0.4770 | val_loss=0.2538 val_AP=0.4993
  -> New best: val_loss=0.2531 val_AP=0.4993, saved
Epoch  76/1000 [19.5s mem=604MB] | train_loss=0.2513 train_AP=0.4803 | val_loss=0.2642 val_AP=0.4920
Epoch  77/1000 [19.4s mem=603MB] | train_loss=0.2508 train_AP=0.4771 | val_loss=0.2607 val_AP=0.4973
Epoch  78/1000 [19.0s mem=602MB] | train_loss=0.2508 train_AP=0.4814 | val_loss=0.2608 val_AP=0.4917
Epoch  79/1000 [20.1s mem=604MB] | train_loss=0.2507 train_AP=0.4801 | val_loss=0.2564 val_AP=0.5032
  -> New best: val_loss=0.2531 val_AP=0.5032, saved
Epoch  80/1000 [18.4s mem=603MB] | train_loss=0.2495 train_AP=0.4830 | val_loss=0.2584 val_AP=0.5001 | test_AP=0.4646
Epoch  81/1000 [19.0s mem=602MB] | train_loss=0.2489 train_AP=0.4858 | val_loss=0.2660 val_AP=0.4846
Epoch  82/1000 [18.7s mem=603MB] | train_loss=0.2485 train_AP=0.4866 | val_loss=0.2682 val_AP=0.4995
Epoch  83/1000 [19.0s mem=601MB] | train_loss=0.2489 train_AP=0.4871 | val_loss=0.2531 val_AP=0.5092
  -> New best: val_loss=0.2531 val_AP=0.5092, saved
Epoch  84/1000 [18.4s mem=603MB] | train_loss=0.2481 train_AP=0.4880 | val_loss=0.2595 val_AP=0.5002
Epoch  85/1000 [18.7s mem=599MB] | train_loss=0.2479 train_AP=0.4890 | val_loss=0.2592 val_AP=0.4943
Epoch  86/1000 [20.0s mem=600MB] | train_loss=0.2473 train_AP=0.4889 | val_loss=0.2515 val_AP=0.5101
  -> New best: val_loss=0.2515 val_AP=0.5101, saved
Epoch  87/1000 [18.2s mem=604MB] | train_loss=0.2470 train_AP=0.4907 | val_loss=0.2576 val_AP=0.5036
Epoch  88/1000 [17.8s mem=602MB] | train_loss=0.2469 train_AP=0.4905 | val_loss=0.2575 val_AP=0.5017
Epoch  89/1000 [19.5s mem=603MB] | train_loss=0.2462 train_AP=0.4925 | val_loss=0.2534 val_AP=0.5075
Epoch  90/1000 [19.0s mem=604MB] | train_loss=0.2452 train_AP=0.4956 | val_loss=0.2530 val_AP=0.5133 | test_AP=0.4739
  -> New best: val_loss=0.2515 val_AP=0.5133, saved
Epoch  91/1000 [19.2s mem=601MB] | train_loss=0.2457 train_AP=0.4985 | val_loss=0.2562 val_AP=0.5093
Epoch  92/1000 [20.1s mem=601MB] | train_loss=0.2452 train_AP=0.4970 | val_loss=0.2547 val_AP=0.5137
  -> New best: val_loss=0.2515 val_AP=0.5137, saved
Epoch  93/1000 [18.8s mem=602MB] | train_loss=0.2444 train_AP=0.4995 | val_loss=0.2549 val_AP=0.5104
Epoch  94/1000 [18.2s mem=601MB] | train_loss=0.2444 train_AP=0.5001 | val_loss=0.2537 val_AP=0.5099
Epoch  95/1000 [19.9s mem=601MB] | train_loss=0.2438 train_AP=0.5023 | val_loss=0.2568 val_AP=0.5080
Epoch  96/1000 [19.5s mem=604MB] | train_loss=0.2433 train_AP=0.5013 | val_loss=0.2554 val_AP=0.5177
  -> New best: val_loss=0.2515 val_AP=0.5177, saved
Epoch  97/1000 [19.1s mem=603MB] | train_loss=0.2433 train_AP=0.5034 | val_loss=0.2578 val_AP=0.5108
Epoch  98/1000 [19.1s mem=603MB] | train_loss=0.2423 train_AP=0.5011 | val_loss=0.2593 val_AP=0.5168
Epoch  99/1000 [19.1s mem=605MB] | train_loss=0.2428 train_AP=0.5050 | val_loss=0.2509 val_AP=0.5185
  -> New best: val_loss=0.2509 val_AP=0.5185, saved
Epoch 100/1000 [19.6s mem=601MB] | train_loss=0.2423 train_AP=0.5047 | val_loss=0.2564 val_AP=0.5096 | test_AP=0.4770
Epoch 101/1000 [19.4s mem=607MB] | train_loss=0.2413 train_AP=0.5069 | val_loss=0.2580 val_AP=0.5073
Epoch 102/1000 [19.8s mem=604MB] | train_loss=0.2401 train_AP=0.5115 | val_loss=0.2514 val_AP=0.5181
Epoch 103/1000 [20.3s mem=604MB] | train_loss=0.2406 train_AP=0.5084 | val_loss=0.2495 val_AP=0.5265
  -> New best: val_loss=0.2495 val_AP=0.5265, saved
Epoch 104/1000 [19.6s mem=604MB] | train_loss=0.2402 train_AP=0.5091 | val_loss=0.2585 val_AP=0.5184
Epoch 105/1000 [20.3s mem=602MB] | train_loss=0.2393 train_AP=0.5099 | val_loss=0.2540 val_AP=0.5303
  -> New best: val_loss=0.2495 val_AP=0.5303, saved
Epoch 106/1000 [19.9s mem=601MB] | train_loss=0.2386 train_AP=0.5137 | val_loss=0.2523 val_AP=0.5243
Epoch 107/1000 [19.7s mem=606MB] | train_loss=0.2369 train_AP=0.5171 | val_loss=0.2468 val_AP=0.5330
  -> New best: val_loss=0.2468 val_AP=0.5330, saved
Epoch 108/1000 [20.5s mem=604MB] | train_loss=0.2377 train_AP=0.5184 | val_loss=0.2480 val_AP=0.5354
  -> New best: val_loss=0.2468 val_AP=0.5354, saved
Epoch 109/1000 [19.1s mem=602MB] | train_loss=0.2371 train_AP=0.5204 | val_loss=0.2553 val_AP=0.5166
Epoch 110/1000 [20.1s mem=603MB] | train_loss=0.2365 train_AP=0.5165 | val_loss=0.2515 val_AP=0.5371 | test_AP=0.4932
  -> New best: val_loss=0.2468 val_AP=0.5371, saved
Epoch 111/1000 [20.0s mem=602MB] | train_loss=0.2361 train_AP=0.5196 | val_loss=0.2537 val_AP=0.5262
Epoch 112/1000 [20.6s mem=603MB] | train_loss=0.2355 train_AP=0.5191 | val_loss=0.2515 val_AP=0.5370
Epoch 113/1000 [20.2s mem=602MB] | train_loss=0.2349 train_AP=0.5229 | val_loss=0.2501 val_AP=0.5360
Epoch 114/1000 [20.0s mem=602MB] | train_loss=0.2347 train_AP=0.5234 | val_loss=0.2454 val_AP=0.5392
  -> New best: val_loss=0.2454 val_AP=0.5392, saved
Epoch 115/1000 [19.7s mem=603MB] | train_loss=0.2352 train_AP=0.5239 | val_loss=0.2434 val_AP=0.5407
  -> New best: val_loss=0.2434 val_AP=0.5407, saved
Epoch 116/1000 [19.6s mem=604MB] | train_loss=0.2344 train_AP=0.5259 | val_loss=0.2436 val_AP=0.5423
  -> New best: val_loss=0.2434 val_AP=0.5423, saved
Epoch 117/1000 [19.3s mem=601MB] | train_loss=0.2344 train_AP=0.5251 | val_loss=0.2470 val_AP=0.5354
Epoch 118/1000 [19.8s mem=603MB] | train_loss=0.2337 train_AP=0.5278 | val_loss=0.2412 val_AP=0.5416
  -> New best: val_loss=0.2412 val_AP=0.5423, saved
Epoch 119/1000 [19.7s mem=603MB] | train_loss=0.2337 train_AP=0.5278 | val_loss=0.2429 val_AP=0.5398
Epoch 120/1000 [19.6s mem=602MB] | train_loss=0.2334 train_AP=0.5308 | val_loss=0.2462 val_AP=0.5355 | test_AP=0.4995
Epoch 121/1000 [20.0s mem=604MB] | train_loss=0.2318 train_AP=0.5307 | val_loss=0.2430 val_AP=0.5437
  -> New best: val_loss=0.2412 val_AP=0.5437, saved
Epoch 122/1000 [19.5s mem=602MB] | train_loss=0.2325 train_AP=0.5296 | val_loss=0.2461 val_AP=0.5378
Epoch 123/1000 [19.2s mem=604MB] | train_loss=0.2312 train_AP=0.5344 | val_loss=0.2474 val_AP=0.5374
Epoch 124/1000 [19.3s mem=604MB] | train_loss=0.2322 train_AP=0.5312 | val_loss=0.2456 val_AP=0.5430
Epoch 125/1000 [19.3s mem=602MB] | train_loss=0.2309 train_AP=0.5328 | val_loss=0.2454 val_AP=0.5506
  -> New best: val_loss=0.2412 val_AP=0.5506, saved
Epoch 126/1000 [20.3s mem=601MB] | train_loss=0.2313 train_AP=0.5334 | val_loss=0.2450 val_AP=0.5398
Epoch 127/1000 [19.2s mem=601MB] | train_loss=0.2307 train_AP=0.5345 | val_loss=0.2408 val_AP=0.5456
  -> New best: val_loss=0.2408 val_AP=0.5506, saved
Epoch 128/1000 [19.3s mem=602MB] | train_loss=0.2313 train_AP=0.5343 | val_loss=0.2472 val_AP=0.5486
Epoch 129/1000 [19.0s mem=602MB] | train_loss=0.2304 train_AP=0.5334 | val_loss=0.2442 val_AP=0.5471
Epoch 130/1000 [19.9s mem=602MB] | train_loss=0.2304 train_AP=0.5389 | val_loss=0.2529 val_AP=0.5388 | test_AP=0.5016
Epoch 131/1000 [19.3s mem=603MB] | train_loss=0.2293 train_AP=0.5392 | val_loss=0.2466 val_AP=0.5492
Epoch 132/1000 [19.7s mem=602MB] | train_loss=0.2295 train_AP=0.5356 | val_loss=0.2579 val_AP=0.5345
Epoch 133/1000 [20.2s mem=604MB] | train_loss=0.2287 train_AP=0.5408 | val_loss=0.2507 val_AP=0.5386
Epoch 134/1000 [19.6s mem=600MB] | train_loss=0.2287 train_AP=0.5417 | val_loss=0.2469 val_AP=0.5459
Epoch 135/1000 [18.7s mem=604MB] | train_loss=0.2281 train_AP=0.5419 | val_loss=0.2454 val_AP=0.5421
Epoch 136/1000 [19.4s mem=603MB] | train_loss=0.2292 train_AP=0.5408 | val_loss=0.2403 val_AP=0.5522
  -> New best: val_loss=0.2403 val_AP=0.5522, saved
Epoch 137/1000 [19.7s mem=602MB] | train_loss=0.2292 train_AP=0.5417 | val_loss=0.2523 val_AP=0.5495
Epoch 138/1000 [19.2s mem=602MB] | train_loss=0.2271 train_AP=0.5468 | val_loss=0.2533 val_AP=0.5369
Epoch 139/1000 [19.1s mem=604MB] | train_loss=0.2286 train_AP=0.5438 | val_loss=0.2446 val_AP=0.5495
Epoch 140/1000 [19.9s mem=601MB] | train_loss=0.2276 train_AP=0.5449 | val_loss=0.2497 val_AP=0.5532 | test_AP=0.5054
  -> New best: val_loss=0.2403 val_AP=0.5532, saved
Epoch 141/1000 [20.2s mem=601MB] | train_loss=0.2277 train_AP=0.5461 | val_loss=0.2413 val_AP=0.5487
Epoch 142/1000 [19.5s mem=601MB] | train_loss=0.2273 train_AP=0.5474 | val_loss=0.2525 val_AP=0.5518
Epoch 143/1000 [20.2s mem=601MB] | train_loss=0.2265 train_AP=0.5493 | val_loss=0.2401 val_AP=0.5607
  -> New best: val_loss=0.2401 val_AP=0.5607, saved
Epoch 144/1000 [20.0s mem=600MB] | train_loss=0.2266 train_AP=0.5496 | val_loss=0.2393 val_AP=0.5566
  -> New best: val_loss=0.2393 val_AP=0.5607, saved
Epoch 145/1000 [19.9s mem=601MB] | train_loss=0.2257 train_AP=0.5528 | val_loss=0.2417 val_AP=0.5531
Epoch 146/1000 [19.2s mem=604MB] | train_loss=0.2266 train_AP=0.5483 | val_loss=0.2423 val_AP=0.5507
Epoch 147/1000 [19.6s mem=604MB] | train_loss=0.2260 train_AP=0.5480 | val_loss=0.2435 val_AP=0.5526
Epoch 148/1000 [19.5s mem=605MB] | train_loss=0.2253 train_AP=0.5515 | val_loss=0.2480 val_AP=0.5450
Epoch 149/1000 [19.4s mem=603MB] | train_loss=0.2251 train_AP=0.5527 | val_loss=0.2423 val_AP=0.5577
Epoch 150/1000 [19.4s mem=602MB] | train_loss=0.2244 train_AP=0.5506 | val_loss=0.2445 val_AP=0.5573 | test_AP=0.5102
Epoch 151/1000 [18.9s mem=603MB] | train_loss=0.2258 train_AP=0.5518 | val_loss=0.2412 val_AP=0.5600
Epoch 152/1000 [19.3s mem=601MB] | train_loss=0.2249 train_AP=0.5512 | val_loss=0.2421 val_AP=0.5548
Epoch 153/1000 [20.0s mem=600MB] | train_loss=0.2240 train_AP=0.5504 | val_loss=0.2412 val_AP=0.5633
  -> New best: val_loss=0.2393 val_AP=0.5633, saved
Epoch 154/1000 [19.7s mem=600MB] | train_loss=0.2245 train_AP=0.5547 | val_loss=0.2468 val_AP=0.5530
Epoch 155/1000 [20.0s mem=602MB] | train_loss=0.2239 train_AP=0.5579 | val_loss=0.2434 val_AP=0.5580
Epoch 156/1000 [20.1s mem=603MB] | train_loss=0.2236 train_AP=0.5536 | val_loss=0.2425 val_AP=0.5649
  -> New best: val_loss=0.2393 val_AP=0.5649, saved
Epoch 157/1000 [19.5s mem=602MB] | train_loss=0.2231 train_AP=0.5613 | val_loss=0.2563 val_AP=0.5503
Epoch 158/1000 [19.9s mem=604MB] | train_loss=0.2229 train_AP=0.5589 | val_loss=0.2444 val_AP=0.5637
Epoch 159/1000 [19.7s mem=603MB] | train_loss=0.2235 train_AP=0.5586 | val_loss=0.2470 val_AP=0.5457
Epoch 160/1000 [19.4s mem=603MB] | train_loss=0.2221 train_AP=0.5613 | val_loss=0.2478 val_AP=0.5565 | test_AP=0.5155
Epoch 161/1000 [20.0s mem=602MB] | train_loss=0.2228 train_AP=0.5609 | val_loss=0.2473 val_AP=0.5595
Epoch 162/1000 [20.0s mem=602MB] | train_loss=0.2215 train_AP=0.5623 | val_loss=0.2479 val_AP=0.5644
Epoch 163/1000 [19.8s mem=603MB] | train_loss=0.2221 train_AP=0.5611 | val_loss=0.2450 val_AP=0.5581
Epoch 164/1000 [20.5s mem=601MB] | train_loss=0.2214 train_AP=0.5631 | val_loss=0.2432 val_AP=0.5554
Epoch 165/1000 [20.1s mem=601MB] | train_loss=0.2209 train_AP=0.5625 | val_loss=0.2451 val_AP=0.5612
Epoch 166/1000 [20.6s mem=602MB] | train_loss=0.2208 train_AP=0.5640 | val_loss=0.2412 val_AP=0.5590
Epoch 167/1000 [20.4s mem=602MB] | train_loss=0.2208 train_AP=0.5679 | val_loss=0.2420 val_AP=0.5646
Epoch 168/1000 [20.0s mem=604MB] | train_loss=0.2209 train_AP=0.5652 | val_loss=0.2413 val_AP=0.5617
Epoch 169/1000 [19.7s mem=604MB] | train_loss=0.2204 train_AP=0.5625 | val_loss=0.2387 val_AP=0.5638
  -> New best: val_loss=0.2387 val_AP=0.5649, saved
Epoch 170/1000 [20.1s mem=604MB] | train_loss=0.2189 train_AP=0.5672 | val_loss=0.2378 val_AP=0.5689 | test_AP=0.5263
  -> New best: val_loss=0.2378 val_AP=0.5689, saved
Epoch 171/1000 [19.4s mem=601MB] | train_loss=0.2198 train_AP=0.5669 | val_loss=0.2461 val_AP=0.5615
Epoch 172/1000 [19.7s mem=601MB] | train_loss=0.2197 train_AP=0.5667 | val_loss=0.2434 val_AP=0.5631
Epoch 173/1000 [19.2s mem=602MB] | train_loss=0.2188 train_AP=0.5708 | val_loss=0.2425 val_AP=0.5661
Epoch 174/1000 [20.3s mem=601MB] | train_loss=0.2193 train_AP=0.5677 | val_loss=0.2435 val_AP=0.5647
Epoch 175/1000 [19.9s mem=603MB] | train_loss=0.2187 train_AP=0.5720 | val_loss=0.2416 val_AP=0.5716
  -> New best: val_loss=0.2378 val_AP=0.5716, saved
Epoch 176/1000 [19.8s mem=601MB] | train_loss=0.2192 train_AP=0.5697 | val_loss=0.2441 val_AP=0.5652
Epoch 177/1000 [19.7s mem=600MB] | train_loss=0.2183 train_AP=0.5743 | val_loss=0.2427 val_AP=0.5674
Epoch 178/1000 [19.1s mem=601MB] | train_loss=0.2186 train_AP=0.5691 | val_loss=0.2392 val_AP=0.5711
Epoch 179/1000 [19.5s mem=603MB] | train_loss=0.2183 train_AP=0.5759 | val_loss=0.2429 val_AP=0.5664
Epoch 180/1000 [20.1s mem=604MB] | train_loss=0.2179 train_AP=0.5741 | val_loss=0.2401 val_AP=0.5749 | test_AP=0.5311
  -> New best: val_loss=0.2378 val_AP=0.5749, saved
Epoch 181/1000 [19.3s mem=602MB] | train_loss=0.2177 train_AP=0.5748 | val_loss=0.2414 val_AP=0.5738
Epoch 182/1000 [19.4s mem=602MB] | train_loss=0.2179 train_AP=0.5773 | val_loss=0.2506 val_AP=0.5559
Epoch 183/1000 [19.6s mem=605MB] | train_loss=0.2180 train_AP=0.5753 | val_loss=0.2407 val_AP=0.5679
Epoch 184/1000 [20.4s mem=602MB] | train_loss=0.2170 train_AP=0.5765 | val_loss=0.2440 val_AP=0.5698
Epoch 185/1000 [19.6s mem=601MB] | train_loss=0.2172 train_AP=0.5752 | val_loss=0.2392 val_AP=0.5758
  -> New best: val_loss=0.2378 val_AP=0.5758, saved
Epoch 186/1000 [20.4s mem=600MB] | train_loss=0.2169 train_AP=0.5758 | val_loss=0.2463 val_AP=0.5577
Epoch 187/1000 [20.2s mem=604MB] | train_loss=0.2161 train_AP=0.5786 | val_loss=0.2509 val_AP=0.5541
Epoch 188/1000 [20.0s mem=602MB] | train_loss=0.2156 train_AP=0.5796 | val_loss=0.2423 val_AP=0.5721
Epoch 189/1000 [19.5s mem=604MB] | train_loss=0.2162 train_AP=0.5802 | val_loss=0.2523 val_AP=0.5700
Epoch 190/1000 [19.3s mem=602MB] | train_loss=0.2150 train_AP=0.5820 | val_loss=0.2458 val_AP=0.5704 | test_AP=0.5274
Epoch 191/1000 [20.1s mem=604MB] | train_loss=0.2151 train_AP=0.5808 | val_loss=0.2403 val_AP=0.5731
Epoch 192/1000 [19.8s mem=603MB] | train_loss=0.2146 train_AP=0.5805 | val_loss=0.2473 val_AP=0.5626
Epoch 193/1000 [19.9s mem=602MB] | train_loss=0.2148 train_AP=0.5822 | val_loss=0.2404 val_AP=0.5674
Epoch 194/1000 [19.3s mem=604MB] | train_loss=0.2150 train_AP=0.5814 | val_loss=0.2476 val_AP=0.5630
Epoch 195/1000 [20.6s mem=604MB] | train_loss=0.2140 train_AP=0.5889 | val_loss=0.2391 val_AP=0.5697
Epoch 196/1000 [19.6s mem=602MB] | train_loss=0.2149 train_AP=0.5841 | val_loss=0.2431 val_AP=0.5754
Epoch 197/1000 [20.0s mem=604MB] | train_loss=0.2139 train_AP=0.5824 | val_loss=0.2423 val_AP=0.5702
Epoch 198/1000 [19.6s mem=603MB] | train_loss=0.2141 train_AP=0.5862 | val_loss=0.2397 val_AP=0.5767
  -> New best: val_loss=0.2378 val_AP=0.5767, saved
Epoch 199/1000 [19.4s mem=604MB] | train_loss=0.2132 train_AP=0.5882 | val_loss=0.2408 val_AP=0.5742
Epoch 200/1000 [19.5s mem=601MB] | train_loss=0.2133 train_AP=0.5855 | val_loss=0.2390 val_AP=0.5722 | test_AP=0.5355
Epoch 201/1000 [19.5s mem=602MB] | train_loss=0.2124 train_AP=0.5927 | val_loss=0.2478 val_AP=0.5680
Epoch 202/1000 [19.2s mem=602MB] | train_loss=0.2130 train_AP=0.5879 | val_loss=0.2407 val_AP=0.5727
Epoch 203/1000 [19.3s mem=603MB] | train_loss=0.2128 train_AP=0.5875 | val_loss=0.2403 val_AP=0.5717
Epoch 204/1000 [19.8s mem=604MB] | train_loss=0.2124 train_AP=0.5860 | val_loss=0.2374 val_AP=0.5808
  -> New best: val_loss=0.2374 val_AP=0.5808, saved
Epoch 205/1000 [19.8s mem=601MB] | train_loss=0.2119 train_AP=0.5917 | val_loss=0.2441 val_AP=0.5706
Epoch 206/1000 [19.8s mem=601MB] | train_loss=0.2123 train_AP=0.5905 | val_loss=0.2462 val_AP=0.5726
Epoch 207/1000 [19.9s mem=603MB] | train_loss=0.2113 train_AP=0.5924 | val_loss=0.2501 val_AP=0.5758
Epoch 208/1000 [19.8s mem=605MB] | train_loss=0.2115 train_AP=0.5934 | val_loss=0.2455 val_AP=0.5722
Epoch 209/1000 [19.3s mem=601MB] | train_loss=0.2117 train_AP=0.5913 | val_loss=0.2493 val_AP=0.5721
Epoch 210/1000 [19.8s mem=604MB] | train_loss=0.2107 train_AP=0.5939 | val_loss=0.2402 val_AP=0.5804 | test_AP=0.5370
Epoch 211/1000 [19.8s mem=603MB] | train_loss=0.2114 train_AP=0.5946 | val_loss=0.2450 val_AP=0.5703
Epoch 212/1000 [19.9s mem=601MB] | train_loss=0.2102 train_AP=0.5971 | val_loss=0.2435 val_AP=0.5758
Epoch 213/1000 [19.4s mem=603MB] | train_loss=0.2101 train_AP=0.5955 | val_loss=0.2394 val_AP=0.5775
Epoch 214/1000 [19.7s mem=603MB] | train_loss=0.2097 train_AP=0.5988 | val_loss=0.2491 val_AP=0.5778
Epoch 215/1000 [20.7s mem=601MB] | train_loss=0.2104 train_AP=0.5951 | val_loss=0.2420 val_AP=0.5826
  -> New best: val_loss=0.2374 val_AP=0.5826, saved
Epoch 216/1000 [19.8s mem=604MB] | train_loss=0.2107 train_AP=0.5955 | val_loss=0.2438 val_AP=0.5762
Epoch 217/1000 [20.0s mem=600MB] | train_loss=0.2097 train_AP=0.5992 | val_loss=0.2507 val_AP=0.5725
Epoch 218/1000 [20.2s mem=602MB] | train_loss=0.2093 train_AP=0.5993 | val_loss=0.2442 val_AP=0.5768
Epoch 219/1000 [20.3s mem=604MB] | train_loss=0.2093 train_AP=0.5962 | val_loss=0.2468 val_AP=0.5731
Epoch 220/1000 [20.2s mem=607MB] | train_loss=0.2096 train_AP=0.5999 | val_loss=0.2450 val_AP=0.5755 | test_AP=0.5362
Epoch 221/1000 [20.0s mem=601MB] | train_loss=0.2093 train_AP=0.5972 | val_loss=0.2486 val_AP=0.5781
Epoch 222/1000 [20.5s mem=601MB] | train_loss=0.2086 train_AP=0.5975 | val_loss=0.2424 val_AP=0.5825
Epoch 223/1000 [20.2s mem=603MB] | train_loss=0.2085 train_AP=0.6014 | val_loss=0.2463 val_AP=0.5791
Epoch 224/1000 [19.8s mem=601MB] | train_loss=0.2087 train_AP=0.6038 | val_loss=0.2444 val_AP=0.5782
Epoch 225/1000 [20.5s mem=601MB] | train_loss=0.2087 train_AP=0.5989 | val_loss=0.2513 val_AP=0.5761
Epoch 226/1000 [20.3s mem=605MB] | train_loss=0.2081 train_AP=0.6038 | val_loss=0.2449 val_AP=0.5847
  -> New best: val_loss=0.2374 val_AP=0.5847, saved
Epoch 227/1000 [19.3s mem=602MB] | train_loss=0.2081 train_AP=0.6021 | val_loss=0.2404 val_AP=0.5837
Epoch 228/1000 [20.4s mem=602MB] | train_loss=0.2071 train_AP=0.6029 | val_loss=0.2497 val_AP=0.5782
Epoch 229/1000 [19.3s mem=601MB] | train_loss=0.2063 train_AP=0.6060 | val_loss=0.2399 val_AP=0.5823
Epoch 230/1000 [19.9s mem=601MB] | train_loss=0.2066 train_AP=0.6052 | val_loss=0.2406 val_AP=0.5788 | test_AP=0.5411
Epoch 231/1000 [19.7s mem=602MB] | train_loss=0.2078 train_AP=0.6040 | val_loss=0.2506 val_AP=0.5815
Epoch 232/1000 [20.7s mem=602MB] | train_loss=0.2065 train_AP=0.6062 | val_loss=0.2437 val_AP=0.5837
Epoch 233/1000 [20.3s mem=601MB] | train_loss=0.2061 train_AP=0.6090 | val_loss=0.2553 val_AP=0.5734
Epoch 234/1000 [19.8s mem=602MB] | train_loss=0.2063 train_AP=0.6071 | val_loss=0.2534 val_AP=0.5720
Epoch 235/1000 [19.1s mem=604MB] | train_loss=0.2060 train_AP=0.6086 | val_loss=0.2464 val_AP=0.5842
Epoch 236/1000 [19.8s mem=602MB] | train_loss=0.2058 train_AP=0.6072 | val_loss=0.2421 val_AP=0.5870
  -> New best: val_loss=0.2374 val_AP=0.5870, saved
Epoch 237/1000 [19.6s mem=602MB] | train_loss=0.2063 train_AP=0.6091 | val_loss=0.2403 val_AP=0.5851
Epoch 238/1000 [19.7s mem=603MB] | train_loss=0.2055 train_AP=0.6085 | val_loss=0.2426 val_AP=0.5872
  -> New best: val_loss=0.2374 val_AP=0.5872, saved
Epoch 239/1000 [19.4s mem=603MB] | train_loss=0.2055 train_AP=0.6126 | val_loss=0.2416 val_AP=0.5795
Epoch 240/1000 [19.8s mem=603MB] | train_loss=0.2048 train_AP=0.6130 | val_loss=0.2422 val_AP=0.5848 | test_AP=0.5453
Epoch 241/1000 [20.4s mem=604MB] | train_loss=0.2059 train_AP=0.6091 | val_loss=0.2448 val_AP=0.5836
Epoch 242/1000 [19.8s mem=602MB] | train_loss=0.2039 train_AP=0.6128 | val_loss=0.2444 val_AP=0.5858
Epoch 243/1000 [19.1s mem=603MB] | train_loss=0.2041 train_AP=0.6118 | val_loss=0.2381 val_AP=0.5889
  -> New best: val_loss=0.2374 val_AP=0.5889, saved
Epoch 244/1000 [19.2s mem=600MB] | train_loss=0.2040 train_AP=0.6137 | val_loss=0.2440 val_AP=0.5868
Epoch 245/1000 [19.8s mem=601MB] | train_loss=0.2049 train_AP=0.6077 | val_loss=0.2456 val_AP=0.5911
  -> New best: val_loss=0.2374 val_AP=0.5911, saved
Epoch 246/1000 [19.8s mem=603MB] | train_loss=0.2040 train_AP=0.6150 | val_loss=0.2491 val_AP=0.5819
Epoch 247/1000 [20.1s mem=604MB] | train_loss=0.2043 train_AP=0.6127 | val_loss=0.2390 val_AP=0.5861
Epoch 248/1000 [19.7s mem=604MB] | train_loss=0.2034 train_AP=0.6160 | val_loss=0.2510 val_AP=0.5810
Epoch 249/1000 [20.2s mem=601MB] | train_loss=0.2027 train_AP=0.6209 | val_loss=0.2487 val_AP=0.5864
Epoch 250/1000 [19.7s mem=604MB] | train_loss=0.2032 train_AP=0.6169 | val_loss=0.2454 val_AP=0.5871 | test_AP=0.5479
Epoch 251/1000 [19.7s mem=602MB] | train_loss=0.2030 train_AP=0.6198 | val_loss=0.2447 val_AP=0.5860
Epoch 252/1000 [19.5s mem=604MB] | train_loss=0.2024 train_AP=0.6184 | val_loss=0.2444 val_AP=0.5828
Epoch 253/1000 [20.2s mem=601MB] | train_loss=0.2028 train_AP=0.6170 | val_loss=0.2458 val_AP=0.5868
Epoch 254/1000 [19.9s mem=603MB] | train_loss=0.2022 train_AP=0.6191 | val_loss=0.2405 val_AP=0.5879
Epoch 255/1000 [20.1s mem=602MB] | train_loss=0.2011 train_AP=0.6213 | val_loss=0.2390 val_AP=0.5913
  -> New best: val_loss=0.2374 val_AP=0.5913, saved
Epoch 256/1000 [19.2s mem=602MB] | train_loss=0.2027 train_AP=0.6152 | val_loss=0.2418 val_AP=0.5889
Epoch 257/1000 [19.1s mem=604MB] | train_loss=0.2012 train_AP=0.6198 | val_loss=0.2440 val_AP=0.5844
Epoch 258/1000 [20.4s mem=604MB] | train_loss=0.2020 train_AP=0.6162 | val_loss=0.2441 val_AP=0.5872
Epoch 259/1000 [19.8s mem=604MB] | train_loss=0.2018 train_AP=0.6203 | val_loss=0.2447 val_AP=0.5878
Epoch 260/1000 [19.6s mem=600MB] | train_loss=0.2009 train_AP=0.6228 | val_loss=0.2574 val_AP=0.5842 | test_AP=0.5414
Epoch 261/1000 [19.7s mem=603MB] | train_loss=0.2023 train_AP=0.6175 | val_loss=0.2435 val_AP=0.5890
Epoch 262/1000 [19.2s mem=603MB] | train_loss=0.2000 train_AP=0.6226 | val_loss=0.2439 val_AP=0.5923
  -> New best: val_loss=0.2374 val_AP=0.5923, saved
Epoch 263/1000 [19.8s mem=602MB] | train_loss=0.2007 train_AP=0.6188 | val_loss=0.2540 val_AP=0.5836
Epoch 264/1000 [19.9s mem=604MB] | train_loss=0.2010 train_AP=0.6241 | val_loss=0.2408 val_AP=0.5878
Epoch 265/1000 [19.5s mem=601MB] | train_loss=0.2007 train_AP=0.6251 | val_loss=0.2420 val_AP=0.5908
Epoch 266/1000 [19.1s mem=604MB] | train_loss=0.1999 train_AP=0.6269 | val_loss=0.2484 val_AP=0.5876
Epoch 267/1000 [19.7s mem=603MB] | train_loss=0.1999 train_AP=0.6282 | val_loss=0.2512 val_AP=0.5760
Epoch 268/1000 [18.9s mem=606MB] | train_loss=0.1991 train_AP=0.6290 | val_loss=0.2433 val_AP=0.5888
Epoch 269/1000 [19.0s mem=603MB] | train_loss=0.1997 train_AP=0.6270 | val_loss=0.2410 val_AP=0.5962
  -> New best: val_loss=0.2374 val_AP=0.5962, saved
Epoch 270/1000 [19.9s mem=602MB] | train_loss=0.1995 train_AP=0.6249 | val_loss=0.2421 val_AP=0.5919 | test_AP=0.5595
Epoch 271/1000 [19.8s mem=602MB] | train_loss=0.1993 train_AP=0.6265 | val_loss=0.2461 val_AP=0.5891
Epoch 272/1000 [19.6s mem=604MB] | train_loss=0.1989 train_AP=0.6249 | val_loss=0.2450 val_AP=0.5874
Epoch 273/1000 [19.9s mem=603MB] | train_loss=0.1988 train_AP=0.6286 | val_loss=0.2493 val_AP=0.5838
Epoch 274/1000 [19.6s mem=602MB] | train_loss=0.1991 train_AP=0.6308 | val_loss=0.2467 val_AP=0.5929
Epoch 275/1000 [20.4s mem=602MB] | train_loss=0.1982 train_AP=0.6305 | val_loss=0.2487 val_AP=0.5838
Epoch 276/1000 [19.9s mem=603MB] | train_loss=0.1977 train_AP=0.6317 | val_loss=0.2488 val_AP=0.5873
Epoch 277/1000 [19.5s mem=602MB] | train_loss=0.1986 train_AP=0.6301 | val_loss=0.2457 val_AP=0.5937
Epoch 278/1000 [21.0s mem=601MB] | train_loss=0.1985 train_AP=0.6293 | val_loss=0.2469 val_AP=0.5913
Epoch 279/1000 [19.9s mem=602MB] | train_loss=0.1979 train_AP=0.6321 | val_loss=0.2494 val_AP=0.5905
Epoch 280/1000 [19.8s mem=604MB] | train_loss=0.1982 train_AP=0.6323 | val_loss=0.2392 val_AP=0.5954 | test_AP=0.5560
Epoch 281/1000 [19.5s mem=603MB] | train_loss=0.1971 train_AP=0.6352 | val_loss=0.2451 val_AP=0.5875
Epoch 282/1000 [20.5s mem=603MB] | train_loss=0.1966 train_AP=0.6311 | val_loss=0.2457 val_AP=0.5899
Epoch 283/1000 [20.1s mem=600MB] | train_loss=0.1969 train_AP=0.6380 | val_loss=0.2453 val_AP=0.5892
Epoch 284/1000 [20.1s mem=601MB] | train_loss=0.1969 train_AP=0.6350 | val_loss=0.2468 val_AP=0.5906
Epoch 285/1000 [20.6s mem=601MB] | train_loss=0.1962 train_AP=0.6341 | val_loss=0.2407 val_AP=0.5957
Epoch 286/1000 [19.2s mem=601MB] | train_loss=0.1956 train_AP=0.6376 | val_loss=0.2573 val_AP=0.5885
Epoch 287/1000 [19.7s mem=601MB] | train_loss=0.1964 train_AP=0.6349 | val_loss=0.2413 val_AP=0.5899
Epoch 288/1000 [20.3s mem=602MB] | train_loss=0.1957 train_AP=0.6400 | val_loss=0.2469 val_AP=0.5893
Epoch 289/1000 [19.4s mem=603MB] | train_loss=0.1960 train_AP=0.6390 | val_loss=0.2407 val_AP=0.5951
Epoch 290/1000 [19.4s mem=603MB] | train_loss=0.1950 train_AP=0.6412 | val_loss=0.2518 val_AP=0.5884 | test_AP=0.5485
Epoch 291/1000 [19.5s mem=602MB] | train_loss=0.1955 train_AP=0.6369 | val_loss=0.2432 val_AP=0.5949
Epoch 292/1000 [19.6s mem=602MB] | train_loss=0.1960 train_AP=0.6375 | val_loss=0.2521 val_AP=0.5881
Epoch 293/1000 [20.0s mem=603MB] | train_loss=0.1959 train_AP=0.6386 | val_loss=0.2469 val_AP=0.5906
Epoch 294/1000 [19.8s mem=604MB] | train_loss=0.1948 train_AP=0.6436 | val_loss=0.2538 val_AP=0.5938
Epoch 295/1000 [20.0s mem=606MB] | train_loss=0.1940 train_AP=0.6392 | val_loss=0.2469 val_AP=0.5918
Epoch 296/1000 [19.1s mem=602MB] | train_loss=0.1954 train_AP=0.6386 | val_loss=0.2464 val_AP=0.5930
Epoch 297/1000 [19.5s mem=606MB] | train_loss=0.1950 train_AP=0.6368 | val_loss=0.2432 val_AP=0.5952
Epoch 298/1000 [19.1s mem=603MB] | train_loss=0.1945 train_AP=0.6414 | val_loss=0.2458 val_AP=0.5989
  -> New best: val_loss=0.2374 val_AP=0.5989, saved
Epoch 299/1000 [19.7s mem=601MB] | train_loss=0.1940 train_AP=0.6382 | val_loss=0.2476 val_AP=0.5899
Epoch 300/1000 [19.3s mem=604MB] | train_loss=0.1936 train_AP=0.6440 | val_loss=0.2474 val_AP=0.5939 | test_AP=0.5577
Epoch 301/1000 [19.3s mem=601MB] | train_loss=0.1939 train_AP=0.6415 | val_loss=0.2438 val_AP=0.5974
Epoch 302/1000 [19.1s mem=604MB] | train_loss=0.1944 train_AP=0.6430 | val_loss=0.2522 val_AP=0.5868
Epoch 303/1000 [19.8s mem=602MB] | train_loss=0.1940 train_AP=0.6438 | val_loss=0.2501 val_AP=0.5945
Epoch 304/1000 [20.2s mem=601MB] | train_loss=0.1935 train_AP=0.6440 | val_loss=0.2434 val_AP=0.5908
Epoch 305/1000 [19.7s mem=601MB] | train_loss=0.1932 train_AP=0.6445 | val_loss=0.2473 val_AP=0.5918
Epoch 306/1000 [20.3s mem=602MB] | train_loss=0.1929 train_AP=0.6433 | val_loss=0.2522 val_AP=0.5946
Epoch 307/1000 [19.8s mem=602MB] | train_loss=0.1917 train_AP=0.6472 | val_loss=0.2476 val_AP=0.5916
Epoch 308/1000 [19.5s mem=601MB] | train_loss=0.1929 train_AP=0.6462 | val_loss=0.2525 val_AP=0.5931
Epoch 309/1000 [19.1s mem=603MB] | train_loss=0.1923 train_AP=0.6431 | val_loss=0.2481 val_AP=0.5963
Epoch 310/1000 [20.8s mem=602MB] | train_loss=0.1924 train_AP=0.6474 | val_loss=0.2454 val_AP=0.5922 | test_AP=0.5599
Epoch 311/1000 [20.4s mem=604MB] | train_loss=0.1917 train_AP=0.6490 | val_loss=0.2496 val_AP=0.5951
Epoch 312/1000 [19.9s mem=604MB] | train_loss=0.1923 train_AP=0.6470 | val_loss=0.2475 val_AP=0.5963
Epoch 313/1000 [20.3s mem=601MB] | train_loss=0.1914 train_AP=0.6507 | val_loss=0.2458 val_AP=0.6011
  -> New best: val_loss=0.2374 val_AP=0.6011, saved
Epoch 314/1000 [19.5s mem=602MB] | train_loss=0.1925 train_AP=0.6489 | val_loss=0.2482 val_AP=0.5933
Epoch 315/1000 [19.7s mem=606MB] | train_loss=0.1904 train_AP=0.6505 | val_loss=0.2459 val_AP=0.6014
  -> New best: val_loss=0.2374 val_AP=0.6014, saved
Epoch 316/1000 [19.3s mem=600MB] | train_loss=0.1907 train_AP=0.6506 | val_loss=0.2489 val_AP=0.5975
Epoch 317/1000 [19.6s mem=603MB] | train_loss=0.1908 train_AP=0.6524 | val_loss=0.2483 val_AP=0.5865
Epoch 318/1000 [19.0s mem=603MB] | train_loss=0.1912 train_AP=0.6516 | val_loss=0.2546 val_AP=0.5929
Epoch 319/1000 [19.2s mem=604MB] | train_loss=0.1906 train_AP=0.6504 | val_loss=0.2426 val_AP=0.5982
Epoch 320/1000 [19.3s mem=604MB] | train_loss=0.1897 train_AP=0.6553 | val_loss=0.2470 val_AP=0.5955 | test_AP=0.5617
Epoch 321/1000 [19.1s mem=602MB] | train_loss=0.1899 train_AP=0.6517 | val_loss=0.2512 val_AP=0.5925
Epoch 322/1000 [19.5s mem=605MB] | train_loss=0.1897 train_AP=0.6549 | val_loss=0.2462 val_AP=0.6015
  -> New best: val_loss=0.2374 val_AP=0.6015, saved
Epoch 323/1000 [19.6s mem=601MB] | train_loss=0.1901 train_AP=0.6518 | val_loss=0.2539 val_AP=0.5967
Epoch 324/1000 [19.6s mem=603MB] | train_loss=0.1892 train_AP=0.6551 | val_loss=0.2460 val_AP=0.5992
Epoch 325/1000 [19.3s mem=602MB] | train_loss=0.1896 train_AP=0.6552 | val_loss=0.2547 val_AP=0.5910
Epoch 326/1000 [19.6s mem=603MB] | train_loss=0.1897 train_AP=0.6544 | val_loss=0.2437 val_AP=0.6065
  -> New best: val_loss=0.2374 val_AP=0.6065, saved
Epoch 327/1000 [19.3s mem=604MB] | train_loss=0.1897 train_AP=0.6562 | val_loss=0.2525 val_AP=0.5943
Epoch 328/1000 [19.5s mem=603MB] | train_loss=0.1892 train_AP=0.6559 | val_loss=0.2444 val_AP=0.5973
Epoch 329/1000 [19.8s mem=602MB] | train_loss=0.1882 train_AP=0.6569 | val_loss=0.2550 val_AP=0.5961
Epoch 330/1000 [19.6s mem=604MB] | train_loss=0.1889 train_AP=0.6551 | val_loss=0.2502 val_AP=0.5965 | test_AP=0.5572
Epoch 331/1000 [20.1s mem=602MB] | train_loss=0.1883 train_AP=0.6565 | val_loss=0.2529 val_AP=0.5998
Epoch 332/1000 [19.9s mem=603MB] | train_loss=0.1884 train_AP=0.6583 | val_loss=0.2526 val_AP=0.5934
Epoch 333/1000 [19.8s mem=602MB] | train_loss=0.1877 train_AP=0.6596 | val_loss=0.2465 val_AP=0.5995
Epoch 334/1000 [19.5s mem=601MB] | train_loss=0.1870 train_AP=0.6591 | val_loss=0.2457 val_AP=0.5989
Epoch 335/1000 [19.8s mem=604MB] | train_loss=0.1870 train_AP=0.6599 | val_loss=0.2479 val_AP=0.5908
Epoch 336/1000 [19.6s mem=602MB] | train_loss=0.1882 train_AP=0.6597 | val_loss=0.2512 val_AP=0.5969
Epoch 337/1000 [20.2s mem=601MB] | train_loss=0.1870 train_AP=0.6598 | val_loss=0.2482 val_AP=0.5999
Epoch 338/1000 [19.8s mem=602MB] | train_loss=0.1879 train_AP=0.6588 | val_loss=0.2499 val_AP=0.5938
Epoch 339/1000 [20.3s mem=602MB] | train_loss=0.1873 train_AP=0.6596 | val_loss=0.2522 val_AP=0.6009
Epoch 340/1000 [19.4s mem=602MB] | train_loss=0.1870 train_AP=0.6597 | val_loss=0.2494 val_AP=0.5960 | test_AP=0.5585
Epoch 341/1000 [19.8s mem=604MB] | train_loss=0.1868 train_AP=0.6587 | val_loss=0.2533 val_AP=0.5997
Epoch 342/1000 [19.7s mem=602MB] | train_loss=0.1864 train_AP=0.6613 | val_loss=0.2527 val_AP=0.5931
Epoch 343/1000 [20.6s mem=604MB] | train_loss=0.1861 train_AP=0.6645 | val_loss=0.2470 val_AP=0.6055
Epoch 344/1000 [20.5s mem=603MB] | train_loss=0.1857 train_AP=0.6656 | val_loss=0.2467 val_AP=0.6075
  -> New best: val_loss=0.2374 val_AP=0.6075, saved
Epoch 345/1000 [20.4s mem=602MB] | train_loss=0.1859 train_AP=0.6637 | val_loss=0.2486 val_AP=0.6031
Epoch 346/1000 [19.6s mem=602MB] | train_loss=0.1856 train_AP=0.6680 | val_loss=0.2542 val_AP=0.5933
Epoch 347/1000 [19.5s mem=604MB] | train_loss=0.1851 train_AP=0.6647 | val_loss=0.2598 val_AP=0.5948
Epoch 348/1000 [19.6s mem=601MB] | train_loss=0.1855 train_AP=0.6643 | val_loss=0.2525 val_AP=0.6018
Epoch 349/1000 [19.3s mem=602MB] | train_loss=0.1849 train_AP=0.6660 | val_loss=0.2497 val_AP=0.5990
Epoch 350/1000 [20.0s mem=602MB] | train_loss=0.1859 train_AP=0.6639 | val_loss=0.2591 val_AP=0.5970 | test_AP=0.5548
Epoch 351/1000 [20.2s mem=605MB] | train_loss=0.1848 train_AP=0.6650 | val_loss=0.2594 val_AP=0.5969
Epoch 352/1000 [19.2s mem=602MB] | train_loss=0.1847 train_AP=0.6670 | val_loss=0.2572 val_AP=0.5990
Epoch 353/1000 [19.7s mem=604MB] | train_loss=0.1841 train_AP=0.6664 | val_loss=0.2535 val_AP=0.5974
Epoch 354/1000 [19.6s mem=605MB] | train_loss=0.1850 train_AP=0.6627 | val_loss=0.2524 val_AP=0.5995
Epoch 355/1000 [20.0s mem=604MB] | train_loss=0.1839 train_AP=0.6641 | val_loss=0.2486 val_AP=0.6005
Epoch 356/1000 [19.3s mem=602MB] | train_loss=0.1833 train_AP=0.6706 | val_loss=0.2567 val_AP=0.5975
Epoch 357/1000 [19.2s mem=601MB] | train_loss=0.1832 train_AP=0.6722 | val_loss=0.2590 val_AP=0.5990
Epoch 358/1000 [19.2s mem=602MB] | train_loss=0.1849 train_AP=0.6613 | val_loss=0.2500 val_AP=0.5970
Epoch 359/1000 [19.9s mem=602MB] | train_loss=0.1834 train_AP=0.6679 | val_loss=0.2558 val_AP=0.5972
Epoch 360/1000 [19.0s mem=601MB] | train_loss=0.1836 train_AP=0.6670 | val_loss=0.2519 val_AP=0.6017 | test_AP=0.5605
Epoch 361/1000 [19.2s mem=602MB] | train_loss=0.1841 train_AP=0.6677 | val_loss=0.2511 val_AP=0.6029
Epoch 362/1000 [19.1s mem=604MB] | train_loss=0.1830 train_AP=0.6700 | val_loss=0.2586 val_AP=0.5972
Epoch 363/1000 [19.3s mem=603MB] | train_loss=0.1828 train_AP=0.6719 | val_loss=0.2601 val_AP=0.6019
Epoch 364/1000 [19.6s mem=601MB] | train_loss=0.1839 train_AP=0.6688 | val_loss=0.2562 val_AP=0.6002
Epoch 365/1000 [19.5s mem=601MB] | train_loss=0.1835 train_AP=0.6697 | val_loss=0.2564 val_AP=0.6007
Epoch 366/1000 [20.3s mem=604MB] | train_loss=0.1824 train_AP=0.6736 | val_loss=0.2513 val_AP=0.6002
Epoch 367/1000 [19.8s mem=602MB] | train_loss=0.1826 train_AP=0.6738 | val_loss=0.2518 val_AP=0.6026
Epoch 368/1000 [19.2s mem=604MB] | train_loss=0.1828 train_AP=0.6664 | val_loss=0.2498 val_AP=0.6036
Epoch 369/1000 [19.5s mem=607MB] | train_loss=0.1820 train_AP=0.6745 | val_loss=0.2572 val_AP=0.6032
Epoch 370/1000 [20.3s mem=601MB] | train_loss=0.1819 train_AP=0.6706 | val_loss=0.2509 val_AP=0.6009 | test_AP=0.5644
Epoch 371/1000 [19.5s mem=603MB] | train_loss=0.1824 train_AP=0.6727 | val_loss=0.2575 val_AP=0.6004
Epoch 372/1000 [18.8s mem=601MB] | train_loss=0.1811 train_AP=0.6753 | val_loss=0.2556 val_AP=0.6041
Epoch 373/1000 [20.1s mem=604MB] | train_loss=0.1822 train_AP=0.6760 | val_loss=0.2550 val_AP=0.6049
Epoch 374/1000 [19.1s mem=602MB] | train_loss=0.1819 train_AP=0.6735 | val_loss=0.2551 val_AP=0.6029
Epoch 375/1000 [19.6s mem=604MB] | train_loss=0.1816 train_AP=0.6751 | val_loss=0.2528 val_AP=0.6053
Epoch 376/1000 [19.6s mem=606MB] | train_loss=0.1808 train_AP=0.6750 | val_loss=0.2561 val_AP=0.5991
Epoch 377/1000 [19.9s mem=603MB] | train_loss=0.1803 train_AP=0.6763 | val_loss=0.2528 val_AP=0.6078
  -> New best: val_loss=0.2374 val_AP=0.6078, saved
Epoch 378/1000 [19.4s mem=601MB] | train_loss=0.1813 train_AP=0.6790 | val_loss=0.2520 val_AP=0.6043
Epoch 379/1000 [19.5s mem=602MB] | train_loss=0.1805 train_AP=0.6762 | val_loss=0.2488 val_AP=0.6057
Epoch 380/1000 [19.6s mem=602MB] | train_loss=0.1800 train_AP=0.6799 | val_loss=0.2619 val_AP=0.6045 | test_AP=0.5631
Epoch 381/1000 [19.6s mem=603MB] | train_loss=0.1792 train_AP=0.6815 | val_loss=0.2760 val_AP=0.5885
Epoch 382/1000 [19.1s mem=604MB] | train_loss=0.1807 train_AP=0.6761 | val_loss=0.2592 val_AP=0.6035
Epoch 383/1000 [19.1s mem=601MB] | train_loss=0.1802 train_AP=0.6796 | val_loss=0.2578 val_AP=0.5978
Epoch 384/1000 [19.5s mem=599MB] | train_loss=0.1800 train_AP=0.6774 | val_loss=0.2596 val_AP=0.6109
  -> New best: val_loss=0.2374 val_AP=0.6109, saved
Epoch 385/1000 [19.6s mem=601MB] | train_loss=0.1793 train_AP=0.6828 | val_loss=0.2675 val_AP=0.5951
Epoch 386/1000 [19.7s mem=603MB] | train_loss=0.1792 train_AP=0.6761 | val_loss=0.2502 val_AP=0.6068
Epoch 387/1000 [19.0s mem=602MB] | train_loss=0.1795 train_AP=0.6772 | val_loss=0.2636 val_AP=0.5992
Epoch 388/1000 [19.6s mem=603MB] | train_loss=0.1795 train_AP=0.6816 | val_loss=0.2513 val_AP=0.6074
Epoch 389/1000 [19.4s mem=602MB] | train_loss=0.1792 train_AP=0.6813 | val_loss=0.2555 val_AP=0.6034
Epoch 390/1000 [19.6s mem=603MB] | train_loss=0.1797 train_AP=0.6770 | val_loss=0.2571 val_AP=0.6057 | test_AP=0.5633
Epoch 391/1000 [19.8s mem=603MB] | train_loss=0.1792 train_AP=0.6802 | val_loss=0.2588 val_AP=0.6078
Epoch 392/1000 [19.7s mem=604MB] | train_loss=0.1791 train_AP=0.6798 | val_loss=0.2634 val_AP=0.6055
Epoch 393/1000 [19.5s mem=601MB] | train_loss=0.1789 train_AP=0.6837 | val_loss=0.2524 val_AP=0.6013
Epoch 394/1000 [19.7s mem=602MB] | train_loss=0.1788 train_AP=0.6827 | val_loss=0.2515 val_AP=0.6050
Epoch 395/1000 [19.4s mem=602MB] | train_loss=0.1785 train_AP=0.6830 | val_loss=0.2524 val_AP=0.6068
Epoch 396/1000 [19.4s mem=601MB] | train_loss=0.1781 train_AP=0.6827 | val_loss=0.2553 val_AP=0.6061
Epoch 397/1000 [20.8s mem=604MB] | train_loss=0.1771 train_AP=0.6839 | val_loss=0.2467 val_AP=0.6126
  -> New best: val_loss=0.2374 val_AP=0.6126, saved
Epoch 398/1000 [20.4s mem=603MB] | train_loss=0.1771 train_AP=0.6843 | val_loss=0.2567 val_AP=0.6051
Epoch 399/1000 [19.7s mem=602MB] | train_loss=0.1776 train_AP=0.6854 | val_loss=0.2737 val_AP=0.5982
Epoch 400/1000 [19.4s mem=602MB] | train_loss=0.1779 train_AP=0.6832 | val_loss=0.2544 val_AP=0.6084 | test_AP=0.5647
Epoch 401/1000 [20.3s mem=601MB] | train_loss=0.1772 train_AP=0.6855 | val_loss=0.2521 val_AP=0.6060
Epoch 402/1000 [19.9s mem=601MB] | train_loss=0.1771 train_AP=0.6887 | val_loss=0.2616 val_AP=0.6058
Epoch 403/1000 [19.6s mem=602MB] | train_loss=0.1766 train_AP=0.6864 | val_loss=0.2621 val_AP=0.6020
Epoch 404/1000 [20.0s mem=604MB] | train_loss=0.1764 train_AP=0.6841 | val_loss=0.2637 val_AP=0.6019
Epoch 405/1000 [19.8s mem=604MB] | train_loss=0.1759 train_AP=0.6856 | val_loss=0.2473 val_AP=0.6101
Epoch 406/1000 [20.4s mem=603MB] | train_loss=0.1762 train_AP=0.6873 | val_loss=0.2604 val_AP=0.6037
Epoch 407/1000 [20.0s mem=602MB] | train_loss=0.1764 train_AP=0.6876 | val_loss=0.2618 val_AP=0.6066
Epoch 408/1000 [20.1s mem=601MB] | train_loss=0.1766 train_AP=0.6880 | val_loss=0.2603 val_AP=0.6044
Epoch 409/1000 [19.4s mem=603MB] | train_loss=0.1765 train_AP=0.6862 | val_loss=0.2538 val_AP=0.6111
Epoch 410/1000 [20.2s mem=606MB] | train_loss=0.1766 train_AP=0.6870 | val_loss=0.2574 val_AP=0.6088 | test_AP=0.5703
Epoch 411/1000 [19.6s mem=604MB] | train_loss=0.1754 train_AP=0.6906 | val_loss=0.2574 val_AP=0.6066
Epoch 412/1000 [19.5s mem=601MB] | train_loss=0.1753 train_AP=0.6903 | val_loss=0.2564 val_AP=0.6083
Epoch 413/1000 [19.7s mem=601MB] | train_loss=0.1755 train_AP=0.6916 | val_loss=0.2563 val_AP=0.6135
  -> New best: val_loss=0.2374 val_AP=0.6135, saved
Epoch 414/1000 [19.4s mem=605MB] | train_loss=0.1752 train_AP=0.6921 | val_loss=0.2575 val_AP=0.6057
Epoch 415/1000 [19.5s mem=600MB] | train_loss=0.1751 train_AP=0.6920 | val_loss=0.2625 val_AP=0.6040
Epoch 416/1000 [19.3s mem=603MB] | train_loss=0.1750 train_AP=0.6891 | val_loss=0.2573 val_AP=0.6103
Epoch 417/1000 [19.5s mem=601MB] | train_loss=0.1755 train_AP=0.6922 | val_loss=0.2580 val_AP=0.6038
Epoch 418/1000 [19.7s mem=603MB] | train_loss=0.1745 train_AP=0.6909 | val_loss=0.2637 val_AP=0.6074
Epoch 419/1000 [19.0s mem=603MB] | train_loss=0.1751 train_AP=0.6898 | val_loss=0.2674 val_AP=0.6036
Epoch 420/1000 [20.4s mem=602MB] | train_loss=0.1743 train_AP=0.6961 | val_loss=0.2515 val_AP=0.6108 | test_AP=0.5726
Epoch 421/1000 [19.8s mem=602MB] | train_loss=0.1739 train_AP=0.6955 | val_loss=0.2616 val_AP=0.6117
Epoch 422/1000 [19.6s mem=604MB] | train_loss=0.1742 train_AP=0.6960 | val_loss=0.2650 val_AP=0.6089
Epoch 423/1000 [19.7s mem=603MB] | train_loss=0.1748 train_AP=0.6926 | val_loss=0.2591 val_AP=0.6083
Epoch 424/1000 [19.3s mem=603MB] | train_loss=0.1740 train_AP=0.6927 | val_loss=0.2643 val_AP=0.6026
Epoch 425/1000 [20.2s mem=604MB] | train_loss=0.1739 train_AP=0.6955 | val_loss=0.2655 val_AP=0.6101
Epoch 426/1000 [19.5s mem=602MB] | train_loss=0.1737 train_AP=0.6943 | val_loss=0.2657 val_AP=0.6083
Epoch 427/1000 [19.6s mem=601MB] | train_loss=0.1739 train_AP=0.6907 | val_loss=0.2621 val_AP=0.6059
Epoch 428/1000 [19.2s mem=602MB] | train_loss=0.1735 train_AP=0.6942 | val_loss=0.2633 val_AP=0.6116
Epoch 429/1000 [19.7s mem=600MB] | train_loss=0.1736 train_AP=0.6956 | val_loss=0.2652 val_AP=0.6020
Epoch 430/1000 [20.0s mem=601MB] | train_loss=0.1731 train_AP=0.6932 | val_loss=0.2636 val_AP=0.6094 | test_AP=0.5641
Epoch 431/1000 [19.6s mem=603MB] | train_loss=0.1729 train_AP=0.6967 | val_loss=0.2698 val_AP=0.6039
Epoch 432/1000 [19.6s mem=606MB] | train_loss=0.1731 train_AP=0.6980 | val_loss=0.2576 val_AP=0.6041
Epoch 433/1000 [19.9s mem=601MB] | train_loss=0.1729 train_AP=0.6937 | val_loss=0.2620 val_AP=0.6084
Epoch 434/1000 [19.9s mem=602MB] | train_loss=0.1724 train_AP=0.6925 | val_loss=0.2635 val_AP=0.6060
Epoch 435/1000 [20.5s mem=601MB] | train_loss=0.1731 train_AP=0.6984 | val_loss=0.2623 val_AP=0.6016
Epoch 436/1000 [19.9s mem=603MB] | train_loss=0.1719 train_AP=0.6978 | val_loss=0.2588 val_AP=0.6105
Epoch 437/1000 [19.8s mem=601MB] | train_loss=0.1723 train_AP=0.6993 | val_loss=0.2567 val_AP=0.6093
Epoch 438/1000 [19.5s mem=602MB] | train_loss=0.1717 train_AP=0.7001 | val_loss=0.2604 val_AP=0.6062
Epoch 439/1000 [20.4s mem=603MB] | train_loss=0.1715 train_AP=0.6959 | val_loss=0.2572 val_AP=0.6100
Epoch 440/1000 [19.6s mem=603MB] | train_loss=0.1718 train_AP=0.6958 | val_loss=0.2597 val_AP=0.6081 | test_AP=0.5673
Epoch 441/1000 [19.1s mem=601MB] | train_loss=0.1720 train_AP=0.6987 | val_loss=0.2623 val_AP=0.6103
Epoch 442/1000 [19.9s mem=603MB] | train_loss=0.1728 train_AP=0.6990 | val_loss=0.2676 val_AP=0.6103
Epoch 443/1000 [19.6s mem=602MB] | train_loss=0.1701 train_AP=0.6994 | val_loss=0.2601 val_AP=0.6120
Epoch 444/1000 [19.5s mem=604MB] | train_loss=0.1717 train_AP=0.6994 | val_loss=0.2628 val_AP=0.6107
Epoch 445/1000 [19.0s mem=602MB] | train_loss=0.1713 train_AP=0.7007 | val_loss=0.2691 val_AP=0.6052
Epoch 446/1000 [20.2s mem=602MB] | train_loss=0.1712 train_AP=0.6997 | val_loss=0.2600 val_AP=0.6128
Epoch 447/1000 [19.6s mem=603MB] | train_loss=0.1714 train_AP=0.6991 | val_loss=0.2612 val_AP=0.6107
Epoch 448/1000 [19.5s mem=603MB] | train_loss=0.1704 train_AP=0.7023 | val_loss=0.2597 val_AP=0.6126
Epoch 449/1000 [19.9s mem=601MB] | train_loss=0.1701 train_AP=0.7039 | val_loss=0.2670 val_AP=0.6016
Epoch 450/1000 [20.1s mem=603MB] | train_loss=0.1702 train_AP=0.7034 | val_loss=0.2591 val_AP=0.6110 | test_AP=0.5702
Epoch 451/1000 [20.6s mem=602MB] | train_loss=0.1698 train_AP=0.7075 | val_loss=0.2606 val_AP=0.6035
Epoch 452/1000 [20.0s mem=604MB] | train_loss=0.1701 train_AP=0.7009 | val_loss=0.2560 val_AP=0.6138
  -> New best: val_loss=0.2374 val_AP=0.6138, saved
Epoch 453/1000 [20.0s mem=601MB] | train_loss=0.1708 train_AP=0.6997 | val_loss=0.2639 val_AP=0.6058
Epoch 454/1000 [19.8s mem=601MB] | train_loss=0.1681 train_AP=0.7097 | val_loss=0.2646 val_AP=0.6111
Epoch 455/1000 [19.6s mem=602MB] | train_loss=0.1702 train_AP=0.7028 | val_loss=0.2577 val_AP=0.6106
Epoch 456/1000 [19.9s mem=604MB] | train_loss=0.1697 train_AP=0.7059 | val_loss=0.2726 val_AP=0.6077
Epoch 457/1000 [20.1s mem=602MB] | train_loss=0.1705 train_AP=0.7015 | val_loss=0.2692 val_AP=0.6056
Epoch 458/1000 [19.4s mem=604MB] | train_loss=0.1693 train_AP=0.7063 | val_loss=0.2728 val_AP=0.6101
Epoch 459/1000 [20.1s mem=603MB] | train_loss=0.1700 train_AP=0.7023 | val_loss=0.2693 val_AP=0.6091
Epoch 460/1000 [19.2s mem=602MB] | train_loss=0.1688 train_AP=0.7028 | val_loss=0.2680 val_AP=0.6107 | test_AP=0.5663
Epoch 461/1000 [19.9s mem=601MB] | train_loss=0.1691 train_AP=0.7038 | val_loss=0.2679 val_AP=0.6114
Epoch 462/1000 [19.9s mem=602MB] | train_loss=0.1688 train_AP=0.7044 | val_loss=0.2745 val_AP=0.6062
Epoch 463/1000 [20.3s mem=603MB] | train_loss=0.1684 train_AP=0.7074 | val_loss=0.2681 val_AP=0.6140
  -> New best: val_loss=0.2374 val_AP=0.6140, saved
Epoch 464/1000 [20.9s mem=600MB] | train_loss=0.1682 train_AP=0.7069 | val_loss=0.2673 val_AP=0.6046
Epoch 465/1000 [19.7s mem=601MB] | train_loss=0.1683 train_AP=0.7066 | val_loss=0.2669 val_AP=0.6103
Epoch 466/1000 [19.5s mem=603MB] | train_loss=0.1683 train_AP=0.7073 | val_loss=0.2736 val_AP=0.6078
Epoch 467/1000 [19.5s mem=602MB] | train_loss=0.1685 train_AP=0.7031 | val_loss=0.2657 val_AP=0.6109
Epoch 468/1000 [19.4s mem=604MB] | train_loss=0.1679 train_AP=0.7056 | val_loss=0.2663 val_AP=0.6125
Epoch 469/1000 [19.1s mem=604MB] | train_loss=0.1680 train_AP=0.7076 | val_loss=0.2700 val_AP=0.6115
Epoch 470/1000 [19.2s mem=604MB] | train_loss=0.1679 train_AP=0.7067 | val_loss=0.2733 val_AP=0.6046 | test_AP=0.5638
Epoch 471/1000 [19.2s mem=603MB] | train_loss=0.1682 train_AP=0.7064 | val_loss=0.2785 val_AP=0.6096
Epoch 472/1000 [20.0s mem=601MB] | train_loss=0.1678 train_AP=0.7066 | val_loss=0.2642 val_AP=0.6146
  -> New best: val_loss=0.2374 val_AP=0.6146, saved
Epoch 473/1000 [19.7s mem=601MB] | train_loss=0.1673 train_AP=0.7101 | val_loss=0.2709 val_AP=0.6104
Epoch 474/1000 [19.9s mem=603MB] | train_loss=0.1675 train_AP=0.7093 | val_loss=0.2734 val_AP=0.6043
Epoch 475/1000 [20.1s mem=606MB] | train_loss=0.1677 train_AP=0.7100 | val_loss=0.2667 val_AP=0.6083
Epoch 476/1000 [19.8s mem=600MB] | train_loss=0.1675 train_AP=0.7114 | val_loss=0.2693 val_AP=0.6063
Epoch 477/1000 [20.0s mem=602MB] | train_loss=0.1667 train_AP=0.7102 | val_loss=0.2615 val_AP=0.6127
Epoch 478/1000 [19.9s mem=604MB] | train_loss=0.1672 train_AP=0.7109 | val_loss=0.2724 val_AP=0.6024
Epoch 479/1000 [19.6s mem=604MB] | train_loss=0.1665 train_AP=0.7088 | val_loss=0.2703 val_AP=0.6069
Epoch 480/1000 [19.5s mem=603MB] | train_loss=0.1670 train_AP=0.7090 | val_loss=0.2671 val_AP=0.6082 | test_AP=0.5703
Epoch 481/1000 [20.1s mem=604MB] | train_loss=0.1663 train_AP=0.7110 | val_loss=0.2683 val_AP=0.6125
Epoch 482/1000 [19.3s mem=601MB] | train_loss=0.1663 train_AP=0.7133 | val_loss=0.2703 val_AP=0.6074
Epoch 483/1000 [19.2s mem=601MB] | train_loss=0.1667 train_AP=0.7112 | val_loss=0.2694 val_AP=0.6107
Epoch 484/1000 [19.1s mem=601MB] | train_loss=0.1670 train_AP=0.7107 | val_loss=0.2658 val_AP=0.6126
Epoch 485/1000 [19.3s mem=601MB] | train_loss=0.1660 train_AP=0.7107 | val_loss=0.2705 val_AP=0.6092
Epoch 486/1000 [20.3s mem=601MB] | train_loss=0.1649 train_AP=0.7129 | val_loss=0.2689 val_AP=0.6069
Epoch 487/1000 [20.1s mem=601MB] | train_loss=0.1656 train_AP=0.7157 | val_loss=0.2729 val_AP=0.6089
Epoch 488/1000 [19.5s mem=602MB] | train_loss=0.1661 train_AP=0.7106 | val_loss=0.2628 val_AP=0.6109
Epoch 489/1000 [19.6s mem=602MB] | train_loss=0.1656 train_AP=0.7149 | val_loss=0.2713 val_AP=0.6116
Epoch 490/1000 [19.4s mem=602MB] | train_loss=0.1651 train_AP=0.7147 | val_loss=0.2682 val_AP=0.6144 | test_AP=0.5668
Epoch 491/1000 [19.4s mem=602MB] | train_loss=0.1664 train_AP=0.7116 | val_loss=0.2762 val_AP=0.6055
Epoch 492/1000 [19.9s mem=604MB] | train_loss=0.1648 train_AP=0.7127 | val_loss=0.2699 val_AP=0.6086
Epoch 493/1000 [19.3s mem=604MB] | train_loss=0.1640 train_AP=0.7168 | val_loss=0.2764 val_AP=0.6048
Epoch 494/1000 [19.2s mem=602MB] | train_loss=0.1643 train_AP=0.7159 | val_loss=0.2722 val_AP=0.6099
Epoch 495/1000 [19.6s mem=603MB] | train_loss=0.1649 train_AP=0.7142 | val_loss=0.2726 val_AP=0.6010
Epoch 496/1000 [19.6s mem=603MB] | train_loss=0.1640 train_AP=0.7163 | val_loss=0.2688 val_AP=0.6116
Epoch 497/1000 [18.8s mem=602MB] | train_loss=0.1639 train_AP=0.7177 | val_loss=0.2674 val_AP=0.6126
Epoch 498/1000 [19.4s mem=602MB] | train_loss=0.1640 train_AP=0.7165 | val_loss=0.2681 val_AP=0.6105
Epoch 499/1000 [19.5s mem=604MB] | train_loss=0.1644 train_AP=0.7148 | val_loss=0.2672 val_AP=0.6046
Epoch 500/1000 [18.7s mem=601MB] | train_loss=0.1642 train_AP=0.7177 | val_loss=0.2719 val_AP=0.6119 | test_AP=0.5720
Epoch 501/1000 [18.9s mem=602MB] | train_loss=0.1642 train_AP=0.7171 | val_loss=0.2688 val_AP=0.6113
Epoch 502/1000 [19.6s mem=604MB] | train_loss=0.1645 train_AP=0.7164 | val_loss=0.2655 val_AP=0.6129
Epoch 503/1000 [19.2s mem=604MB] | train_loss=0.1632 train_AP=0.7200 | val_loss=0.2703 val_AP=0.6120
Epoch 504/1000 [20.2s mem=603MB] | train_loss=0.1640 train_AP=0.7159 | val_loss=0.2695 val_AP=0.6100
Epoch 505/1000 [19.2s mem=601MB] | train_loss=0.1628 train_AP=0.7200 | val_loss=0.2684 val_AP=0.6108
Epoch 506/1000 [20.1s mem=600MB] | train_loss=0.1633 train_AP=0.7174 | val_loss=0.2681 val_AP=0.6134
Epoch 507/1000 [19.6s mem=602MB] | train_loss=0.1636 train_AP=0.7193 | val_loss=0.2675 val_AP=0.6106
Epoch 508/1000 [19.9s mem=602MB] | train_loss=0.1640 train_AP=0.7162 | val_loss=0.2725 val_AP=0.6051
Epoch 509/1000 [19.8s mem=601MB] | train_loss=0.1632 train_AP=0.7177 | val_loss=0.2766 val_AP=0.6104
Epoch 510/1000 [19.8s mem=602MB] | train_loss=0.1627 train_AP=0.7206 | val_loss=0.2824 val_AP=0.6111 | test_AP=0.5680
Epoch 511/1000 [19.7s mem=603MB] | train_loss=0.1633 train_AP=0.7166 | val_loss=0.2680 val_AP=0.6092
Epoch 512/1000 [20.0s mem=604MB] | train_loss=0.1625 train_AP=0.7189 | val_loss=0.2759 val_AP=0.6117
Epoch 513/1000 [20.1s mem=603MB] | train_loss=0.1622 train_AP=0.7201 | val_loss=0.2697 val_AP=0.6123
Epoch 514/1000 [20.4s mem=603MB] | train_loss=0.1628 train_AP=0.7193 | val_loss=0.2673 val_AP=0.6146
  -> New best: val_loss=0.2374 val_AP=0.6146, saved
Epoch 515/1000 [20.2s mem=603MB] | train_loss=0.1615 train_AP=0.7212 | val_loss=0.2696 val_AP=0.6128
Epoch 516/1000 [19.3s mem=601MB] | train_loss=0.1620 train_AP=0.7213 | val_loss=0.2814 val_AP=0.6080
Epoch 517/1000 [19.8s mem=602MB] | train_loss=0.1624 train_AP=0.7194 | val_loss=0.2769 val_AP=0.6074
Epoch 518/1000 [19.9s mem=602MB] | train_loss=0.1628 train_AP=0.7207 | val_loss=0.2731 val_AP=0.6044
Epoch 519/1000 [20.6s mem=601MB] | train_loss=0.1623 train_AP=0.7231 | val_loss=0.2729 val_AP=0.6121
Epoch 520/1000 [20.3s mem=600MB] | train_loss=0.1618 train_AP=0.7220 | val_loss=0.2730 val_AP=0.6091 | test_AP=0.5695
Epoch 521/1000 [20.3s mem=602MB] | train_loss=0.1624 train_AP=0.7191 | val_loss=0.2736 val_AP=0.6098
Epoch 522/1000 [20.6s mem=601MB] | train_loss=0.1615 train_AP=0.7237 | val_loss=0.2721 val_AP=0.6142
Epoch 523/1000 [19.4s mem=601MB] | train_loss=0.1614 train_AP=0.7243 | val_loss=0.2741 val_AP=0.6096
Epoch 524/1000 [19.1s mem=604MB] | train_loss=0.1619 train_AP=0.7251 | val_loss=0.2723 val_AP=0.6096
Epoch 525/1000 [19.9s mem=603MB] | train_loss=0.1602 train_AP=0.7282 | val_loss=0.2688 val_AP=0.6144
Epoch 526/1000 [19.5s mem=602MB] | train_loss=0.1609 train_AP=0.7254 | val_loss=0.2735 val_AP=0.6130
Epoch 527/1000 [20.6s mem=603MB] | train_loss=0.1621 train_AP=0.7200 | val_loss=0.2788 val_AP=0.6136
Epoch 528/1000 [19.9s mem=603MB] | train_loss=0.1612 train_AP=0.7244 | val_loss=0.2780 val_AP=0.6100
Epoch 529/1000 [19.1s mem=603MB] | train_loss=0.1611 train_AP=0.7231 | val_loss=0.2862 val_AP=0.6127
Epoch 530/1000 [19.1s mem=605MB] | train_loss=0.1602 train_AP=0.7275 | val_loss=0.2670 val_AP=0.6139 | test_AP=0.5762
Epoch 531/1000 [20.0s mem=601MB] | train_loss=0.1604 train_AP=0.7283 | val_loss=0.2738 val_AP=0.6091
Epoch 532/1000 [19.7s mem=602MB] | train_loss=0.1604 train_AP=0.7277 | val_loss=0.3013 val_AP=0.5968
Epoch 533/1000 [19.9s mem=600MB] | train_loss=0.1606 train_AP=0.7245 | val_loss=0.2763 val_AP=0.6083
Epoch 534/1000 [19.3s mem=604MB] | train_loss=0.1608 train_AP=0.7229 | val_loss=0.2772 val_AP=0.6119
Epoch 535/1000 [20.2s mem=602MB] | train_loss=0.1605 train_AP=0.7238 | val_loss=0.2782 val_AP=0.6048
Epoch 536/1000 [19.7s mem=603MB] | train_loss=0.1598 train_AP=0.7253 | val_loss=0.2747 val_AP=0.6131
Epoch 537/1000 [19.2s mem=603MB] | train_loss=0.1602 train_AP=0.7279 | val_loss=0.2848 val_AP=0.6077
Epoch 538/1000 [19.1s mem=603MB] | train_loss=0.1604 train_AP=0.7269 | val_loss=0.2791 val_AP=0.6105
Epoch 539/1000 [19.8s mem=603MB] | train_loss=0.1599 train_AP=0.7275 | val_loss=0.2781 val_AP=0.6148
  -> New best: val_loss=0.2374 val_AP=0.6148, saved
Epoch 540/1000 [20.3s mem=602MB] | train_loss=0.1599 train_AP=0.7269 | val_loss=0.2777 val_AP=0.6133 | test_AP=0.5739
Epoch 541/1000 [19.9s mem=601MB] | train_loss=0.1597 train_AP=0.7266 | val_loss=0.2817 val_AP=0.6088
Epoch 542/1000 [19.0s mem=601MB] | train_loss=0.1588 train_AP=0.7288 | val_loss=0.2782 val_AP=0.6080
Epoch 543/1000 [20.0s mem=603MB] | train_loss=0.1595 train_AP=0.7295 | val_loss=0.2775 val_AP=0.6136
Epoch 544/1000 [19.6s mem=601MB] | train_loss=0.1591 train_AP=0.7274 | val_loss=0.2835 val_AP=0.6111
Epoch 545/1000 [19.0s mem=602MB] | train_loss=0.1588 train_AP=0.7317 | val_loss=0.2767 val_AP=0.6084
Epoch 546/1000 [19.8s mem=601MB] | train_loss=0.1590 train_AP=0.7283 | val_loss=0.2760 val_AP=0.6136
Epoch 547/1000 [19.7s mem=604MB] | train_loss=0.1593 train_AP=0.7314 | val_loss=0.2781 val_AP=0.6083
Epoch 548/1000 [19.6s mem=601MB] | train_loss=0.1596 train_AP=0.7253 | val_loss=0.2791 val_AP=0.6122
Epoch 549/1000 [20.0s mem=603MB] | train_loss=0.1581 train_AP=0.7300 | val_loss=0.2797 val_AP=0.6120
Epoch 550/1000 [19.7s mem=601MB] | train_loss=0.1587 train_AP=0.7316 | val_loss=0.2774 val_AP=0.6129 | test_AP=0.5754
Epoch 551/1000 [19.7s mem=602MB] | train_loss=0.1595 train_AP=0.7283 | val_loss=0.2791 val_AP=0.6089
Epoch 552/1000 [19.9s mem=602MB] | train_loss=0.1581 train_AP=0.7316 | val_loss=0.2815 val_AP=0.6126
Epoch 553/1000 [19.6s mem=603MB] | train_loss=0.1589 train_AP=0.7272 | val_loss=0.2782 val_AP=0.6089
Epoch 554/1000 [20.0s mem=603MB] | train_loss=0.1585 train_AP=0.7292 | val_loss=0.2828 val_AP=0.6095
Epoch 555/1000 [19.9s mem=604MB] | train_loss=0.1580 train_AP=0.7331 | val_loss=0.2795 val_AP=0.6074
Epoch 556/1000 [20.0s mem=602MB] | train_loss=0.1584 train_AP=0.7320 | val_loss=0.2776 val_AP=0.6110
Epoch 557/1000 [19.6s mem=602MB] | train_loss=0.1577 train_AP=0.7343 | val_loss=0.2807 val_AP=0.6122
Epoch 558/1000 [19.5s mem=603MB] | train_loss=0.1588 train_AP=0.7281 | val_loss=0.2879 val_AP=0.6109
Epoch 559/1000 [19.5s mem=604MB] | train_loss=0.1579 train_AP=0.7315 | val_loss=0.2795 val_AP=0.6111
Epoch 560/1000 [19.7s mem=604MB] | train_loss=0.1584 train_AP=0.7288 | val_loss=0.2771 val_AP=0.6154 | test_AP=0.5760
  -> New best: val_loss=0.2374 val_AP=0.6154, saved
Epoch 561/1000 [20.0s mem=603MB] | train_loss=0.1574 train_AP=0.7314 | val_loss=0.2744 val_AP=0.6151
Epoch 562/1000 [19.2s mem=601MB] | train_loss=0.1578 train_AP=0.7320 | val_loss=0.2814 val_AP=0.6105
Epoch 563/1000 [20.2s mem=602MB] | train_loss=0.1577 train_AP=0.7320 | val_loss=0.2841 val_AP=0.6064
Epoch 564/1000 [19.3s mem=604MB] | train_loss=0.1566 train_AP=0.7336 | val_loss=0.2842 val_AP=0.6109
Epoch 565/1000 [20.1s mem=604MB] | train_loss=0.1577 train_AP=0.7330 | val_loss=0.2839 val_AP=0.6119
Epoch 566/1000 [19.4s mem=602MB] | train_loss=0.1566 train_AP=0.7332 | val_loss=0.2786 val_AP=0.6093
Epoch 567/1000 [19.4s mem=604MB] | train_loss=0.1569 train_AP=0.7330 | val_loss=0.2782 val_AP=0.6082
Epoch 568/1000 [20.8s mem=601MB] | train_loss=0.1571 train_AP=0.7325 | val_loss=0.2800 val_AP=0.6154
Epoch 569/1000 [20.1s mem=604MB] | train_loss=0.1567 train_AP=0.7317 | val_loss=0.2802 val_AP=0.6112
Epoch 570/1000 [19.6s mem=604MB] | train_loss=0.1564 train_AP=0.7376 | val_loss=0.2800 val_AP=0.6135 | test_AP=0.5762
Epoch 571/1000 [19.5s mem=604MB] | train_loss=0.1566 train_AP=0.7364 | val_loss=0.2916 val_AP=0.6105
Epoch 572/1000 [20.1s mem=601MB] | train_loss=0.1573 train_AP=0.7337 | val_loss=0.2838 val_AP=0.6132
Epoch 573/1000 [20.1s mem=603MB] | train_loss=0.1565 train_AP=0.7344 | val_loss=0.2872 val_AP=0.6073
Epoch 574/1000 [19.8s mem=602MB] | train_loss=0.1573 train_AP=0.7340 | val_loss=0.2815 val_AP=0.6101
Epoch 575/1000 [19.5s mem=602MB] | train_loss=0.1562 train_AP=0.7374 | val_loss=0.2886 val_AP=0.6076
Epoch 576/1000 [19.9s mem=602MB] | train_loss=0.1561 train_AP=0.7342 | val_loss=0.2819 val_AP=0.6139
Epoch 577/1000 [20.0s mem=604MB] | train_loss=0.1565 train_AP=0.7342 | val_loss=0.2867 val_AP=0.6138
Epoch 578/1000 [20.1s mem=602MB] | train_loss=0.1574 train_AP=0.7390 | val_loss=0.2768 val_AP=0.6120
Epoch 579/1000 [19.5s mem=603MB] | train_loss=0.1567 train_AP=0.7348 | val_loss=0.2881 val_AP=0.6116
Epoch 580/1000 [19.9s mem=601MB] | train_loss=0.1559 train_AP=0.7393 | val_loss=0.2823 val_AP=0.6109 | test_AP=0.5764
Epoch 581/1000 [19.5s mem=607MB] | train_loss=0.1563 train_AP=0.7359 | val_loss=0.2815 val_AP=0.6138
Epoch 582/1000 [19.4s mem=603MB] | train_loss=0.1559 train_AP=0.7384 | val_loss=0.2883 val_AP=0.6132
Epoch 583/1000 [20.0s mem=606MB] | train_loss=0.1545 train_AP=0.7381 | val_loss=0.2824 val_AP=0.6129
Epoch 584/1000 [19.7s mem=605MB] | train_loss=0.1559 train_AP=0.7364 | val_loss=0.2849 val_AP=0.6125
Epoch 585/1000 [19.7s mem=601MB] | train_loss=0.1552 train_AP=0.7417 | val_loss=0.2838 val_AP=0.6135
Epoch 586/1000 [19.9s mem=605MB] | train_loss=0.1562 train_AP=0.7368 | val_loss=0.2860 val_AP=0.6125
Epoch 587/1000 [19.2s mem=602MB] | train_loss=0.1554 train_AP=0.7380 | val_loss=0.2791 val_AP=0.6102
Epoch 588/1000 [19.2s mem=603MB] | train_loss=0.1546 train_AP=0.7396 | val_loss=0.2826 val_AP=0.6113
Epoch 589/1000 [20.1s mem=602MB] | train_loss=0.1551 train_AP=0.7393 | val_loss=0.2784 val_AP=0.6108
Epoch 590/1000 [19.6s mem=602MB] | train_loss=0.1549 train_AP=0.7397 | val_loss=0.2852 val_AP=0.6139 | test_AP=0.5769
Epoch 591/1000 [19.5s mem=601MB] | train_loss=0.1553 train_AP=0.7383 | val_loss=0.2871 val_AP=0.6061
Epoch 592/1000 [19.7s mem=604MB] | train_loss=0.1547 train_AP=0.7383 | val_loss=0.2922 val_AP=0.6131
Epoch 593/1000 [19.8s mem=601MB] | train_loss=0.1545 train_AP=0.7395 | val_loss=0.2887 val_AP=0.6118
Epoch 594/1000 [19.9s mem=604MB] | train_loss=0.1548 train_AP=0.7371 | val_loss=0.2889 val_AP=0.6127
Epoch 595/1000 [19.8s mem=604MB] | train_loss=0.1553 train_AP=0.7358 | val_loss=0.2910 val_AP=0.6114
Epoch 596/1000 [19.7s mem=601MB] | train_loss=0.1547 train_AP=0.7364 | val_loss=0.2819 val_AP=0.6086
Epoch 597/1000 [19.6s mem=601MB] | train_loss=0.1544 train_AP=0.7403 | val_loss=0.2854 val_AP=0.6143
Epoch 598/1000 [19.5s mem=603MB] | train_loss=0.1554 train_AP=0.7375 | val_loss=0.2878 val_AP=0.6136
Epoch 599/1000 [20.1s mem=604MB] | train_loss=0.1555 train_AP=0.7350 | val_loss=0.2892 val_AP=0.6072
Epoch 600/1000 [19.1s mem=604MB] | train_loss=0.1546 train_AP=0.7370 | val_loss=0.2818 val_AP=0.6127 | test_AP=0.5748
Epoch 601/1000 [20.4s mem=604MB] | train_loss=0.1550 train_AP=0.7375 | val_loss=0.2806 val_AP=0.6130
Epoch 602/1000 [20.2s mem=601MB] | train_loss=0.1543 train_AP=0.7375 | val_loss=0.2904 val_AP=0.6158
  -> New best: val_loss=0.2374 val_AP=0.6158, saved
Epoch 603/1000 [19.4s mem=604MB] | train_loss=0.1532 train_AP=0.7416 | val_loss=0.2905 val_AP=0.6068
Epoch 604/1000 [20.0s mem=604MB] | train_loss=0.1534 train_AP=0.7377 | val_loss=0.2887 val_AP=0.6108
Epoch 605/1000 [20.1s mem=602MB] | train_loss=0.1538 train_AP=0.7428 | val_loss=0.2867 val_AP=0.6158
Epoch 606/1000 [19.9s mem=602MB] | train_loss=0.1533 train_AP=0.7436 | val_loss=0.2883 val_AP=0.6152
Epoch 607/1000 [19.4s mem=604MB] | train_loss=0.1538 train_AP=0.7365 | val_loss=0.2878 val_AP=0.6105
Epoch 608/1000 [19.7s mem=602MB] | train_loss=0.1530 train_AP=0.7436 | val_loss=0.2917 val_AP=0.6140
Epoch 609/1000 [19.2s mem=603MB] | train_loss=0.1536 train_AP=0.7410 | val_loss=0.2893 val_AP=0.6114
Epoch 610/1000 [20.4s mem=603MB] | train_loss=0.1535 train_AP=0.7454 | val_loss=0.2879 val_AP=0.6124 | test_AP=0.5749
Epoch 611/1000 [19.8s mem=602MB] | train_loss=0.1537 train_AP=0.7405 | val_loss=0.2846 val_AP=0.6148
Epoch 612/1000 [19.8s mem=601MB] | train_loss=0.1528 train_AP=0.7435 | val_loss=0.2912 val_AP=0.6126
Epoch 613/1000 [19.1s mem=602MB] | train_loss=0.1537 train_AP=0.7430 | val_loss=0.2935 val_AP=0.6129
Epoch 614/1000 [19.3s mem=604MB] | train_loss=0.1536 train_AP=0.7416 | val_loss=0.2924 val_AP=0.6102
Epoch 615/1000 [20.5s mem=602MB] | train_loss=0.1540 train_AP=0.7400 | val_loss=0.2840 val_AP=0.6131
Epoch 616/1000 [19.2s mem=602MB] | train_loss=0.1531 train_AP=0.7445 | val_loss=0.2921 val_AP=0.6099
Epoch 617/1000 [19.5s mem=601MB] | train_loss=0.1533 train_AP=0.7432 | val_loss=0.2905 val_AP=0.6108
Epoch 618/1000 [19.7s mem=602MB] | train_loss=0.1534 train_AP=0.7409 | val_loss=0.2921 val_AP=0.6052
Epoch 619/1000 [19.4s mem=604MB] | train_loss=0.1530 train_AP=0.7439 | val_loss=0.2928 val_AP=0.6103
Epoch 620/1000 [19.4s mem=603MB] | train_loss=0.1530 train_AP=0.7413 | val_loss=0.2888 val_AP=0.6082 | test_AP=0.5766
Epoch 621/1000 [19.8s mem=605MB] | train_loss=0.1519 train_AP=0.7463 | val_loss=0.2874 val_AP=0.6099
Epoch 622/1000 [20.1s mem=604MB] | train_loss=0.1523 train_AP=0.7419 | val_loss=0.2934 val_AP=0.6058
Epoch 623/1000 [19.3s mem=603MB] | train_loss=0.1526 train_AP=0.7450 | val_loss=0.2930 val_AP=0.6135
Epoch 624/1000 [19.8s mem=601MB] | train_loss=0.1528 train_AP=0.7429 | val_loss=0.2925 val_AP=0.6107
Epoch 625/1000 [19.9s mem=604MB] | train_loss=0.1511 train_AP=0.7461 | val_loss=0.2937 val_AP=0.6099
Epoch 626/1000 [19.9s mem=601MB] | train_loss=0.1521 train_AP=0.7442 | val_loss=0.2888 val_AP=0.6109
Epoch 627/1000 [20.4s mem=604MB] | train_loss=0.1513 train_AP=0.7495 | val_loss=0.2872 val_AP=0.6153
Epoch 628/1000 [19.5s mem=604MB] | train_loss=0.1522 train_AP=0.7459 | val_loss=0.2910 val_AP=0.6134
Epoch 629/1000 [19.8s mem=600MB] | train_loss=0.1522 train_AP=0.7407 | val_loss=0.2983 val_AP=0.6105
Epoch 630/1000 [20.2s mem=604MB] | train_loss=0.1515 train_AP=0.7427 | val_loss=0.2944 val_AP=0.6110 | test_AP=0.5791
Epoch 631/1000 [19.7s mem=604MB] | train_loss=0.1514 train_AP=0.7459 | val_loss=0.2894 val_AP=0.6138
Epoch 632/1000 [19.7s mem=601MB] | train_loss=0.1509 train_AP=0.7465 | val_loss=0.2894 val_AP=0.6133
Epoch 633/1000 [20.1s mem=601MB] | train_loss=0.1522 train_AP=0.7441 | val_loss=0.2984 val_AP=0.6074
Epoch 634/1000 [20.6s mem=604MB] | train_loss=0.1524 train_AP=0.7414 | val_loss=0.2895 val_AP=0.6086
Epoch 635/1000 [20.8s mem=601MB] | train_loss=0.1516 train_AP=0.7474 | val_loss=0.2948 val_AP=0.6069
Epoch 636/1000 [19.9s mem=602MB] | train_loss=0.1517 train_AP=0.7448 | val_loss=0.2938 val_AP=0.6075
Epoch 637/1000 [19.5s mem=601MB] | train_loss=0.1516 train_AP=0.7483 | val_loss=0.2890 val_AP=0.6075
Epoch 638/1000 [20.2s mem=603MB] | train_loss=0.1512 train_AP=0.7482 | val_loss=0.2937 val_AP=0.6079
Epoch 639/1000 [19.3s mem=602MB] | train_loss=0.1509 train_AP=0.7509 | val_loss=0.2940 val_AP=0.6097
Epoch 640/1000 [19.6s mem=603MB] | train_loss=0.1515 train_AP=0.7454 | val_loss=0.2892 val_AP=0.6106 | test_AP=0.5764
Epoch 641/1000 [19.7s mem=602MB] | train_loss=0.1511 train_AP=0.7478 | val_loss=0.2942 val_AP=0.6079
Epoch 642/1000 [20.1s mem=606MB] | train_loss=0.1521 train_AP=0.7460 | val_loss=0.2902 val_AP=0.6137
Epoch 643/1000 [19.6s mem=602MB] | train_loss=0.1509 train_AP=0.7492 | val_loss=0.3006 val_AP=0.6100
Epoch 644/1000 [19.4s mem=603MB] | train_loss=0.1507 train_AP=0.7471 | val_loss=0.2908 val_AP=0.6107
Epoch 645/1000 [20.1s mem=602MB] | train_loss=0.1517 train_AP=0.7464 | val_loss=0.2939 val_AP=0.6106
Epoch 646/1000 [19.3s mem=601MB] | train_loss=0.1501 train_AP=0.7467 | val_loss=0.2939 val_AP=0.6144
Epoch 647/1000 [19.7s mem=601MB] | train_loss=0.1499 train_AP=0.7490 | val_loss=0.2919 val_AP=0.6117
Epoch 648/1000 [19.8s mem=601MB] | train_loss=0.1504 train_AP=0.7498 | val_loss=0.2915 val_AP=0.6113
Epoch 649/1000 [19.1s mem=604MB] | train_loss=0.1520 train_AP=0.7458 | val_loss=0.2891 val_AP=0.6150
Epoch 650/1000 [20.4s mem=602MB] | train_loss=0.1501 train_AP=0.7518 | val_loss=0.2934 val_AP=0.6153 | test_AP=0.5796
Epoch 651/1000 [20.2s mem=603MB] | train_loss=0.1498 train_AP=0.7486 | val_loss=0.2899 val_AP=0.6077
Epoch 652/1000 [19.3s mem=601MB] | train_loss=0.1500 train_AP=0.7504 | val_loss=0.2906 val_AP=0.6149
Early stopping at epoch 652. Best val_loss=0.2374 val_AP=0.6158 at epoch 602.
Pretrain done. Best val_loss=0.2374 val_AP=0.6158 at epoch 602.
{'phase': 'extract', 'model_path': 'checkpoints_attn_distill_8/pretrain_best.pt', 'save_dir': 'checkpoints_attn_distill_8', 'hidden_dim': 96, 'num_layers': 1, 'num_heads': 8, 'output_dim': 10, 'dropout': 0.1, 's1_lr': 3e-05, 's1_weight_decay': 0.0003, 's1_max_epochs': 300, 's1_patience': 50, 's1_grad_clip': 1.0, 'warmup_ratio': 0.05, 'lr_min': 1e-07, 'num_cross_layers': 1, 'use_proxy_self_attn': False, 'num_proxies': 64, 'proxy_lr': 0.01, 'proxy_opt_steps': 2000, 'proxy_mmd_lambda': 100.0, 'extract_rel_threshold': 0.1, 'proxy_init_jitter': 0.5, 'distill_weight': 1.0, 'temperature': 1.0, 'distill_loss_threshold': 0.5, 'distill_layers': 'all', 'lr': 5e-05, 'weight_decay': 0.0001, 'max_epochs': 200, 'patience': 30, 'grad_clip': 1.0, 'batch_size': 16, 'num_workers': 4, 'device': 'cuda'}
Unknown args =  ['--backbone', 'hybrid', '--num_gred_layers', '8', '--num_transformer_layers', '1', '--no-use_lap_pe', '--mse_weight', '0.1']
============================================================
Phase 1: Extract Attention Targets
  model_path=checkpoints_attn_distill_8/pretrain_best.pt
  proxy_opt_steps=2000
  num_proxies=64
  proxy_mmd_lambda=100.0
  num_cross_layers=1
  use_proxy_self_attn=False
  distill_layers=all
============================================================
  Loaded 50 pretrained keys, cross-attn layers randomly initialized
  Extracting attention from layers: [0]
  [1/680] 16 graphs | base_loss=0.1962 opt_loss=0.0296 ratio=0.1506 mmd=0.183438 avg_steps=2000.0 conv=81.25%
  [10/680] 160 graphs | base_loss=0.1609 opt_loss=0.0078 ratio=0.0483 mmd=0.143435 avg_steps=2000.0 conv=71.88%
  [20/680] 320 graphs | base_loss=0.1766 opt_loss=0.0063 ratio=0.0357 mmd=0.150818 avg_steps=2000.0 conv=72.19%
  [30/680] 480 graphs | base_loss=0.1710 opt_loss=0.0060 ratio=0.0350 mmd=0.153626 avg_steps=2000.0 conv=70.83%
  [40/680] 640 graphs | base_loss=0.1736 opt_loss=0.0063 ratio=0.0365 mmd=0.151376 avg_steps=2000.0 conv=71.25%
  [50/680] 800 graphs | base_loss=0.1758 opt_loss=0.0066 ratio=0.0373 mmd=0.150147 avg_steps=2000.0 conv=71.12%
{'phase': 'extract', 'model_path': 'checkpoints_attn_distill_8/pretrain_best.pt', 'save_dir': 'checkpoints_attn_distill_8', 'hidden_dim': 96, 'num_layers': 1, 'num_heads': 8, 'output_dim': 10, 'dropout': 0.1, 's1_lr': 3e-05, 's1_weight_decay': 0.0003, 's1_max_epochs': 300, 's1_patience': 50, 's1_grad_clip': 1.0, 'warmup_ratio': 0.05, 'lr_min': 1e-07, 'num_cross_layers': 1, 'use_proxy_self_attn': False, 'num_proxies': 128, 'proxy_lr': 0.01, 'proxy_opt_steps': 3000, 'proxy_mmd_lambda': 100.0, 'extract_rel_threshold': 0.1, 'proxy_init_jitter': 0.5, 'distill_weight': 1.0, 'temperature': 1.0, 'distill_loss_threshold': 0.5, 'distill_layers': 'all', 'lr': 5e-05, 'weight_decay': 0.0001, 'max_epochs': 200, 'patience': 30, 'grad_clip': 1.0, 'batch_size': 256, 'num_workers': 4, 'device': 'cuda'}
Unknown args =  ['--backbone', 'hybrid', '--num_gred_layers', '8', '--num_transformer_layers', '1', '--no-use_lap_pe', '--mse_weight', '0.2']
============================================================
Phase 1: Extract Attention Targets
  model_path=checkpoints_attn_distill_8/pretrain_best.pt
  proxy_opt_steps=3000
  num_proxies=128
  proxy_mmd_lambda=100.0
  num_cross_layers=1
  use_proxy_self_attn=False
  distill_layers=all
============================================================
  Loaded 50 pretrained keys, cross-attn layers randomly initialized
  Extracting attention from layers: [0]
{'phase': 'extract', 'model_path': 'checkpoints_attn_distill_8/pretrain_best.pt', 'save_dir': 'checkpoints_attn_distill_8', 'hidden_dim': 96, 'num_layers': 1, 'num_heads': 8, 'output_dim': 10, 'dropout': 0.1, 's1_lr': 3e-05, 's1_weight_decay': 0.0003, 's1_max_epochs': 300, 's1_patience': 50, 's1_grad_clip': 1.0, 'warmup_ratio': 0.05, 'lr_min': 1e-07, 'num_cross_layers': 1, 'use_proxy_self_attn': False, 'num_proxies': 128, 'proxy_lr': 0.01, 'proxy_opt_steps': 3000, 'proxy_mmd_lambda': 100.0, 'extract_rel_threshold': 0.1, 'proxy_init_jitter': 0.5, 'distill_weight': 1.0, 'temperature': 1.0, 'distill_loss_threshold': 0.5, 'distill_layers': 'all', 'lr': 5e-05, 'weight_decay': 0.0001, 'max_epochs': 200, 'patience': 30, 'grad_clip': 1.0, 'batch_size': 512, 'num_workers': 4, 'device': 'cuda'}
Unknown args =  ['--backbone', 'hybrid', '--num_gred_layers', '8', '--num_transformer_layers', '1', '--no-use_lap_pe', '--mse_weight', '0.2']
============================================================
Phase 1: Extract Attention Targets
  model_path=checkpoints_attn_distill_8/pretrain_best.pt
  proxy_opt_steps=3000
  num_proxies=128
  proxy_mmd_lambda=100.0
  num_cross_layers=1
  use_proxy_self_attn=False
  distill_layers=all
============================================================
  Loaded 50 pretrained keys, cross-attn layers randomly initialized
  Extracting attention from layers: [0]
  [1/22] 512 graphs | base_loss=0.1710 opt_loss=0.0054 ratio=0.0313 mmd=0.042444 avg_steps=3000.0 conv=74.61%
  [10/22] 5120 graphs | base_loss=0.1657 opt_loss=0.0044 ratio=0.0263 mmd=0.047131 avg_steps=3000.0 conv=75.39%
  [20/22] 10240 graphs | base_loss=0.1623 opt_loss=0.0044 ratio=0.0271 mmd=0.046931 avg_steps=3000.0 conv=74.93%

Extraction done. 10873 graphs saved to checkpoints_attn_distill_8/attn_targets.pkl
  Avg base_loss=0.1631  opt_loss=0.0044  ratio=0.0271
  Avg proxy steps/batch=3000.0  converged=75.10% (target: opt < 0.1 * base)
  opt/base ratio histogram (per-sample, 10873 samples):
    [0.00, 0.01):   4153  (38.20%)
    [0.01, 0.05):   3076  (28.29%)
    [0.05, 0.10):    946  ( 8.70%)
    [0.10, 0.25):    920  ( 8.46%)
    [0.25, 0.50):    497  ( 4.57%)
    [0.50, 0.75):    192  ( 1.77%)
    [0.75, 1.00):    130  ( 1.20%)
    [1.00, 1.50):    959  ( 8.82%)
    [1.50, inf):      0  ( 0.00%)
  ratio stats: mean=0.1531  median=0.0195  p90=0.7539

Sanity check: attention difference (teacher vs vanilla)...
  Mean |teacher_attn - vanilla_attn|: 0.002695
  Good: attention patterns are meaningfully different.
{'phase': 'train', 'model_path': 'checkpoints_attn_distill_8/pretrain_best.pt', 'save_dir': 'checkpoints_attn_distill_8', 'hidden_dim': 96, 'num_layers': 1, 'num_heads': 8, 'output_dim': 10, 'dropout': 0.1, 's1_lr': 3e-05, 's1_weight_decay': 0.0003, 's1_max_epochs': 300, 's1_patience': 50, 's1_grad_clip': 1.0, 'warmup_ratio': 0.05, 'lr_min': 1e-07, 'num_cross_layers': 1, 'use_proxy_self_attn': False, 'num_proxies': 64, 'proxy_lr': 0.01, 'proxy_opt_steps': 5000, 'proxy_mmd_lambda': 100.0, 'extract_rel_threshold': 0.1, 'proxy_init_jitter': 0.5, 'distill_weight': 10.0, 'temperature': 1.0, 'distill_loss_threshold': 0.5, 'distill_layers': 'all', 'lr': 5e-05, 'weight_decay': 0.0001, 'max_epochs': 1500, 'patience': 100, 'grad_clip': 1.0, 'batch_size': 16, 'num_workers': 4, 'device': 'cuda'}
Unknown args =  ['--backbone', 'hybrid', '--num_gred_layers', '8', '--num_transformer_layers', '1', '--no-use_lap_pe', '--mse_weight', '0.2']
============================================================
Phase 2: Train with Attention Distillation
  distill_weight=10.0
  temperature=1.0
  distill_layers=[0]
  targets from: checkpoints_attn_distill_8/attn_targets.pkl
============================================================
  AttnTargetDataset: 10873 graphs with targets

Baseline (pretrained, no distillation):
  val_AP=0.6158  test_AP=0.5760
  Student trainable params: 329,290
Epoch   1/1500 [41.1s] | task=0.1597 distill=0.1135 (thresh=0.5) | train_AP=0.7337 val_AP=0.6052 test_AP=0.5818
  -> New best val_AP=0.6052 (test=0.5818)
Epoch   2/1500 [40.5s] | task=0.1594 distill=0.1130 (thresh=0.5) | train_AP=0.7331 val_AP=0.6027 test_AP=0.5830
Epoch   3/1500 [40.9s] | task=0.1589 distill=0.1154 (thresh=0.5) | train_AP=0.7324 val_AP=0.6096 test_AP=0.5831
  -> New best val_AP=0.6096 (test=0.5831)
Epoch   4/1500 [41.0s] | task=0.1583 distill=0.1151 (thresh=0.5) | train_AP=0.7370 val_AP=0.6107 test_AP=0.5758
  -> New best val_AP=0.6107 (test=0.5758)
Epoch   5/1500 [41.0s] | task=0.1555 distill=0.1139 (thresh=0.5) | train_AP=0.7412 val_AP=0.5867 test_AP=0.5595
Epoch   6/1500 [41.4s] | task=0.1570 distill=0.1127 (thresh=0.5) | train_AP=0.7387 val_AP=0.6127 test_AP=0.5828
  -> New best val_AP=0.6127 (test=0.5828)
Epoch   7/1500 [41.3s] | task=0.1560 distill=0.1132 (thresh=0.5) | train_AP=0.7413 val_AP=0.6105 test_AP=0.5869
Epoch   8/1500 [41.9s] | task=0.1553 distill=0.1126 (thresh=0.5) | train_AP=0.7444 val_AP=0.6133 test_AP=0.5774
  -> New best val_AP=0.6133 (test=0.5774)
Epoch   9/1500 [41.8s] | task=0.1558 distill=0.1129 (thresh=0.5) | train_AP=0.7373 val_AP=0.6094 test_AP=0.5826
Epoch  10/1500 [41.2s] | task=0.1551 distill=0.1149 (thresh=0.5) | train_AP=0.7431 val_AP=0.6142 test_AP=0.5757
  -> New best val_AP=0.6142 (test=0.5757)
Epoch  11/1500 [41.5s] | task=0.1545 distill=0.1157 (thresh=0.5) | train_AP=0.7414 val_AP=0.6096 test_AP=0.5861
Epoch  12/1500 [41.4s] | task=0.1538 distill=0.1152 (thresh=0.5) | train_AP=0.7444 val_AP=0.6166 test_AP=0.5824
  -> New best val_AP=0.6166 (test=0.5824)
Epoch  13/1500 [41.6s] | task=0.1540 distill=0.1145 (thresh=0.5) | train_AP=0.7446 val_AP=0.6085 test_AP=0.5822
Epoch  14/1500 [41.7s] | task=0.1532 distill=0.1123 (thresh=0.5) | train_AP=0.7450 val_AP=0.6138 test_AP=0.5802
Epoch  15/1500 [40.5s] | task=0.1528 distill=0.1172 (thresh=0.5) | train_AP=0.7465 val_AP=0.6196 test_AP=0.5852
  -> New best val_AP=0.6196 (test=0.5852)
Epoch  16/1500 [42.5s] | task=0.1517 distill=0.1152 (thresh=0.5) | train_AP=0.7506 val_AP=0.6131 test_AP=0.5813
Epoch  17/1500 [43.7s] | task=0.1514 distill=0.1152 (thresh=0.5) | train_AP=0.7515 val_AP=0.6066 test_AP=0.5809
Epoch  18/1500 [42.7s] | task=0.1509 distill=0.1155 (thresh=0.5) | train_AP=0.7465 val_AP=0.6095 test_AP=0.5853
Epoch  19/1500 [42.3s] | task=0.1520 distill=0.1118 (thresh=0.5) | train_AP=0.7476 val_AP=0.6140 test_AP=0.5776
Epoch  20/1500 [42.1s] | task=0.1518 distill=0.1133 (thresh=0.5) | train_AP=0.7490 val_AP=0.6078 test_AP=0.5742
Epoch  21/1500 [41.4s] | task=0.1507 distill=0.1118 (thresh=0.5) | train_AP=0.7527 val_AP=0.6168 test_AP=0.5863
Epoch  22/1500 [41.4s] | task=0.1510 distill=0.1141 (thresh=0.5) | train_AP=0.7542 val_AP=0.6128 test_AP=0.5839
Epoch  23/1500 [39.5s] | task=0.1499 distill=0.1139 (thresh=0.5) | train_AP=0.7540 val_AP=0.6128 test_AP=0.5888
Epoch  24/1500 [41.5s] | task=0.1511 distill=0.1147 (thresh=0.5) | train_AP=0.7515 val_AP=0.6152 test_AP=0.5901
Epoch  25/1500 [41.9s] | task=0.1503 distill=0.1141 (thresh=0.5) | train_AP=0.7540 val_AP=0.6135 test_AP=0.5838
Epoch  26/1500 [41.0s] | task=0.1490 distill=0.1160 (thresh=0.5) | train_AP=0.7570 val_AP=0.6133 test_AP=0.5878
Epoch  27/1500 [41.2s] | task=0.1487 distill=0.1151 (thresh=0.5) | train_AP=0.7590 val_AP=0.6101 test_AP=0.5810
Epoch  28/1500 [39.3s] | task=0.1485 distill=0.1145 (thresh=0.5) | train_AP=0.7563 val_AP=0.6083 test_AP=0.5871
Epoch  29/1500 [36.7s] | task=0.1485 distill=0.1166 (thresh=0.5) | train_AP=0.7592 val_AP=0.6061 test_AP=0.5860
Epoch  30/1500 [35.9s] | task=0.1484 distill=0.1140 (thresh=0.5) | train_AP=0.7578 val_AP=0.6114 test_AP=0.5893
Epoch  31/1500 [32.9s] | task=0.1488 distill=0.1145 (thresh=0.5) | train_AP=0.7573 val_AP=0.6058 test_AP=0.5805
Epoch  32/1500 [36.4s] | task=0.1468 distill=0.1156 (thresh=0.5) | train_AP=0.7627 val_AP=0.6069 test_AP=0.5858
Epoch  33/1500 [36.1s] | task=0.1468 distill=0.1149 (thresh=0.5) | train_AP=0.7612 val_AP=0.6131 test_AP=0.5864
Epoch  34/1500 [35.7s] | task=0.1472 distill=0.1136 (thresh=0.5) | train_AP=0.7573 val_AP=0.6238 test_AP=0.5885
  -> New best val_AP=0.6238 (test=0.5885)
Epoch  35/1500 [37.0s] | task=0.1470 distill=0.1152 (thresh=0.5) | train_AP=0.7605 val_AP=0.6242 test_AP=0.5925
  -> New best val_AP=0.6242 (test=0.5925)
Epoch  36/1500 [36.2s] | task=0.1469 distill=0.1151 (thresh=0.5) | train_AP=0.7619 val_AP=0.6080 test_AP=0.5856
Epoch  37/1500 [34.9s] | task=0.1466 distill=0.1150 (thresh=0.5) | train_AP=0.7626 val_AP=0.6103 test_AP=0.5863
Epoch  38/1500 [35.2s] | task=0.1461 distill=0.1164 (thresh=0.5) | train_AP=0.7603 val_AP=0.6150 test_AP=0.5931
Epoch  39/1500 [34.9s] | task=0.1446 distill=0.1157 (thresh=0.5) | train_AP=0.7667 val_AP=0.6015 test_AP=0.5842
Epoch  40/1500 [35.2s] | task=0.1459 distill=0.1148 (thresh=0.5) | train_AP=0.7663 val_AP=0.6139 test_AP=0.5852
Epoch  41/1500 [35.3s] | task=0.1450 distill=0.1153 (thresh=0.5) | train_AP=0.7693 val_AP=0.6151 test_AP=0.5959
Epoch  42/1500 [34.5s] | task=0.1444 distill=0.1162 (thresh=0.5) | train_AP=0.7676 val_AP=0.6101 test_AP=0.5871
Epoch  43/1500 [35.4s] | task=0.1439 distill=0.1173 (thresh=0.5) | train_AP=0.7715 val_AP=0.6191 test_AP=0.5953
Epoch  44/1500 [34.2s] | task=0.1442 distill=0.1188 (thresh=0.5) | train_AP=0.7651 val_AP=0.6139 test_AP=0.5934
Epoch  45/1500 [34.4s] | task=0.1428 distill=0.1170 (thresh=0.5) | train_AP=0.7711 val_AP=0.6088 test_AP=0.5883
Epoch  46/1500 [41.0s] | task=0.1428 distill=0.1169 (thresh=0.5) | train_AP=0.7691 val_AP=0.6086 test_AP=0.5867
Epoch  47/1500 [42.0s] | task=0.1426 distill=0.1176 (thresh=0.5) | train_AP=0.7729 val_AP=0.6193 test_AP=0.6007
Epoch  48/1500 [42.3s] | task=0.1424 distill=0.1178 (thresh=0.5) | train_AP=0.7729 val_AP=0.6128 test_AP=0.5905
Epoch  49/1500 [42.0s] | task=0.1416 distill=0.1162 (thresh=0.5) | train_AP=0.7758 val_AP=0.6130 test_AP=0.5935
Epoch  50/1500 [42.1s] | task=0.1417 distill=0.1181 (thresh=0.5) | train_AP=0.7744 val_AP=0.6135 test_AP=0.5933
Epoch  51/1500 [42.3s] | task=0.1415 distill=0.1171 (thresh=0.5) | train_AP=0.7716 val_AP=0.6164 test_AP=0.5958
Epoch  52/1500 [41.8s] | task=0.1411 distill=0.1172 (thresh=0.5) | train_AP=0.7745 val_AP=0.6153 test_AP=0.5996
Epoch  53/1500 [42.1s] | task=0.1392 distill=0.1169 (thresh=0.5) | train_AP=0.7784 val_AP=0.6091 test_AP=0.6008
Epoch  54/1500 [41.9s] | task=0.1400 distill=0.1172 (thresh=0.5) | train_AP=0.7787 val_AP=0.6115 test_AP=0.5848
Epoch  55/1500 [41.9s] | task=0.1402 distill=0.1162 (thresh=0.5) | train_AP=0.7731 val_AP=0.6071 test_AP=0.5938
Epoch  56/1500 [42.1s] | task=0.1396 distill=0.1166 (thresh=0.5) | train_AP=0.7788 val_AP=0.6167 test_AP=0.5986
Epoch  57/1500 [42.3s] | task=0.1396 distill=0.1162 (thresh=0.5) | train_AP=0.7806 val_AP=0.6137 test_AP=0.5939
Epoch  58/1500 [42.0s] | task=0.1386 distill=0.1159 (thresh=0.5) | train_AP=0.7826 val_AP=0.6111 test_AP=0.5912
Epoch  59/1500 [42.0s] | task=0.1397 distill=0.1169 (thresh=0.5) | train_AP=0.7808 val_AP=0.6146 test_AP=0.5902
Epoch  60/1500 [41.7s] | task=0.1396 distill=0.1175 (thresh=0.5) | train_AP=0.7751 val_AP=0.6149 test_AP=0.5954
Epoch  61/1500 [42.0s] | task=0.1392 distill=0.1191 (thresh=0.5) | train_AP=0.7790 val_AP=0.6230 test_AP=0.6032
Epoch  62/1500 [39.8s] | task=0.1386 distill=0.1179 (thresh=0.5) | train_AP=0.7798 val_AP=0.6189 test_AP=0.5979
Epoch  63/1500 [39.0s] | task=0.1379 distill=0.1172 (thresh=0.5) | train_AP=0.7840 val_AP=0.6212 test_AP=0.5883
Epoch  64/1500 [42.2s] | task=0.1361 distill=0.1171 (thresh=0.5) | train_AP=0.7859 val_AP=0.6155 test_AP=0.5928
Epoch  65/1500 [42.3s] | task=0.1377 distill=0.1161 (thresh=0.5) | train_AP=0.7863 val_AP=0.6152 test_AP=0.5905
Epoch  66/1500 [41.7s] | task=0.1366 distill=0.1166 (thresh=0.5) | train_AP=0.7845 val_AP=0.6151 test_AP=0.5957
Epoch  67/1500 [41.9s] | task=0.1366 distill=0.1131 (thresh=0.5) | train_AP=0.7832 val_AP=0.6116 test_AP=0.5931
Epoch  68/1500 [42.0s] | task=0.1357 distill=0.1151 (thresh=0.5) | train_AP=0.7897 val_AP=0.6112 test_AP=0.5929
Epoch  69/1500 [42.2s] | task=0.1355 distill=0.1152 (thresh=0.5) | train_AP=0.7905 val_AP=0.6210 test_AP=0.5995
Epoch  70/1500 [42.2s] | task=0.1352 distill=0.1154 (thresh=0.5) | train_AP=0.7857 val_AP=0.6229 test_AP=0.5993
Epoch  71/1500 [42.2s] | task=0.1358 distill=0.1155 (thresh=0.5) | train_AP=0.7868 val_AP=0.6152 test_AP=0.5942
Epoch  72/1500 [42.2s] | task=0.1357 distill=0.1154 (thresh=0.5) | train_AP=0.7846 val_AP=0.6157 test_AP=0.5942
Epoch  73/1500 [42.2s] | task=0.1350 distill=0.1144 (thresh=0.5) | train_AP=0.7885 val_AP=0.6197 test_AP=0.6044
Epoch  74/1500 [42.2s] | task=0.1344 distill=0.1153 (thresh=0.5) | train_AP=0.7912 val_AP=0.6142 test_AP=0.5923
Epoch  75/1500 [42.7s] | task=0.1337 distill=0.1144 (thresh=0.5) | train_AP=0.7903 val_AP=0.6154 test_AP=0.5983
Epoch  76/1500 [42.4s] | task=0.1326 distill=0.1153 (thresh=0.5) | train_AP=0.7943 val_AP=0.6170 test_AP=0.6007
Epoch  77/1500 [43.1s] | task=0.1328 distill=0.1146 (thresh=0.5) | train_AP=0.7935 val_AP=0.6157 test_AP=0.5990
Epoch  78/1500 [42.2s] | task=0.1337 distill=0.1143 (thresh=0.5) | train_AP=0.7949 val_AP=0.6144 test_AP=0.5921
Epoch  79/1500 [42.6s] | task=0.1328 distill=0.1151 (thresh=0.5) | train_AP=0.7935 val_AP=0.6123 test_AP=0.5949
Epoch  80/1500 [42.4s] | task=0.1330 distill=0.1166 (thresh=0.5) | train_AP=0.7933 val_AP=0.6207 test_AP=0.6009
Epoch  81/1500 [42.8s] | task=0.1328 distill=0.1163 (thresh=0.5) | train_AP=0.7957 val_AP=0.6131 test_AP=0.5956
Epoch  82/1500 [42.5s] | task=0.1323 distill=0.1162 (thresh=0.5) | train_AP=0.7955 val_AP=0.6171 test_AP=0.5877
Epoch  83/1500 [42.7s] | task=0.1304 distill=0.1196 (thresh=0.5) | train_AP=0.7987 val_AP=0.6041 test_AP=0.5930
Epoch  84/1500 [42.5s] | task=0.1306 distill=0.1160 (thresh=0.5) | train_AP=0.8001 val_AP=0.6153 test_AP=0.5942
Epoch  85/1500 [43.1s] | task=0.1318 distill=0.1164 (thresh=0.5) | train_AP=0.7957 val_AP=0.6216 test_AP=0.5990
Epoch  86/1500 [32.9s] | task=0.1305 distill=0.1162 (thresh=0.5) | train_AP=0.7986 val_AP=0.6156 test_AP=0.6018
Epoch  87/1500 [42.7s] | task=0.1318 distill=0.1148 (thresh=0.5) | train_AP=0.7946 val_AP=0.6182 test_AP=0.5972
Epoch  88/1500 [41.9s] | task=0.1306 distill=0.1161 (thresh=0.5) | train_AP=0.7990 val_AP=0.6122 test_AP=0.5986
Epoch  89/1500 [42.0s] | task=0.1299 distill=0.1163 (thresh=0.5) | train_AP=0.7977 val_AP=0.6095 test_AP=0.6015
Epoch  90/1500 [42.4s] | task=0.1305 distill=0.1163 (thresh=0.5) | train_AP=0.8001 val_AP=0.6171 test_AP=0.6032
Epoch  91/1500 [41.9s] | task=0.1305 distill=0.1166 (thresh=0.5) | train_AP=0.7980 val_AP=0.6045 test_AP=0.5903
Epoch  92/1500 [42.1s] | task=0.1286 distill=0.1166 (thresh=0.5) | train_AP=0.8034 val_AP=0.6217 test_AP=0.6033
Epoch  93/1500 [42.1s] | task=0.1301 distill=0.1167 (thresh=0.5) | train_AP=0.8009 val_AP=0.6165 test_AP=0.6022
Epoch  94/1500 [42.0s] | task=0.1293 distill=0.1156 (thresh=0.5) | train_AP=0.7997 val_AP=0.6126 test_AP=0.6008
Epoch  95/1500 [42.2s] | task=0.1291 distill=0.1174 (thresh=0.5) | train_AP=0.7985 val_AP=0.6221 test_AP=0.6028
Epoch  96/1500 [42.3s] | task=0.1286 distill=0.1172 (thresh=0.5) | train_AP=0.8040 val_AP=0.6195 test_AP=0.5994
Epoch  97/1500 [42.1s] | task=0.1269 distill=0.1167 (thresh=0.5) | train_AP=0.8039 val_AP=0.6066 test_AP=0.5983
Epoch  98/1500 [42.1s] | task=0.1272 distill=0.1177 (thresh=0.5) | train_AP=0.8092 val_AP=0.6049 test_AP=0.5969
Epoch  99/1500 [41.9s] | task=0.1271 distill=0.1192 (thresh=0.5) | train_AP=0.8067 val_AP=0.6119 test_AP=0.6010
Epoch 100/1500 [41.9s] | task=0.1264 distill=0.1208 (thresh=0.5) | train_AP=0.8094 val_AP=0.6032 test_AP=0.5938
Epoch 101/1500 [42.3s] | task=0.1275 distill=0.1183 (thresh=0.5) | train_AP=0.8041 val_AP=0.6198 test_AP=0.6040
Epoch 102/1500 [42.1s] | task=0.1264 distill=0.1184 (thresh=0.5) | train_AP=0.8054 val_AP=0.6164 test_AP=0.6033
Epoch 103/1500 [42.4s] | task=0.1254 distill=0.1173 (thresh=0.5) | train_AP=0.8106 val_AP=0.6140 test_AP=0.6039
Epoch 104/1500 [42.2s] | task=0.1261 distill=0.1187 (thresh=0.5) | train_AP=0.8108 val_AP=0.6091 test_AP=0.5992
Epoch 105/1500 [41.8s] | task=0.1261 distill=0.1171 (thresh=0.5) | train_AP=0.8090 val_AP=0.6153 test_AP=0.6053
Epoch 106/1500 [42.4s] | task=0.1249 distill=0.1178 (thresh=0.5) | train_AP=0.8093 val_AP=0.6057 test_AP=0.5957
Epoch 107/1500 [42.1s] | task=0.1242 distill=0.1175 (thresh=0.5) | train_AP=0.8122 val_AP=0.6120 test_AP=0.6023
Epoch 108/1500 [41.9s] | task=0.1252 distill=0.1181 (thresh=0.5) | train_AP=0.8139 val_AP=0.6138 test_AP=0.5941
Epoch 109/1500 [42.0s] | task=0.1242 distill=0.1173 (thresh=0.5) | train_AP=0.8135 val_AP=0.6048 test_AP=0.5960
Epoch 110/1500 [41.8s] | task=0.1233 distill=0.1171 (thresh=0.5) | train_AP=0.8184 val_AP=0.6078 test_AP=0.5981
Epoch 111/1500 [41.8s] | task=0.1241 distill=0.1196 (thresh=0.5) | train_AP=0.8139 val_AP=0.6135 test_AP=0.6019
Epoch 112/1500 [41.7s] | task=0.1229 distill=0.1198 (thresh=0.5) | train_AP=0.8119 val_AP=0.6162 test_AP=0.6010
Epoch 113/1500 [42.0s] | task=0.1236 distill=0.1186 (thresh=0.5) | train_AP=0.8144 val_AP=0.6167 test_AP=0.5987
Epoch 114/1500 [42.1s] | task=0.1231 distill=0.1202 (thresh=0.5) | train_AP=0.8144 val_AP=0.6137 test_AP=0.5997
Epoch 115/1500 [42.7s] | task=0.1219 distill=0.1202 (thresh=0.5) | train_AP=0.8167 val_AP=0.6189 test_AP=0.6005
Epoch 116/1500 [42.2s] | task=0.1232 distill=0.1184 (thresh=0.5) | train_AP=0.8165 val_AP=0.6208 test_AP=0.5985
Epoch 117/1500 [42.2s] | task=0.1219 distill=0.1174 (thresh=0.5) | train_AP=0.8161 val_AP=0.6154 test_AP=0.6050
Epoch 118/1500 [41.9s] | task=0.1218 distill=0.1197 (thresh=0.5) | train_AP=0.8180 val_AP=0.6129 test_AP=0.6040
Epoch 119/1500 [40.7s] | task=0.1208 distill=0.1188 (thresh=0.5) | train_AP=0.8227 val_AP=0.6216 test_AP=0.6009
Epoch 120/1500 [42.3s] | task=0.1214 distill=0.1202 (thresh=0.5) | train_AP=0.8233 val_AP=0.6123 test_AP=0.5996
Epoch 121/1500 [42.2s] | task=0.1218 distill=0.1190 (thresh=0.5) | train_AP=0.8206 val_AP=0.6135 test_AP=0.6021
Epoch 122/1500 [42.1s] | task=0.1222 distill=0.1179 (thresh=0.5) | train_AP=0.8169 val_AP=0.6153 test_AP=0.6038
Epoch 123/1500 [42.3s] | task=0.1203 distill=0.1172 (thresh=0.5) | train_AP=0.8218 val_AP=0.6145 test_AP=0.5999
Epoch 124/1500 [41.9s] | task=0.1192 distill=0.1198 (thresh=0.5) | train_AP=0.8231 val_AP=0.6127 test_AP=0.6001
Epoch 125/1500 [39.9s] | task=0.1196 distill=0.1156 (thresh=0.5) | train_AP=0.8223 val_AP=0.6159 test_AP=0.5990
Epoch 126/1500 [40.8s] | task=0.1199 distill=0.1164 (thresh=0.5) | train_AP=0.8192 val_AP=0.6036 test_AP=0.5958
Epoch 127/1500 [42.3s] | task=0.1186 distill=0.1165 (thresh=0.5) | train_AP=0.8224 val_AP=0.6128 test_AP=0.6004
Epoch 128/1500 [42.4s] | task=0.1185 distill=0.1179 (thresh=0.5) | train_AP=0.8242 val_AP=0.6142 test_AP=0.5956
Epoch 129/1500 [42.2s] | task=0.1193 distill=0.1178 (thresh=0.5) | train_AP=0.8232 val_AP=0.6118 test_AP=0.5988
Epoch 130/1500 [41.9s] | task=0.1179 distill=0.1171 (thresh=0.5) | train_AP=0.8262 val_AP=0.6105 test_AP=0.6051
Epoch 131/1500 [38.9s] | task=0.1187 distill=0.1173 (thresh=0.5) | train_AP=0.8235 val_AP=0.6079 test_AP=0.5979
Epoch 132/1500 [42.6s] | task=0.1177 distill=0.1166 (thresh=0.5) | train_AP=0.8275 val_AP=0.6173 test_AP=0.6028
Epoch 133/1500 [42.4s] | task=0.1178 distill=0.1165 (thresh=0.5) | train_AP=0.8288 val_AP=0.6200 test_AP=0.5983
Epoch 134/1500 [42.8s] | task=0.1173 distill=0.1172 (thresh=0.5) | train_AP=0.8270 val_AP=0.6099 test_AP=0.6028
Epoch 135/1500 [42.8s] | task=0.1168 distill=0.1169 (thresh=0.5) | train_AP=0.8319 val_AP=0.6098 test_AP=0.6003
Early stopping at epoch 135.

Done. Baseline val_AP=0.6158 | Best distilled val_AP=0.6242 at epoch 35
{'phase': 'train', 'model_path': 'checkpoints_attn_distill_8/pretrain_best.pt', 'save_dir': 'checkpoints_attn_distill_8', 'hidden_dim': 96, 'num_layers': 1, 'num_heads': 8, 'output_dim': 10, 'dropout': 0.1, 's1_lr': 3e-05, 's1_weight_decay': 0.0003, 's1_max_epochs': 300, 's1_patience': 50, 's1_grad_clip': 1.0, 'warmup_ratio': 0.05, 'lr_min': 1e-07, 'num_cross_layers': 1, 'use_proxy_self_attn': False, 'num_proxies': 64, 'proxy_lr': 0.01, 'proxy_opt_steps': 5000, 'proxy_mmd_lambda': 100.0, 'extract_rel_threshold': 0.1, 'proxy_init_jitter': 0.5, 'distill_weight': 100.0, 'temperature': 1.0, 'distill_loss_threshold': 0.5, 'distill_layers': 'all', 'lr': 5e-05, 'weight_decay': 0.0001, 'max_epochs': 1500, 'patience': 100, 'grad_clip': 1.0, 'batch_size': 16, 'num_workers': 4, 'device': 'cuda'}
Unknown args =  ['--backbone', 'hybrid', '--num_gred_layers', '8', '--num_transformer_layers', '1', '--no-use_lap_pe', '--mse_weight', '0.2']
============================================================
Phase 2: Train with Attention Distillation
  distill_weight=100.0
  temperature=1.0
  distill_layers=[0]
  targets from: checkpoints_attn_distill_8/attn_targets.pkl
============================================================
  AttnTargetDataset: 10873 graphs with targets

Baseline (pretrained, no distillation):
  val_AP=0.6158  test_AP=0.5760
  Student trainable params: 329,290
Epoch   1/1500 [40.9s] | task=0.1615 distill=0.1106 (thresh=0.5) | train_AP=0.7282 val_AP=0.6111 test_AP=0.5806
  -> New best val_AP=0.6111 (test=0.5806)
Epoch   2/1500 [40.7s] | task=0.1588 distill=0.1111 (thresh=0.5) | train_AP=0.7350 val_AP=0.6151 test_AP=0.5787
  -> New best val_AP=0.6151 (test=0.5787)
Epoch   3/1500 [41.2s] | task=0.1586 distill=0.1126 (thresh=0.5) | train_AP=0.7391 val_AP=0.6116 test_AP=0.5803
Epoch   4/1500 [41.3s] | task=0.1587 distill=0.1132 (thresh=0.5) | train_AP=0.7360 val_AP=0.6154 test_AP=0.5809
  -> New best val_AP=0.6154 (test=0.5809)
Epoch   5/1500 [40.4s] | task=0.1584 distill=0.1140 (thresh=0.5) | train_AP=0.7371 val_AP=0.6124 test_AP=0.5715
Epoch   6/1500 [41.9s] | task=0.1564 distill=0.1140 (thresh=0.5) | train_AP=0.7394 val_AP=0.6056 test_AP=0.5765
Epoch   7/1500 [41.6s] | task=0.1572 distill=0.1129 (thresh=0.5) | train_AP=0.7412 val_AP=0.6013 test_AP=0.5716
Epoch   8/1500 [41.8s] | task=0.1552 distill=0.1133 (thresh=0.5) | train_AP=0.7433 val_AP=0.6071 test_AP=0.5798
Epoch   9/1500 [41.4s] | task=0.1550 distill=0.1142 (thresh=0.5) | train_AP=0.7466 val_AP=0.6050 test_AP=0.5750
Epoch  10/1500 [41.4s] | task=0.1557 distill=0.1142 (thresh=0.5) | train_AP=0.7432 val_AP=0.6071 test_AP=0.5817
Epoch  11/1500 [41.4s] | task=0.1549 distill=0.1124 (thresh=0.5) | train_AP=0.7428 val_AP=0.6004 test_AP=0.5787
Epoch  12/1500 [42.1s] | task=0.1547 distill=0.1127 (thresh=0.5) | train_AP=0.7427 val_AP=0.6036 test_AP=0.5723
Epoch  13/1500 [42.2s] | task=0.1543 distill=0.1118 (thresh=0.5) | train_AP=0.7460 val_AP=0.6005 test_AP=0.5827
Epoch  14/1500 [42.1s] | task=0.1533 distill=0.1109 (thresh=0.5) | train_AP=0.7459 val_AP=0.6107 test_AP=0.5839
Epoch  15/1500 [42.6s] | task=0.1538 distill=0.1121 (thresh=0.5) | train_AP=0.7473 val_AP=0.6110 test_AP=0.5832
Epoch  16/1500 [43.1s] | task=0.1530 distill=0.1115 (thresh=0.5) | train_AP=0.7481 val_AP=0.6097 test_AP=0.5800
Epoch  17/1500 [42.7s] | task=0.1516 distill=0.1116 (thresh=0.5) | train_AP=0.7493 val_AP=0.6128 test_AP=0.5899
Epoch  18/1500 [42.0s] | task=0.1527 distill=0.1119 (thresh=0.5) | train_AP=0.7469 val_AP=0.6133 test_AP=0.5873
Epoch  19/1500 [41.5s] | task=0.1514 distill=0.1137 (thresh=0.5) | train_AP=0.7515 val_AP=0.6178 test_AP=0.5871
  -> New best val_AP=0.6178 (test=0.5871)
Epoch  20/1500 [41.4s] | task=0.1523 distill=0.1119 (thresh=0.5) | train_AP=0.7485 val_AP=0.6151 test_AP=0.5858
Epoch  21/1500 [41.4s] | task=0.1519 distill=0.1114 (thresh=0.5) | train_AP=0.7509 val_AP=0.6123 test_AP=0.5885
Epoch  22/1500 [41.1s] | task=0.1505 distill=0.1120 (thresh=0.5) | train_AP=0.7522 val_AP=0.6170 test_AP=0.5887
Epoch  23/1500 [41.1s] | task=0.1507 distill=0.1134 (thresh=0.5) | train_AP=0.7538 val_AP=0.6151 test_AP=0.5881
Epoch  24/1500 [41.5s] | task=0.1494 distill=0.1104 (thresh=0.5) | train_AP=0.7547 val_AP=0.6007 test_AP=0.5726
Epoch  25/1500 [41.3s] | task=0.1496 distill=0.1144 (thresh=0.5) | train_AP=0.7568 val_AP=0.6083 test_AP=0.5890
Epoch  26/1500 [41.6s] | task=0.1507 distill=0.1115 (thresh=0.5) | train_AP=0.7522 val_AP=0.6162 test_AP=0.5819
Epoch  27/1500 [41.5s] | task=0.1488 distill=0.1135 (thresh=0.5) | train_AP=0.7545 val_AP=0.6135 test_AP=0.5864
Epoch  28/1500 [41.3s] | task=0.1478 distill=0.1127 (thresh=0.5) | train_AP=0.7600 val_AP=0.6197 test_AP=0.5917
  -> New best val_AP=0.6197 (test=0.5917)
Epoch  29/1500 [40.7s] | task=0.1482 distill=0.1126 (thresh=0.5) | train_AP=0.7576 val_AP=0.6116 test_AP=0.5872
Epoch  30/1500 [41.2s] | task=0.1475 distill=0.1113 (thresh=0.5) | train_AP=0.7599 val_AP=0.6221 test_AP=0.5881
  -> New best val_AP=0.6221 (test=0.5881)
Epoch  31/1500 [41.2s] | task=0.1464 distill=0.1121 (thresh=0.5) | train_AP=0.7587 val_AP=0.6223 test_AP=0.5881
  -> New best val_AP=0.6223 (test=0.5881)
Epoch  32/1500 [41.4s] | task=0.1475 distill=0.1111 (thresh=0.5) | train_AP=0.7603 val_AP=0.6065 test_AP=0.5858
Epoch  33/1500 [41.7s] | task=0.1459 distill=0.1111 (thresh=0.5) | train_AP=0.7617 val_AP=0.6201 test_AP=0.5995
Epoch  34/1500 [41.6s] | task=0.1465 distill=0.1125 (thresh=0.5) | train_AP=0.7609 val_AP=0.6163 test_AP=0.5928
Epoch  35/1500 [40.9s] | task=0.1460 distill=0.1130 (thresh=0.5) | train_AP=0.7618 val_AP=0.6195 test_AP=0.5938
Epoch  36/1500 [41.4s] | task=0.1449 distill=0.1106 (thresh=0.5) | train_AP=0.7651 val_AP=0.6121 test_AP=0.5916
Epoch  37/1500 [41.3s] | task=0.1456 distill=0.1141 (thresh=0.5) | train_AP=0.7645 val_AP=0.6173 test_AP=0.5907
Epoch  38/1500 [41.2s] | task=0.1454 distill=0.1153 (thresh=0.5) | train_AP=0.7645 val_AP=0.6136 test_AP=0.5906
Epoch  39/1500 [40.8s] | task=0.1463 distill=0.1127 (thresh=0.5) | train_AP=0.7633 val_AP=0.6119 test_AP=0.5883
Epoch  40/1500 [41.1s] | task=0.1451 distill=0.1152 (thresh=0.5) | train_AP=0.7654 val_AP=0.6205 test_AP=0.5842
Epoch  41/1500 [41.2s] | task=0.1444 distill=0.1141 (thresh=0.5) | train_AP=0.7653 val_AP=0.6043 test_AP=0.5877
Epoch  42/1500 [39.9s] | task=0.1446 distill=0.1143 (thresh=0.5) | train_AP=0.7663 val_AP=0.6160 test_AP=0.5888
Epoch  43/1500 [35.6s] | task=0.1431 distill=0.1129 (thresh=0.5) | train_AP=0.7704 val_AP=0.6187 test_AP=0.5925
Epoch  44/1500 [35.3s] | task=0.1433 distill=0.1146 (thresh=0.5) | train_AP=0.7664 val_AP=0.6180 test_AP=0.5949
Epoch  45/1500 [34.2s] | task=0.1429 distill=0.1144 (thresh=0.5) | train_AP=0.7702 val_AP=0.6210 test_AP=0.5934
Epoch  46/1500 [34.9s] | task=0.1434 distill=0.1136 (thresh=0.5) | train_AP=0.7682 val_AP=0.6221 test_AP=0.5933
Epoch  47/1500 [35.2s] | task=0.1424 distill=0.1161 (thresh=0.5) | train_AP=0.7729 val_AP=0.6107 test_AP=0.5927
Epoch  48/1500 [34.8s] | task=0.1425 distill=0.1160 (thresh=0.5) | train_AP=0.7728 val_AP=0.6066 test_AP=0.5892
Epoch  49/1500 [34.5s] | task=0.1419 distill=0.1137 (thresh=0.5) | train_AP=0.7752 val_AP=0.6180 test_AP=0.5994
Epoch  50/1500 [34.7s] | task=0.1418 distill=0.1137 (thresh=0.5) | train_AP=0.7724 val_AP=0.6148 test_AP=0.5986
Epoch  51/1500 [34.8s] | task=0.1421 distill=0.1135 (thresh=0.5) | train_AP=0.7733 val_AP=0.6033 test_AP=0.5888
Epoch  52/1500 [34.5s] | task=0.1394 distill=0.1133 (thresh=0.5) | train_AP=0.7760 val_AP=0.6151 test_AP=0.5889
Epoch  53/1500 [34.2s] | task=0.1407 distill=0.1148 (thresh=0.5) | train_AP=0.7763 val_AP=0.6116 test_AP=0.5897
Epoch  54/1500 [34.6s] | task=0.1402 distill=0.1143 (thresh=0.5) | train_AP=0.7779 val_AP=0.6120 test_AP=0.5996
Epoch  55/1500 [35.2s] | task=0.1399 distill=0.1154 (thresh=0.5) | train_AP=0.7770 val_AP=0.6137 test_AP=0.5921
Epoch  56/1500 [35.0s] | task=0.1393 distill=0.1150 (thresh=0.5) | train_AP=0.7803 val_AP=0.6143 test_AP=0.5905
Epoch  57/1500 [35.5s] | task=0.1391 distill=0.1138 (thresh=0.5) | train_AP=0.7765 val_AP=0.6090 test_AP=0.5877
Epoch  58/1500 [35.0s] | task=0.1396 distill=0.1160 (thresh=0.5) | train_AP=0.7810 val_AP=0.6099 test_AP=0.5951
Epoch  59/1500 [35.7s] | task=0.1386 distill=0.1149 (thresh=0.5) | train_AP=0.7793 val_AP=0.6150 test_AP=0.5960
Epoch  60/1500 [41.7s] | task=0.1388 distill=0.1140 (thresh=0.5) | train_AP=0.7830 val_AP=0.6115 test_AP=0.5881
Epoch  61/1500 [42.3s] | task=0.1382 distill=0.1155 (thresh=0.5) | train_AP=0.7797 val_AP=0.6186 test_AP=0.5922
Epoch  62/1500 [41.9s] | task=0.1381 distill=0.1132 (thresh=0.5) | train_AP=0.7817 val_AP=0.6130 test_AP=0.5925
Epoch  63/1500 [42.5s] | task=0.1366 distill=0.1130 (thresh=0.5) | train_AP=0.7869 val_AP=0.6202 test_AP=0.6031
Epoch  64/1500 [41.8s] | task=0.1381 distill=0.1135 (thresh=0.5) | train_AP=0.7824 val_AP=0.6168 test_AP=0.5965
Epoch  65/1500 [42.5s] | task=0.1380 distill=0.1142 (thresh=0.5) | train_AP=0.7813 val_AP=0.6162 test_AP=0.5990
Epoch  66/1500 [42.1s] | task=0.1375 distill=0.1140 (thresh=0.5) | train_AP=0.7858 val_AP=0.6125 test_AP=0.5924
Epoch  67/1500 [41.9s] | task=0.1358 distill=0.1147 (thresh=0.5) | train_AP=0.7896 val_AP=0.6101 test_AP=0.5915
Epoch  68/1500 [41.4s] | task=0.1373 distill=0.1128 (thresh=0.5) | train_AP=0.7848 val_AP=0.6097 test_AP=0.5898
Epoch  69/1500 [38.8s] | task=0.1361 distill=0.1134 (thresh=0.5) | train_AP=0.7873 val_AP=0.6179 test_AP=0.5987
Epoch  70/1500 [41.5s] | task=0.1352 distill=0.1133 (thresh=0.5) | train_AP=0.7892 val_AP=0.6117 test_AP=0.5925
Epoch  71/1500 [43.1s] | task=0.1366 distill=0.1149 (thresh=0.5) | train_AP=0.7850 val_AP=0.6148 test_AP=0.5944
Epoch  72/1500 [42.7s] | task=0.1344 distill=0.1153 (thresh=0.5) | train_AP=0.7898 val_AP=0.6151 test_AP=0.5995
Epoch  73/1500 [42.7s] | task=0.1341 distill=0.1163 (thresh=0.5) | train_AP=0.7903 val_AP=0.6075 test_AP=0.5952
Epoch  74/1500 [37.4s] | task=0.1347 distill=0.1166 (thresh=0.5) | train_AP=0.7894 val_AP=0.6176 test_AP=0.6017
Epoch  75/1500 [35.6s] | task=0.1343 distill=0.1144 (thresh=0.5) | train_AP=0.7902 val_AP=0.6036 test_AP=0.5921
Epoch  76/1500 [35.5s] | task=0.1332 distill=0.1158 (thresh=0.5) | train_AP=0.7915 val_AP=0.6071 test_AP=0.5872
Epoch  77/1500 [34.1s] | task=0.1340 distill=0.1162 (thresh=0.5) | train_AP=0.7913 val_AP=0.6134 test_AP=0.5995
Epoch  78/1500 [36.3s] | task=0.1331 distill=0.1158 (thresh=0.5) | train_AP=0.7934 val_AP=0.6008 test_AP=0.5925
Epoch  79/1500 [36.6s] | task=0.1337 distill=0.1146 (thresh=0.5) | train_AP=0.7944 val_AP=0.6185 test_AP=0.5986
Epoch  80/1500 [36.5s] | task=0.1326 distill=0.1150 (thresh=0.5) | train_AP=0.7959 val_AP=0.6043 test_AP=0.5850
Epoch  81/1500 [36.2s] | task=0.1329 distill=0.1170 (thresh=0.5) | train_AP=0.7942 val_AP=0.6142 test_AP=0.6041
Epoch  82/1500 [35.1s] | task=0.1323 distill=0.1167 (thresh=0.5) | train_AP=0.7937 val_AP=0.6096 test_AP=0.5921
Epoch  83/1500 [35.0s] | task=0.1319 distill=0.1178 (thresh=0.5) | train_AP=0.7998 val_AP=0.6112 test_AP=0.6000
Epoch  84/1500 [35.4s] | task=0.1310 distill=0.1166 (thresh=0.5) | train_AP=0.7966 val_AP=0.6091 test_AP=0.5955
Epoch  85/1500 [35.6s] | task=0.1317 distill=0.1164 (thresh=0.5) | train_AP=0.7945 val_AP=0.6175 test_AP=0.6006
Epoch  86/1500 [34.3s] | task=0.1308 distill=0.1146 (thresh=0.5) | train_AP=0.7971 val_AP=0.6156 test_AP=0.5999
Epoch  87/1500 [34.9s] | task=0.1301 distill=0.1161 (thresh=0.5) | train_AP=0.8017 val_AP=0.6105 test_AP=0.5976
Epoch  88/1500 [35.3s] | task=0.1306 distill=0.1156 (thresh=0.5) | train_AP=0.8011 val_AP=0.6173 test_AP=0.6017
Epoch  89/1500 [35.0s] | task=0.1292 distill=0.1186 (thresh=0.5) | train_AP=0.8009 val_AP=0.6098 test_AP=0.6015
Epoch  90/1500 [35.4s] | task=0.1297 distill=0.1190 (thresh=0.5) | train_AP=0.8007 val_AP=0.6214 test_AP=0.6053
Epoch  91/1500 [40.5s] | task=0.1287 distill=0.1185 (thresh=0.5) | train_AP=0.8025 val_AP=0.6143 test_AP=0.5961
Epoch  92/1500 [43.2s] | task=0.1295 distill=0.1163 (thresh=0.5) | train_AP=0.8005 val_AP=0.6106 test_AP=0.6005
Epoch  93/1500 [43.6s] | task=0.1284 distill=0.1152 (thresh=0.5) | train_AP=0.8046 val_AP=0.6208 test_AP=0.6008
Epoch  94/1500 [42.4s] | task=0.1293 distill=0.1166 (thresh=0.5) | train_AP=0.8021 val_AP=0.6186 test_AP=0.5983
Epoch  95/1500 [43.1s] | task=0.1290 distill=0.1168 (thresh=0.5) | train_AP=0.7999 val_AP=0.6206 test_AP=0.6039
Epoch  96/1500 [42.8s] | task=0.1279 distill=0.1150 (thresh=0.5) | train_AP=0.8061 val_AP=0.6170 test_AP=0.6062
Epoch  97/1500 [43.0s] | task=0.1282 distill=0.1156 (thresh=0.5) | train_AP=0.8039 val_AP=0.6065 test_AP=0.6026
Epoch  98/1500 [42.7s] | task=0.1276 distill=0.1163 (thresh=0.5) | train_AP=0.8045 val_AP=0.6176 test_AP=0.6014
Epoch  99/1500 [42.4s] | task=0.1272 distill=0.1186 (thresh=0.5) | train_AP=0.8068 val_AP=0.6144 test_AP=0.5989
Epoch 100/1500 [42.6s] | task=0.1265 distill=0.1178 (thresh=0.5) | train_AP=0.8067 val_AP=0.6134 test_AP=0.6014
Epoch 101/1500 [42.8s] | task=0.1269 distill=0.1169 (thresh=0.5) | train_AP=0.8061 val_AP=0.5969 test_AP=0.5837
Epoch 102/1500 [43.6s] | task=0.1272 distill=0.1164 (thresh=0.5) | train_AP=0.8058 val_AP=0.6152 test_AP=0.6034
Epoch 103/1500 [42.5s] | task=0.1264 distill=0.1180 (thresh=0.5) | train_AP=0.8066 val_AP=0.6125 test_AP=0.5936
Epoch 104/1500 [42.5s] | task=0.1248 distill=0.1180 (thresh=0.5) | train_AP=0.8114 val_AP=0.6202 test_AP=0.6045
Epoch 105/1500 [42.7s] | task=0.1257 distill=0.1171 (thresh=0.5) | train_AP=0.8072 val_AP=0.6182 test_AP=0.6021
Epoch 106/1500 [42.7s] | task=0.1258 distill=0.1189 (thresh=0.5) | train_AP=0.8128 val_AP=0.6092 test_AP=0.5985
Epoch 107/1500 [42.6s] | task=0.1239 distill=0.1194 (thresh=0.5) | train_AP=0.8128 val_AP=0.6171 test_AP=0.5980
Epoch 108/1500 [42.7s] | task=0.1240 distill=0.1206 (thresh=0.5) | train_AP=0.8143 val_AP=0.6136 test_AP=0.5969
Epoch 109/1500 [42.5s] | task=0.1235 distill=0.1187 (thresh=0.5) | train_AP=0.8166 val_AP=0.6077 test_AP=0.5943
Epoch 110/1500 [42.6s] | task=0.1238 distill=0.1200 (thresh=0.5) | train_AP=0.8171 val_AP=0.6223 test_AP=0.5944
Epoch 111/1500 [42.6s] | task=0.1237 distill=0.1198 (thresh=0.5) | train_AP=0.8146 val_AP=0.6148 test_AP=0.5898
Epoch 112/1500 [43.2s] | task=0.1240 distill=0.1208 (thresh=0.5) | train_AP=0.8138 val_AP=0.6121 test_AP=0.6010
Epoch 113/1500 [42.3s] | task=0.1239 distill=0.1190 (thresh=0.5) | train_AP=0.8143 val_AP=0.6127 test_AP=0.5945
Epoch 114/1500 [43.3s] | task=0.1230 distill=0.1192 (thresh=0.5) | train_AP=0.8161 val_AP=0.6208 test_AP=0.6029
Epoch 115/1500 [42.7s] | task=0.1232 distill=0.1191 (thresh=0.5) | train_AP=0.8161 val_AP=0.6188 test_AP=0.6021
Epoch 116/1500 [42.5s] | task=0.1222 distill=0.1187 (thresh=0.5) | train_AP=0.8166 val_AP=0.6176 test_AP=0.5969
Epoch 117/1500 [42.4s] | task=0.1220 distill=0.1180 (thresh=0.5) | train_AP=0.8165 val_AP=0.6066 test_AP=0.5959
Epoch 118/1500 [42.7s] | task=0.1227 distill=0.1192 (thresh=0.5) | train_AP=0.8153 val_AP=0.6106 test_AP=0.5954
Epoch 119/1500 [42.4s] | task=0.1217 distill=0.1178 (thresh=0.5) | train_AP=0.8198 val_AP=0.6172 test_AP=0.6015
Epoch 120/1500 [42.3s] | task=0.1220 distill=0.1190 (thresh=0.5) | train_AP=0.8204 val_AP=0.6157 test_AP=0.5991
Epoch 121/1500 [42.5s] | task=0.1199 distill=0.1185 (thresh=0.5) | train_AP=0.8233 val_AP=0.6132 test_AP=0.5954
Epoch 122/1500 [42.4s] | task=0.1211 distill=0.1187 (thresh=0.5) | train_AP=0.8211 val_AP=0.6096 test_AP=0.6031
Epoch 123/1500 [42.5s] | task=0.1206 distill=0.1179 (thresh=0.5) | train_AP=0.8169 val_AP=0.6184 test_AP=0.6020
Epoch 124/1500 [42.6s] | task=0.1200 distill=0.1159 (thresh=0.5) | train_AP=0.8226 val_AP=0.6122 test_AP=0.6035
Epoch 125/1500 [42.4s] | task=0.1204 distill=0.1167 (thresh=0.5) | train_AP=0.8195 val_AP=0.6093 test_AP=0.6003
Epoch 126/1500 [42.9s] | task=0.1196 distill=0.1158 (thresh=0.5) | train_AP=0.8219 val_AP=0.6098 test_AP=0.6030
Epoch 127/1500 [42.6s] | task=0.1198 distill=0.1177 (thresh=0.5) | train_AP=0.8215 val_AP=0.6052 test_AP=0.5897
Epoch 128/1500 [42.5s] | task=0.1211 distill=0.1173 (thresh=0.5) | train_AP=0.8231 val_AP=0.6090 test_AP=0.5936
Epoch 129/1500 [42.7s] | task=0.1201 distill=0.1166 (thresh=0.5) | train_AP=0.8252 val_AP=0.6149 test_AP=0.6000
Epoch 130/1500 [42.6s] | task=0.1187 distill=0.1174 (thresh=0.5) | train_AP=0.8269 val_AP=0.6149 test_AP=0.6007
Epoch 131/1500 [43.0s] | task=0.1180 distill=0.1189 (thresh=0.5) | train_AP=0.8261 val_AP=0.6051 test_AP=0.5915
Early stopping at epoch 131.

Done. Baseline val_AP=0.6158 | Best distilled val_AP=0.6223 at epoch 31
{'phase': 'pretrain', 'model_path': None, 'save_dir': 'checkpoints_attn_distill_7', 'hidden_dim': 96, 'num_layers': 1, 'num_heads': 8, 'output_dim': 10, 'dropout': 0.2, 's1_lr': 3e-05, 's1_weight_decay': 0.0005, 's1_max_epochs': 1000, 's1_patience': 50, 's1_grad_clip': 1.0, 'warmup_ratio': 0.05, 'lr_min': 1e-07, 'num_cross_layers': 1, 'use_proxy_self_attn': False, 'num_proxies': 4, 'proxy_lr': 0.08, 'proxy_opt_steps': 1000, 'proxy_mmd_lambda': 1.5, 'extract_rel_threshold': 0.1, 'proxy_init_jitter': 0.5, 'distill_weight': 1.0, 'temperature': 2.0, 'distill_loss_threshold': 0.5, 'distill_layers': 'all', 'lr': 5e-05, 'weight_decay': 0.0001, 'max_epochs': 200, 'patience': 30, 'grad_clip': 1.0, 'batch_size': 16, 'num_workers': 4, 'device': 'cuda'}
Unknown args =  ['--backbone', 'hybrid', '--num_gred_layers', '8', '--num_transformer_layers', '1', '--no-use_lap_pe', '--mse_weight', '0.2']

============================================================
PRETRAIN: Train Graph Transformer from scratch
  hidden_dim=96, num_layers=1, num_heads=8
  s1_lr=3e-05, s1_weight_decay=0.0005, dropout=0.2
  s1_max_epochs=1000, s1_patience=50
============================================================
  Parameters: 147,850
