+ save_dir=checkpoints_attn_distill_5
+ python exp_attn_distillation_2.py pretrain --hidden_dim 64 --save_dir checkpoints_attn_distill_5 --num_layers 2 --num_heads 16 --proxy_lr 8e-2 --no-use_lap_pe --warmup_ratio 0.05 --num_cross_layers 1 --no-use_proxy_self_attn --proxy_mmd_lambda 1.5 --proxy_opt_steps 1000 --distill_weight 1 --temperature 2 --s1_max_epochs 1000 --s1_weight_decay 5e-4 --batch_size 128 --num_proxies 4 --dropout 0.2
{'phase': 'pretrain', 'model_path': None, 'save_dir': 'checkpoints_attn_distill_5', 'hidden_dim': 64, 'num_layers': 2, 'num_heads': 16, 'output_dim': 10, 'dropout': 0.2, 's1_lr': 3e-05, 's1_weight_decay': 0.0005, 's1_max_epochs': 1000, 's1_patience': 50, 's1_grad_clip': 1.0, 'warmup_ratio': 0.05, 'lr_min': 1e-07, 'num_cross_layers': 1, 'use_proxy_self_attn': False, 'num_proxies': 4, 'proxy_lr': 0.08, 'proxy_opt_steps': 1000, 'proxy_mmd_lambda': 1.5, 'extract_rel_threshold': 0.1, 'proxy_init_jitter': 0.5, 'distill_weight': 1.0, 'temperature': 2.0, 'distill_loss_threshold': 0.5, 'distill_layers': 'all', 'lr': 5e-05, 'weight_decay': 0.0001, 'max_epochs': 200, 'patience': 30, 'grad_clip': 1.0, 'batch_size': 128, 'num_workers': 4, 'device': 'cuda'}
Unknown args =  ['--no-use_lap_pe']

============================================================
PRETRAIN: Train Graph Transformer from scratch
  hidden_dim=64, num_layers=2, num_heads=16
  s1_lr=3e-05, s1_weight_decay=0.0005, dropout=0.2
  s1_max_epochs=1000, s1_patience=50
============================================================
  Parameters: 226,314
Epoch   1/1000 [12.4s mem=13746MB] | train_loss=0.6629 train_AP=0.1625 | val_loss=0.6574 val_AP=0.1584
  -> New best: val_loss=0.6574 val_AP=0.1584, saved
Epoch   2/1000 [11.6s mem=13747MB] | train_loss=0.6574 train_AP=0.1651 | val_loss=0.6474 val_AP=0.1613
  -> New best: val_loss=0.6474 val_AP=0.1613, saved
Epoch   3/1000 [10.1s mem=13744MB] | train_loss=0.6437 train_AP=0.1643 | val_loss=0.6274 val_AP=0.1676
  -> New best: val_loss=0.6274 val_AP=0.1676, saved
Epoch   4/1000 [11.7s mem=13747MB] | train_loss=0.6250 train_AP=0.1646 | val_loss=0.6066 val_AP=0.1740
  -> New best: val_loss=0.6066 val_AP=0.1740, saved
Epoch   5/1000 [12.0s mem=13749MB] | train_loss=0.6051 train_AP=0.1633 | val_loss=0.5854 val_AP=0.1701
  -> New best: val_loss=0.5854 val_AP=0.1740, saved
Epoch   6/1000 [11.6s mem=13746MB] | train_loss=0.5841 train_AP=0.1644 | val_loss=0.5625 val_AP=0.1696
  -> New best: val_loss=0.5625 val_AP=0.1740, saved
Epoch   7/1000 [10.2s mem=13751MB] | train_loss=0.5615 train_AP=0.1652 | val_loss=0.5368 val_AP=0.1669
  -> New best: val_loss=0.5368 val_AP=0.1740, saved
Epoch   8/1000 [11.1s mem=13750MB] | train_loss=0.5341 train_AP=0.1645 | val_loss=0.5067 val_AP=0.1731
  -> New best: val_loss=0.5067 val_AP=0.1740, saved
Epoch   9/1000 [11.9s mem=13741MB] | train_loss=0.5019 train_AP=0.1639 | val_loss=0.4704 val_AP=0.1772
  -> New best: val_loss=0.4704 val_AP=0.1772, saved
Epoch  10/1000 [11.9s mem=13750MB] | train_loss=0.4705 train_AP=0.1629 | val_loss=0.4403 val_AP=0.1813 | test_AP=0.1773
  -> New best: val_loss=0.4403 val_AP=0.1813, saved
Epoch  11/1000 [10.3s mem=13743MB] | train_loss=0.4438 train_AP=0.1642 | val_loss=0.4157 val_AP=0.1858
  -> New best: val_loss=0.4157 val_AP=0.1858, saved
Epoch  12/1000 [10.8s mem=13743MB] | train_loss=0.4227 train_AP=0.1636 | val_loss=0.3962 val_AP=0.1899
  -> New best: val_loss=0.3962 val_AP=0.1899, saved
Epoch  13/1000 [11.9s mem=13746MB] | train_loss=0.4056 train_AP=0.1653 | val_loss=0.3819 val_AP=0.1941
  -> New best: val_loss=0.3819 val_AP=0.1941, saved
Epoch  14/1000 [12.0s mem=13742MB] | train_loss=0.3937 train_AP=0.1646 | val_loss=0.3722 val_AP=0.1978
  -> New best: val_loss=0.3722 val_AP=0.1978, saved
Epoch  15/1000 [11.1s mem=13748MB] | train_loss=0.3853 train_AP=0.1643 | val_loss=0.3661 val_AP=0.2016
  -> New best: val_loss=0.3661 val_AP=0.2016, saved
Epoch  16/1000 [10.5s mem=13744MB] | train_loss=0.3808 train_AP=0.1643 | val_loss=0.3625 val_AP=0.2037
  -> New best: val_loss=0.3625 val_AP=0.2037, saved
Epoch  17/1000 [12.0s mem=13744MB] | train_loss=0.3773 train_AP=0.1651 | val_loss=0.3604 val_AP=0.2076
  -> New best: val_loss=0.3604 val_AP=0.2076, saved
Epoch  18/1000 [12.0s mem=13747MB] | train_loss=0.3750 train_AP=0.1649 | val_loss=0.3591 val_AP=0.2115
  -> New best: val_loss=0.3591 val_AP=0.2115, saved
Epoch  19/1000 [11.2s mem=13746MB] | train_loss=0.3741 train_AP=0.1649 | val_loss=0.3583 val_AP=0.2151
  -> New best: val_loss=0.3583 val_AP=0.2151, saved
Epoch  20/1000 [10.2s mem=13749MB] | train_loss=0.3729 train_AP=0.1656 | val_loss=0.3578 val_AP=0.2177 | test_AP=0.2034
  -> New best: val_loss=0.3578 val_AP=0.2177, saved
Epoch  21/1000 [11.6s mem=13748MB] | train_loss=0.3719 train_AP=0.1657 | val_loss=0.3577 val_AP=0.2218
  -> New best: val_loss=0.3577 val_AP=0.2218, saved
Epoch  22/1000 [11.7s mem=13749MB] | train_loss=0.3720 train_AP=0.1651 | val_loss=0.3574 val_AP=0.2237
  -> New best: val_loss=0.3574 val_AP=0.2237, saved
Epoch  23/1000 [11.7s mem=13744MB] | train_loss=0.3714 train_AP=0.1654 | val_loss=0.3572 val_AP=0.2237
  -> New best: val_loss=0.3572 val_AP=0.2237, saved
Epoch  24/1000 [10.1s mem=13750MB] | train_loss=0.3707 train_AP=0.1659 | val_loss=0.3570 val_AP=0.2256
  -> New best: val_loss=0.3570 val_AP=0.2256, saved
Epoch  25/1000 [11.0s mem=13748MB] | train_loss=0.3707 train_AP=0.1656 | val_loss=0.3567 val_AP=0.2270
  -> New best: val_loss=0.3567 val_AP=0.2270, saved
Epoch  26/1000 [11.8s mem=13746MB] | train_loss=0.3688 train_AP=0.1690 | val_loss=0.3562 val_AP=0.2287
  -> New best: val_loss=0.3562 val_AP=0.2287, saved
Epoch  27/1000 [12.0s mem=13746MB] | train_loss=0.3690 train_AP=0.1690 | val_loss=0.3547 val_AP=0.2340
  -> New best: val_loss=0.3547 val_AP=0.2340, saved
Epoch  28/1000 [10.8s mem=13747MB] | train_loss=0.3652 train_AP=0.1767 | val_loss=0.3516 val_AP=0.2502
  -> New best: val_loss=0.3516 val_AP=0.2502, saved
Epoch  29/1000 [10.6s mem=13746MB] | train_loss=0.3626 train_AP=0.1827 | val_loss=0.3481 val_AP=0.2553
  -> New best: val_loss=0.3481 val_AP=0.2553, saved
Epoch  30/1000 [12.0s mem=13751MB] | train_loss=0.3601 train_AP=0.1901 | val_loss=0.3446 val_AP=0.2586 | test_AP=0.2509
  -> New best: val_loss=0.3446 val_AP=0.2586, saved
Epoch  31/1000 [11.7s mem=13750MB] | train_loss=0.3574 train_AP=0.2004 | val_loss=0.3415 val_AP=0.2640
  -> New best: val_loss=0.3415 val_AP=0.2640, saved
Epoch  32/1000 [11.2s mem=13748MB] | train_loss=0.3536 train_AP=0.2106 | val_loss=0.3389 val_AP=0.2695
  -> New best: val_loss=0.3389 val_AP=0.2695, saved
Epoch  33/1000 [10.2s mem=13747MB] | train_loss=0.3503 train_AP=0.2196 | val_loss=0.3351 val_AP=0.2721
  -> New best: val_loss=0.3351 val_AP=0.2721, saved
Epoch  34/1000 [11.9s mem=13746MB] | train_loss=0.3485 train_AP=0.2239 | val_loss=0.3332 val_AP=0.2744
  -> New best: val_loss=0.3332 val_AP=0.2744, saved
Epoch  35/1000 [12.0s mem=13741MB] | train_loss=0.3468 train_AP=0.2300 | val_loss=0.3308 val_AP=0.2768
  -> New best: val_loss=0.3308 val_AP=0.2768, saved
Epoch  36/1000 [11.5s mem=13746MB] | train_loss=0.3439 train_AP=0.2383 | val_loss=0.3302 val_AP=0.2772
  -> New best: val_loss=0.3302 val_AP=0.2772, saved
Epoch  37/1000 [10.2s mem=13745MB] | train_loss=0.3418 train_AP=0.2412 | val_loss=0.3287 val_AP=0.2788
  -> New best: val_loss=0.3287 val_AP=0.2788, saved
Epoch  38/1000 [11.7s mem=13750MB] | train_loss=0.3405 train_AP=0.2458 | val_loss=0.3271 val_AP=0.2845
  -> New best: val_loss=0.3271 val_AP=0.2845, saved
Epoch  39/1000 [12.0s mem=13752MB] | train_loss=0.3382 train_AP=0.2520 | val_loss=0.3250 val_AP=0.2876
  -> New best: val_loss=0.3250 val_AP=0.2876, saved
Epoch  40/1000 [12.0s mem=13747MB] | train_loss=0.3357 train_AP=0.2568 | val_loss=0.3224 val_AP=0.2944 | test_AP=0.2879
  -> New best: val_loss=0.3224 val_AP=0.2944, saved
Epoch  41/1000 [10.2s mem=13745MB] | train_loss=0.3317 train_AP=0.2666 | val_loss=0.3213 val_AP=0.2980
  -> New best: val_loss=0.3213 val_AP=0.2980, saved
Epoch  42/1000 [11.5s mem=13746MB] | train_loss=0.3297 train_AP=0.2681 | val_loss=0.3181 val_AP=0.3039
  -> New best: val_loss=0.3181 val_AP=0.3039, saved
Epoch  43/1000 [12.0s mem=13752MB] | train_loss=0.3278 train_AP=0.2724 | val_loss=0.3177 val_AP=0.3091
  -> New best: val_loss=0.3177 val_AP=0.3091, saved
Epoch  44/1000 [11.9s mem=13744MB] | train_loss=0.3255 train_AP=0.2769 | val_loss=0.3161 val_AP=0.3109
  -> New best: val_loss=0.3161 val_AP=0.3109, saved
Epoch  45/1000 [10.2s mem=13748MB] | train_loss=0.3221 train_AP=0.2838 | val_loss=0.3147 val_AP=0.3153
  -> New best: val_loss=0.3147 val_AP=0.3153, saved
Epoch  46/1000 [10.8s mem=13747MB] | train_loss=0.3206 train_AP=0.2880 | val_loss=0.3107 val_AP=0.3226
  -> New best: val_loss=0.3107 val_AP=0.3226, saved
Epoch  47/1000 [11.6s mem=13747MB] | train_loss=0.3173 train_AP=0.2947 | val_loss=0.3086 val_AP=0.3254
  -> New best: val_loss=0.3086 val_AP=0.3254, saved
Epoch  48/1000 [11.9s mem=13748MB] | train_loss=0.3143 train_AP=0.3030 | val_loss=0.3081 val_AP=0.3281
  -> New best: val_loss=0.3081 val_AP=0.3281, saved
Epoch  49/1000 [11.1s mem=13750MB] | train_loss=0.3130 train_AP=0.3084 | val_loss=0.3034 val_AP=0.3349
  -> New best: val_loss=0.3034 val_AP=0.3349, saved
Epoch  50/1000 [10.5s mem=13746MB] | train_loss=0.3111 train_AP=0.3119 | val_loss=0.3036 val_AP=0.3373 | test_AP=0.3350
  -> New best: val_loss=0.3034 val_AP=0.3373, saved
Epoch  51/1000 [11.7s mem=13742MB] | train_loss=0.3098 train_AP=0.3177 | val_loss=0.3000 val_AP=0.3454
  -> New best: val_loss=0.3000 val_AP=0.3454, saved
Epoch  52/1000 [11.8s mem=13750MB] | train_loss=0.3081 train_AP=0.3187 | val_loss=0.2996 val_AP=0.3449
  -> New best: val_loss=0.2996 val_AP=0.3454, saved
Epoch  53/1000 [11.5s mem=13747MB] | train_loss=0.3056 train_AP=0.3268 | val_loss=0.2973 val_AP=0.3527
  -> New best: val_loss=0.2973 val_AP=0.3527, saved
Epoch  54/1000 [10.1s mem=13744MB] | train_loss=0.3038 train_AP=0.3309 | val_loss=0.2944 val_AP=0.3572
  -> New best: val_loss=0.2944 val_AP=0.3572, saved
Epoch  55/1000 [11.6s mem=13745MB] | train_loss=0.3005 train_AP=0.3366 | val_loss=0.2928 val_AP=0.3622
  -> New best: val_loss=0.2928 val_AP=0.3622, saved
Epoch  56/1000 [12.0s mem=13745MB] | train_loss=0.2979 train_AP=0.3418 | val_loss=0.2894 val_AP=0.3684
  -> New best: val_loss=0.2894 val_AP=0.3684, saved
Epoch  57/1000 [12.1s mem=13747MB] | train_loss=0.2984 train_AP=0.3423 | val_loss=0.2916 val_AP=0.3675
Epoch  58/1000 [10.4s mem=13749MB] | train_loss=0.2958 train_AP=0.3506 | val_loss=0.2876 val_AP=0.3748
  -> New best: val_loss=0.2876 val_AP=0.3748, saved
Epoch  59/1000 [11.0s mem=13745MB] | train_loss=0.2958 train_AP=0.3498 | val_loss=0.2880 val_AP=0.3755
  -> New best: val_loss=0.2876 val_AP=0.3755, saved
Epoch  60/1000 [12.1s mem=13746MB] | train_loss=0.2951 train_AP=0.3520 | val_loss=0.2878 val_AP=0.3778 | test_AP=0.3719
  -> New best: val_loss=0.2876 val_AP=0.3778, saved
Epoch  61/1000 [11.6s mem=13745MB] | train_loss=0.2921 train_AP=0.3594 | val_loss=0.2845 val_AP=0.3857
  -> New best: val_loss=0.2845 val_AP=0.3857, saved
Epoch  62/1000 [10.7s mem=13750MB] | train_loss=0.2911 train_AP=0.3592 | val_loss=0.2872 val_AP=0.3807
Epoch  63/1000 [10.3s mem=13752MB] | train_loss=0.2900 train_AP=0.3623 | val_loss=0.2827 val_AP=0.3899
  -> New best: val_loss=0.2827 val_AP=0.3899, saved
Epoch  64/1000 [11.9s mem=13747MB] | train_loss=0.2899 train_AP=0.3633 | val_loss=0.2852 val_AP=0.3882
Epoch  65/1000 [11.9s mem=13750MB] | train_loss=0.2890 train_AP=0.3665 | val_loss=0.2810 val_AP=0.3920
  -> New best: val_loss=0.2810 val_AP=0.3920, saved
Epoch  66/1000 [11.3s mem=13749MB] | train_loss=0.2882 train_AP=0.3679 | val_loss=0.2819 val_AP=0.3913
Epoch  67/1000 [10.5s mem=13745MB] | train_loss=0.2873 train_AP=0.3709 | val_loss=0.2799 val_AP=0.3976
  -> New best: val_loss=0.2799 val_AP=0.3976, saved
Epoch  68/1000 [11.9s mem=13753MB] | train_loss=0.2856 train_AP=0.3734 | val_loss=0.2824 val_AP=0.3948
Epoch  69/1000 [12.0s mem=13750MB] | train_loss=0.2857 train_AP=0.3763 | val_loss=0.2827 val_AP=0.3945
Epoch  70/1000 [11.8s mem=13744MB] | train_loss=0.2845 train_AP=0.3749 | val_loss=0.2825 val_AP=0.3961 | test_AP=0.3891
Epoch  71/1000 [10.2s mem=13750MB] | train_loss=0.2851 train_AP=0.3767 | val_loss=0.2816 val_AP=0.3974
Epoch  72/1000 [11.8s mem=13753MB] | train_loss=0.2846 train_AP=0.3757 | val_loss=0.2791 val_AP=0.4044
  -> New best: val_loss=0.2791 val_AP=0.4044, saved
Epoch  73/1000 [12.2s mem=13749MB] | train_loss=0.2830 train_AP=0.3799 | val_loss=0.2805 val_AP=0.4024
Epoch  74/1000 [11.8s mem=13744MB] | train_loss=0.2839 train_AP=0.3793 | val_loss=0.2755 val_AP=0.4097
  -> New best: val_loss=0.2755 val_AP=0.4097, saved
Epoch  75/1000 [10.2s mem=13746MB] | train_loss=0.2821 train_AP=0.3835 | val_loss=0.2774 val_AP=0.4076
Epoch  76/1000 [11.0s mem=13745MB] | train_loss=0.2808 train_AP=0.3844 | val_loss=0.2762 val_AP=0.4101
  -> New best: val_loss=0.2755 val_AP=0.4101, saved
Epoch  77/1000 [11.9s mem=13746MB] | train_loss=0.2809 train_AP=0.3862 | val_loss=0.2876 val_AP=0.3988
Epoch  78/1000 [12.0s mem=13744MB] | train_loss=0.2808 train_AP=0.3885 | val_loss=0.2740 val_AP=0.4155
  -> New best: val_loss=0.2740 val_AP=0.4155, saved
Epoch  79/1000 [10.7s mem=13746MB] | train_loss=0.2791 train_AP=0.3895 | val_loss=0.2766 val_AP=0.4118
Epoch  80/1000 [10.7s mem=13746MB] | train_loss=0.2795 train_AP=0.3905 | val_loss=0.2752 val_AP=0.4131 | test_AP=0.4067
Epoch  81/1000 [12.0s mem=13739MB] | train_loss=0.2795 train_AP=0.3927 | val_loss=0.2737 val_AP=0.4172
  -> New best: val_loss=0.2737 val_AP=0.4172, saved
Epoch  82/1000 [12.1s mem=13753MB] | train_loss=0.2787 train_AP=0.3913 | val_loss=0.2810 val_AP=0.4078
Epoch  83/1000 [10.7s mem=13751MB] | train_loss=0.2773 train_AP=0.3956 | val_loss=0.2730 val_AP=0.4189
  -> New best: val_loss=0.2730 val_AP=0.4189, saved
Epoch  84/1000 [10.2s mem=13744MB] | train_loss=0.2766 train_AP=0.3955 | val_loss=0.2723 val_AP=0.4199
  -> New best: val_loss=0.2723 val_AP=0.4199, saved
Epoch  85/1000 [11.7s mem=13745MB] | train_loss=0.2763 train_AP=0.3964 | val_loss=0.2729 val_AP=0.4206
  -> New best: val_loss=0.2723 val_AP=0.4206, saved
Epoch  86/1000 [11.8s mem=13745MB] | train_loss=0.2754 train_AP=0.3976 | val_loss=0.2745 val_AP=0.4172
Epoch  87/1000 [12.0s mem=13750MB] | train_loss=0.2754 train_AP=0.3954 | val_loss=0.2717 val_AP=0.4243
  -> New best: val_loss=0.2717 val_AP=0.4243, saved
Epoch  88/1000 [10.4s mem=13749MB] | train_loss=0.2754 train_AP=0.3995 | val_loss=0.2723 val_AP=0.4230
Epoch  89/1000 [11.1s mem=13746MB] | train_loss=0.2744 train_AP=0.4000 | val_loss=0.2795 val_AP=0.4154
Epoch  90/1000 [11.5s mem=13744MB] | train_loss=0.2734 train_AP=0.4047 | val_loss=0.2698 val_AP=0.4341 | test_AP=0.4142
  -> New best: val_loss=0.2698 val_AP=0.4341, saved
Epoch  91/1000 [11.7s mem=13751MB] | train_loss=0.2736 train_AP=0.4032 | val_loss=0.2765 val_AP=0.4211
Epoch  92/1000 [10.7s mem=13746MB] | train_loss=0.2729 train_AP=0.4030 | val_loss=0.2754 val_AP=0.4252
Epoch  93/1000 [10.6s mem=13741MB] | train_loss=0.2723 train_AP=0.4051 | val_loss=0.2718 val_AP=0.4317
Epoch  94/1000 [12.0s mem=13750MB] | train_loss=0.2724 train_AP=0.4065 | val_loss=0.2779 val_AP=0.4224
Epoch  95/1000 [11.7s mem=13747MB] | train_loss=0.2714 train_AP=0.4092 | val_loss=0.2695 val_AP=0.4388
  -> New best: val_loss=0.2695 val_AP=0.4388, saved
Epoch  96/1000 [11.4s mem=13745MB] | train_loss=0.2709 train_AP=0.4073 | val_loss=0.2741 val_AP=0.4297
Epoch  97/1000 [10.2s mem=13744MB] | train_loss=0.2704 train_AP=0.4102 | val_loss=0.2734 val_AP=0.4295
Epoch  98/1000 [11.7s mem=13745MB] | train_loss=0.2707 train_AP=0.4092 | val_loss=0.2729 val_AP=0.4301
Epoch  99/1000 [11.9s mem=13747MB] | train_loss=0.2700 train_AP=0.4111 | val_loss=0.2703 val_AP=0.4371
Epoch 100/1000 [12.0s mem=13750MB] | train_loss=0.2695 train_AP=0.4135 | val_loss=0.2680 val_AP=0.4400 | test_AP=0.4194
  -> New best: val_loss=0.2680 val_AP=0.4400, saved
Epoch 101/1000 [10.3s mem=13746MB] | train_loss=0.2686 train_AP=0.4149 | val_loss=0.2675 val_AP=0.4456
  -> New best: val_loss=0.2675 val_AP=0.4456, saved
Epoch 102/1000 [11.8s mem=13742MB] | train_loss=0.2695 train_AP=0.4122 | val_loss=0.2741 val_AP=0.4376
Epoch 103/1000 [12.0s mem=13752MB] | train_loss=0.2694 train_AP=0.4126 | val_loss=0.2674 val_AP=0.4476
  -> New best: val_loss=0.2674 val_AP=0.4476, saved
Epoch 104/1000 [12.2s mem=13745MB] | train_loss=0.2672 train_AP=0.4173 | val_loss=0.2755 val_AP=0.4342
Epoch 105/1000 [10.3s mem=13746MB] | train_loss=0.2679 train_AP=0.4205 | val_loss=0.2711 val_AP=0.4404
Epoch 106/1000 [11.2s mem=13753MB] | train_loss=0.2679 train_AP=0.4168 | val_loss=0.2724 val_AP=0.4403
Epoch 107/1000 [12.0s mem=13749MB] | train_loss=0.2665 train_AP=0.4219 | val_loss=0.2657 val_AP=0.4521
  -> New best: val_loss=0.2657 val_AP=0.4521, saved
Epoch 108/1000 [11.9s mem=13747MB] | train_loss=0.2661 train_AP=0.4207 | val_loss=0.2695 val_AP=0.4478
Epoch 109/1000 [10.5s mem=13746MB] | train_loss=0.2660 train_AP=0.4190 | val_loss=0.2689 val_AP=0.4476
Epoch 110/1000 [11.1s mem=13746MB] | train_loss=0.2663 train_AP=0.4225 | val_loss=0.2677 val_AP=0.4481 | test_AP=0.4201
Epoch 111/1000 [12.0s mem=13743MB] | train_loss=0.2655 train_AP=0.4242 | val_loss=0.2678 val_AP=0.4482
Epoch 112/1000 [11.9s mem=13747MB] | train_loss=0.2644 train_AP=0.4254 | val_loss=0.2721 val_AP=0.4443
Epoch 113/1000 [10.6s mem=13751MB] | train_loss=0.2645 train_AP=0.4259 | val_loss=0.2719 val_AP=0.4453
Epoch 114/1000 [10.9s mem=13746MB] | train_loss=0.2637 train_AP=0.4288 | val_loss=0.2801 val_AP=0.4377
Epoch 115/1000 [11.7s mem=13752MB] | train_loss=0.2638 train_AP=0.4305 | val_loss=0.2677 val_AP=0.4500
Epoch 116/1000 [11.8s mem=13749MB] | train_loss=0.2635 train_AP=0.4297 | val_loss=0.2756 val_AP=0.4422
Epoch 117/1000 [11.4s mem=13747MB] | train_loss=0.2628 train_AP=0.4326 | val_loss=0.2672 val_AP=0.4515
Epoch 118/1000 [10.3s mem=13750MB] | train_loss=0.2628 train_AP=0.4302 | val_loss=0.2718 val_AP=0.4466
Epoch 119/1000 [11.8s mem=13743MB] | train_loss=0.2630 train_AP=0.4327 | val_loss=0.2674 val_AP=0.4605
  -> New best: val_loss=0.2657 val_AP=0.4605, saved
Epoch 120/1000 [12.0s mem=13745MB] | train_loss=0.2622 train_AP=0.4319 | val_loss=0.2733 val_AP=0.4403 | test_AP=0.4114
Epoch 121/1000 [11.3s mem=13746MB] | train_loss=0.2636 train_AP=0.4337 | val_loss=0.2703 val_AP=0.4478
Epoch 122/1000 [10.1s mem=13743MB] | train_loss=0.2623 train_AP=0.4329 | val_loss=0.2728 val_AP=0.4431
Epoch 123/1000 [11.9s mem=13746MB] | train_loss=0.2614 train_AP=0.4362 | val_loss=0.2714 val_AP=0.4476
Epoch 124/1000 [11.9s mem=13753MB] | train_loss=0.2609 train_AP=0.4384 | val_loss=0.2676 val_AP=0.4570
Epoch 125/1000 [12.0s mem=13748MB] | train_loss=0.2597 train_AP=0.4429 | val_loss=0.2779 val_AP=0.4423
Epoch 126/1000 [10.3s mem=13750MB] | train_loss=0.2609 train_AP=0.4403 | val_loss=0.2687 val_AP=0.4567
Epoch 127/1000 [11.5s mem=13745MB] | train_loss=0.2603 train_AP=0.4407 | val_loss=0.2735 val_AP=0.4504
Epoch 128/1000 [12.0s mem=13746MB] | train_loss=0.2616 train_AP=0.4365 | val_loss=0.2665 val_AP=0.4593
Epoch 129/1000 [12.1s mem=13747MB] | train_loss=0.2597 train_AP=0.4408 | val_loss=0.2708 val_AP=0.4565
Epoch 130/1000 [10.3s mem=13749MB] | train_loss=0.2605 train_AP=0.4389 | val_loss=0.2682 val_AP=0.4552 | test_AP=0.4245
Epoch 131/1000 [11.4s mem=13744MB] | train_loss=0.2591 train_AP=0.4446 | val_loss=0.2708 val_AP=0.4536
Epoch 132/1000 [11.9s mem=13745MB] | train_loss=0.2587 train_AP=0.4431 | val_loss=0.2742 val_AP=0.4498
Epoch 133/1000 [11.9s mem=13750MB] | train_loss=0.2585 train_AP=0.4470 | val_loss=0.2762 val_AP=0.4446
Epoch 134/1000 [10.3s mem=13745MB] | train_loss=0.2578 train_AP=0.4503 | val_loss=0.2741 val_AP=0.4481
Epoch 135/1000 [11.1s mem=13747MB] | train_loss=0.2574 train_AP=0.4491 | val_loss=0.2659 val_AP=0.4623
  -> New best: val_loss=0.2657 val_AP=0.4623, saved
Epoch 136/1000 [11.7s mem=13749MB] | train_loss=0.2580 train_AP=0.4486 | val_loss=0.2744 val_AP=0.4494
Epoch 137/1000 [11.5s mem=13745MB] | train_loss=0.2576 train_AP=0.4481 | val_loss=0.2709 val_AP=0.4584
Epoch 138/1000 [10.9s mem=13748MB] | train_loss=0.2569 train_AP=0.4502 | val_loss=0.2702 val_AP=0.4627
  -> New best: val_loss=0.2657 val_AP=0.4627, saved
Epoch 139/1000 [10.3s mem=13746MB] | train_loss=0.2563 train_AP=0.4532 | val_loss=0.2717 val_AP=0.4550
Epoch 140/1000 [12.1s mem=13746MB] | train_loss=0.2567 train_AP=0.4512 | val_loss=0.2722 val_AP=0.4658 | test_AP=0.4328
  -> New best: val_loss=0.2657 val_AP=0.4658, saved
Epoch 141/1000 [11.9s mem=13745MB] | train_loss=0.2571 train_AP=0.4496 | val_loss=0.2719 val_AP=0.4504
Epoch 142/1000 [11.4s mem=13753MB] | train_loss=0.2572 train_AP=0.4476 | val_loss=0.2716 val_AP=0.4565
Epoch 143/1000 [10.2s mem=13747MB] | train_loss=0.2559 train_AP=0.4566 | val_loss=0.2687 val_AP=0.4686
  -> New best: val_loss=0.2657 val_AP=0.4686, saved
Epoch 144/1000 [11.9s mem=13745MB] | train_loss=0.2559 train_AP=0.4536 | val_loss=0.2715 val_AP=0.4570
Epoch 145/1000 [12.1s mem=13750MB] | train_loss=0.2554 train_AP=0.4518 | val_loss=0.2832 val_AP=0.4457
Epoch 146/1000 [11.9s mem=13747MB] | train_loss=0.2558 train_AP=0.4514 | val_loss=0.2763 val_AP=0.4588
Epoch 147/1000 [10.3s mem=13745MB] | train_loss=0.2547 train_AP=0.4567 | val_loss=0.2731 val_AP=0.4573
Epoch 148/1000 [10.9s mem=13744MB] | train_loss=0.2554 train_AP=0.4523 | val_loss=0.2762 val_AP=0.4555
Epoch 149/1000 [11.8s mem=13744MB] | train_loss=0.2548 train_AP=0.4547 | val_loss=0.2725 val_AP=0.4635
Epoch 150/1000 [11.8s mem=13750MB] | train_loss=0.2542 train_AP=0.4583 | val_loss=0.2668 val_AP=0.4705 | test_AP=0.4395
  -> New best: val_loss=0.2657 val_AP=0.4705, saved
Epoch 151/1000 [11.1s mem=13746MB] | train_loss=0.2534 train_AP=0.4638 | val_loss=0.2779 val_AP=0.4536
Epoch 152/1000 [10.3s mem=13751MB] | train_loss=0.2539 train_AP=0.4591 | val_loss=0.2736 val_AP=0.4604
Epoch 153/1000 [11.8s mem=13747MB] | train_loss=0.2546 train_AP=0.4571 | val_loss=0.2633 val_AP=0.4791
  -> New best: val_loss=0.2633 val_AP=0.4791, saved
Epoch 154/1000 [12.2s mem=13744MB] | train_loss=0.2543 train_AP=0.4566 | val_loss=0.2792 val_AP=0.4500
Epoch 155/1000 [11.9s mem=13750MB] | train_loss=0.2530 train_AP=0.4640 | val_loss=0.2726 val_AP=0.4617
Epoch 156/1000 [10.4s mem=13751MB] | train_loss=0.2532 train_AP=0.4622 | val_loss=0.2761 val_AP=0.4581
Epoch 157/1000 [11.5s mem=13745MB] | train_loss=0.2533 train_AP=0.4601 | val_loss=0.2671 val_AP=0.4694
Epoch 158/1000 [11.7s mem=13744MB] | train_loss=0.2526 train_AP=0.4621 | val_loss=0.2703 val_AP=0.4604
Epoch 159/1000 [12.0s mem=13746MB] | train_loss=0.2520 train_AP=0.4640 | val_loss=0.2773 val_AP=0.4533
Epoch 160/1000 [10.5s mem=13747MB] | train_loss=0.2522 train_AP=0.4664 | val_loss=0.2690 val_AP=0.4664 | test_AP=0.4325
Epoch 161/1000 [11.0s mem=13744MB] | train_loss=0.2520 train_AP=0.4650 | val_loss=0.2698 val_AP=0.4650
Epoch 162/1000 [11.7s mem=13745MB] | train_loss=0.2506 train_AP=0.4681 | val_loss=0.2664 val_AP=0.4752
Epoch 163/1000 [11.4s mem=13753MB] | train_loss=0.2512 train_AP=0.4684 | val_loss=0.2739 val_AP=0.4639
Epoch 164/1000 [11.3s mem=13749MB] | train_loss=0.2519 train_AP=0.4673 | val_loss=0.2728 val_AP=0.4631
Epoch 165/1000 [10.3s mem=13745MB] | train_loss=0.2512 train_AP=0.4658 | val_loss=0.2662 val_AP=0.4826
  -> New best: val_loss=0.2633 val_AP=0.4826, saved
Epoch 166/1000 [12.0s mem=13749MB] | train_loss=0.2511 train_AP=0.4674 | val_loss=0.2798 val_AP=0.4625
Epoch 167/1000 [12.0s mem=13748MB] | train_loss=0.2506 train_AP=0.4728 | val_loss=0.2670 val_AP=0.4778
Epoch 168/1000 [11.7s mem=13749MB] | train_loss=0.2499 train_AP=0.4695 | val_loss=0.2745 val_AP=0.4623
Epoch 169/1000 [10.1s mem=13748MB] | train_loss=0.2496 train_AP=0.4714 | val_loss=0.2672 val_AP=0.4774
Epoch 170/1000 [11.6s mem=13746MB] | train_loss=0.2499 train_AP=0.4731 | val_loss=0.2747 val_AP=0.4663 | test_AP=0.4323
Epoch 171/1000 [12.0s mem=13753MB] | train_loss=0.2493 train_AP=0.4718 | val_loss=0.2739 val_AP=0.4603
Epoch 172/1000 [11.9s mem=13743MB] | train_loss=0.2495 train_AP=0.4670 | val_loss=0.2885 val_AP=0.4487
Epoch 173/1000 [10.4s mem=13750MB] | train_loss=0.2505 train_AP=0.4687 | val_loss=0.2755 val_AP=0.4632
Epoch 174/1000 [11.4s mem=13749MB] | train_loss=0.2493 train_AP=0.4720 | val_loss=0.2721 val_AP=0.4683
Epoch 175/1000 [11.9s mem=13744MB] | train_loss=0.2491 train_AP=0.4729 | val_loss=0.2692 val_AP=0.4782
Epoch 176/1000 [11.8s mem=13744MB] | train_loss=0.2484 train_AP=0.4764 | val_loss=0.2780 val_AP=0.4663
Epoch 177/1000 [10.4s mem=13751MB] | train_loss=0.2482 train_AP=0.4745 | val_loss=0.2721 val_AP=0.4714
Epoch 178/1000 [10.8s mem=13745MB] | train_loss=0.2473 train_AP=0.4773 | val_loss=0.2783 val_AP=0.4595
Epoch 179/1000 [11.8s mem=13749MB] | train_loss=0.2489 train_AP=0.4726 | val_loss=0.2891 val_AP=0.4492
Epoch 180/1000 [12.2s mem=13754MB] | train_loss=0.2480 train_AP=0.4730 | val_loss=0.2824 val_AP=0.4608 | test_AP=0.4269
Epoch 181/1000 [10.9s mem=13745MB] | train_loss=0.2482 train_AP=0.4778 | val_loss=0.2811 val_AP=0.4590
Epoch 182/1000 [10.5s mem=13748MB] | train_loss=0.2473 train_AP=0.4786 | val_loss=0.2681 val_AP=0.4775
Epoch 183/1000 [11.6s mem=13748MB] | train_loss=0.2478 train_AP=0.4771 | val_loss=0.2768 val_AP=0.4650
Epoch 184/1000 [12.0s mem=13749MB] | train_loss=0.2470 train_AP=0.4801 | val_loss=0.2692 val_AP=0.4744
Epoch 185/1000 [11.7s mem=13744MB] | train_loss=0.2487 train_AP=0.4724 | val_loss=0.2688 val_AP=0.4684
Epoch 186/1000 [10.1s mem=13748MB] | train_loss=0.2480 train_AP=0.4771 | val_loss=0.2815 val_AP=0.4542
Epoch 187/1000 [11.6s mem=13750MB] | train_loss=0.2459 train_AP=0.4817 | val_loss=0.2688 val_AP=0.4743
Epoch 188/1000 [12.1s mem=13742MB] | train_loss=0.2464 train_AP=0.4788 | val_loss=0.2644 val_AP=0.4794
Epoch 189/1000 [12.2s mem=13744MB] | train_loss=0.2459 train_AP=0.4808 | val_loss=0.2828 val_AP=0.4519
Epoch 190/1000 [10.5s mem=13740MB] | train_loss=0.2456 train_AP=0.4806 | val_loss=0.2814 val_AP=0.4604 | test_AP=0.4297
Epoch 191/1000 [11.7s mem=13746MB] | train_loss=0.2453 train_AP=0.4838 | val_loss=0.2691 val_AP=0.4795
Epoch 192/1000 [11.6s mem=13746MB] | train_loss=0.2456 train_AP=0.4827 | val_loss=0.2723 val_AP=0.4682
Epoch 193/1000 [11.9s mem=13747MB] | train_loss=0.2455 train_AP=0.4810 | val_loss=0.2752 val_AP=0.4639
Epoch 194/1000 [10.5s mem=13751MB] | train_loss=0.2462 train_AP=0.4815 | val_loss=0.2787 val_AP=0.4567
Epoch 195/1000 [11.0s mem=13745MB] | train_loss=0.2446 train_AP=0.4884 | val_loss=0.2713 val_AP=0.4729
Epoch 196/1000 [12.0s mem=13746MB] | train_loss=0.2447 train_AP=0.4825 | val_loss=0.2625 val_AP=0.4833
  -> New best: val_loss=0.2625 val_AP=0.4833, saved
Epoch 197/1000 [11.9s mem=13746MB] | train_loss=0.2446 train_AP=0.4869 | val_loss=0.2789 val_AP=0.4572
Epoch 198/1000 [10.9s mem=13753MB] | train_loss=0.2457 train_AP=0.4821 | val_loss=0.2719 val_AP=0.4750
Epoch 199/1000 [10.3s mem=13743MB] | train_loss=0.2440 train_AP=0.4875 | val_loss=0.2744 val_AP=0.4664
Epoch 200/1000 [11.9s mem=13745MB] | train_loss=0.2438 train_AP=0.4875 | val_loss=0.2836 val_AP=0.4601 | test_AP=0.4330
Epoch 201/1000 [11.9s mem=13748MB] | train_loss=0.2444 train_AP=0.4883 | val_loss=0.2700 val_AP=0.4765
Epoch 202/1000 [11.1s mem=13742MB] | train_loss=0.2436 train_AP=0.4884 | val_loss=0.2815 val_AP=0.4556
Epoch 203/1000 [10.2s mem=13749MB] | train_loss=0.2440 train_AP=0.4887 | val_loss=0.2762 val_AP=0.4647
Epoch 204/1000 [11.8s mem=13744MB] | train_loss=0.2441 train_AP=0.4881 | val_loss=0.2616 val_AP=0.4900
  -> New best: val_loss=0.2616 val_AP=0.4900, saved
Epoch 205/1000 [11.8s mem=13743MB] | train_loss=0.2437 train_AP=0.4878 | val_loss=0.2712 val_AP=0.4677
Epoch 206/1000 [11.8s mem=13747MB] | train_loss=0.2428 train_AP=0.4909 | val_loss=0.2893 val_AP=0.4509
Epoch 207/1000 [10.2s mem=13744MB] | train_loss=0.2438 train_AP=0.4872 | val_loss=0.2769 val_AP=0.4683
Epoch 208/1000 [11.6s mem=13747MB] | train_loss=0.2422 train_AP=0.4916 | val_loss=0.2865 val_AP=0.4528
Epoch 209/1000 [11.8s mem=13745MB] | train_loss=0.2441 train_AP=0.4853 | val_loss=0.2716 val_AP=0.4723
Epoch 210/1000 [11.9s mem=13746MB] | train_loss=0.2431 train_AP=0.4906 | val_loss=0.2662 val_AP=0.4787 | test_AP=0.4476
Epoch 211/1000 [10.2s mem=13745MB] | train_loss=0.2417 train_AP=0.4932 | val_loss=0.2755 val_AP=0.4677
Epoch 212/1000 [11.4s mem=13745MB] | train_loss=0.2423 train_AP=0.4891 | val_loss=0.2699 val_AP=0.4760
Epoch 213/1000 [12.1s mem=13744MB] | train_loss=0.2425 train_AP=0.4939 | val_loss=0.2686 val_AP=0.4835
Epoch 214/1000 [12.0s mem=13745MB] | train_loss=0.2417 train_AP=0.4936 | val_loss=0.2742 val_AP=0.4742
Epoch 215/1000 [10.4s mem=13749MB] | train_loss=0.2421 train_AP=0.4932 | val_loss=0.2735 val_AP=0.4751
Epoch 216/1000 [10.8s mem=13750MB] | train_loss=0.2420 train_AP=0.4881 | val_loss=0.2787 val_AP=0.4685
Epoch 217/1000 [11.6s mem=13750MB] | train_loss=0.2427 train_AP=0.4905 | val_loss=0.2767 val_AP=0.4698
Epoch 218/1000 [11.6s mem=13747MB] | train_loss=0.2415 train_AP=0.4938 | val_loss=0.2799 val_AP=0.4608
Epoch 219/1000 [11.3s mem=13743MB] | train_loss=0.2416 train_AP=0.4964 | val_loss=0.2688 val_AP=0.4733
Epoch 220/1000 [10.1s mem=13751MB] | train_loss=0.2416 train_AP=0.4962 | val_loss=0.2821 val_AP=0.4649 | test_AP=0.4401
Epoch 221/1000 [11.6s mem=13743MB] | train_loss=0.2400 train_AP=0.4966 | val_loss=0.2712 val_AP=0.4801
Epoch 222/1000 [11.6s mem=13745MB] | train_loss=0.2409 train_AP=0.4989 | val_loss=0.2677 val_AP=0.4799
Epoch 223/1000 [11.9s mem=13751MB] | train_loss=0.2399 train_AP=0.4971 | val_loss=0.2679 val_AP=0.4815
Epoch 224/1000 [10.3s mem=13744MB] | train_loss=0.2406 train_AP=0.4977 | val_loss=0.2771 val_AP=0.4717
Epoch 225/1000 [9.6s mem=13742MB] | train_loss=0.2408 train_AP=0.4951 | val_loss=0.2803 val_AP=0.4618
Epoch 226/1000 [9.7s mem=13744MB] | train_loss=0.2398 train_AP=0.5002 | val_loss=0.2645 val_AP=0.4843
Epoch 227/1000 [9.6s mem=13753MB] | train_loss=0.2402 train_AP=0.4944 | val_loss=0.2633 val_AP=0.4903
  -> New best: val_loss=0.2616 val_AP=0.4903, saved
Epoch 228/1000 [9.7s mem=13744MB] | train_loss=0.2393 train_AP=0.5000 | val_loss=0.2761 val_AP=0.4784
Epoch 229/1000 [9.6s mem=13746MB] | train_loss=0.2390 train_AP=0.5013 | val_loss=0.2685 val_AP=0.4865
Epoch 230/1000 [9.9s mem=13747MB] | train_loss=0.2389 train_AP=0.5006 | val_loss=0.2712 val_AP=0.4807 | test_AP=0.4519
Epoch 231/1000 [9.6s mem=13746MB] | train_loss=0.2382 train_AP=0.5036 | val_loss=0.2668 val_AP=0.4856
Epoch 232/1000 [9.7s mem=13745MB] | train_loss=0.2387 train_AP=0.5055 | val_loss=0.2634 val_AP=0.4948
  -> New best: val_loss=0.2616 val_AP=0.4948, saved
Epoch 233/1000 [9.5s mem=13749MB] | train_loss=0.2390 train_AP=0.5029 | val_loss=0.2710 val_AP=0.4782
Epoch 234/1000 [9.6s mem=13753MB] | train_loss=0.2385 train_AP=0.5079 | val_loss=0.2761 val_AP=0.4712
Epoch 235/1000 [9.6s mem=13747MB] | train_loss=0.2385 train_AP=0.5020 | val_loss=0.2759 val_AP=0.4809
Epoch 236/1000 [9.5s mem=13749MB] | train_loss=0.2387 train_AP=0.5026 | val_loss=0.2638 val_AP=0.4897
Epoch 237/1000 [9.6s mem=13746MB] | train_loss=0.2376 train_AP=0.5029 | val_loss=0.2674 val_AP=0.4884
Epoch 238/1000 [9.6s mem=13746MB] | train_loss=0.2375 train_AP=0.5069 | val_loss=0.2660 val_AP=0.4848
Epoch 239/1000 [10.0s mem=13745MB] | train_loss=0.2366 train_AP=0.5067 | val_loss=0.2639 val_AP=0.4898
Epoch 240/1000 [9.7s mem=13746MB] | train_loss=0.2372 train_AP=0.5072 | val_loss=0.2670 val_AP=0.4836 | test_AP=0.4644
Epoch 241/1000 [9.4s mem=13749MB] | train_loss=0.2370 train_AP=0.5048 | val_loss=0.2706 val_AP=0.4810
Epoch 242/1000 [9.5s mem=13748MB] | train_loss=0.2368 train_AP=0.5103 | val_loss=0.2877 val_AP=0.4605
Epoch 243/1000 [9.5s mem=13750MB] | train_loss=0.2362 train_AP=0.5089 | val_loss=0.2756 val_AP=0.4717
Epoch 244/1000 [9.5s mem=13746MB] | train_loss=0.2370 train_AP=0.5100 | val_loss=0.2637 val_AP=0.4956
  -> New best: val_loss=0.2616 val_AP=0.4956, saved
Epoch 245/1000 [9.5s mem=13746MB] | train_loss=0.2369 train_AP=0.5095 | val_loss=0.2609 val_AP=0.4972
  -> New best: val_loss=0.2609 val_AP=0.4972, saved
Epoch 246/1000 [9.5s mem=13747MB] | train_loss=0.2371 train_AP=0.5079 | val_loss=0.2669 val_AP=0.4896
Epoch 247/1000 [9.4s mem=13745MB] | train_loss=0.2359 train_AP=0.5097 | val_loss=0.2620 val_AP=0.4933
Epoch 248/1000 [9.6s mem=13746MB] | train_loss=0.2377 train_AP=0.5092 | val_loss=0.2669 val_AP=0.4839
Epoch 249/1000 [9.7s mem=13746MB] | train_loss=0.2360 train_AP=0.5113 | val_loss=0.2660 val_AP=0.4905
Epoch 250/1000 [9.7s mem=13744MB] | train_loss=0.2355 train_AP=0.5128 | val_loss=0.2792 val_AP=0.4766 | test_AP=0.4500
Epoch 251/1000 [9.5s mem=13747MB] | train_loss=0.2367 train_AP=0.5067 | val_loss=0.2742 val_AP=0.4781
Epoch 252/1000 [9.5s mem=13746MB] | train_loss=0.2367 train_AP=0.5112 | val_loss=0.2639 val_AP=0.4942
Epoch 253/1000 [9.5s mem=13748MB] | train_loss=0.2350 train_AP=0.5114 | val_loss=0.2689 val_AP=0.4877
Epoch 254/1000 [9.4s mem=13751MB] | train_loss=0.2360 train_AP=0.5098 | val_loss=0.2622 val_AP=0.4890
Epoch 255/1000 [9.6s mem=13744MB] | train_loss=0.2347 train_AP=0.5118 | val_loss=0.2637 val_AP=0.4906
Epoch 256/1000 [9.5s mem=13753MB] | train_loss=0.2352 train_AP=0.5116 | val_loss=0.2799 val_AP=0.4732
Epoch 257/1000 [9.5s mem=13747MB] | train_loss=0.2346 train_AP=0.5184 | val_loss=0.2680 val_AP=0.4895
Epoch 258/1000 [9.5s mem=13741MB] | train_loss=0.2347 train_AP=0.5135 | val_loss=0.2639 val_AP=0.4908
Epoch 259/1000 [9.6s mem=13747MB] | train_loss=0.2353 train_AP=0.5114 | val_loss=0.2636 val_AP=0.4915
Epoch 260/1000 [9.5s mem=13749MB] | train_loss=0.2343 train_AP=0.5160 | val_loss=0.2669 val_AP=0.4830 | test_AP=0.4660
Epoch 261/1000 [9.5s mem=13744MB] | train_loss=0.2347 train_AP=0.5162 | val_loss=0.2720 val_AP=0.4915
Epoch 262/1000 [9.6s mem=13157MB] | train_loss=0.2351 train_AP=0.5141 | val_loss=0.2660 val_AP=0.4923
Epoch 263/1000 [9.5s mem=13743MB] | train_loss=0.2334 train_AP=0.5172 | val_loss=0.2635 val_AP=0.4898
Epoch 264/1000 [9.5s mem=13746MB] | train_loss=0.2339 train_AP=0.5199 | val_loss=0.2627 val_AP=0.4927
Epoch 265/1000 [9.4s mem=13745MB] | train_loss=0.2333 train_AP=0.5170 | val_loss=0.2731 val_AP=0.4803
Epoch 266/1000 [9.5s mem=13747MB] | train_loss=0.2335 train_AP=0.5194 | val_loss=0.2593 val_AP=0.5013
  -> New best: val_loss=0.2593 val_AP=0.5013, saved
Epoch 267/1000 [9.6s mem=13007MB] | train_loss=0.2334 train_AP=0.5170 | val_loss=0.2706 val_AP=0.4899
Epoch 268/1000 [9.4s mem=13744MB] | train_loss=0.2337 train_AP=0.5193 | val_loss=0.2610 val_AP=0.4981
Epoch 269/1000 [9.5s mem=13741MB] | train_loss=0.2330 train_AP=0.5205 | val_loss=0.2675 val_AP=0.4881
Epoch 270/1000 [9.5s mem=13750MB] | train_loss=0.2329 train_AP=0.5176 | val_loss=0.2623 val_AP=0.5004 | test_AP=0.4718
Epoch 271/1000 [9.6s mem=13745MB] | train_loss=0.2331 train_AP=0.5173 | val_loss=0.2688 val_AP=0.4853
Epoch 272/1000 [9.5s mem=13742MB] | train_loss=0.2332 train_AP=0.5206 | val_loss=0.2622 val_AP=0.5032
  -> New best: val_loss=0.2593 val_AP=0.5032, saved
Epoch 273/1000 [9.5s mem=13748MB] | train_loss=0.2322 train_AP=0.5210 | val_loss=0.2739 val_AP=0.4835
Epoch 274/1000 [9.3s mem=13745MB] | train_loss=0.2327 train_AP=0.5183 | val_loss=0.2656 val_AP=0.4954
Epoch 275/1000 [9.5s mem=13747MB] | train_loss=0.2325 train_AP=0.5211 | val_loss=0.2612 val_AP=0.4977
Epoch 276/1000 [9.5s mem=13746MB] | train_loss=0.2321 train_AP=0.5209 | val_loss=0.2613 val_AP=0.4992
Epoch 277/1000 [9.7s mem=13747MB] | train_loss=0.2310 train_AP=0.5234 | val_loss=0.2656 val_AP=0.4900
Epoch 278/1000 [9.7s mem=13746MB] | train_loss=0.2318 train_AP=0.5232 | val_loss=0.2700 val_AP=0.4886
Epoch 279/1000 [9.5s mem=13747MB] | train_loss=0.2303 train_AP=0.5270 | val_loss=0.2689 val_AP=0.4869
Epoch 280/1000 [9.8s mem=13751MB] | train_loss=0.2312 train_AP=0.5231 | val_loss=0.2693 val_AP=0.4903 | test_AP=0.4671
Epoch 281/1000 [9.5s mem=13750MB] | train_loss=0.2312 train_AP=0.5253 | val_loss=0.2715 val_AP=0.4841
Epoch 282/1000 [9.5s mem=13746MB] | train_loss=0.2315 train_AP=0.5232 | val_loss=0.2603 val_AP=0.4984
Epoch 283/1000 [9.4s mem=13747MB] | train_loss=0.2303 train_AP=0.5271 | val_loss=0.2715 val_AP=0.4884
Epoch 284/1000 [9.4s mem=13750MB] | train_loss=0.2305 train_AP=0.5278 | val_loss=0.2652 val_AP=0.4891
Epoch 285/1000 [9.5s mem=13749MB] | train_loss=0.2308 train_AP=0.5271 | val_loss=0.2691 val_AP=0.4923
Epoch 286/1000 [9.6s mem=13751MB] | train_loss=0.2306 train_AP=0.5251 | val_loss=0.2636 val_AP=0.4965
Epoch 287/1000 [9.6s mem=13745MB] | train_loss=0.2309 train_AP=0.5251 | val_loss=0.2624 val_AP=0.4988
Epoch 288/1000 [9.5s mem=13747MB] | train_loss=0.2302 train_AP=0.5283 | val_loss=0.2665 val_AP=0.4967
Epoch 289/1000 [9.5s mem=13746MB] | train_loss=0.2297 train_AP=0.5305 | val_loss=0.2786 val_AP=0.4760
Epoch 290/1000 [9.4s mem=13748MB] | train_loss=0.2311 train_AP=0.5260 | val_loss=0.2670 val_AP=0.4870 | test_AP=0.4727
Epoch 291/1000 [9.6s mem=13749MB] | train_loss=0.2307 train_AP=0.5242 | val_loss=0.2699 val_AP=0.4815
Epoch 292/1000 [9.5s mem=13749MB] | train_loss=0.2304 train_AP=0.5258 | val_loss=0.2614 val_AP=0.5010
Epoch 293/1000 [9.5s mem=13745MB] | train_loss=0.2291 train_AP=0.5278 | val_loss=0.2744 val_AP=0.4879
Epoch 294/1000 [9.8s mem=13742MB] | train_loss=0.2299 train_AP=0.5268 | val_loss=0.2645 val_AP=0.4964
Epoch 295/1000 [9.5s mem=13747MB] | train_loss=0.2297 train_AP=0.5279 | val_loss=0.2646 val_AP=0.4974
Epoch 296/1000 [9.5s mem=13744MB] | train_loss=0.2292 train_AP=0.5300 | val_loss=0.2659 val_AP=0.4974
Epoch 297/1000 [9.7s mem=13746MB] | train_loss=0.2290 train_AP=0.5285 | val_loss=0.2732 val_AP=0.4841
Epoch 298/1000 [9.5s mem=13750MB] | train_loss=0.2285 train_AP=0.5301 | val_loss=0.2635 val_AP=0.5005
Epoch 299/1000 [9.6s mem=13753MB] | train_loss=0.2290 train_AP=0.5301 | val_loss=0.2653 val_AP=0.4961
Epoch 300/1000 [9.7s mem=13744MB] | train_loss=0.2280 train_AP=0.5338 | val_loss=0.2668 val_AP=0.4905 | test_AP=0.4689
Epoch 301/1000 [9.9s mem=13746MB] | train_loss=0.2281 train_AP=0.5313 | val_loss=0.2835 val_AP=0.4794
Epoch 302/1000 [10.0s mem=13748MB] | train_loss=0.2282 train_AP=0.5310 | val_loss=0.2670 val_AP=0.4948
Epoch 303/1000 [9.8s mem=13751MB] | train_loss=0.2286 train_AP=0.5295 | val_loss=0.2684 val_AP=0.4907
Epoch 304/1000 [9.7s mem=13744MB] | train_loss=0.2288 train_AP=0.5296 | val_loss=0.2700 val_AP=0.4871
Epoch 305/1000 [10.0s mem=13746MB] | train_loss=0.2284 train_AP=0.5325 | val_loss=0.2647 val_AP=0.4960
Epoch 306/1000 [9.5s mem=13746MB] | train_loss=0.2277 train_AP=0.5341 | val_loss=0.2836 val_AP=0.4773
Epoch 307/1000 [9.8s mem=13744MB] | train_loss=0.2282 train_AP=0.5378 | val_loss=0.2692 val_AP=0.4943
Epoch 308/1000 [10.0s mem=13743MB] | train_loss=0.2274 train_AP=0.5332 | val_loss=0.2658 val_AP=0.4929
Epoch 309/1000 [9.6s mem=13747MB] | train_loss=0.2275 train_AP=0.5324 | val_loss=0.2674 val_AP=0.4940
Epoch 310/1000 [9.8s mem=13747MB] | train_loss=0.2270 train_AP=0.5344 | val_loss=0.2768 val_AP=0.4864 | test_AP=0.4647
Epoch 311/1000 [9.7s mem=13744MB] | train_loss=0.2276 train_AP=0.5364 | val_loss=0.2677 val_AP=0.4922
Epoch 312/1000 [9.6s mem=13752MB] | train_loss=0.2281 train_AP=0.5332 | val_loss=0.2642 val_AP=0.5050
  -> New best: val_loss=0.2593 val_AP=0.5050, saved
Epoch 313/1000 [9.7s mem=13747MB] | train_loss=0.2268 train_AP=0.5347 | val_loss=0.2693 val_AP=0.4942
Epoch 314/1000 [9.6s mem=13744MB] | train_loss=0.2264 train_AP=0.5362 | val_loss=0.2785 val_AP=0.4833
Epoch 315/1000 [9.7s mem=13747MB] | train_loss=0.2266 train_AP=0.5350 | val_loss=0.2639 val_AP=0.5025
Epoch 316/1000 [9.6s mem=13751MB] | train_loss=0.2263 train_AP=0.5353 | val_loss=0.2640 val_AP=0.5015
Epoch 317/1000 [9.6s mem=13747MB] | train_loss=0.2256 train_AP=0.5401 | val_loss=0.2716 val_AP=0.4874
Epoch 318/1000 [9.5s mem=13749MB] | train_loss=0.2272 train_AP=0.5336 | val_loss=0.2748 val_AP=0.4900
Epoch 319/1000 [9.5s mem=13745MB] | train_loss=0.2259 train_AP=0.5376 | val_loss=0.2668 val_AP=0.4925
Epoch 320/1000 [9.5s mem=13750MB] | train_loss=0.2264 train_AP=0.5362 | val_loss=0.2676 val_AP=0.5006 | test_AP=0.4806
Epoch 321/1000 [9.5s mem=13746MB] | train_loss=0.2262 train_AP=0.5369 | val_loss=0.2690 val_AP=0.4929
Epoch 322/1000 [9.5s mem=13741MB] | train_loss=0.2261 train_AP=0.5349 | val_loss=0.2747 val_AP=0.4887
Epoch 323/1000 [9.5s mem=13744MB] | train_loss=0.2260 train_AP=0.5345 | val_loss=0.2750 val_AP=0.4893
Epoch 324/1000 [9.4s mem=13750MB] | train_loss=0.2260 train_AP=0.5364 | val_loss=0.2616 val_AP=0.5005
Epoch 325/1000 [9.5s mem=13741MB] | train_loss=0.2254 train_AP=0.5375 | val_loss=0.2843 val_AP=0.4831
Epoch 326/1000 [9.5s mem=13744MB] | train_loss=0.2260 train_AP=0.5365 | val_loss=0.2761 val_AP=0.4856
Epoch 327/1000 [9.5s mem=13752MB] | train_loss=0.2256 train_AP=0.5335 | val_loss=0.2800 val_AP=0.4867
Epoch 328/1000 [9.5s mem=13752MB] | train_loss=0.2249 train_AP=0.5397 | val_loss=0.2677 val_AP=0.4947
Epoch 329/1000 [9.6s mem=13752MB] | train_loss=0.2246 train_AP=0.5392 | val_loss=0.2761 val_AP=0.4855
Epoch 330/1000 [9.5s mem=13747MB] | train_loss=0.2252 train_AP=0.5426 | val_loss=0.2783 val_AP=0.4867 | test_AP=0.4678
Epoch 331/1000 [9.5s mem=13747MB] | train_loss=0.2258 train_AP=0.5383 | val_loss=0.2781 val_AP=0.4867
Epoch 332/1000 [9.5s mem=13746MB] | train_loss=0.2259 train_AP=0.5369 | val_loss=0.2816 val_AP=0.4847
Epoch 333/1000 [9.5s mem=13749MB] | train_loss=0.2242 train_AP=0.5425 | val_loss=0.2736 val_AP=0.4919
Epoch 334/1000 [9.7s mem=13749MB] | train_loss=0.2253 train_AP=0.5419 | val_loss=0.2768 val_AP=0.4866
Epoch 335/1000 [9.5s mem=13745MB] | train_loss=0.2250 train_AP=0.5405 | val_loss=0.2719 val_AP=0.4897
Epoch 336/1000 [9.5s mem=13746MB] | train_loss=0.2236 train_AP=0.5474 | val_loss=0.2775 val_AP=0.4892
Epoch 337/1000 [9.4s mem=13745MB] | train_loss=0.2240 train_AP=0.5400 | val_loss=0.2681 val_AP=0.4972
Epoch 338/1000 [9.5s mem=13748MB] | train_loss=0.2244 train_AP=0.5405 | val_loss=0.2793 val_AP=0.4846
Epoch 339/1000 [9.4s mem=13742MB] | train_loss=0.2243 train_AP=0.5446 | val_loss=0.2689 val_AP=0.4989
Epoch 340/1000 [9.4s mem=13742MB] | train_loss=0.2234 train_AP=0.5451 | val_loss=0.2746 val_AP=0.4938 | test_AP=0.4726
Epoch 341/1000 [9.4s mem=13751MB] | train_loss=0.2238 train_AP=0.5417 | val_loss=0.2838 val_AP=0.4808
Epoch 342/1000 [9.5s mem=13745MB] | train_loss=0.2236 train_AP=0.5439 | val_loss=0.2828 val_AP=0.4856
Epoch 343/1000 [10.0s mem=13743MB] | train_loss=0.2239 train_AP=0.5422 | val_loss=0.2910 val_AP=0.4738
Epoch 344/1000 [9.9s mem=13745MB] | train_loss=0.2230 train_AP=0.5440 | val_loss=0.2919 val_AP=0.4771
Epoch 345/1000 [9.9s mem=13752MB] | train_loss=0.2234 train_AP=0.5449 | val_loss=0.2692 val_AP=0.4999
Epoch 346/1000 [9.8s mem=13749MB] | train_loss=0.2227 train_AP=0.5438 | val_loss=0.2741 val_AP=0.4979
Epoch 347/1000 [9.7s mem=13745MB] | train_loss=0.2230 train_AP=0.5455 | val_loss=0.2886 val_AP=0.4744
Epoch 348/1000 [9.8s mem=13752MB] | train_loss=0.2234 train_AP=0.5398 | val_loss=0.2832 val_AP=0.4911
Epoch 349/1000 [9.8s mem=13750MB] | train_loss=0.2229 train_AP=0.5469 | val_loss=0.2795 val_AP=0.4887
Epoch 350/1000 [9.6s mem=13746MB] | train_loss=0.2222 train_AP=0.5461 | val_loss=0.2759 val_AP=0.4867 | test_AP=0.4723
Epoch 351/1000 [9.6s mem=13743MB] | train_loss=0.2222 train_AP=0.5477 | val_loss=0.2700 val_AP=0.4940
Epoch 352/1000 [9.7s mem=13751MB] | train_loss=0.2235 train_AP=0.5466 | val_loss=0.2723 val_AP=0.5007
Epoch 353/1000 [9.6s mem=13748MB] | train_loss=0.2221 train_AP=0.5468 | val_loss=0.2672 val_AP=0.5015
Epoch 354/1000 [9.5s mem=13151MB] | train_loss=0.2225 train_AP=0.5458 | val_loss=0.2872 val_AP=0.4838
Epoch 355/1000 [9.5s mem=13747MB] | train_loss=0.2222 train_AP=0.5477 | val_loss=0.2716 val_AP=0.4941
Epoch 356/1000 [9.5s mem=13748MB] | train_loss=0.2215 train_AP=0.5504 | val_loss=0.2870 val_AP=0.4766
Epoch 357/1000 [9.5s mem=13747MB] | train_loss=0.2217 train_AP=0.5483 | val_loss=0.2806 val_AP=0.4898
Epoch 358/1000 [9.6s mem=13748MB] | train_loss=0.2225 train_AP=0.5442 | val_loss=0.2754 val_AP=0.4989
Epoch 359/1000 [9.5s mem=13749MB] | train_loss=0.2222 train_AP=0.5475 | val_loss=0.2823 val_AP=0.4841
Epoch 360/1000 [9.5s mem=13746MB] | train_loss=0.2220 train_AP=0.5491 | val_loss=0.2754 val_AP=0.4968 | test_AP=0.4764
Epoch 361/1000 [9.3s mem=13747MB] | train_loss=0.2217 train_AP=0.5480 | val_loss=0.2808 val_AP=0.4791
Epoch 362/1000 [9.5s mem=13744MB] | train_loss=0.2212 train_AP=0.5490 | val_loss=0.2780 val_AP=0.4972
Early stopping at epoch 362. Best val_loss=0.2593 val_AP=0.5050 at epoch 312.
Pretrain done. Best val_loss=0.2593 val_AP=0.5050 at epoch 312.
+ python exp_attn_distillation_2.py extract --hidden_dim 64 --model_path checkpoints_attn_distill_5/pretrain_best.pt --save_dir checkpoints_attn_distill_5 --num_layers 2 --num_heads 16 --proxy_lr 1e-2 --no-use_lap_pe --warmup_ratio 0.05 --num_cross_layers 1 --no-use_proxy_self_attn --proxy_mmd_lambda 100 --proxy_opt_steps 5000 --distill_weight 1 --temperature 2 --batch_size 256 --num_proxies 64
{'phase': 'extract', 'model_path': 'checkpoints_attn_distill_5/pretrain_best.pt', 'save_dir': 'checkpoints_attn_distill_5', 'hidden_dim': 64, 'num_layers': 2, 'num_heads': 16, 'output_dim': 10, 'dropout': 0.1, 's1_lr': 3e-05, 's1_weight_decay': 0.0003, 's1_max_epochs': 300, 's1_patience': 50, 's1_grad_clip': 1.0, 'warmup_ratio': 0.05, 'lr_min': 1e-07, 'num_cross_layers': 1, 'use_proxy_self_attn': False, 'num_proxies': 64, 'proxy_lr': 0.01, 'proxy_opt_steps': 5000, 'proxy_mmd_lambda': 100.0, 'extract_rel_threshold': 0.1, 'proxy_init_jitter': 0.5, 'distill_weight': 1.0, 'temperature': 2.0, 'distill_loss_threshold': 0.5, 'distill_layers': 'all', 'lr': 5e-05, 'weight_decay': 0.0001, 'max_epochs': 200, 'patience': 30, 'grad_clip': 1.0, 'batch_size': 256, 'num_workers': 4, 'device': 'cuda'}
Unknown args =  ['--no-use_lap_pe']
============================================================
Phase 1: Extract Attention Targets
  model_path=checkpoints_attn_distill_5/pretrain_best.pt
  proxy_opt_steps=5000
  num_proxies=64
  proxy_mmd_lambda=100.0
  num_cross_layers=1
  use_proxy_self_attn=False
  distill_layers=all
============================================================
  Loaded 63 pretrained keys, cross-attn layers randomly initialized
  Extracting attention from layers: [0, 1]
  [1/43] 256 graphs | base_loss=0.2516 opt_loss=0.0090 ratio=0.0357 mmd=0.327662 avg_steps=5000.0 conv=88.67%
  [10/43] 2560 graphs | base_loss=0.2481 opt_loss=0.0082 ratio=0.0329 mmd=0.330424 avg_steps=5000.0 conv=89.10%
  [20/43] 5120 graphs | base_loss=0.2472 opt_loss=0.0076 ratio=0.0307 mmd=0.334320 avg_steps=5000.0 conv=89.92%
  [30/43] 7680 graphs | base_loss=0.2461 opt_loss=0.0075 ratio=0.0306 mmd=0.333275 avg_steps=5000.0 conv=90.18%
  [40/43] 10240 graphs | base_loss=0.2431 opt_loss=0.0075 ratio=0.0307 mmd=0.328719 avg_steps=5000.0 conv=90.15%

Extraction done. 10873 graphs saved to checkpoints_attn_distill_5/attn_targets.pkl
  Avg base_loss=0.2434  opt_loss=0.0074  ratio=0.0305
  Avg proxy steps/batch=5000.0  converged=90.19% (target: opt < 0.1 * base)
  opt/base ratio histogram (per-sample, 10873 samples):
    [0.00, 0.01):   6219  (57.20%)
    [0.01, 0.05):   2916  (26.82%)
    [0.05, 0.10):    671  ( 6.17%)
    [0.10, 0.25):    588  ( 5.41%)
    [0.25, 0.50):    179  ( 1.65%)
    [0.50, 0.75):     66  ( 0.61%)
    [0.75, 1.00):    178  ( 1.64%)
    [1.00, 1.50):     56  ( 0.52%)
    [1.50, inf):      0  ( 0.00%)
  ratio stats: mean=0.0498  median=0.0068  p90=0.0970

Sanity check: attention difference (teacher vs vanilla)...
  Mean |teacher_attn - vanilla_attn|: 0.001341
  Good: attention patterns are meaningfully different.
+ python exp_attn_distillation_2.py train --hidden_dim 64 --model_path checkpoints_attn_distill_5/pretrain_best.pt --save_dir checkpoints_attn_distill_5 --num_layers 2 --num_heads 16 --proxy_lr 8e-2 --no-use_lap_pe --warmup_ratio 0.05 --num_cross_layers 1 --no-use_proxy_self_attn --proxy_mmd_lambda 20 --proxy_opt_steps 5000 --distill_weight 5 --temperature 1 --max_epochs 1500 --patience 50 --lr 1e-5 --batch_size 128 --num_proxies 32
{'phase': 'train', 'model_path': 'checkpoints_attn_distill_5/pretrain_best.pt', 'save_dir': 'checkpoints_attn_distill_5', 'hidden_dim': 64, 'num_layers': 2, 'num_heads': 16, 'output_dim': 10, 'dropout': 0.1, 's1_lr': 3e-05, 's1_weight_decay': 0.0003, 's1_max_epochs': 300, 's1_patience': 50, 's1_grad_clip': 1.0, 'warmup_ratio': 0.05, 'lr_min': 1e-07, 'num_cross_layers': 1, 'use_proxy_self_attn': False, 'num_proxies': 32, 'proxy_lr': 0.08, 'proxy_opt_steps': 5000, 'proxy_mmd_lambda': 20.0, 'extract_rel_threshold': 0.1, 'proxy_init_jitter': 0.5, 'distill_weight': 5.0, 'temperature': 1.0, 'distill_loss_threshold': 0.5, 'distill_layers': 'all', 'lr': 1e-05, 'weight_decay': 0.0001, 'max_epochs': 1500, 'patience': 50, 'grad_clip': 1.0, 'batch_size': 128, 'num_workers': 4, 'device': 'cuda'}
Unknown args =  ['--no-use_lap_pe']
============================================================
Phase 2: Train with Attention Distillation
  distill_weight=5.0
  temperature=1.0
  distill_layers=[0, 1]
  targets from: checkpoints_attn_distill_5/attn_targets.pkl
============================================================
  AttnTargetDataset: 10873 graphs with targets

Baseline (pretrained, no distillation):
  val_AP=0.5044  test_AP=0.4813
  Student trainable params: 226,314
Epoch   1/1500 [77.1s] | task=0.2226 distill=0.1037 (thresh=0.5) | train_AP=0.5484 val_AP=0.5153 test_AP=0.4916
  -> New best val_AP=0.5153 (test=0.4916)
Epoch   2/1500 [74.2s] | task=0.2204 distill=0.1028 (thresh=0.5) | train_AP=0.5524 val_AP=0.5095 test_AP=0.4848
Epoch   3/1500 [72.5s] | task=0.2208 distill=0.1037 (thresh=0.5) | train_AP=0.5516 val_AP=0.5177 test_AP=0.4957
  -> New best val_AP=0.5177 (test=0.4957)
Epoch   4/1500 [75.5s] | task=0.2209 distill=0.1034 (thresh=0.5) | train_AP=0.5498 val_AP=0.5208 test_AP=0.4950
  -> New best val_AP=0.5208 (test=0.4950)
Epoch   5/1500 [73.4s] | task=0.2202 distill=0.1041 (thresh=0.5) | train_AP=0.5535 val_AP=0.5160 test_AP=0.4906
Epoch   6/1500 [73.6s] | task=0.2210 distill=0.1037 (thresh=0.5) | train_AP=0.5521 val_AP=0.5244 test_AP=0.4952
  -> New best val_AP=0.5244 (test=0.4952)
Epoch   7/1500 [74.2s] | task=0.2201 distill=0.1045 (thresh=0.5) | train_AP=0.5516 val_AP=0.5196 test_AP=0.4947
Epoch   8/1500 [73.8s] | task=0.2203 distill=0.1049 (thresh=0.5) | train_AP=0.5525 val_AP=0.5171 test_AP=0.4963
Epoch   9/1500 [74.5s] | task=0.2198 distill=0.1052 (thresh=0.5) | train_AP=0.5547 val_AP=0.5159 test_AP=0.4945
Epoch  10/1500 [75.1s] | task=0.2200 distill=0.1048 (thresh=0.5) | train_AP=0.5549 val_AP=0.5213 test_AP=0.4982
Epoch  11/1500 [75.0s] | task=0.2203 distill=0.1056 (thresh=0.5) | train_AP=0.5526 val_AP=0.5156 test_AP=0.4962
Epoch  12/1500 [74.2s] | task=0.2194 distill=0.1055 (thresh=0.5) | train_AP=0.5534 val_AP=0.5184 test_AP=0.4940
Epoch  13/1500 [74.5s] | task=0.2194 distill=0.1059 (thresh=0.5) | train_AP=0.5546 val_AP=0.5231 test_AP=0.4992
Epoch  14/1500 [77.4s] | task=0.2193 distill=0.1066 (thresh=0.5) | train_AP=0.5557 val_AP=0.5153 test_AP=0.4923
Epoch  15/1500 [74.9s] | task=0.2188 distill=0.1066 (thresh=0.5) | train_AP=0.5570 val_AP=0.5164 test_AP=0.4953
Epoch  16/1500 [75.3s] | task=0.2189 distill=0.1066 (thresh=0.5) | train_AP=0.5545 val_AP=0.5219 test_AP=0.4971
Epoch  17/1500 [75.5s] | task=0.2187 distill=0.1067 (thresh=0.5) | train_AP=0.5587 val_AP=0.5187 test_AP=0.4971
Epoch  18/1500 [74.7s] | task=0.2192 distill=0.1067 (thresh=0.5) | train_AP=0.5574 val_AP=0.5197 test_AP=0.4941
Epoch  19/1500 [75.2s] | task=0.2190 distill=0.1069 (thresh=0.5) | train_AP=0.5587 val_AP=0.5186 test_AP=0.4951
Epoch  20/1500 [73.9s] | task=0.2187 distill=0.1069 (thresh=0.5) | train_AP=0.5566 val_AP=0.5209 test_AP=0.4963
Epoch  21/1500 [73.1s] | task=0.2185 distill=0.1066 (thresh=0.5) | train_AP=0.5588 val_AP=0.5194 test_AP=0.4928
Epoch  22/1500 [74.4s] | task=0.2186 distill=0.1068 (thresh=0.5) | train_AP=0.5551 val_AP=0.5232 test_AP=0.4952
Epoch  23/1500 [73.5s] | task=0.2185 distill=0.1082 (thresh=0.5) | train_AP=0.5565 val_AP=0.5237 test_AP=0.4987
Epoch  24/1500 [74.2s] | task=0.2183 distill=0.1075 (thresh=0.5) | train_AP=0.5565 val_AP=0.5172 test_AP=0.4965
Epoch  25/1500 [72.7s] | task=0.2192 distill=0.1082 (thresh=0.5) | train_AP=0.5543 val_AP=0.5184 test_AP=0.4962
Epoch  26/1500 [73.3s] | task=0.2185 distill=0.1083 (thresh=0.5) | train_AP=0.5560 val_AP=0.5193 test_AP=0.4948
Epoch  27/1500 [74.1s] | task=0.2184 distill=0.1081 (thresh=0.5) | train_AP=0.5585 val_AP=0.5272 test_AP=0.4985
  -> New best val_AP=0.5272 (test=0.4985)
Epoch  28/1500 [73.9s] | task=0.2185 distill=0.1078 (thresh=0.5) | train_AP=0.5586 val_AP=0.5253 test_AP=0.4974
Epoch  29/1500 [73.3s] | task=0.2183 distill=0.1077 (thresh=0.5) | train_AP=0.5587 val_AP=0.5205 test_AP=0.4953
Epoch  30/1500 [74.6s] | task=0.2183 distill=0.1079 (thresh=0.5) | train_AP=0.5582 val_AP=0.5184 test_AP=0.4956
Epoch  31/1500 [74.1s] | task=0.2184 distill=0.1076 (thresh=0.5) | train_AP=0.5600 val_AP=0.5230 test_AP=0.4980
Epoch  32/1500 [74.9s] | task=0.2183 distill=0.1082 (thresh=0.5) | train_AP=0.5578 val_AP=0.5232 test_AP=0.4981
Epoch  33/1500 [75.5s] | task=0.2178 distill=0.1073 (thresh=0.5) | train_AP=0.5592 val_AP=0.5262 test_AP=0.5003
Epoch  34/1500 [74.8s] | task=0.2183 distill=0.1087 (thresh=0.5) | train_AP=0.5570 val_AP=0.5237 test_AP=0.4993
Epoch  35/1500 [77.3s] | task=0.2178 distill=0.1085 (thresh=0.5) | train_AP=0.5583 val_AP=0.5185 test_AP=0.4962
Epoch  36/1500 [75.2s] | task=0.2180 distill=0.1079 (thresh=0.5) | train_AP=0.5580 val_AP=0.5249 test_AP=0.4988
Epoch  37/1500 [75.3s] | task=0.2176 distill=0.1090 (thresh=0.5) | train_AP=0.5592 val_AP=0.5252 test_AP=0.5005
Epoch  38/1500 [76.1s] | task=0.2181 distill=0.1091 (thresh=0.5) | train_AP=0.5587 val_AP=0.5255 test_AP=0.4998
Epoch  39/1500 [76.1s] | task=0.2180 distill=0.1094 (thresh=0.5) | train_AP=0.5588 val_AP=0.5243 test_AP=0.5000
Epoch  40/1500 [74.3s] | task=0.2174 distill=0.1089 (thresh=0.5) | train_AP=0.5594 val_AP=0.5218 test_AP=0.4962
Epoch  41/1500 [74.7s] | task=0.2180 distill=0.1096 (thresh=0.5) | train_AP=0.5583 val_AP=0.5287 test_AP=0.5011
  -> New best val_AP=0.5287 (test=0.5011)
Epoch  42/1500 [74.3s] | task=0.2171 distill=0.1096 (thresh=0.5) | train_AP=0.5621 val_AP=0.5273 test_AP=0.5003
Epoch  43/1500 [75.5s] | task=0.2176 distill=0.1093 (thresh=0.5) | train_AP=0.5609 val_AP=0.5216 test_AP=0.4969
Epoch  44/1500 [75.1s] | task=0.2180 distill=0.1087 (thresh=0.5) | train_AP=0.5584 val_AP=0.5285 test_AP=0.4986
Epoch  45/1500 [74.5s] | task=0.2169 distill=0.1085 (thresh=0.5) | train_AP=0.5592 val_AP=0.5269 test_AP=0.4983
Epoch  46/1500 [73.6s] | task=0.2172 distill=0.1092 (thresh=0.5) | train_AP=0.5633 val_AP=0.5289 test_AP=0.5024
  -> New best val_AP=0.5289 (test=0.5024)
Epoch  47/1500 [73.3s] | task=0.2172 distill=0.1094 (thresh=0.5) | train_AP=0.5597 val_AP=0.5285 test_AP=0.5014
Epoch  48/1500 [74.9s] | task=0.2172 distill=0.1099 (thresh=0.5) | train_AP=0.5595 val_AP=0.5244 test_AP=0.4975
Epoch  49/1500 [75.0s] | task=0.2168 distill=0.1095 (thresh=0.5) | train_AP=0.5638 val_AP=0.5275 test_AP=0.4981
Epoch  50/1500 [75.7s] | task=0.2176 distill=0.1096 (thresh=0.5) | train_AP=0.5615 val_AP=0.5185 test_AP=0.4968
Epoch  51/1500 [74.4s] | task=0.2163 distill=0.1097 (thresh=0.5) | train_AP=0.5642 val_AP=0.5193 test_AP=0.4995
Epoch  52/1500 [73.7s] | task=0.2170 distill=0.1098 (thresh=0.5) | train_AP=0.5599 val_AP=0.5217 test_AP=0.4944
Epoch  53/1500 [77.6s] | task=0.2168 distill=0.1112 (thresh=0.5) | train_AP=0.5616 val_AP=0.5241 test_AP=0.4989
Epoch  54/1500 [75.2s] | task=0.2171 distill=0.1106 (thresh=0.5) | train_AP=0.5621 val_AP=0.5289 test_AP=0.5001
  -> New best val_AP=0.5289 (test=0.5001)
Epoch  55/1500 [75.2s] | task=0.2166 distill=0.1108 (thresh=0.5) | train_AP=0.5633 val_AP=0.5273 test_AP=0.4964
Epoch  56/1500 [73.7s] | task=0.2159 distill=0.1100 (thresh=0.5) | train_AP=0.5633 val_AP=0.5282 test_AP=0.4977
Epoch  57/1500 [74.2s] | task=0.2163 distill=0.1108 (thresh=0.5) | train_AP=0.5623 val_AP=0.5219 test_AP=0.4946
Epoch  58/1500 [75.1s] | task=0.2162 distill=0.1113 (thresh=0.5) | train_AP=0.5632 val_AP=0.5261 test_AP=0.5007
Epoch  59/1500 [74.5s] | task=0.2162 distill=0.1106 (thresh=0.5) | train_AP=0.5628 val_AP=0.5253 test_AP=0.4948
Epoch  60/1500 [75.2s] | task=0.2170 distill=0.1107 (thresh=0.5) | train_AP=0.5607 val_AP=0.5249 test_AP=0.4998
Epoch  61/1500 [74.8s] | task=0.2169 distill=0.1108 (thresh=0.5) | train_AP=0.5632 val_AP=0.5293 test_AP=0.5009
  -> New best val_AP=0.5293 (test=0.5009)
Epoch  62/1500 [74.0s] | task=0.2171 distill=0.1108 (thresh=0.5) | train_AP=0.5637 val_AP=0.5313 test_AP=0.5042
  -> New best val_AP=0.5313 (test=0.5042)
Epoch  63/1500 [74.6s] | task=0.2161 distill=0.1116 (thresh=0.5) | train_AP=0.5640 val_AP=0.5225 test_AP=0.4957
Epoch  64/1500 [75.2s] | task=0.2162 distill=0.1109 (thresh=0.5) | train_AP=0.5637 val_AP=0.5263 test_AP=0.4983
Epoch  65/1500 [74.9s] | task=0.2156 distill=0.1114 (thresh=0.5) | train_AP=0.5676 val_AP=0.5243 test_AP=0.4987
Epoch  66/1500 [74.5s] | task=0.2165 distill=0.1124 (thresh=0.5) | train_AP=0.5612 val_AP=0.5268 test_AP=0.5005
Epoch  67/1500 [74.9s] | task=0.2157 distill=0.1115 (thresh=0.5) | train_AP=0.5671 val_AP=0.5232 test_AP=0.4993
Epoch  68/1500 [75.0s] | task=0.2162 distill=0.1127 (thresh=0.5) | train_AP=0.5676 val_AP=0.5254 test_AP=0.5005
Epoch  69/1500 [74.8s] | task=0.2155 distill=0.1119 (thresh=0.5) | train_AP=0.5642 val_AP=0.5253 test_AP=0.4966
Epoch  70/1500 [74.5s] | task=0.2154 distill=0.1115 (thresh=0.5) | train_AP=0.5645 val_AP=0.5290 test_AP=0.5026
Epoch  71/1500 [76.0s] | task=0.2153 distill=0.1128 (thresh=0.5) | train_AP=0.5648 val_AP=0.5299 test_AP=0.4983
Epoch  72/1500 [74.5s] | task=0.2156 distill=0.1125 (thresh=0.5) | train_AP=0.5627 val_AP=0.5233 test_AP=0.4956
Epoch  73/1500 [75.9s] | task=0.2156 distill=0.1115 (thresh=0.5) | train_AP=0.5672 val_AP=0.5252 test_AP=0.4998
Epoch  74/1500 [74.3s] | task=0.2156 distill=0.1121 (thresh=0.5) | train_AP=0.5642 val_AP=0.5228 test_AP=0.4973
Epoch  75/1500 [75.5s] | task=0.2154 distill=0.1122 (thresh=0.5) | train_AP=0.5661 val_AP=0.5232 test_AP=0.4997
Epoch  76/1500 [74.9s] | task=0.2153 distill=0.1120 (thresh=0.5) | train_AP=0.5662 val_AP=0.5297 test_AP=0.4995
Epoch  77/1500 [76.9s] | task=0.2156 distill=0.1131 (thresh=0.5) | train_AP=0.5652 val_AP=0.5256 test_AP=0.5002
Epoch  78/1500 [76.3s] | task=0.2155 distill=0.1125 (thresh=0.5) | train_AP=0.5668 val_AP=0.5282 test_AP=0.4994
Epoch  79/1500 [75.2s] | task=0.2151 distill=0.1129 (thresh=0.5) | train_AP=0.5662 val_AP=0.5253 test_AP=0.4969
Epoch  80/1500 [75.7s] | task=0.2157 distill=0.1134 (thresh=0.5) | train_AP=0.5646 val_AP=0.5356 test_AP=0.5073
  -> New best val_AP=0.5356 (test=0.5073)
Epoch  81/1500 [74.0s] | task=0.2156 distill=0.1128 (thresh=0.5) | train_AP=0.5661 val_AP=0.5219 test_AP=0.4964
Epoch  82/1500 [74.1s] | task=0.2150 distill=0.1132 (thresh=0.5) | train_AP=0.5667 val_AP=0.5234 test_AP=0.5021
Epoch  83/1500 [74.0s] | task=0.2153 distill=0.1133 (thresh=0.5) | train_AP=0.5660 val_AP=0.5198 test_AP=0.4984
Epoch  84/1500 [74.7s] | task=0.2146 distill=0.1130 (thresh=0.5) | train_AP=0.5695 val_AP=0.5254 test_AP=0.4996
Epoch  85/1500 [73.7s] | task=0.2151 distill=0.1134 (thresh=0.5) | train_AP=0.5661 val_AP=0.5327 test_AP=0.5012
Epoch  86/1500 [74.3s] | task=0.2140 distill=0.1133 (thresh=0.5) | train_AP=0.5696 val_AP=0.5241 test_AP=0.4995
Epoch  87/1500 [77.3s] | task=0.2145 distill=0.1136 (thresh=0.5) | train_AP=0.5683 val_AP=0.5300 test_AP=0.5043
Epoch  88/1500 [75.2s] | task=0.2139 distill=0.1139 (thresh=0.5) | train_AP=0.5677 val_AP=0.5197 test_AP=0.4970
Epoch  89/1500 [74.4s] | task=0.2149 distill=0.1138 (thresh=0.5) | train_AP=0.5675 val_AP=0.5236 test_AP=0.4999
Epoch  90/1500 [76.0s] | task=0.2147 distill=0.1137 (thresh=0.5) | train_AP=0.5692 val_AP=0.5305 test_AP=0.5013
Epoch  91/1500 [74.5s] | task=0.2145 distill=0.1138 (thresh=0.5) | train_AP=0.5668 val_AP=0.5291 test_AP=0.5025
Epoch  92/1500 [76.6s] | task=0.2142 distill=0.1143 (thresh=0.5) | train_AP=0.5682 val_AP=0.5277 test_AP=0.4991
Epoch  93/1500 [77.2s] | task=0.2147 distill=0.1137 (thresh=0.5) | train_AP=0.5679 val_AP=0.5244 test_AP=0.4984
Epoch  94/1500 [73.6s] | task=0.2135 distill=0.1136 (thresh=0.5) | train_AP=0.5694 val_AP=0.5205 test_AP=0.4932
Epoch  95/1500 [75.7s] | task=0.2140 distill=0.1141 (thresh=0.5) | train_AP=0.5705 val_AP=0.5266 test_AP=0.5046
Epoch  96/1500 [75.2s] | task=0.2145 distill=0.1145 (thresh=0.5) | train_AP=0.5688 val_AP=0.5279 test_AP=0.4980
Epoch  97/1500 [74.2s] | task=0.2143 distill=0.1147 (thresh=0.5) | train_AP=0.5694 val_AP=0.5244 test_AP=0.4974
Epoch  98/1500 [74.5s] | task=0.2147 distill=0.1150 (thresh=0.5) | train_AP=0.5690 val_AP=0.5291 test_AP=0.5016
Epoch  99/1500 [74.3s] | task=0.2141 distill=0.1147 (thresh=0.5) | train_AP=0.5697 val_AP=0.5278 test_AP=0.5021
Epoch 100/1500 [74.3s] | task=0.2150 distill=0.1150 (thresh=0.5) | train_AP=0.5662 val_AP=0.5301 test_AP=0.5037
Epoch 101/1500 [76.2s] | task=0.2145 distill=0.1147 (thresh=0.5) | train_AP=0.5673 val_AP=0.5266 test_AP=0.4991
Epoch 102/1500 [75.2s] | task=0.2141 distill=0.1153 (thresh=0.5) | train_AP=0.5685 val_AP=0.5255 test_AP=0.5017
Epoch 103/1500 [76.0s] | task=0.2141 distill=0.1154 (thresh=0.5) | train_AP=0.5694 val_AP=0.5199 test_AP=0.4950
Epoch 104/1500 [75.5s] | task=0.2132 distill=0.1154 (thresh=0.5) | train_AP=0.5715 val_AP=0.5284 test_AP=0.5001
Epoch 105/1500 [74.8s] | task=0.2133 distill=0.1157 (thresh=0.5) | train_AP=0.5677 val_AP=0.5299 test_AP=0.5016
Epoch 106/1500 [74.7s] | task=0.2135 distill=0.1154 (thresh=0.5) | train_AP=0.5692 val_AP=0.5290 test_AP=0.5020
Epoch 107/1500 [74.3s] | task=0.2131 distill=0.1155 (thresh=0.5) | train_AP=0.5699 val_AP=0.5294 test_AP=0.5014
Epoch 108/1500 [74.4s] | task=0.2132 distill=0.1161 (thresh=0.5) | train_AP=0.5704 val_AP=0.5300 test_AP=0.5010
Epoch 109/1500 [74.1s] | task=0.2131 distill=0.1163 (thresh=0.5) | train_AP=0.5697 val_AP=0.5240 test_AP=0.4994
Epoch 110/1500 [75.3s] | task=0.2137 distill=0.1157 (thresh=0.5) | train_AP=0.5694 val_AP=0.5277 test_AP=0.5037
Epoch 111/1500 [75.3s] | task=0.2131 distill=0.1156 (thresh=0.5) | train_AP=0.5716 val_AP=0.5228 test_AP=0.4958
Epoch 112/1500 [72.3s] | task=0.2132 distill=0.1161 (thresh=0.5) | train_AP=0.5717 val_AP=0.5293 test_AP=0.5003
Epoch 113/1500 [73.6s] | task=0.2130 distill=0.1158 (thresh=0.5) | train_AP=0.5732 val_AP=0.5306 test_AP=0.5050
Epoch 114/1500 [74.2s] | task=0.2136 distill=0.1168 (thresh=0.5) | train_AP=0.5710 val_AP=0.5229 test_AP=0.4976
Epoch 115/1500 [73.4s] | task=0.2132 distill=0.1169 (thresh=0.5) | train_AP=0.5716 val_AP=0.5220 test_AP=0.4962
Epoch 116/1500 [74.8s] | task=0.2129 distill=0.1170 (thresh=0.5) | train_AP=0.5731 val_AP=0.5268 test_AP=0.5007
Epoch 117/1500 [73.3s] | task=0.2129 distill=0.1165 (thresh=0.5) | train_AP=0.5733 val_AP=0.5306 test_AP=0.5002
Epoch 118/1500 [74.9s] | task=0.2130 distill=0.1167 (thresh=0.5) | train_AP=0.5727 val_AP=0.5262 test_AP=0.5004
Epoch 119/1500 [74.3s] | task=0.2133 distill=0.1167 (thresh=0.5) | train_AP=0.5682 val_AP=0.5280 test_AP=0.5048
Epoch 120/1500 [73.7s] | task=0.2132 distill=0.1168 (thresh=0.5) | train_AP=0.5756 val_AP=0.5290 test_AP=0.5039
Epoch 121/1500 [73.8s] | task=0.2124 distill=0.1172 (thresh=0.5) | train_AP=0.5684 val_AP=0.5279 test_AP=0.5019
Epoch 122/1500 [73.7s] | task=0.2129 distill=0.1164 (thresh=0.5) | train_AP=0.5720 val_AP=0.5205 test_AP=0.4985
Epoch 123/1500 [75.4s] | task=0.2127 distill=0.1174 (thresh=0.5) | train_AP=0.5728 val_AP=0.5232 test_AP=0.4995
Epoch 124/1500 [74.3s] | task=0.2126 distill=0.1170 (thresh=0.5) | train_AP=0.5732 val_AP=0.5296 test_AP=0.5016
Epoch 125/1500 [75.6s] | task=0.2121 distill=0.1175 (thresh=0.5) | train_AP=0.5723 val_AP=0.5297 test_AP=0.5038
Epoch 126/1500 [74.4s] | task=0.2129 distill=0.1171 (thresh=0.5) | train_AP=0.5743 val_AP=0.5242 test_AP=0.4975
Epoch 127/1500 [74.0s] | task=0.2122 distill=0.1170 (thresh=0.5) | train_AP=0.5718 val_AP=0.5311 test_AP=0.5038
Epoch 128/1500 [74.4s] | task=0.2123 distill=0.1177 (thresh=0.5) | train_AP=0.5729 val_AP=0.5299 test_AP=0.5018
Epoch 129/1500 [73.7s] | task=0.2119 distill=0.1174 (thresh=0.5) | train_AP=0.5774 val_AP=0.5254 test_AP=0.5021
Epoch 130/1500 [75.2s] | task=0.2125 distill=0.1176 (thresh=0.5) | train_AP=0.5724 val_AP=0.5334 test_AP=0.5055
Early stopping at epoch 130.

Done. Baseline val_AP=0.5044 | Best distilled val_AP=0.5356 at epoch 80
+ save_dir=checkpoints_attn_distill_5
+ python exp_attn_distillation_2.py train --hidden_dim 64 --model_path checkpoints_attn_distill_5/pretrain_best.pt --save_dir checkpoints_attn_distill_5 --num_layers 1 --num_heads 16 --proxy_lr 8e-2 --no-use_lap_pe --warmup_ratio 0.05 --num_cross_layers 1 --no-use_proxy_self_attn --proxy_mmd_lambda 20 --proxy_opt_steps 5000 --distill_weight 1 --temperature 2 --max_epochs 500 --patience 20 --lr 5e-5 --batch_size 64 --num_proxies 32
{'phase': 'train', 'model_path': 'checkpoints_attn_distill_5/pretrain_best.pt', 'save_dir': 'checkpoints_attn_distill_5', 'hidden_dim': 64, 'num_layers': 1, 'num_heads': 16, 'output_dim': 10, 'dropout': 0.1, 's1_lr': 3e-05, 's1_weight_decay': 0.0003, 's1_max_epochs': 300, 's1_patience': 50, 's1_grad_clip': 1.0, 'warmup_ratio': 0.05, 'lr_min': 1e-07, 'num_cross_layers': 1, 'use_proxy_self_attn': False, 'num_proxies': 32, 'proxy_lr': 0.08, 'proxy_opt_steps': 5000, 'proxy_mmd_lambda': 20.0, 'extract_rel_threshold': 0.1, 'proxy_init_jitter': 0.5, 'distill_weight': 1.0, 'temperature': 2.0, 'distill_loss_threshold': 0.5, 'distill_layers': 'all', 'lr': 5e-05, 'weight_decay': 0.0001, 'max_epochs': 500, 'patience': 20, 'grad_clip': 1.0, 'batch_size': 64, 'num_workers': 4, 'device': 'cuda'}
Unknown args =  ['--no-use_lap_pe']
============================================================
Phase 2: Train with Attention Distillation
  distill_weight=1.0
  temperature=2.0
  distill_layers=[0, 1]
  targets from: checkpoints_attn_distill_5/attn_targets.pkl
============================================================
  AttnTargetDataset: 10873 graphs with targets

Baseline (pretrained, no distillation):
  val_AP=0.4114  test_AP=0.3983
  Student trainable params: 176,522
Traceback (most recent call last):
  File "/home1/sajan_rg/graphormer_eval/new_experiments/graph_exp_new/exp_attn_distillation_2.py", line 1143, in <module>
    main()
    ~~~~^^
  File "/home1/sajan_rg/graphormer_eval/new_experiments/graph_exp_new/exp_attn_distillation_2.py", line 1139, in main
    run_training(args)
    ~~~~~~~~~~~~^^^^^^
  File "/home1/sajan_rg/graphormer_eval/new_experiments/graph_exp_new/exp_attn_distillation_2.py", line 971, in run_training
    student_attns_filtered = [student_attns[i] for i in distill_layer_indices]
                              ~~~~~~~~~~~~~^^^
IndexError: list index out of range
+ save_dir=checkpoints_attn_distill_5
+ python exp_attn_distillation_2.py train --hidden_dim 64 --model_path checkpoints_attn_distill_5/pretrain_best.pt --save_dir checkpoints_attn_distill_5 --num_layers 1 --num_heads 16 --proxy_lr 8e-2 --no-use_lap_pe --warmup_ratio 0.05 --num_cross_layers 1 --no-use_proxy_self_attn --proxy_mmd_lambda 20 --proxy_opt_steps 5000 --distill_weight 1 --temperature 2 --max_epochs 1000 --patience 20 --lr 5e-5 --batch_size 64 --num_proxies 32
{'phase': 'train', 'model_path': 'checkpoints_attn_distill_5/pretrain_best.pt', 'save_dir': 'checkpoints_attn_distill_5', 'hidden_dim': 64, 'num_layers': 1, 'num_heads': 16, 'output_dim': 10, 'dropout': 0.1, 's1_lr': 3e-05, 's1_weight_decay': 0.0003, 's1_max_epochs': 300, 's1_patience': 50, 's1_grad_clip': 1.0, 'warmup_ratio': 0.05, 'lr_min': 1e-07, 'num_cross_layers': 1, 'use_proxy_self_attn': False, 'num_proxies': 32, 'proxy_lr': 0.08, 'proxy_opt_steps': 5000, 'proxy_mmd_lambda': 20.0, 'extract_rel_threshold': 0.1, 'proxy_init_jitter': 0.5, 'distill_weight': 1.0, 'temperature': 2.0, 'distill_loss_threshold': 0.5, 'distill_layers': 'all', 'lr': 5e-05, 'weight_decay': 0.0001, 'max_epochs': 1000, 'patience': 20, 'grad_clip': 1.0, 'batch_size': 64, 'num_workers': 4, 'device': 'cuda'}
Unknown args =  ['--no-use_lap_pe']
============================================================
Phase 2: Train with Attention Distillation
  distill_weight=1.0
  temperature=2.0
  distill_layers=[0, 1]
  targets from: checkpoints_attn_distill_5/attn_targets.pkl
============================================================
  AttnTargetDataset: 10873 graphs with targets

Baseline (pretrained, no distillation):
  val_AP=0.4114  test_AP=0.3983
  Student trainable params: 176,522
Traceback (most recent call last):
  File "/home1/sajan_rg/graphormer_eval/new_experiments/graph_exp_new/exp_attn_distillation_2.py", line 1143, in <module>
    main()
    ~~~~^^
  File "/home1/sajan_rg/graphormer_eval/new_experiments/graph_exp_new/exp_attn_distillation_2.py", line 1139, in main
    run_training(args)
    ~~~~~~~~~~~~^^^^^^
  File "/home1/sajan_rg/graphormer_eval/new_experiments/graph_exp_new/exp_attn_distillation_2.py", line 971, in run_training
    student_attns_filtered = [student_attns[i] for i in distill_layer_indices]
                              ~~~~~~~~~~~~~^^^
IndexError: list index out of range
+ save_dir=checkpoints_attn_distill_5
+ python exp_attn_distillation_2.py train --hidden_dim 64 --model_path checkpoints_attn_distill_5/pretrain_best.pt --save_dir checkpoints_attn_distill_5 --num_layers 2 --num_heads 16 --proxy_lr 8e-2 --no-use_lap_pe --warmup_ratio 0.05 --num_cross_layers 1 --no-use_proxy_self_attn --proxy_mmd_lambda 20 --proxy_opt_steps 5000 --distill_weight 5 --temperature 1 --max_epochs 1500 --patience 200 --lr 5e-5 --batch_size 128 --num_proxies 32
{'phase': 'train', 'model_path': 'checkpoints_attn_distill_5/pretrain_best.pt', 'save_dir': 'checkpoints_attn_distill_5', 'hidden_dim': 64, 'num_layers': 2, 'num_heads': 16, 'output_dim': 10, 'dropout': 0.1, 's1_lr': 3e-05, 's1_weight_decay': 0.0003, 's1_max_epochs': 300, 's1_patience': 50, 's1_grad_clip': 1.0, 'warmup_ratio': 0.05, 'lr_min': 1e-07, 'num_cross_layers': 1, 'use_proxy_self_attn': False, 'num_proxies': 32, 'proxy_lr': 0.08, 'proxy_opt_steps': 5000, 'proxy_mmd_lambda': 20.0, 'extract_rel_threshold': 0.1, 'proxy_init_jitter': 0.5, 'distill_weight': 5.0, 'temperature': 1.0, 'distill_loss_threshold': 0.5, 'distill_layers': 'all', 'lr': 5e-05, 'weight_decay': 0.0001, 'max_epochs': 1500, 'patience': 200, 'grad_clip': 1.0, 'batch_size': 128, 'num_workers': 4, 'device': 'cuda'}
Unknown args =  ['--no-use_lap_pe']
============================================================
Phase 2: Train with Attention Distillation
  distill_weight=5.0
  temperature=1.0
  distill_layers=[0, 1]
  targets from: checkpoints_attn_distill_5/attn_targets.pkl
============================================================
  AttnTargetDataset: 10873 graphs with targets

Baseline (pretrained, no distillation):
  val_AP=0.5044  test_AP=0.4813
  Student trainable params: 226,314
Epoch   1/1500 [73.3s] | task=0.2270 distill=0.1040 (thresh=0.5) | train_AP=0.5356 val_AP=0.4928 test_AP=0.4691
  -> New best val_AP=0.4928 (test=0.4691)
Epoch   2/1500 [70.2s] | task=0.2257 distill=0.1047 (thresh=0.5) | train_AP=0.5400 val_AP=0.5091 test_AP=0.4877
  -> New best val_AP=0.5091 (test=0.4877)
Epoch   3/1500 [71.3s] | task=0.2247 distill=0.1073 (thresh=0.5) | train_AP=0.5405 val_AP=0.5180 test_AP=0.4934
  -> New best val_AP=0.5180 (test=0.4934)
Epoch   4/1500 [70.9s] | task=0.2253 distill=0.1090 (thresh=0.5) | train_AP=0.5401 val_AP=0.5297 test_AP=0.5037
  -> New best val_AP=0.5297 (test=0.5037)
Epoch   5/1500 [69.9s] | task=0.2242 distill=0.1083 (thresh=0.5) | train_AP=0.5416 val_AP=0.5224 test_AP=0.4966
Epoch   6/1500 [71.8s] | task=0.2242 distill=0.1100 (thresh=0.5) | train_AP=0.5448 val_AP=0.5253 test_AP=0.4967
Epoch   7/1500 [71.0s] | task=0.2245 distill=0.1102 (thresh=0.5) | train_AP=0.5447 val_AP=0.5149 test_AP=0.4947
Epoch   8/1500 [71.4s] | task=0.2229 distill=0.1104 (thresh=0.5) | train_AP=0.5458 val_AP=0.5288 test_AP=0.5016
Epoch   9/1500 [71.8s] | task=0.2234 distill=0.1110 (thresh=0.5) | train_AP=0.5475 val_AP=0.5207 test_AP=0.4937
Epoch  10/1500 [71.5s] | task=0.2218 distill=0.1128 (thresh=0.5) | train_AP=0.5485 val_AP=0.5205 test_AP=0.4942
Epoch  11/1500 [72.4s] | task=0.2224 distill=0.1103 (thresh=0.5) | train_AP=0.5498 val_AP=0.5212 test_AP=0.5003
Epoch  12/1500 [71.0s] | task=0.2233 distill=0.1136 (thresh=0.5) | train_AP=0.5456 val_AP=0.5259 test_AP=0.5040
Epoch  13/1500 [70.9s] | task=0.2223 distill=0.1137 (thresh=0.5) | train_AP=0.5484 val_AP=0.5375 test_AP=0.5067
  -> New best val_AP=0.5375 (test=0.5067)
Epoch  14/1500 [70.1s] | task=0.2224 distill=0.1147 (thresh=0.5) | train_AP=0.5481 val_AP=0.5304 test_AP=0.5014
Epoch  15/1500 [71.0s] | task=0.2228 distill=0.1149 (thresh=0.5) | train_AP=0.5472 val_AP=0.5258 test_AP=0.5011
Epoch  16/1500 [72.3s] | task=0.2212 distill=0.1140 (thresh=0.5) | train_AP=0.5485 val_AP=0.5303 test_AP=0.4947
Epoch  17/1500 [70.4s] | task=0.2211 distill=0.1151 (thresh=0.5) | train_AP=0.5525 val_AP=0.5248 test_AP=0.4984
Epoch  18/1500 [70.2s] | task=0.2207 distill=0.1144 (thresh=0.5) | train_AP=0.5485 val_AP=0.5288 test_AP=0.5094
Epoch  19/1500 [71.3s] | task=0.2211 distill=0.1138 (thresh=0.5) | train_AP=0.5498 val_AP=0.5228 test_AP=0.4947
Epoch  20/1500 [71.0s] | task=0.2209 distill=0.1170 (thresh=0.5) | train_AP=0.5542 val_AP=0.5195 test_AP=0.4918
Epoch  21/1500 [72.0s] | task=0.2200 distill=0.1175 (thresh=0.5) | train_AP=0.5548 val_AP=0.5298 test_AP=0.5087
Epoch  22/1500 [70.3s] | task=0.2204 distill=0.1183 (thresh=0.5) | train_AP=0.5541 val_AP=0.5181 test_AP=0.5002
Epoch  23/1500 [70.0s] | task=0.2206 distill=0.1187 (thresh=0.5) | train_AP=0.5537 val_AP=0.5255 test_AP=0.5000
Epoch  24/1500 [70.9s] | task=0.2199 distill=0.1187 (thresh=0.5) | train_AP=0.5569 val_AP=0.5116 test_AP=0.4895
Epoch  25/1500 [72.5s] | task=0.2195 distill=0.1186 (thresh=0.5) | train_AP=0.5564 val_AP=0.5231 test_AP=0.4966
Epoch  26/1500 [71.4s] | task=0.2196 distill=0.1192 (thresh=0.5) | train_AP=0.5618 val_AP=0.5236 test_AP=0.4998
Epoch  27/1500 [71.5s] | task=0.2189 distill=0.1205 (thresh=0.5) | train_AP=0.5579 val_AP=0.5374 test_AP=0.5061
Epoch  28/1500 [71.7s] | task=0.2190 distill=0.1210 (thresh=0.5) | train_AP=0.5567 val_AP=0.5109 test_AP=0.4929
Epoch  29/1500 [71.9s] | task=0.2178 distill=0.1200 (thresh=0.5) | train_AP=0.5635 val_AP=0.5309 test_AP=0.5010
Epoch  30/1500 [70.7s] | task=0.2174 distill=0.1218 (thresh=0.5) | train_AP=0.5662 val_AP=0.5293 test_AP=0.5079
Epoch  31/1500 [70.9s] | task=0.2182 distill=0.1219 (thresh=0.5) | train_AP=0.5576 val_AP=0.5304 test_AP=0.5016
Epoch  32/1500 [71.9s] | task=0.2179 distill=0.1221 (thresh=0.5) | train_AP=0.5618 val_AP=0.5341 test_AP=0.5049
Epoch  33/1500 [71.1s] | task=0.2167 distill=0.1202 (thresh=0.5) | train_AP=0.5632 val_AP=0.5272 test_AP=0.5040
Epoch  34/1500 [71.0s] | task=0.2167 distill=0.1238 (thresh=0.5) | train_AP=0.5643 val_AP=0.5302 test_AP=0.5014
Epoch  35/1500 [70.9s] | task=0.2169 distill=0.1244 (thresh=0.5) | train_AP=0.5651 val_AP=0.5300 test_AP=0.5022
Epoch  36/1500 [71.7s] | task=0.2164 distill=0.1252 (thresh=0.5) | train_AP=0.5657 val_AP=0.5285 test_AP=0.5014
Epoch  37/1500 [71.7s] | task=0.2159 distill=0.1263 (thresh=0.5) | train_AP=0.5675 val_AP=0.5357 test_AP=0.5068
Epoch  38/1500 [73.1s] | task=0.2154 distill=0.1256 (thresh=0.5) | train_AP=0.5678 val_AP=0.5344 test_AP=0.5098
Epoch  39/1500 [71.2s] | task=0.2165 distill=0.1291 (thresh=0.5) | train_AP=0.5653 val_AP=0.5434 test_AP=0.5134
  -> New best val_AP=0.5434 (test=0.5134)
Epoch  40/1500 [72.0s] | task=0.2152 distill=0.1266 (thresh=0.5) | train_AP=0.5708 val_AP=0.5356 test_AP=0.5026
Epoch  41/1500 [70.3s] | task=0.2144 distill=0.1272 (thresh=0.5) | train_AP=0.5702 val_AP=0.5383 test_AP=0.5088
Epoch  42/1500 [71.4s] | task=0.2144 distill=0.1285 (thresh=0.5) | train_AP=0.5716 val_AP=0.5163 test_AP=0.4963
Epoch  43/1500 [71.5s] | task=0.2141 distill=0.1287 (thresh=0.5) | train_AP=0.5660 val_AP=0.5325 test_AP=0.5054
Epoch  44/1500 [70.2s] | task=0.2152 distill=0.1304 (thresh=0.5) | train_AP=0.5707 val_AP=0.5269 test_AP=0.5018
Epoch  45/1500 [71.8s] | task=0.2152 distill=0.1297 (thresh=0.5) | train_AP=0.5704 val_AP=0.5458 test_AP=0.5118
  -> New best val_AP=0.5458 (test=0.5118)
Epoch  46/1500 [72.0s] | task=0.2146 distill=0.1319 (thresh=0.5) | train_AP=0.5704 val_AP=0.5435 test_AP=0.5127
Epoch  47/1500 [72.0s] | task=0.2132 distill=0.1311 (thresh=0.5) | train_AP=0.5740 val_AP=0.5406 test_AP=0.5140
Epoch  48/1500 [71.5s] | task=0.2148 distill=0.1304 (thresh=0.5) | train_AP=0.5682 val_AP=0.5357 test_AP=0.5106
Epoch  49/1500 [72.4s] | task=0.2132 distill=0.1329 (thresh=0.5) | train_AP=0.5755 val_AP=0.5354 test_AP=0.5060
Epoch  50/1500 [71.2s] | task=0.2132 distill=0.1313 (thresh=0.5) | train_AP=0.5750 val_AP=0.5357 test_AP=0.5139
Epoch  51/1500 [71.7s] | task=0.2128 distill=0.1336 (thresh=0.5) | train_AP=0.5726 val_AP=0.5374 test_AP=0.5101
Epoch  52/1500 [70.5s] | task=0.2123 distill=0.1339 (thresh=0.5) | train_AP=0.5740 val_AP=0.5359 test_AP=0.5084
Epoch  53/1500 [70.9s] | task=0.2134 distill=0.1340 (thresh=0.5) | train_AP=0.5721 val_AP=0.5342 test_AP=0.5049
Epoch  54/1500 [71.2s] | task=0.2122 distill=0.1341 (thresh=0.5) | train_AP=0.5758 val_AP=0.5366 test_AP=0.5087
Epoch  55/1500 [72.3s] | task=0.2111 distill=0.1351 (thresh=0.5) | train_AP=0.5772 val_AP=0.5433 test_AP=0.5162
Epoch  56/1500 [72.3s] | task=0.2118 distill=0.1360 (thresh=0.5) | train_AP=0.5804 val_AP=0.5296 test_AP=0.5112
Epoch  57/1500 [71.0s] | task=0.2123 distill=0.1349 (thresh=0.5) | train_AP=0.5772 val_AP=0.5287 test_AP=0.5000
Epoch  58/1500 [70.9s] | task=0.2125 distill=0.1369 (thresh=0.5) | train_AP=0.5749 val_AP=0.5239 test_AP=0.5047
Epoch  59/1500 [71.4s] | task=0.2106 distill=0.1380 (thresh=0.5) | train_AP=0.5826 val_AP=0.5401 test_AP=0.5149
Epoch  60/1500 [71.8s] | task=0.2106 distill=0.1377 (thresh=0.5) | train_AP=0.5805 val_AP=0.5376 test_AP=0.5085
Epoch  61/1500 [71.3s] | task=0.2096 distill=0.1379 (thresh=0.5) | train_AP=0.5833 val_AP=0.5398 test_AP=0.5170
Epoch  62/1500 [71.1s] | task=0.2104 distill=0.1418 (thresh=0.5) | train_AP=0.5799 val_AP=0.5250 test_AP=0.4989
Epoch  63/1500 [70.9s] | task=0.2104 distill=0.1418 (thresh=0.5) | train_AP=0.5824 val_AP=0.5424 test_AP=0.5186
Epoch  64/1500 [70.7s] | task=0.2104 distill=0.1417 (thresh=0.5) | train_AP=0.5830 val_AP=0.5354 test_AP=0.5078
Epoch  65/1500 [70.0s] | task=0.2098 distill=0.1420 (thresh=0.5) | train_AP=0.5820 val_AP=0.5419 test_AP=0.5234
Epoch  66/1500 [71.5s] | task=0.2095 distill=0.1415 (thresh=0.5) | train_AP=0.5866 val_AP=0.5463 test_AP=0.5189
  -> New best val_AP=0.5463 (test=0.5189)
Epoch  67/1500 [70.5s] | task=0.2094 distill=0.1414 (thresh=0.5) | train_AP=0.5881 val_AP=0.5470 test_AP=0.5180
  -> New best val_AP=0.5470 (test=0.5180)
Epoch  68/1500 [70.6s] | task=0.2094 distill=0.1430 (thresh=0.5) | train_AP=0.5823 val_AP=0.5511 test_AP=0.5207
  -> New best val_AP=0.5511 (test=0.5207)
Epoch  69/1500 [72.1s] | task=0.2090 distill=0.1421 (thresh=0.5) | train_AP=0.5844 val_AP=0.5353 test_AP=0.5100
Epoch  70/1500 [72.2s] | task=0.2090 distill=0.1444 (thresh=0.5) | train_AP=0.5858 val_AP=0.5377 test_AP=0.5116
Epoch  71/1500 [70.3s] | task=0.2076 distill=0.1444 (thresh=0.5) | train_AP=0.5885 val_AP=0.5441 test_AP=0.5160
Epoch  72/1500 [72.3s] | task=0.2076 distill=0.1456 (thresh=0.5) | train_AP=0.5883 val_AP=0.5433 test_AP=0.5188
Epoch  73/1500 [71.4s] | task=0.2075 distill=0.1451 (thresh=0.5) | train_AP=0.5882 val_AP=0.5396 test_AP=0.5122
Epoch  74/1500 [71.9s] | task=0.2074 distill=0.1460 (thresh=0.5) | train_AP=0.5905 val_AP=0.5443 test_AP=0.5141
Epoch  75/1500 [70.7s] | task=0.2057 distill=0.1480 (thresh=0.5) | train_AP=0.5937 val_AP=0.5477 test_AP=0.5204
Epoch  76/1500 [71.1s] | task=0.2078 distill=0.1482 (thresh=0.5) | train_AP=0.5879 val_AP=0.5487 test_AP=0.5215
Epoch  77/1500 [73.2s] | task=0.2070 distill=0.1503 (thresh=0.5) | train_AP=0.5942 val_AP=0.5347 test_AP=0.5122
Epoch  78/1500 [71.1s] | task=0.2069 distill=0.1489 (thresh=0.5) | train_AP=0.5941 val_AP=0.5491 test_AP=0.5229
Epoch  79/1500 [72.1s] | task=0.2054 distill=0.1496 (thresh=0.5) | train_AP=0.5938 val_AP=0.5390 test_AP=0.5203
Epoch  80/1500 [71.3s] | task=0.2066 distill=0.1509 (thresh=0.5) | train_AP=0.5930 val_AP=0.5519 test_AP=0.5196
  -> New best val_AP=0.5519 (test=0.5196)
Epoch  81/1500 [72.9s] | task=0.2070 distill=0.1501 (thresh=0.5) | train_AP=0.5935 val_AP=0.5375 test_AP=0.5084
Epoch  82/1500 [70.9s] | task=0.2064 distill=0.1511 (thresh=0.5) | train_AP=0.5930 val_AP=0.5459 test_AP=0.5218
Epoch  83/1500 [71.1s] | task=0.2060 distill=0.1514 (thresh=0.5) | train_AP=0.5960 val_AP=0.5405 test_AP=0.5207
Epoch  84/1500 [70.2s] | task=0.2068 distill=0.1535 (thresh=0.5) | train_AP=0.5933 val_AP=0.5408 test_AP=0.5193
Epoch  85/1500 [72.6s] | task=0.2050 distill=0.1543 (thresh=0.5) | train_AP=0.5972 val_AP=0.5511 test_AP=0.5279
Epoch  86/1500 [72.2s] | task=0.2055 distill=0.1540 (thresh=0.5) | train_AP=0.5950 val_AP=0.5371 test_AP=0.5184
Epoch  87/1500 [71.4s] | task=0.2042 distill=0.1542 (thresh=0.5) | train_AP=0.6012 val_AP=0.5477 test_AP=0.5263
Epoch  88/1500 [72.7s] | task=0.2044 distill=0.1555 (thresh=0.5) | train_AP=0.6011 val_AP=0.5457 test_AP=0.5196
Epoch  89/1500 [71.1s] | task=0.2050 distill=0.1544 (thresh=0.5) | train_AP=0.5967 val_AP=0.5484 test_AP=0.5204
Epoch  90/1500 [71.8s] | task=0.2044 distill=0.1549 (thresh=0.5) | train_AP=0.5974 val_AP=0.5563 test_AP=0.5368
  -> New best val_AP=0.5563 (test=0.5368)
Epoch  91/1500 [71.3s] | task=0.2037 distill=0.1570 (thresh=0.5) | train_AP=0.5986 val_AP=0.5445 test_AP=0.5259
Epoch  92/1500 [71.2s] | task=0.2034 distill=0.1575 (thresh=0.5) | train_AP=0.6008 val_AP=0.5572 test_AP=0.5280
  -> New best val_AP=0.5572 (test=0.5280)
Epoch  93/1500 [70.8s] | task=0.2029 distill=0.1555 (thresh=0.5) | train_AP=0.6032 val_AP=0.5519 test_AP=0.5294
Epoch  94/1500 [71.3s] | task=0.2031 distill=0.1566 (thresh=0.5) | train_AP=0.6032 val_AP=0.5531 test_AP=0.5251
Epoch  95/1500 [71.1s] | task=0.2030 distill=0.1571 (thresh=0.5) | train_AP=0.6033 val_AP=0.5338 test_AP=0.5013
Epoch  96/1500 [71.4s] | task=0.2036 distill=0.1596 (thresh=0.5) | train_AP=0.6028 val_AP=0.5504 test_AP=0.5276
Epoch  97/1500 [71.1s] | task=0.2021 distill=0.1604 (thresh=0.5) | train_AP=0.6015 val_AP=0.5534 test_AP=0.5221
Epoch  98/1500 [71.5s] | task=0.2018 distill=0.1624 (thresh=0.5) | train_AP=0.6072 val_AP=0.5471 test_AP=0.5160
Epoch  99/1500 [71.9s] | task=0.2026 distill=0.1620 (thresh=0.5) | train_AP=0.6005 val_AP=0.5478 test_AP=0.5190
Epoch 100/1500 [71.5s] | task=0.2014 distill=0.1638 (thresh=0.5) | train_AP=0.6071 val_AP=0.5492 test_AP=0.5212
Epoch 101/1500 [71.5s] | task=0.2023 distill=0.1642 (thresh=0.5) | train_AP=0.6071 val_AP=0.5474 test_AP=0.5205
Epoch 102/1500 [71.3s] | task=0.2011 distill=0.1631 (thresh=0.5) | train_AP=0.6110 val_AP=0.5578 test_AP=0.5279
  -> New best val_AP=0.5578 (test=0.5279)
Epoch 103/1500 [72.2s] | task=0.2019 distill=0.1652 (thresh=0.5) | train_AP=0.6097 val_AP=0.5364 test_AP=0.5178
Epoch 104/1500 [72.6s] | task=0.2010 distill=0.1630 (thresh=0.5) | train_AP=0.6093 val_AP=0.5413 test_AP=0.5237
Epoch 105/1500 [70.8s] | task=0.2010 distill=0.1649 (thresh=0.5) | train_AP=0.6089 val_AP=0.5596 test_AP=0.5298
  -> New best val_AP=0.5596 (test=0.5298)
Epoch 106/1500 [72.4s] | task=0.1993 distill=0.1644 (thresh=0.5) | train_AP=0.6120 val_AP=0.5519 test_AP=0.5265
Epoch 107/1500 [71.6s] | task=0.1989 distill=0.1677 (thresh=0.5) | train_AP=0.6155 val_AP=0.5557 test_AP=0.5375
Epoch 108/1500 [71.5s] | task=0.1996 distill=0.1674 (thresh=0.5) | train_AP=0.6120 val_AP=0.5469 test_AP=0.5144
Epoch 109/1500 [71.6s] | task=0.1999 distill=0.1667 (thresh=0.5) | train_AP=0.6112 val_AP=0.5511 test_AP=0.5276
Epoch 110/1500 [70.7s] | task=0.1996 distill=0.1679 (thresh=0.5) | train_AP=0.6130 val_AP=0.5466 test_AP=0.5204
Epoch 111/1500 [71.1s] | task=0.2002 distill=0.1659 (thresh=0.5) | train_AP=0.6128 val_AP=0.5489 test_AP=0.5231
Epoch 112/1500 [72.9s] | task=0.1989 distill=0.1690 (thresh=0.5) | train_AP=0.6138 val_AP=0.5392 test_AP=0.5170
Epoch 113/1500 [73.0s] | task=0.1998 distill=0.1704 (thresh=0.5) | train_AP=0.6138 val_AP=0.5544 test_AP=0.5224
Epoch 114/1500 [71.9s] | task=0.1996 distill=0.1687 (thresh=0.5) | train_AP=0.6129 val_AP=0.5537 test_AP=0.5295
Epoch 115/1500 [71.3s] | task=0.1984 distill=0.1686 (thresh=0.5) | train_AP=0.6167 val_AP=0.5468 test_AP=0.5238
Epoch 116/1500 [70.7s] | task=0.1997 distill=0.1698 (thresh=0.5) | train_AP=0.6111 val_AP=0.5557 test_AP=0.5289
Epoch 117/1500 [71.4s] | task=0.1980 distill=0.1700 (thresh=0.5) | train_AP=0.6174 val_AP=0.5509 test_AP=0.5228
Epoch 118/1500 [70.9s] | task=0.1982 distill=0.1700 (thresh=0.5) | train_AP=0.6164 val_AP=0.5575 test_AP=0.5331
Epoch 119/1500 [71.8s] | task=0.1984 distill=0.1719 (thresh=0.5) | train_AP=0.6185 val_AP=0.5522 test_AP=0.5279
Epoch 120/1500 [70.5s] | task=0.1979 distill=0.1708 (thresh=0.5) | train_AP=0.6159 val_AP=0.5549 test_AP=0.5273
Epoch 121/1500 [70.7s] | task=0.1989 distill=0.1731 (thresh=0.5) | train_AP=0.6182 val_AP=0.5577 test_AP=0.5300
Epoch 122/1500 [69.6s] | task=0.1967 distill=0.1722 (thresh=0.5) | train_AP=0.6238 val_AP=0.5532 test_AP=0.5266
Epoch 123/1500 [71.1s] | task=0.1968 distill=0.1741 (thresh=0.5) | train_AP=0.6187 val_AP=0.5704 test_AP=0.5330
  -> New best val_AP=0.5704 (test=0.5330)
Epoch 124/1500 [72.0s] | task=0.1973 distill=0.1741 (thresh=0.5) | train_AP=0.6185 val_AP=0.5626 test_AP=0.5365
Epoch 125/1500 [70.6s] | task=0.1963 distill=0.1749 (thresh=0.5) | train_AP=0.6251 val_AP=0.5459 test_AP=0.5251
Epoch 126/1500 [71.6s] | task=0.1961 distill=0.1754 (thresh=0.5) | train_AP=0.6224 val_AP=0.5547 test_AP=0.5268
Epoch 127/1500 [72.0s] | task=0.1952 distill=0.1756 (thresh=0.5) | train_AP=0.6236 val_AP=0.5526 test_AP=0.5289
Epoch 128/1500 [72.8s] | task=0.1954 distill=0.1742 (thresh=0.5) | train_AP=0.6238 val_AP=0.5598 test_AP=0.5265
Epoch 129/1500 [71.4s] | task=0.1954 distill=0.1769 (thresh=0.5) | train_AP=0.6236 val_AP=0.5496 test_AP=0.5258
Epoch 130/1500 [72.4s] | task=0.1950 distill=0.1775 (thresh=0.5) | train_AP=0.6245 val_AP=0.5539 test_AP=0.5282
Epoch 131/1500 [71.5s] | task=0.1942 distill=0.1774 (thresh=0.5) | train_AP=0.6288 val_AP=0.5653 test_AP=0.5327
Epoch 132/1500 [72.1s] | task=0.1953 distill=0.1775 (thresh=0.5) | train_AP=0.6255 val_AP=0.5566 test_AP=0.5278
Epoch 133/1500 [72.8s] | task=0.1941 distill=0.1785 (thresh=0.5) | train_AP=0.6310 val_AP=0.5403 test_AP=0.5205
Epoch 134/1500 [71.7s] | task=0.1954 distill=0.1790 (thresh=0.5) | train_AP=0.6236 val_AP=0.5458 test_AP=0.5263
Epoch 135/1500 [72.5s] | task=0.1938 distill=0.1781 (thresh=0.5) | train_AP=0.6312 val_AP=0.5621 test_AP=0.5341
Epoch 136/1500 [71.9s] | task=0.1943 distill=0.1801 (thresh=0.5) | train_AP=0.6282 val_AP=0.5595 test_AP=0.5321
Epoch 137/1500 [71.9s] | task=0.1944 distill=0.1794 (thresh=0.5) | train_AP=0.6282 val_AP=0.5496 test_AP=0.5267
Epoch 138/1500 [72.1s] | task=0.1945 distill=0.1798 (thresh=0.5) | train_AP=0.6258 val_AP=0.5680 test_AP=0.5404
Epoch 139/1500 [71.6s] | task=0.1930 distill=0.1810 (thresh=0.5) | train_AP=0.6310 val_AP=0.5584 test_AP=0.5320
Epoch 140/1500 [72.0s] | task=0.1918 distill=0.1816 (thresh=0.5) | train_AP=0.6299 val_AP=0.5630 test_AP=0.5347
Epoch 141/1500 [73.0s] | task=0.1916 distill=0.1827 (thresh=0.5) | train_AP=0.6325 val_AP=0.5496 test_AP=0.5285
Epoch 142/1500 [72.5s] | task=0.1935 distill=0.1838 (thresh=0.5) | train_AP=0.6295 val_AP=0.5747 test_AP=0.5422
  -> New best val_AP=0.5747 (test=0.5422)
Epoch 143/1500 [71.6s] | task=0.1934 distill=0.1835 (thresh=0.5) | train_AP=0.6287 val_AP=0.5464 test_AP=0.5262
Epoch 144/1500 [71.1s] | task=0.1918 distill=0.1831 (thresh=0.5) | train_AP=0.6343 val_AP=0.5486 test_AP=0.5272
Epoch 145/1500 [71.1s] | task=0.1927 distill=0.1837 (thresh=0.5) | train_AP=0.6294 val_AP=0.5549 test_AP=0.5322
Epoch 146/1500 [70.6s] | task=0.1922 distill=0.1852 (thresh=0.5) | train_AP=0.6352 val_AP=0.5464 test_AP=0.5241
Epoch 147/1500 [71.4s] | task=0.1918 distill=0.1851 (thresh=0.5) | train_AP=0.6380 val_AP=0.5656 test_AP=0.5431
Epoch 148/1500 [71.4s] | task=0.1907 distill=0.1865 (thresh=0.5) | train_AP=0.6362 val_AP=0.5593 test_AP=0.5370
Epoch 149/1500 [71.3s] | task=0.1908 distill=0.1870 (thresh=0.5) | train_AP=0.6379 val_AP=0.5597 test_AP=0.5366
Epoch 150/1500 [71.7s] | task=0.1908 distill=0.1876 (thresh=0.5) | train_AP=0.6351 val_AP=0.5520 test_AP=0.5307
Epoch 151/1500 [70.8s] | task=0.1908 distill=0.1875 (thresh=0.5) | train_AP=0.6359 val_AP=0.5601 test_AP=0.5361
Epoch 152/1500 [71.4s] | task=0.1902 distill=0.1868 (thresh=0.5) | train_AP=0.6355 val_AP=0.5575 test_AP=0.5343
Epoch 153/1500 [72.0s] | task=0.1905 distill=0.1878 (thresh=0.5) | train_AP=0.6394 val_AP=0.5629 test_AP=0.5325
Epoch 154/1500 [72.6s] | task=0.1915 distill=0.1870 (thresh=0.5) | train_AP=0.6362 val_AP=0.5554 test_AP=0.5317
Epoch 155/1500 [70.5s] | task=0.1906 distill=0.1888 (thresh=0.5) | train_AP=0.6368 val_AP=0.5529 test_AP=0.5295
Epoch 156/1500 [71.7s] | task=0.1896 distill=0.1871 (thresh=0.5) | train_AP=0.6411 val_AP=0.5605 test_AP=0.5377
Epoch 157/1500 [71.2s] | task=0.1904 distill=0.1876 (thresh=0.5) | train_AP=0.6388 val_AP=0.5533 test_AP=0.5323
Epoch 158/1500 [71.6s] | task=0.1902 distill=0.1892 (thresh=0.5) | train_AP=0.6387 val_AP=0.5691 test_AP=0.5432
Epoch 159/1500 [72.9s] | task=0.1893 distill=0.1901 (thresh=0.5) | train_AP=0.6432 val_AP=0.5624 test_AP=0.5343
Epoch 160/1500 [72.6s] | task=0.1889 distill=0.1894 (thresh=0.5) | train_AP=0.6420 val_AP=0.5623 test_AP=0.5406
Epoch 161/1500 [71.1s] | task=0.1888 distill=0.1912 (thresh=0.5) | train_AP=0.6430 val_AP=0.5417 test_AP=0.5214
Epoch 162/1500 [70.9s] | task=0.1889 distill=0.1904 (thresh=0.5) | train_AP=0.6429 val_AP=0.5721 test_AP=0.5466
Epoch 163/1500 [70.5s] | task=0.1875 distill=0.1931 (thresh=0.5) | train_AP=0.6460 val_AP=0.5468 test_AP=0.5249
Epoch 164/1500 [70.3s] | task=0.1882 distill=0.1915 (thresh=0.5) | train_AP=0.6437 val_AP=0.5573 test_AP=0.5344
Epoch 165/1500 [71.8s] | task=0.1885 distill=0.1928 (thresh=0.5) | train_AP=0.6438 val_AP=0.5556 test_AP=0.5268
Epoch 166/1500 [72.1s] | task=0.1880 distill=0.1922 (thresh=0.5) | train_AP=0.6482 val_AP=0.5426 test_AP=0.5297
Epoch 167/1500 [71.7s] | task=0.1870 distill=0.1928 (thresh=0.5) | train_AP=0.6473 val_AP=0.5588 test_AP=0.5416
Epoch 168/1500 [72.1s] | task=0.1875 distill=0.1922 (thresh=0.5) | train_AP=0.6470 val_AP=0.5499 test_AP=0.5303
Epoch 169/1500 [72.7s] | task=0.1864 distill=0.1930 (thresh=0.5) | train_AP=0.6498 val_AP=0.5652 test_AP=0.5405
Epoch 170/1500 [71.6s] | task=0.1873 distill=0.1933 (thresh=0.5) | train_AP=0.6451 val_AP=0.5502 test_AP=0.5346
Epoch 171/1500 [71.9s] | task=0.1867 distill=0.1942 (thresh=0.5) | train_AP=0.6476 val_AP=0.5622 test_AP=0.5346
Epoch 172/1500 [71.6s] | task=0.1865 distill=0.1928 (thresh=0.5) | train_AP=0.6488 val_AP=0.5650 test_AP=0.5409
Epoch 173/1500 [71.7s] | task=0.1862 distill=0.1959 (thresh=0.5) | train_AP=0.6514 val_AP=0.5674 test_AP=0.5413
Epoch 174/1500 [71.7s] | task=0.1867 distill=0.1945 (thresh=0.5) | train_AP=0.6464 val_AP=0.5624 test_AP=0.5423
Epoch 175/1500 [73.3s] | task=0.1855 distill=0.1966 (thresh=0.5) | train_AP=0.6474 val_AP=0.5577 test_AP=0.5372
Epoch 176/1500 [70.7s] | task=0.1840 distill=0.1963 (thresh=0.5) | train_AP=0.6531 val_AP=0.5540 test_AP=0.5382
Epoch 177/1500 [70.4s] | task=0.1854 distill=0.1973 (thresh=0.5) | train_AP=0.6520 val_AP=0.5560 test_AP=0.5351
Epoch 178/1500 [72.2s] | task=0.1842 distill=0.1986 (thresh=0.5) | train_AP=0.6552 val_AP=0.5660 test_AP=0.5420
Epoch 179/1500 [71.6s] | task=0.1842 distill=0.1985 (thresh=0.5) | train_AP=0.6566 val_AP=0.5690 test_AP=0.5457
Epoch 180/1500 [72.6s] | task=0.1846 distill=0.1992 (thresh=0.5) | train_AP=0.6539 val_AP=0.5547 test_AP=0.5383
Epoch 181/1500 [72.3s] | task=0.1839 distill=0.1989 (thresh=0.5) | train_AP=0.6543 val_AP=0.5608 test_AP=0.5405
Epoch 182/1500 [73.2s] | task=0.1842 distill=0.2006 (thresh=0.5) | train_AP=0.6535 val_AP=0.5486 test_AP=0.5268
Epoch 183/1500 [72.6s] | task=0.1842 distill=0.2009 (thresh=0.5) | train_AP=0.6539 val_AP=0.5677 test_AP=0.5441
Epoch 184/1500 [71.0s] | task=0.1835 distill=0.2011 (thresh=0.5) | train_AP=0.6580 val_AP=0.5606 test_AP=0.5377
Epoch 185/1500 [72.0s] | task=0.1824 distill=0.2022 (thresh=0.5) | train_AP=0.6587 val_AP=0.5556 test_AP=0.5353
Epoch 186/1500 [72.0s] | task=0.1824 distill=0.2022 (thresh=0.5) | train_AP=0.6596 val_AP=0.5549 test_AP=0.5366
Epoch 187/1500 [73.1s] | task=0.1842 distill=0.2027 (thresh=0.5) | train_AP=0.6591 val_AP=0.5556 test_AP=0.5398
Epoch 188/1500 [72.1s] | task=0.1819 distill=0.2024 (thresh=0.5) | train_AP=0.6611 val_AP=0.5625 test_AP=0.5417
Epoch 189/1500 [71.0s] | task=0.1832 distill=0.2037 (thresh=0.5) | train_AP=0.6566 val_AP=0.5527 test_AP=0.5442
Epoch 190/1500 [71.8s] | task=0.1821 distill=0.2042 (thresh=0.5) | train_AP=0.6592 val_AP=0.5618 test_AP=0.5409
Epoch 191/1500 [71.9s] | task=0.1831 distill=0.2028 (thresh=0.5) | train_AP=0.6583 val_AP=0.5660 test_AP=0.5419
Epoch 192/1500 [72.7s] | task=0.1819 distill=0.2045 (thresh=0.5) | train_AP=0.6616 val_AP=0.5674 test_AP=0.5518
Epoch 193/1500 [72.9s] | task=0.1815 distill=0.2039 (thresh=0.5) | train_AP=0.6590 val_AP=0.5548 test_AP=0.5336
Epoch 194/1500 [72.6s] | task=0.1821 distill=0.2042 (thresh=0.5) | train_AP=0.6559 val_AP=0.5569 test_AP=0.5346
Epoch 195/1500 [73.2s] | task=0.1812 distill=0.2053 (thresh=0.5) | train_AP=0.6636 val_AP=0.5724 test_AP=0.5489
Epoch 196/1500 [71.6s] | task=0.1806 distill=0.2055 (thresh=0.5) | train_AP=0.6627 val_AP=0.5483 test_AP=0.5367
Epoch 197/1500 [71.9s] | task=0.1802 distill=0.2054 (thresh=0.5) | train_AP=0.6655 val_AP=0.5560 test_AP=0.5366
Epoch 198/1500 [72.0s] | task=0.1807 distill=0.2063 (thresh=0.5) | train_AP=0.6612 val_AP=0.5542 test_AP=0.5378
Epoch 199/1500 [70.9s] | task=0.1801 distill=0.2073 (thresh=0.5) | train_AP=0.6634 val_AP=0.5667 test_AP=0.5479
Epoch 200/1500 [71.8s] | task=0.1801 distill=0.2069 (thresh=0.5) | train_AP=0.6658 val_AP=0.5632 test_AP=0.5400
Epoch 201/1500 [72.4s] | task=0.1810 distill=0.2084 (thresh=0.5) | train_AP=0.6636 val_AP=0.5685 test_AP=0.5446
Epoch 202/1500 [72.2s] | task=0.1799 distill=0.2082 (thresh=0.5) | train_AP=0.6679 val_AP=0.5537 test_AP=0.5328
Epoch 203/1500 [71.5s] | task=0.1802 distill=0.2070 (thresh=0.5) | train_AP=0.6648 val_AP=0.5604 test_AP=0.5418
Epoch 204/1500 [72.8s] | task=0.1802 distill=0.2083 (thresh=0.5) | train_AP=0.6682 val_AP=0.5687 test_AP=0.5427
Epoch 205/1500 [71.9s] | task=0.1795 distill=0.2075 (thresh=0.5) | train_AP=0.6681 val_AP=0.5609 test_AP=0.5463
Epoch 206/1500 [72.3s] | task=0.1794 distill=0.2087 (thresh=0.5) | train_AP=0.6664 val_AP=0.5687 test_AP=0.5450
Epoch 207/1500 [70.7s] | task=0.1787 distill=0.2093 (thresh=0.5) | train_AP=0.6704 val_AP=0.5613 test_AP=0.5404
Epoch 208/1500 [72.2s] | task=0.1795 distill=0.2088 (thresh=0.5) | train_AP=0.6689 val_AP=0.5632 test_AP=0.5384
Epoch 209/1500 [72.6s] | task=0.1788 distill=0.2076 (thresh=0.5) | train_AP=0.6719 val_AP=0.5568 test_AP=0.5343
Epoch 210/1500 [72.2s] | task=0.1789 distill=0.2098 (thresh=0.5) | train_AP=0.6660 val_AP=0.5723 test_AP=0.5569
Epoch 211/1500 [71.7s] | task=0.1791 distill=0.2102 (thresh=0.5) | train_AP=0.6726 val_AP=0.5578 test_AP=0.5347
Epoch 212/1500 [72.0s] | task=0.1773 distill=0.2108 (thresh=0.5) | train_AP=0.6713 val_AP=0.5549 test_AP=0.5352
Epoch 213/1500 [71.7s] | task=0.1778 distill=0.2102 (thresh=0.5) | train_AP=0.6717 val_AP=0.5660 test_AP=0.5514
Epoch 214/1500 [71.9s] | task=0.1767 distill=0.2109 (thresh=0.5) | train_AP=0.6735 val_AP=0.5613 test_AP=0.5390
Epoch 215/1500 [73.1s] | task=0.1781 distill=0.2100 (thresh=0.5) | train_AP=0.6730 val_AP=0.5539 test_AP=0.5368
Epoch 216/1500 [71.2s] | task=0.1777 distill=0.2128 (thresh=0.5) | train_AP=0.6732 val_AP=0.5547 test_AP=0.5335
Epoch 217/1500 [72.6s] | task=0.1764 distill=0.2127 (thresh=0.5) | train_AP=0.6756 val_AP=0.5563 test_AP=0.5381
Epoch 218/1500 [73.2s] | task=0.1763 distill=0.2143 (thresh=0.5) | train_AP=0.6776 val_AP=0.5731 test_AP=0.5448
Epoch 219/1500 [72.1s] | task=0.1764 distill=0.2132 (thresh=0.5) | train_AP=0.6770 val_AP=0.5717 test_AP=0.5434
Epoch 220/1500 [73.0s] | task=0.1766 distill=0.2145 (thresh=0.5) | train_AP=0.6768 val_AP=0.5576 test_AP=0.5367
Epoch 221/1500 [72.4s] | task=0.1758 distill=0.2145 (thresh=0.5) | train_AP=0.6789 val_AP=0.5590 test_AP=0.5431
Epoch 222/1500 [71.7s] | task=0.1752 distill=0.2147 (thresh=0.5) | train_AP=0.6804 val_AP=0.5615 test_AP=0.5401
Epoch 223/1500 [71.3s] | task=0.1760 distill=0.2142 (thresh=0.5) | train_AP=0.6762 val_AP=0.5522 test_AP=0.5355
Epoch 224/1500 [72.7s] | task=0.1765 distill=0.2135 (thresh=0.5) | train_AP=0.6724 val_AP=0.5577 test_AP=0.5401
Epoch 225/1500 [72.0s] | task=0.1757 distill=0.2136 (thresh=0.5) | train_AP=0.6760 val_AP=0.5714 test_AP=0.5492
Epoch 226/1500 [72.3s] | task=0.1762 distill=0.2148 (thresh=0.5) | train_AP=0.6794 val_AP=0.5677 test_AP=0.5463
Epoch 227/1500 [71.7s] | task=0.1742 distill=0.2145 (thresh=0.5) | train_AP=0.6850 val_AP=0.5574 test_AP=0.5377
Epoch 228/1500 [72.9s] | task=0.1743 distill=0.2159 (thresh=0.5) | train_AP=0.6786 val_AP=0.5737 test_AP=0.5520
Epoch 229/1500 [72.7s] | task=0.1752 distill=0.2154 (thresh=0.5) | train_AP=0.6773 val_AP=0.5651 test_AP=0.5474
Epoch 230/1500 [71.4s] | task=0.1738 distill=0.2152 (thresh=0.5) | train_AP=0.6821 val_AP=0.5676 test_AP=0.5463
Epoch 231/1500 [71.6s] | task=0.1738 distill=0.2161 (thresh=0.5) | train_AP=0.6833 val_AP=0.5588 test_AP=0.5457
Epoch 232/1500 [71.4s] | task=0.1731 distill=0.2168 (thresh=0.5) | train_AP=0.6835 val_AP=0.5701 test_AP=0.5489
Epoch 233/1500 [73.3s] | task=0.1744 distill=0.2169 (thresh=0.5) | train_AP=0.6799 val_AP=0.5621 test_AP=0.5485
Epoch 234/1500 [71.5s] | task=0.1737 distill=0.2164 (thresh=0.5) | train_AP=0.6808 val_AP=0.5657 test_AP=0.5465
Epoch 235/1500 [71.8s] | task=0.1723 distill=0.2187 (thresh=0.5) | train_AP=0.6867 val_AP=0.5563 test_AP=0.5413
Epoch 236/1500 [71.2s] | task=0.1728 distill=0.2189 (thresh=0.5) | train_AP=0.6848 val_AP=0.5624 test_AP=0.5423
Epoch 237/1500 [71.5s] | task=0.1726 distill=0.2178 (thresh=0.5) | train_AP=0.6864 val_AP=0.5568 test_AP=0.5434
Epoch 238/1500 [72.2s] | task=0.1725 distill=0.2175 (thresh=0.5) | train_AP=0.6851 val_AP=0.5568 test_AP=0.5369
Epoch 239/1500 [73.0s] | task=0.1725 distill=0.2199 (thresh=0.5) | train_AP=0.6867 val_AP=0.5756 test_AP=0.5512
  -> New best val_AP=0.5756 (test=0.5512)
Epoch 240/1500 [71.8s] | task=0.1725 distill=0.2188 (thresh=0.5) | train_AP=0.6841 val_AP=0.5583 test_AP=0.5422
Epoch 241/1500 [72.2s] | task=0.1722 distill=0.2196 (thresh=0.5) | train_AP=0.6868 val_AP=0.5646 test_AP=0.5499
Epoch 242/1500 [71.9s] | task=0.1720 distill=0.2219 (thresh=0.5) | train_AP=0.6902 val_AP=0.5630 test_AP=0.5429
Epoch 243/1500 [71.7s] | task=0.1722 distill=0.2203 (thresh=0.5) | train_AP=0.6864 val_AP=0.5590 test_AP=0.5408
Epoch 244/1500 [72.0s] | task=0.1704 distill=0.2223 (thresh=0.5) | train_AP=0.6898 val_AP=0.5731 test_AP=0.5530
Epoch 245/1500 [71.8s] | task=0.1711 distill=0.2207 (thresh=0.5) | train_AP=0.6877 val_AP=0.5687 test_AP=0.5488
Epoch 246/1500 [71.0s] | task=0.1712 distill=0.2217 (thresh=0.5) | train_AP=0.6895 val_AP=0.5701 test_AP=0.5549
Epoch 247/1500 [72.9s] | task=0.1708 distill=0.2228 (thresh=0.5) | train_AP=0.6867 val_AP=0.5694 test_AP=0.5479
Epoch 248/1500 [73.0s] | task=0.1702 distill=0.2217 (thresh=0.5) | train_AP=0.6914 val_AP=0.5651 test_AP=0.5483
Epoch 249/1500 [72.2s] | task=0.1708 distill=0.2221 (thresh=0.5) | train_AP=0.6917 val_AP=0.5686 test_AP=0.5490
Epoch 250/1500 [72.7s] | task=0.1698 distill=0.2242 (thresh=0.5) | train_AP=0.6917 val_AP=0.5634 test_AP=0.5454
Epoch 251/1500 [72.9s] | task=0.1711 distill=0.2228 (thresh=0.5) | train_AP=0.6867 val_AP=0.5781 test_AP=0.5555
  -> New best val_AP=0.5781 (test=0.5555)
Epoch 252/1500 [72.3s] | task=0.1701 distill=0.2237 (thresh=0.5) | train_AP=0.6929 val_AP=0.5529 test_AP=0.5389
Epoch 253/1500 [72.7s] | task=0.1698 distill=0.2249 (thresh=0.5) | train_AP=0.6927 val_AP=0.5499 test_AP=0.5377
Epoch 254/1500 [71.7s] | task=0.1706 distill=0.2242 (thresh=0.5) | train_AP=0.6919 val_AP=0.5512 test_AP=0.5329
Epoch 255/1500 [71.5s] | task=0.1694 distill=0.2240 (thresh=0.5) | train_AP=0.6938 val_AP=0.5590 test_AP=0.5443
Epoch 256/1500 [72.8s] | task=0.1689 distill=0.2238 (thresh=0.5) | train_AP=0.6910 val_AP=0.5717 test_AP=0.5533
Epoch 257/1500 [71.2s] | task=0.1688 distill=0.2253 (thresh=0.5) | train_AP=0.6948 val_AP=0.5623 test_AP=0.5389
Epoch 258/1500 [74.0s] | task=0.1681 distill=0.2251 (thresh=0.5) | train_AP=0.6941 val_AP=0.5655 test_AP=0.5468
Epoch 259/1500 [73.0s] | task=0.1676 distill=0.2264 (thresh=0.5) | train_AP=0.6958 val_AP=0.5633 test_AP=0.5481
Epoch 260/1500 [71.0s] | task=0.1687 distill=0.2258 (thresh=0.5) | train_AP=0.6934 val_AP=0.5720 test_AP=0.5482
Epoch 261/1500 [71.8s] | task=0.1680 distill=0.2265 (thresh=0.5) | train_AP=0.6968 val_AP=0.5672 test_AP=0.5517
Epoch 262/1500 [70.8s] | task=0.1686 distill=0.2267 (thresh=0.5) | train_AP=0.6950 val_AP=0.5605 test_AP=0.5434
Epoch 263/1500 [74.9s] | task=0.1672 distill=0.2260 (thresh=0.5) | train_AP=0.6988 val_AP=0.5605 test_AP=0.5477
Epoch 264/1500 [70.7s] | task=0.1669 distill=0.2273 (thresh=0.5) | train_AP=0.6995 val_AP=0.5696 test_AP=0.5442
Epoch 265/1500 [73.8s] | task=0.1670 distill=0.2286 (thresh=0.5) | train_AP=0.7012 val_AP=0.5573 test_AP=0.5399
Epoch 266/1500 [73.5s] | task=0.1673 distill=0.2285 (thresh=0.5) | train_AP=0.7003 val_AP=0.5727 test_AP=0.5545
Epoch 267/1500 [73.9s] | task=0.1680 distill=0.2280 (thresh=0.5) | train_AP=0.6978 val_AP=0.5696 test_AP=0.5506
Epoch 268/1500 [71.8s] | task=0.1660 distill=0.2278 (thresh=0.5) | train_AP=0.7017 val_AP=0.5696 test_AP=0.5493
Epoch 269/1500 [71.8s] | task=0.1668 distill=0.2276 (thresh=0.5) | train_AP=0.7002 val_AP=0.5481 test_AP=0.5339
Epoch 270/1500 [71.8s] | task=0.1678 distill=0.2278 (thresh=0.5) | train_AP=0.6974 val_AP=0.5591 test_AP=0.5447
Epoch 271/1500 [72.3s] | task=0.1659 distill=0.2261 (thresh=0.5) | train_AP=0.7008 val_AP=0.5636 test_AP=0.5459
Epoch 272/1500 [72.4s] | task=0.1662 distill=0.2285 (thresh=0.5) | train_AP=0.7008 val_AP=0.5595 test_AP=0.5421
Epoch 273/1500 [71.6s] | task=0.1655 distill=0.2284 (thresh=0.5) | train_AP=0.7012 val_AP=0.5722 test_AP=0.5535
Epoch 274/1500 [72.4s] | task=0.1650 distill=0.2290 (thresh=0.5) | train_AP=0.7049 val_AP=0.5736 test_AP=0.5557
Epoch 275/1500 [74.3s] | task=0.1651 distill=0.2291 (thresh=0.5) | train_AP=0.7049 val_AP=0.5682 test_AP=0.5485
Epoch 276/1500 [73.3s] | task=0.1651 distill=0.2298 (thresh=0.5) | train_AP=0.7028 val_AP=0.5722 test_AP=0.5504
Epoch 277/1500 [71.7s] | task=0.1643 distill=0.2294 (thresh=0.5) | train_AP=0.7058 val_AP=0.5529 test_AP=0.5361
Epoch 278/1500 [72.1s] | task=0.1646 distill=0.2297 (thresh=0.5) | train_AP=0.7049 val_AP=0.5668 test_AP=0.5541
Epoch 279/1500 [71.6s] | task=0.1653 distill=0.2292 (thresh=0.5) | train_AP=0.7025 val_AP=0.5714 test_AP=0.5541
Epoch 280/1500 [72.2s] | task=0.1638 distill=0.2312 (thresh=0.5) | train_AP=0.7043 val_AP=0.5456 test_AP=0.5342
Epoch 281/1500 [72.5s] | task=0.1637 distill=0.2301 (thresh=0.5) | train_AP=0.7060 val_AP=0.5673 test_AP=0.5488
Epoch 282/1500 [71.2s] | task=0.1638 distill=0.2308 (thresh=0.5) | train_AP=0.7073 val_AP=0.5649 test_AP=0.5514
Epoch 283/1500 [72.0s] | task=0.1637 distill=0.2323 (thresh=0.5) | train_AP=0.7087 val_AP=0.5560 test_AP=0.5464
Epoch 284/1500 [71.6s] | task=0.1641 distill=0.2313 (thresh=0.5) | train_AP=0.7045 val_AP=0.5728 test_AP=0.5564
Epoch 285/1500 [71.8s] | task=0.1633 distill=0.2310 (thresh=0.5) | train_AP=0.7068 val_AP=0.5726 test_AP=0.5598
Epoch 286/1500 [71.3s] | task=0.1630 distill=0.2318 (thresh=0.5) | train_AP=0.7072 val_AP=0.5692 test_AP=0.5536
Epoch 287/1500 [72.4s] | task=0.1636 distill=0.2307 (thresh=0.5) | train_AP=0.7077 val_AP=0.5640 test_AP=0.5540
Epoch 288/1500 [72.2s] | task=0.1622 distill=0.2331 (thresh=0.5) | train_AP=0.7108 val_AP=0.5556 test_AP=0.5410
Epoch 289/1500 [72.6s] | task=0.1622 distill=0.2313 (thresh=0.5) | train_AP=0.7084 val_AP=0.5733 test_AP=0.5517
Epoch 290/1500 [72.9s] | task=0.1637 distill=0.2343 (thresh=0.5) | train_AP=0.7087 val_AP=0.5545 test_AP=0.5461
Epoch 291/1500 [73.9s] | task=0.1619 distill=0.2327 (thresh=0.5) | train_AP=0.7102 val_AP=0.5613 test_AP=0.5455
Epoch 292/1500 [72.3s] | task=0.1607 distill=0.2350 (thresh=0.5) | train_AP=0.7148 val_AP=0.5656 test_AP=0.5477
Epoch 293/1500 [73.2s] | task=0.1618 distill=0.2337 (thresh=0.5) | train_AP=0.7114 val_AP=0.5680 test_AP=0.5525
Epoch 294/1500 [73.1s] | task=0.1614 distill=0.2351 (thresh=0.5) | train_AP=0.7141 val_AP=0.5568 test_AP=0.5441
Epoch 295/1500 [71.1s] | task=0.1622 distill=0.2341 (thresh=0.5) | train_AP=0.7169 val_AP=0.5531 test_AP=0.5427
Epoch 296/1500 [71.6s] | task=0.1604 distill=0.2356 (thresh=0.5) | train_AP=0.7135 val_AP=0.5702 test_AP=0.5542
Epoch 297/1500 [72.5s] | task=0.1624 distill=0.2364 (thresh=0.5) | train_AP=0.7135 val_AP=0.5668 test_AP=0.5506
Epoch 298/1500 [72.2s] | task=0.1616 distill=0.2366 (thresh=0.5) | train_AP=0.7139 val_AP=0.5612 test_AP=0.5482
Epoch 299/1500 [73.1s] | task=0.1601 distill=0.2355 (thresh=0.5) | train_AP=0.7138 val_AP=0.5753 test_AP=0.5603
Epoch 300/1500 [73.4s] | task=0.1599 distill=0.2363 (thresh=0.5) | train_AP=0.7147 val_AP=0.5680 test_AP=0.5564
Epoch 301/1500 [71.4s] | task=0.1605 distill=0.2361 (thresh=0.5) | train_AP=0.7146 val_AP=0.5705 test_AP=0.5573
Epoch 302/1500 [71.9s] | task=0.1598 distill=0.2372 (thresh=0.5) | train_AP=0.7154 val_AP=0.5720 test_AP=0.5578
Epoch 303/1500 [72.6s] | task=0.1588 distill=0.2368 (thresh=0.5) | train_AP=0.7184 val_AP=0.5599 test_AP=0.5489
Epoch 304/1500 [72.7s] | task=0.1604 distill=0.2365 (thresh=0.5) | train_AP=0.7149 val_AP=0.5587 test_AP=0.5473
Epoch 305/1500 [72.8s] | task=0.1600 distill=0.2362 (thresh=0.5) | train_AP=0.7161 val_AP=0.5692 test_AP=0.5549
Epoch 306/1500 [73.7s] | task=0.1587 distill=0.2378 (thresh=0.5) | train_AP=0.7179 val_AP=0.5630 test_AP=0.5480
Epoch 307/1500 [72.4s] | task=0.1590 distill=0.2383 (thresh=0.5) | train_AP=0.7186 val_AP=0.5510 test_AP=0.5360
Epoch 308/1500 [72.8s] | task=0.1590 distill=0.2389 (thresh=0.5) | train_AP=0.7203 val_AP=0.5689 test_AP=0.5554
Epoch 309/1500 [71.9s] | task=0.1590 distill=0.2394 (thresh=0.5) | train_AP=0.7198 val_AP=0.5658 test_AP=0.5510
Epoch 310/1500 [72.9s] | task=0.1589 distill=0.2392 (thresh=0.5) | train_AP=0.7186 val_AP=0.5632 test_AP=0.5519
Epoch 311/1500 [72.8s] | task=0.1581 distill=0.2384 (thresh=0.5) | train_AP=0.7199 val_AP=0.5662 test_AP=0.5468
Epoch 312/1500 [71.5s] | task=0.1579 distill=0.2380 (thresh=0.5) | train_AP=0.7204 val_AP=0.5698 test_AP=0.5513
Epoch 313/1500 [71.4s] | task=0.1580 distill=0.2381 (thresh=0.5) | train_AP=0.7210 val_AP=0.5679 test_AP=0.5488
Epoch 314/1500 [70.8s] | task=0.1581 distill=0.2398 (thresh=0.5) | train_AP=0.7193 val_AP=0.5583 test_AP=0.5465
Epoch 315/1500 [71.2s] | task=0.1569 distill=0.2402 (thresh=0.5) | train_AP=0.7236 val_AP=0.5720 test_AP=0.5538
Epoch 316/1500 [72.0s] | task=0.1574 distill=0.2394 (thresh=0.5) | train_AP=0.7233 val_AP=0.5691 test_AP=0.5496
Epoch 317/1500 [71.1s] | task=0.1578 distill=0.2395 (thresh=0.5) | train_AP=0.7205 val_AP=0.5606 test_AP=0.5452
Epoch 318/1500 [73.0s] | task=0.1579 distill=0.2386 (thresh=0.5) | train_AP=0.7196 val_AP=0.5619 test_AP=0.5488
Epoch 319/1500 [71.2s] | task=0.1556 distill=0.2396 (thresh=0.5) | train_AP=0.7227 val_AP=0.5570 test_AP=0.5439
Epoch 320/1500 [72.9s] | task=0.1563 distill=0.2425 (thresh=0.5) | train_AP=0.7256 val_AP=0.5602 test_AP=0.5445
Epoch 321/1500 [72.7s] | task=0.1558 distill=0.2411 (thresh=0.5) | train_AP=0.7265 val_AP=0.5687 test_AP=0.5572
Epoch 322/1500 [72.1s] | task=0.1552 distill=0.2413 (thresh=0.5) | train_AP=0.7277 val_AP=0.5706 test_AP=0.5545
Epoch 323/1500 [73.3s] | task=0.1564 distill=0.2400 (thresh=0.5) | train_AP=0.7238 val_AP=0.5525 test_AP=0.5474
Epoch 324/1500 [72.8s] | task=0.1555 distill=0.2412 (thresh=0.5) | train_AP=0.7272 val_AP=0.5665 test_AP=0.5515
Epoch 325/1500 [72.7s] | task=0.1552 distill=0.2413 (thresh=0.5) | train_AP=0.7224 val_AP=0.5641 test_AP=0.5509
Epoch 326/1500 [73.3s] | task=0.1569 distill=0.2417 (thresh=0.5) | train_AP=0.7270 val_AP=0.5763 test_AP=0.5650
Epoch 327/1500 [73.2s] | task=0.1550 distill=0.2421 (thresh=0.5) | train_AP=0.7285 val_AP=0.5658 test_AP=0.5569
Epoch 328/1500 [72.1s] | task=0.1554 distill=0.2409 (thresh=0.5) | train_AP=0.7287 val_AP=0.5545 test_AP=0.5474
Epoch 329/1500 [73.1s] | task=0.1547 distill=0.2434 (thresh=0.5) | train_AP=0.7283 val_AP=0.5688 test_AP=0.5511
Epoch 330/1500 [72.5s] | task=0.1553 distill=0.2429 (thresh=0.5) | train_AP=0.7244 val_AP=0.5632 test_AP=0.5525
Epoch 331/1500 [72.4s] | task=0.1548 distill=0.2420 (thresh=0.5) | train_AP=0.7265 val_AP=0.5666 test_AP=0.5475
Epoch 332/1500 [72.9s] | task=0.1548 distill=0.2437 (thresh=0.5) | train_AP=0.7281 val_AP=0.5711 test_AP=0.5568
Epoch 333/1500 [72.2s] | task=0.1554 distill=0.2418 (thresh=0.5) | train_AP=0.7244 val_AP=0.5591 test_AP=0.5532
Epoch 334/1500 [72.7s] | task=0.1536 distill=0.2422 (thresh=0.5) | train_AP=0.7311 val_AP=0.5666 test_AP=0.5528
Epoch 335/1500 [71.2s] | task=0.1544 distill=0.2435 (thresh=0.5) | train_AP=0.7294 val_AP=0.5617 test_AP=0.5460
Epoch 336/1500 [74.3s] | task=0.1535 distill=0.2426 (thresh=0.5) | train_AP=0.7312 val_AP=0.5634 test_AP=0.5514
Epoch 337/1500 [72.5s] | task=0.1533 distill=0.2430 (thresh=0.5) | train_AP=0.7316 val_AP=0.5681 test_AP=0.5577
Epoch 338/1500 [72.1s] | task=0.1529 distill=0.2434 (thresh=0.5) | train_AP=0.7320 val_AP=0.5686 test_AP=0.5570
Epoch 339/1500 [71.9s] | task=0.1542 distill=0.2449 (thresh=0.5) | train_AP=0.7293 val_AP=0.5673 test_AP=0.5486
Epoch 340/1500 [72.3s] | task=0.1527 distill=0.2426 (thresh=0.5) | train_AP=0.7333 val_AP=0.5471 test_AP=0.5361
Epoch 341/1500 [72.3s] | task=0.1517 distill=0.2427 (thresh=0.5) | train_AP=0.7341 val_AP=0.5737 test_AP=0.5591
Epoch 342/1500 [72.8s] | task=0.1528 distill=0.2440 (thresh=0.5) | train_AP=0.7314 val_AP=0.5704 test_AP=0.5567
Epoch 343/1500 [73.1s] | task=0.1519 distill=0.2436 (thresh=0.5) | train_AP=0.7340 val_AP=0.5622 test_AP=0.5514
Epoch 344/1500 [72.4s] | task=0.1530 distill=0.2445 (thresh=0.5) | train_AP=0.7340 val_AP=0.5730 test_AP=0.5570
Epoch 345/1500 [72.6s] | task=0.1522 distill=0.2447 (thresh=0.5) | train_AP=0.7337 val_AP=0.5650 test_AP=0.5523
Epoch 346/1500 [73.4s] | task=0.1513 distill=0.2453 (thresh=0.5) | train_AP=0.7357 val_AP=0.5729 test_AP=0.5493
Epoch 347/1500 [71.7s] | task=0.1511 distill=0.2450 (thresh=0.5) | train_AP=0.7359 val_AP=0.5571 test_AP=0.5469
Epoch 348/1500 [72.1s] | task=0.1529 distill=0.2442 (thresh=0.5) | train_AP=0.7336 val_AP=0.5681 test_AP=0.5533
Epoch 349/1500 [73.2s] | task=0.1518 distill=0.2472 (thresh=0.5) | train_AP=0.7371 val_AP=0.5549 test_AP=0.5474
Epoch 350/1500 [72.6s] | task=0.1523 distill=0.2452 (thresh=0.5) | train_AP=0.7366 val_AP=0.5766 test_AP=0.5615
Epoch 351/1500 [72.1s] | task=0.1511 distill=0.2458 (thresh=0.5) | train_AP=0.7367 val_AP=0.5715 test_AP=0.5595
Epoch 352/1500 [74.2s] | task=0.1497 distill=0.2462 (thresh=0.5) | train_AP=0.7409 val_AP=0.5664 test_AP=0.5507
Epoch 353/1500 [73.2s] | task=0.1511 distill=0.2468 (thresh=0.5) | train_AP=0.7375 val_AP=0.5584 test_AP=0.5500
Epoch 354/1500 [72.1s] | task=0.1505 distill=0.2456 (thresh=0.5) | train_AP=0.7381 val_AP=0.5746 test_AP=0.5600
Epoch 355/1500 [72.1s] | task=0.1501 distill=0.2459 (thresh=0.5) | train_AP=0.7385 val_AP=0.5669 test_AP=0.5539
Epoch 356/1500 [72.3s] | task=0.1496 distill=0.2479 (thresh=0.5) | train_AP=0.7411 val_AP=0.5574 test_AP=0.5501
Epoch 357/1500 [73.1s] | task=0.1500 distill=0.2474 (thresh=0.5) | train_AP=0.7376 val_AP=0.5613 test_AP=0.5520
Epoch 358/1500 [72.4s] | task=0.1503 distill=0.2476 (thresh=0.5) | train_AP=0.7362 val_AP=0.5631 test_AP=0.5544
Epoch 359/1500 [70.7s] | task=0.1494 distill=0.2486 (thresh=0.5) | train_AP=0.7451 val_AP=0.5746 test_AP=0.5589
Epoch 360/1500 [73.0s] | task=0.1498 distill=0.2490 (thresh=0.5) | train_AP=0.7405 val_AP=0.5590 test_AP=0.5477
Epoch 361/1500 [72.2s] | task=0.1492 distill=0.2479 (thresh=0.5) | train_AP=0.7434 val_AP=0.5683 test_AP=0.5573
Epoch 362/1500 [72.1s] | task=0.1491 distill=0.2462 (thresh=0.5) | train_AP=0.7414 val_AP=0.5672 test_AP=0.5531
Epoch 363/1500 [71.6s] | task=0.1484 distill=0.2490 (thresh=0.5) | train_AP=0.7394 val_AP=0.5717 test_AP=0.5572
Epoch 364/1500 [71.5s] | task=0.1481 distill=0.2483 (thresh=0.5) | train_AP=0.7433 val_AP=0.5641 test_AP=0.5603
Epoch 365/1500 [72.0s] | task=0.1486 distill=0.2493 (thresh=0.5) | train_AP=0.7423 val_AP=0.5640 test_AP=0.5514
Epoch 366/1500 [71.9s] | task=0.1478 distill=0.2490 (thresh=0.5) | train_AP=0.7427 val_AP=0.5646 test_AP=0.5518
Epoch 367/1500 [74.7s] | task=0.1478 distill=0.2487 (thresh=0.5) | train_AP=0.7443 val_AP=0.5575 test_AP=0.5534
Epoch 368/1500 [73.8s] | task=0.1485 distill=0.2492 (thresh=0.5) | train_AP=0.7429 val_AP=0.5610 test_AP=0.5506
Epoch 369/1500 [71.1s] | task=0.1487 distill=0.2495 (thresh=0.5) | train_AP=0.7386 val_AP=0.5736 test_AP=0.5588
Epoch 370/1500 [71.8s] | task=0.1491 distill=0.2496 (thresh=0.5) | train_AP=0.7396 val_AP=0.5612 test_AP=0.5515
Epoch 371/1500 [73.1s] | task=0.1472 distill=0.2492 (thresh=0.5) | train_AP=0.7450 val_AP=0.5607 test_AP=0.5521
Epoch 372/1500 [73.4s] | task=0.1470 distill=0.2498 (thresh=0.5) | train_AP=0.7453 val_AP=0.5674 test_AP=0.5547
Epoch 373/1500 [72.4s] | task=0.1476 distill=0.2495 (thresh=0.5) | train_AP=0.7428 val_AP=0.5585 test_AP=0.5476
Epoch 374/1500 [74.4s] | task=0.1474 distill=0.2488 (thresh=0.5) | train_AP=0.7448 val_AP=0.5712 test_AP=0.5569
Epoch 375/1500 [72.0s] | task=0.1481 distill=0.2500 (thresh=0.5) | train_AP=0.7437 val_AP=0.5679 test_AP=0.5536
Epoch 376/1500 [73.0s] | task=0.1468 distill=0.2492 (thresh=0.5) | train_AP=0.7432 val_AP=0.5673 test_AP=0.5592
Epoch 377/1500 [72.3s] | task=0.1468 distill=0.2491 (thresh=0.5) | train_AP=0.7437 val_AP=0.5698 test_AP=0.5582
Epoch 378/1500 [72.2s] | task=0.1469 distill=0.2490 (thresh=0.5) | train_AP=0.7433 val_AP=0.5689 test_AP=0.5592
Epoch 379/1500 [72.0s] | task=0.1467 distill=0.2486 (thresh=0.5) | train_AP=0.7473 val_AP=0.5520 test_AP=0.5497
Epoch 380/1500 [73.0s] | task=0.1456 distill=0.2496 (thresh=0.5) | train_AP=0.7483 val_AP=0.5685 test_AP=0.5535
Epoch 381/1500 [71.8s] | task=0.1470 distill=0.2502 (thresh=0.5) | train_AP=0.7449 val_AP=0.5573 test_AP=0.5443
Epoch 382/1500 [72.7s] | task=0.1462 distill=0.2495 (thresh=0.5) | train_AP=0.7482 val_AP=0.5637 test_AP=0.5548
Epoch 383/1500 [71.4s] | task=0.1463 distill=0.2515 (thresh=0.5) | train_AP=0.7471 val_AP=0.5610 test_AP=0.5544
Epoch 384/1500 [72.2s] | task=0.1463 distill=0.2516 (thresh=0.5) | train_AP=0.7477 val_AP=0.5519 test_AP=0.5454
Epoch 385/1500 [71.7s] | task=0.1452 distill=0.2511 (thresh=0.5) | train_AP=0.7501 val_AP=0.5687 test_AP=0.5606
Epoch 386/1500 [71.8s] | task=0.1440 distill=0.2504 (thresh=0.5) | train_AP=0.7526 val_AP=0.5669 test_AP=0.5623
Epoch 387/1500 [71.4s] | task=0.1454 distill=0.2506 (thresh=0.5) | train_AP=0.7513 val_AP=0.5620 test_AP=0.5473
Epoch 388/1500 [71.9s] | task=0.1444 distill=0.2510 (thresh=0.5) | train_AP=0.7525 val_AP=0.5606 test_AP=0.5557
Epoch 389/1500 [71.9s] | task=0.1442 distill=0.2510 (thresh=0.5) | train_AP=0.7514 val_AP=0.5575 test_AP=0.5448
Epoch 390/1500 [72.5s] | task=0.1435 distill=0.2514 (thresh=0.5) | train_AP=0.7541 val_AP=0.5612 test_AP=0.5533
Epoch 391/1500 [72.0s] | task=0.1440 distill=0.2508 (thresh=0.5) | train_AP=0.7527 val_AP=0.5531 test_AP=0.5508
Epoch 392/1500 [71.8s] | task=0.1446 distill=0.2522 (thresh=0.5) | train_AP=0.7515 val_AP=0.5598 test_AP=0.5470
Epoch 393/1500 [72.8s] | task=0.1445 distill=0.2520 (thresh=0.5) | train_AP=0.7517 val_AP=0.5595 test_AP=0.5483
Epoch 394/1500 [71.4s] | task=0.1446 distill=0.2517 (thresh=0.5) | train_AP=0.7517 val_AP=0.5678 test_AP=0.5617
Epoch 395/1500 [74.6s] | task=0.1439 distill=0.2511 (thresh=0.5) | train_AP=0.7514 val_AP=0.5636 test_AP=0.5557
Epoch 396/1500 [73.0s] | task=0.1441 distill=0.2519 (thresh=0.5) | train_AP=0.7542 val_AP=0.5557 test_AP=0.5500
Epoch 397/1500 [71.9s] | task=0.1428 distill=0.2530 (thresh=0.5) | train_AP=0.7572 val_AP=0.5640 test_AP=0.5586
Epoch 398/1500 [71.4s] | task=0.1444 distill=0.2521 (thresh=0.5) | train_AP=0.7502 val_AP=0.5641 test_AP=0.5533
Epoch 399/1500 [71.9s] | task=0.1429 distill=0.2533 (thresh=0.5) | train_AP=0.7560 val_AP=0.5661 test_AP=0.5587
Epoch 400/1500 [73.3s] | task=0.1433 distill=0.2528 (thresh=0.5) | train_AP=0.7561 val_AP=0.5712 test_AP=0.5668
Epoch 401/1500 [71.8s] | task=0.1432 distill=0.2531 (thresh=0.5) | train_AP=0.7538 val_AP=0.5628 test_AP=0.5527
Epoch 402/1500 [72.2s] | task=0.1423 distill=0.2532 (thresh=0.5) | train_AP=0.7556 val_AP=0.5747 test_AP=0.5629
Epoch 403/1500 [72.4s] | task=0.1421 distill=0.2518 (thresh=0.5) | train_AP=0.7556 val_AP=0.5634 test_AP=0.5523
Epoch 404/1500 [73.6s] | task=0.1426 distill=0.2516 (thresh=0.5) | train_AP=0.7539 val_AP=0.5684 test_AP=0.5522
Epoch 405/1500 [71.2s] | task=0.1414 distill=0.2527 (thresh=0.5) | train_AP=0.7563 val_AP=0.5687 test_AP=0.5564
Epoch 406/1500 [73.0s] | task=0.1422 distill=0.2518 (thresh=0.5) | train_AP=0.7543 val_AP=0.5685 test_AP=0.5587
Epoch 407/1500 [72.3s] | task=0.1406 distill=0.2529 (thresh=0.5) | train_AP=0.7630 val_AP=0.5525 test_AP=0.5439
Epoch 408/1500 [73.1s] | task=0.1414 distill=0.2539 (thresh=0.5) | train_AP=0.7598 val_AP=0.5714 test_AP=0.5607
Epoch 409/1500 [72.9s] | task=0.1419 distill=0.2531 (thresh=0.5) | train_AP=0.7568 val_AP=0.5503 test_AP=0.5442
Epoch 410/1500 [71.3s] | task=0.1405 distill=0.2541 (thresh=0.5) | train_AP=0.7572 val_AP=0.5704 test_AP=0.5586
Epoch 411/1500 [72.7s] | task=0.1409 distill=0.2545 (thresh=0.5) | train_AP=0.7613 val_AP=0.5568 test_AP=0.5450
Epoch 412/1500 [72.5s] | task=0.1412 distill=0.2544 (thresh=0.5) | train_AP=0.7594 val_AP=0.5679 test_AP=0.5552
Epoch 413/1500 [73.4s] | task=0.1404 distill=0.2546 (thresh=0.5) | train_AP=0.7628 val_AP=0.5669 test_AP=0.5524
Epoch 414/1500 [73.1s] | task=0.1411 distill=0.2545 (thresh=0.5) | train_AP=0.7581 val_AP=0.5729 test_AP=0.5618
Epoch 415/1500 [72.4s] | task=0.1392 distill=0.2550 (thresh=0.5) | train_AP=0.7649 val_AP=0.5576 test_AP=0.5516
Epoch 416/1500 [73.1s] | task=0.1404 distill=0.2543 (thresh=0.5) | train_AP=0.7622 val_AP=0.5654 test_AP=0.5524
Epoch 417/1500 [73.0s] | task=0.1402 distill=0.2545 (thresh=0.5) | train_AP=0.7611 val_AP=0.5641 test_AP=0.5543
Epoch 418/1500 [72.8s] | task=0.1391 distill=0.2551 (thresh=0.5) | train_AP=0.7614 val_AP=0.5684 test_AP=0.5618
Epoch 419/1500 [72.7s] | task=0.1402 distill=0.2553 (thresh=0.5) | train_AP=0.7598 val_AP=0.5603 test_AP=0.5526
Epoch 420/1500 [72.7s] | task=0.1397 distill=0.2548 (thresh=0.5) | train_AP=0.7624 val_AP=0.5618 test_AP=0.5551
Epoch 421/1500 [71.6s] | task=0.1397 distill=0.2551 (thresh=0.5) | train_AP=0.7643 val_AP=0.5614 test_AP=0.5542
Epoch 422/1500 [72.1s] | task=0.1395 distill=0.2551 (thresh=0.5) | train_AP=0.7649 val_AP=0.5652 test_AP=0.5652
Epoch 423/1500 [71.6s] | task=0.1387 distill=0.2547 (thresh=0.5) | train_AP=0.7654 val_AP=0.5597 test_AP=0.5556
Epoch 424/1500 [73.3s] | task=0.1377 distill=0.2552 (thresh=0.5) | train_AP=0.7640 val_AP=0.5610 test_AP=0.5560
Epoch 425/1500 [71.9s] | task=0.1396 distill=0.2558 (thresh=0.5) | train_AP=0.7621 val_AP=0.5557 test_AP=0.5531
Epoch 426/1500 [71.3s] | task=0.1385 distill=0.2575 (thresh=0.5) | train_AP=0.7663 val_AP=0.5671 test_AP=0.5609
Epoch 427/1500 [74.0s] | task=0.1385 distill=0.2564 (thresh=0.5) | train_AP=0.7660 val_AP=0.5649 test_AP=0.5612
Epoch 428/1500 [71.1s] | task=0.1377 distill=0.2550 (thresh=0.5) | train_AP=0.7650 val_AP=0.5604 test_AP=0.5496
Epoch 429/1500 [71.3s] | task=0.1383 distill=0.2555 (thresh=0.5) | train_AP=0.7663 val_AP=0.5624 test_AP=0.5555
Epoch 430/1500 [72.4s] | task=0.1374 distill=0.2567 (thresh=0.5) | train_AP=0.7681 val_AP=0.5524 test_AP=0.5501
Epoch 431/1500 [72.6s] | task=0.1378 distill=0.2547 (thresh=0.5) | train_AP=0.7659 val_AP=0.5575 test_AP=0.5562
Epoch 432/1500 [70.9s] | task=0.1386 distill=0.2568 (thresh=0.5) | train_AP=0.7672 val_AP=0.5662 test_AP=0.5603
Epoch 433/1500 [72.7s] | task=0.1380 distill=0.2570 (thresh=0.5) | train_AP=0.7649 val_AP=0.5582 test_AP=0.5576
Epoch 434/1500 [71.7s] | task=0.1376 distill=0.2569 (thresh=0.5) | train_AP=0.7645 val_AP=0.5579 test_AP=0.5580
Epoch 435/1500 [71.9s] | task=0.1371 distill=0.2567 (thresh=0.5) | train_AP=0.7666 val_AP=0.5655 test_AP=0.5548
Epoch 436/1500 [73.0s] | task=0.1369 distill=0.2559 (thresh=0.5) | train_AP=0.7698 val_AP=0.5547 test_AP=0.5510
Epoch 437/1500 [72.4s] | task=0.1381 distill=0.2563 (thresh=0.5) | train_AP=0.7671 val_AP=0.5641 test_AP=0.5635
Epoch 438/1500 [72.8s] | task=0.1359 distill=0.2560 (thresh=0.5) | train_AP=0.7713 val_AP=0.5630 test_AP=0.5531
Epoch 439/1500 [71.8s] | task=0.1377 distill=0.2563 (thresh=0.5) | train_AP=0.7674 val_AP=0.5628 test_AP=0.5603
Epoch 440/1500 [72.5s] | task=0.1359 distill=0.2568 (thresh=0.5) | train_AP=0.7719 val_AP=0.5588 test_AP=0.5601
Epoch 441/1500 [72.9s] | task=0.1367 distill=0.2564 (thresh=0.5) | train_AP=0.7695 val_AP=0.5711 test_AP=0.5633
Epoch 442/1500 [72.5s] | task=0.1369 distill=0.2590 (thresh=0.5) | train_AP=0.7716 val_AP=0.5713 test_AP=0.5673
Epoch 443/1500 [72.9s] | task=0.1355 distill=0.2566 (thresh=0.5) | train_AP=0.7707 val_AP=0.5691 test_AP=0.5589
Epoch 444/1500 [71.8s] | task=0.1358 distill=0.2582 (thresh=0.5) | train_AP=0.7703 val_AP=0.5675 test_AP=0.5549
Epoch 445/1500 [71.8s] | task=0.1342 distill=0.2576 (thresh=0.5) | train_AP=0.7762 val_AP=0.5616 test_AP=0.5627
Epoch 446/1500 [72.8s] | task=0.1360 distill=0.2576 (thresh=0.5) | train_AP=0.7688 val_AP=0.5555 test_AP=0.5547
Epoch 447/1500 [72.2s] | task=0.1361 distill=0.2582 (thresh=0.5) | train_AP=0.7688 val_AP=0.5635 test_AP=0.5634
Epoch 448/1500 [71.3s] | task=0.1355 distill=0.2587 (thresh=0.5) | train_AP=0.7702 val_AP=0.5593 test_AP=0.5611
Epoch 449/1500 [72.0s] | task=0.1349 distill=0.2577 (thresh=0.5) | train_AP=0.7761 val_AP=0.5545 test_AP=0.5558
Epoch 450/1500 [72.5s] | task=0.1349 distill=0.2581 (thresh=0.5) | train_AP=0.7747 val_AP=0.5564 test_AP=0.5536
Epoch 451/1500 [73.3s] | task=0.1345 distill=0.2579 (thresh=0.5) | train_AP=0.7719 val_AP=0.5640 test_AP=0.5582
Early stopping at epoch 451.

Done. Baseline val_AP=0.5044 | Best distilled val_AP=0.5781 at epoch 251
