+ python exp_attn_distillation_2.py pretrain --hidden_dim 256 --num_layers 1 --num_heads 8 --save_dir checkpoints_attn_distill_3 --no-use_lap_pe --warmup_ratio 0 --num_cross_layers 1 --no-use_proxy_self_attn --proxy_mmd_lambda 1.5 --proxy_opt_steps 300 --distill_weight 1 --temperature 1.5 --s1_max_epochs 1000
{'phase': 'pretrain', 'model_path': None, 'save_dir': 'checkpoints_attn_distill_3', 'hidden_dim': 256, 'num_layers': 1, 'num_heads': 8, 'output_dim': 10, 'dropout': 0.1, 's1_lr': 3e-05, 's1_weight_decay': 0.0003, 's1_max_epochs': 1000, 's1_patience': 50, 's1_grad_clip': 1.0, 'warmup_ratio': 0.0, 'lr_min': 1e-07, 'num_cross_layers': 1, 'use_proxy_self_attn': False, 'num_proxies': 64, 'proxy_lr': 0.05, 'proxy_opt_steps': 300, 'proxy_mmd_lambda': 1.5, 'distill_weight': 1.0, 'temperature': 1.5, 'distill_layers': 'all', 'lr': 5e-05, 'weight_decay': 0.0001, 'max_epochs': 200, 'patience': 30, 'grad_clip': 1.0, 'batch_size': 256, 'num_workers': 4, 'device': 'cuda'}
Unknown args =  ['--no-use_lap_pe']

============================================================
PRETRAIN: Train Graph Transformer from scratch
  hidden_dim=256, num_layers=1, num_heads=8
  s1_lr=3e-05, s1_weight_decay=0.0003, dropout=0.1
  s1_max_epochs=1000, s1_patience=50
============================================================
  Parameters: 967,690
Epoch   1/1000 [4.3s mem=10939MB] | train_loss=0.5772 train_AP=0.1661 | val_loss=0.4505 val_AP=0.1846
  -> New best: val_loss=0.4505 val_AP=0.1846, saved
Epoch   2/1000 [3.9s mem=10939MB] | train_loss=0.3921 train_AP=0.1654 | val_loss=0.3601 val_AP=0.1895
  -> New best: val_loss=0.3601 val_AP=0.1895, saved
Epoch   3/1000 [4.0s mem=10935MB] | train_loss=0.3619 train_AP=0.1638 | val_loss=0.3575 val_AP=0.1967
  -> New best: val_loss=0.3575 val_AP=0.1967, saved
Epoch   4/1000 [4.0s mem=10944MB] | train_loss=0.3605 train_AP=0.1653 | val_loss=0.3575 val_AP=0.2029
  -> New best: val_loss=0.3575 val_AP=0.2029, saved
Epoch   5/1000 [4.2s mem=10937MB] | train_loss=0.3603 train_AP=0.1668 | val_loss=0.3572 val_AP=0.2067
  -> New best: val_loss=0.3572 val_AP=0.2067, saved
Epoch   6/1000 [4.2s mem=10943MB] | train_loss=0.3605 train_AP=0.1653 | val_loss=0.3572 val_AP=0.2102
  -> New best: val_loss=0.3572 val_AP=0.2102, saved
Epoch   7/1000 [4.2s mem=10939MB] | train_loss=0.3606 train_AP=0.1655 | val_loss=0.3571 val_AP=0.2122
  -> New best: val_loss=0.3571 val_AP=0.2122, saved
Epoch   8/1000 [4.3s mem=10945MB] | train_loss=0.3599 train_AP=0.1684 | val_loss=0.3567 val_AP=0.2223
  -> New best: val_loss=0.3567 val_AP=0.2223, saved
Epoch   9/1000 [4.2s mem=10937MB] | train_loss=0.3592 train_AP=0.1681 | val_loss=0.3559 val_AP=0.2313
  -> New best: val_loss=0.3559 val_AP=0.2313, saved
Epoch  10/1000 [4.3s mem=10938MB] | train_loss=0.3584 train_AP=0.1720 | val_loss=0.3533 val_AP=0.2379 | test_AP=0.2247
  -> New best: val_loss=0.3533 val_AP=0.2379, saved
Epoch  11/1000 [4.2s mem=10940MB] | train_loss=0.3554 train_AP=0.1870 | val_loss=0.3490 val_AP=0.2408
  -> New best: val_loss=0.3490 val_AP=0.2408, saved
Epoch  12/1000 [4.2s mem=10940MB] | train_loss=0.3514 train_AP=0.2034 | val_loss=0.3432 val_AP=0.2539
  -> New best: val_loss=0.3432 val_AP=0.2539, saved
Epoch  13/1000 [4.2s mem=10941MB] | train_loss=0.3456 train_AP=0.2225 | val_loss=0.3345 val_AP=0.2626
  -> New best: val_loss=0.3345 val_AP=0.2626, saved
Epoch  14/1000 [4.3s mem=10902MB] | train_loss=0.3392 train_AP=0.2384 | val_loss=0.3288 val_AP=0.2741
  -> New best: val_loss=0.3288 val_AP=0.2741, saved
Epoch  15/1000 [4.3s mem=10938MB] | train_loss=0.3348 train_AP=0.2503 | val_loss=0.3255 val_AP=0.2829
  -> New best: val_loss=0.3255 val_AP=0.2829, saved
Epoch  16/1000 [4.3s mem=10935MB] | train_loss=0.3308 train_AP=0.2634 | val_loss=0.3232 val_AP=0.2951
  -> New best: val_loss=0.3232 val_AP=0.2951, saved
Epoch  17/1000 [4.3s mem=10939MB] | train_loss=0.3278 train_AP=0.2744 | val_loss=0.3198 val_AP=0.3041
  -> New best: val_loss=0.3198 val_AP=0.3041, saved
Epoch  18/1000 [4.2s mem=10939MB] | train_loss=0.3248 train_AP=0.2823 | val_loss=0.3176 val_AP=0.3081
  -> New best: val_loss=0.3176 val_AP=0.3081, saved
Epoch  19/1000 [4.3s mem=10941MB] | train_loss=0.3220 train_AP=0.2889 | val_loss=0.3157 val_AP=0.3115
  -> New best: val_loss=0.3157 val_AP=0.3115, saved
Epoch  20/1000 [4.3s mem=10937MB] | train_loss=0.3189 train_AP=0.2967 | val_loss=0.3139 val_AP=0.3160 | test_AP=0.3138
  -> New best: val_loss=0.3139 val_AP=0.3160, saved
Epoch  21/1000 [4.3s mem=10942MB] | train_loss=0.3169 train_AP=0.3021 | val_loss=0.3136 val_AP=0.3176
  -> New best: val_loss=0.3136 val_AP=0.3176, saved
Epoch  22/1000 [4.3s mem=10934MB] | train_loss=0.3144 train_AP=0.3070 | val_loss=0.3098 val_AP=0.3233
  -> New best: val_loss=0.3098 val_AP=0.3233, saved
Epoch  23/1000 [4.3s mem=10939MB] | train_loss=0.3127 train_AP=0.3124 | val_loss=0.3078 val_AP=0.3305
  -> New best: val_loss=0.3078 val_AP=0.3305, saved
Epoch  24/1000 [4.3s mem=10937MB] | train_loss=0.3105 train_AP=0.3190 | val_loss=0.3052 val_AP=0.3376
  -> New best: val_loss=0.3052 val_AP=0.3376, saved
Epoch  25/1000 [4.3s mem=10937MB] | train_loss=0.3083 train_AP=0.3235 | val_loss=0.3042 val_AP=0.3419
  -> New best: val_loss=0.3042 val_AP=0.3419, saved
Epoch  26/1000 [4.3s mem=10936MB] | train_loss=0.3081 train_AP=0.3293 | val_loss=0.3035 val_AP=0.3463
  -> New best: val_loss=0.3035 val_AP=0.3463, saved
Epoch  27/1000 [4.3s mem=10944MB] | train_loss=0.3063 train_AP=0.3327 | val_loss=0.3006 val_AP=0.3511
  -> New best: val_loss=0.3006 val_AP=0.3511, saved
Epoch  28/1000 [4.3s mem=10936MB] | train_loss=0.3044 train_AP=0.3393 | val_loss=0.2997 val_AP=0.3553
  -> New best: val_loss=0.2997 val_AP=0.3553, saved
Epoch  29/1000 [4.3s mem=10936MB] | train_loss=0.3030 train_AP=0.3430 | val_loss=0.2994 val_AP=0.3589
  -> New best: val_loss=0.2994 val_AP=0.3589, saved
Epoch  30/1000 [4.3s mem=10943MB] | train_loss=0.3025 train_AP=0.3453 | val_loss=0.2986 val_AP=0.3602 | test_AP=0.3469
  -> New best: val_loss=0.2986 val_AP=0.3602, saved
Epoch  31/1000 [4.3s mem=10943MB] | train_loss=0.3020 train_AP=0.3453 | val_loss=0.2973 val_AP=0.3650
  -> New best: val_loss=0.2973 val_AP=0.3650, saved
Epoch  32/1000 [4.3s mem=10934MB] | train_loss=0.3002 train_AP=0.3496 | val_loss=0.2966 val_AP=0.3684
  -> New best: val_loss=0.2966 val_AP=0.3684, saved
Epoch  33/1000 [4.3s mem=10938MB] | train_loss=0.2992 train_AP=0.3520 | val_loss=0.2957 val_AP=0.3731
  -> New best: val_loss=0.2957 val_AP=0.3731, saved
Epoch  34/1000 [4.3s mem=10936MB] | train_loss=0.2983 train_AP=0.3573 | val_loss=0.2945 val_AP=0.3750
  -> New best: val_loss=0.2945 val_AP=0.3750, saved
Epoch  35/1000 [4.3s mem=10939MB] | train_loss=0.2982 train_AP=0.3584 | val_loss=0.2961 val_AP=0.3772
  -> New best: val_loss=0.2945 val_AP=0.3772, saved
Epoch  36/1000 [4.3s mem=10946MB] | train_loss=0.2979 train_AP=0.3580 | val_loss=0.2938 val_AP=0.3821
  -> New best: val_loss=0.2938 val_AP=0.3821, saved
Epoch  37/1000 [4.3s mem=10936MB] | train_loss=0.2962 train_AP=0.3620 | val_loss=0.2937 val_AP=0.3831
  -> New best: val_loss=0.2937 val_AP=0.3831, saved
Epoch  38/1000 [4.3s mem=10938MB] | train_loss=0.2947 train_AP=0.3674 | val_loss=0.2933 val_AP=0.3843
  -> New best: val_loss=0.2933 val_AP=0.3843, saved
Epoch  39/1000 [4.3s mem=10933MB] | train_loss=0.2932 train_AP=0.3706 | val_loss=0.2904 val_AP=0.3876
  -> New best: val_loss=0.2904 val_AP=0.3876, saved
Epoch  40/1000 [4.3s mem=10934MB] | train_loss=0.2923 train_AP=0.3749 | val_loss=0.2905 val_AP=0.3900 | test_AP=0.3721
  -> New best: val_loss=0.2904 val_AP=0.3900, saved
Epoch  41/1000 [4.3s mem=10938MB] | train_loss=0.2912 train_AP=0.3759 | val_loss=0.2903 val_AP=0.3917
  -> New best: val_loss=0.2903 val_AP=0.3917, saved
Epoch  42/1000 [4.3s mem=10936MB] | train_loss=0.2904 train_AP=0.3798 | val_loss=0.2887 val_AP=0.3908
  -> New best: val_loss=0.2887 val_AP=0.3917, saved
Epoch  43/1000 [4.3s mem=10941MB] | train_loss=0.2900 train_AP=0.3809 | val_loss=0.2903 val_AP=0.3937
  -> New best: val_loss=0.2887 val_AP=0.3937, saved
Epoch  44/1000 [4.3s mem=10939MB] | train_loss=0.2899 train_AP=0.3837 | val_loss=0.2886 val_AP=0.3953
  -> New best: val_loss=0.2886 val_AP=0.3953, saved
Epoch  45/1000 [4.3s mem=10936MB] | train_loss=0.2893 train_AP=0.3845 | val_loss=0.2870 val_AP=0.3987
  -> New best: val_loss=0.2870 val_AP=0.3987, saved
Epoch  46/1000 [4.2s mem=10942MB] | train_loss=0.2871 train_AP=0.3881 | val_loss=0.2875 val_AP=0.3997
  -> New best: val_loss=0.2870 val_AP=0.3997, saved
Epoch  47/1000 [4.2s mem=10938MB] | train_loss=0.2863 train_AP=0.3895 | val_loss=0.2870 val_AP=0.4011
  -> New best: val_loss=0.2870 val_AP=0.4011, saved
Epoch  48/1000 [4.2s mem=10936MB] | train_loss=0.2849 train_AP=0.3924 | val_loss=0.2858 val_AP=0.4011
  -> New best: val_loss=0.2858 val_AP=0.4011, saved
Epoch  49/1000 [4.2s mem=10942MB] | train_loss=0.2842 train_AP=0.3979 | val_loss=0.2888 val_AP=0.4034
  -> New best: val_loss=0.2858 val_AP=0.4034, saved
Epoch  50/1000 [4.3s mem=10934MB] | train_loss=0.2837 train_AP=0.3951 | val_loss=0.2887 val_AP=0.4027 | test_AP=0.3884
Epoch  51/1000 [4.0s mem=10938MB] | train_loss=0.2832 train_AP=0.4005 | val_loss=0.2854 val_AP=0.4044
  -> New best: val_loss=0.2854 val_AP=0.4044, saved
Epoch  52/1000 [4.1s mem=10936MB] | train_loss=0.2824 train_AP=0.4021 | val_loss=0.2838 val_AP=0.4064
  -> New best: val_loss=0.2838 val_AP=0.4064, saved
Epoch  53/1000 [4.0s mem=10938MB] | train_loss=0.2820 train_AP=0.4015 | val_loss=0.2834 val_AP=0.4113
  -> New best: val_loss=0.2834 val_AP=0.4113, saved
Epoch  54/1000 [4.0s mem=10934MB] | train_loss=0.2811 train_AP=0.4062 | val_loss=0.2841 val_AP=0.4107
Epoch  55/1000 [3.9s mem=10938MB] | train_loss=0.2807 train_AP=0.4070 | val_loss=0.2826 val_AP=0.4142
  -> New best: val_loss=0.2826 val_AP=0.4142, saved
Epoch  56/1000 [3.9s mem=10943MB] | train_loss=0.2803 train_AP=0.4098 | val_loss=0.2820 val_AP=0.4154
  -> New best: val_loss=0.2820 val_AP=0.4154, saved
Epoch  57/1000 [4.3s mem=10940MB] | train_loss=0.2781 train_AP=0.4123 | val_loss=0.2830 val_AP=0.4163
  -> New best: val_loss=0.2820 val_AP=0.4163, saved
Epoch  58/1000 [4.3s mem=10937MB] | train_loss=0.2774 train_AP=0.4143 | val_loss=0.2827 val_AP=0.4173
  -> New best: val_loss=0.2820 val_AP=0.4173, saved
Epoch  59/1000 [4.3s mem=10940MB] | train_loss=0.2773 train_AP=0.4169 | val_loss=0.2795 val_AP=0.4183
  -> New best: val_loss=0.2795 val_AP=0.4183, saved
Epoch  60/1000 [4.1s mem=10944MB] | train_loss=0.2772 train_AP=0.4153 | val_loss=0.2803 val_AP=0.4229 | test_AP=0.4079
  -> New best: val_loss=0.2795 val_AP=0.4229, saved
Epoch  61/1000 [3.9s mem=10938MB] | train_loss=0.2755 train_AP=0.4206 | val_loss=0.2788 val_AP=0.4247
  -> New best: val_loss=0.2788 val_AP=0.4247, saved
Epoch  62/1000 [4.0s mem=10938MB] | train_loss=0.2749 train_AP=0.4202 | val_loss=0.2779 val_AP=0.4260
  -> New best: val_loss=0.2779 val_AP=0.4260, saved
Epoch  63/1000 [4.0s mem=10940MB] | train_loss=0.2737 train_AP=0.4263 | val_loss=0.2773 val_AP=0.4279
  -> New best: val_loss=0.2773 val_AP=0.4279, saved
Epoch  64/1000 [4.0s mem=10935MB] | train_loss=0.2741 train_AP=0.4221 | val_loss=0.2770 val_AP=0.4307
  -> New best: val_loss=0.2770 val_AP=0.4307, saved
Epoch  65/1000 [4.0s mem=10940MB] | train_loss=0.2732 train_AP=0.4266 | val_loss=0.2767 val_AP=0.4306
  -> New best: val_loss=0.2767 val_AP=0.4307, saved
Epoch  66/1000 [4.0s mem=10938MB] | train_loss=0.2722 train_AP=0.4295 | val_loss=0.2740 val_AP=0.4355
  -> New best: val_loss=0.2740 val_AP=0.4355, saved
Epoch  67/1000 [3.9s mem=10943MB] | train_loss=0.2717 train_AP=0.4309 | val_loss=0.2760 val_AP=0.4342
Epoch  68/1000 [3.9s mem=10940MB] | train_loss=0.2716 train_AP=0.4283 | val_loss=0.2772 val_AP=0.4368
  -> New best: val_loss=0.2740 val_AP=0.4368, saved
Epoch  69/1000 [4.0s mem=10943MB] | train_loss=0.2707 train_AP=0.4345 | val_loss=0.2754 val_AP=0.4372
  -> New best: val_loss=0.2740 val_AP=0.4372, saved
Epoch  70/1000 [3.9s mem=10938MB] | train_loss=0.2703 train_AP=0.4348 | val_loss=0.2738 val_AP=0.4413 | test_AP=0.4222
  -> New best: val_loss=0.2738 val_AP=0.4413, saved
Epoch  71/1000 [4.0s mem=10940MB] | train_loss=0.2691 train_AP=0.4356 | val_loss=0.2742 val_AP=0.4401
Epoch  72/1000 [4.0s mem=10936MB] | train_loss=0.2693 train_AP=0.4350 | val_loss=0.2750 val_AP=0.4395
Epoch  73/1000 [3.9s mem=10941MB] | train_loss=0.2693 train_AP=0.4355 | val_loss=0.2723 val_AP=0.4421
  -> New best: val_loss=0.2723 val_AP=0.4421, saved
Epoch  74/1000 [3.9s mem=10940MB] | train_loss=0.2680 train_AP=0.4428 | val_loss=0.2752 val_AP=0.4386
Epoch  75/1000 [4.0s mem=10931MB] | train_loss=0.2681 train_AP=0.4397 | val_loss=0.2740 val_AP=0.4433
  -> New best: val_loss=0.2723 val_AP=0.4433, saved
Epoch  76/1000 [3.9s mem=10940MB] | train_loss=0.2669 train_AP=0.4432 | val_loss=0.2718 val_AP=0.4472
  -> New best: val_loss=0.2718 val_AP=0.4472, saved
Epoch  77/1000 [4.0s mem=10938MB] | train_loss=0.2670 train_AP=0.4406 | val_loss=0.2697 val_AP=0.4489
  -> New best: val_loss=0.2697 val_AP=0.4489, saved
Epoch  78/1000 [4.0s mem=10933MB] | train_loss=0.2665 train_AP=0.4450 | val_loss=0.2736 val_AP=0.4443
Epoch  79/1000 [4.0s mem=10936MB] | train_loss=0.2659 train_AP=0.4474 | val_loss=0.2712 val_AP=0.4506
  -> New best: val_loss=0.2697 val_AP=0.4506, saved
Epoch  80/1000 [3.9s mem=10942MB] | train_loss=0.2653 train_AP=0.4481 | val_loss=0.2705 val_AP=0.4504 | test_AP=0.4314
Epoch  81/1000 [4.0s mem=10943MB] | train_loss=0.2657 train_AP=0.4465 | val_loss=0.2685 val_AP=0.4516
  -> New best: val_loss=0.2685 val_AP=0.4516, saved
Epoch  82/1000 [4.0s mem=10937MB] | train_loss=0.2646 train_AP=0.4501 | val_loss=0.2721 val_AP=0.4550
  -> New best: val_loss=0.2685 val_AP=0.4550, saved
Epoch  83/1000 [4.0s mem=10939MB] | train_loss=0.2635 train_AP=0.4530 | val_loss=0.2697 val_AP=0.4547
Epoch  84/1000 [4.0s mem=10946MB] | train_loss=0.2642 train_AP=0.4484 | val_loss=0.2708 val_AP=0.4570
  -> New best: val_loss=0.2685 val_AP=0.4570, saved
Epoch  85/1000 [4.0s mem=10936MB] | train_loss=0.2631 train_AP=0.4514 | val_loss=0.2716 val_AP=0.4547
Epoch  86/1000 [4.0s mem=10935MB] | train_loss=0.2632 train_AP=0.4526 | val_loss=0.2681 val_AP=0.4603
  -> New best: val_loss=0.2681 val_AP=0.4603, saved
Epoch  87/1000 [3.9s mem=10941MB] | train_loss=0.2631 train_AP=0.4538 | val_loss=0.2670 val_AP=0.4610
  -> New best: val_loss=0.2670 val_AP=0.4610, saved
Epoch  88/1000 [4.1s mem=10940MB] | train_loss=0.2616 train_AP=0.4568 | val_loss=0.2698 val_AP=0.4557
Epoch  89/1000 [4.3s mem=10937MB] | train_loss=0.2630 train_AP=0.4556 | val_loss=0.2678 val_AP=0.4580
Epoch  90/1000 [4.0s mem=10935MB] | train_loss=0.2611 train_AP=0.4580 | val_loss=0.2678 val_AP=0.4613 | test_AP=0.4395
  -> New best: val_loss=0.2670 val_AP=0.4613, saved
Epoch  91/1000 [4.3s mem=10934MB] | train_loss=0.2604 train_AP=0.4610 | val_loss=0.2662 val_AP=0.4611
  -> New best: val_loss=0.2662 val_AP=0.4613, saved
Epoch  92/1000 [4.3s mem=10941MB] | train_loss=0.2605 train_AP=0.4601 | val_loss=0.2668 val_AP=0.4617
  -> New best: val_loss=0.2662 val_AP=0.4617, saved
Epoch  93/1000 [4.1s mem=10943MB] | train_loss=0.2601 train_AP=0.4622 | val_loss=0.2654 val_AP=0.4603
  -> New best: val_loss=0.2654 val_AP=0.4617, saved
Epoch  94/1000 [4.1s mem=10936MB] | train_loss=0.2593 train_AP=0.4608 | val_loss=0.2697 val_AP=0.4600
Epoch  95/1000 [4.1s mem=10936MB] | train_loss=0.2595 train_AP=0.4643 | val_loss=0.2669 val_AP=0.4652
  -> New best: val_loss=0.2654 val_AP=0.4652, saved
Epoch  96/1000 [4.0s mem=10942MB] | train_loss=0.2586 train_AP=0.4654 | val_loss=0.2649 val_AP=0.4648
  -> New best: val_loss=0.2649 val_AP=0.4652, saved
Epoch  97/1000 [4.0s mem=10524MB] | train_loss=0.2582 train_AP=0.4672 | val_loss=0.2642 val_AP=0.4642
  -> New best: val_loss=0.2642 val_AP=0.4652, saved
Epoch  98/1000 [4.0s mem=10938MB] | train_loss=0.2581 train_AP=0.4650 | val_loss=0.2659 val_AP=0.4673
  -> New best: val_loss=0.2642 val_AP=0.4673, saved
Epoch  99/1000 [3.9s mem=10935MB] | train_loss=0.2591 train_AP=0.4655 | val_loss=0.2648 val_AP=0.4648
Epoch 100/1000 [4.0s mem=10937MB] | train_loss=0.2580 train_AP=0.4669 | val_loss=0.2632 val_AP=0.4659 | test_AP=0.4446
  -> New best: val_loss=0.2632 val_AP=0.4673, saved
Epoch 101/1000 [4.0s mem=10937MB] | train_loss=0.2577 train_AP=0.4683 | val_loss=0.2638 val_AP=0.4680
  -> New best: val_loss=0.2632 val_AP=0.4680, saved
Epoch 102/1000 [4.0s mem=10937MB] | train_loss=0.2569 train_AP=0.4694 | val_loss=0.2649 val_AP=0.4677
Epoch 103/1000 [4.0s mem=10936MB] | train_loss=0.2568 train_AP=0.4711 | val_loss=0.2643 val_AP=0.4672
Epoch 104/1000 [4.0s mem=10941MB] | train_loss=0.2561 train_AP=0.4725 | val_loss=0.2633 val_AP=0.4698
  -> New best: val_loss=0.2632 val_AP=0.4698, saved
Epoch 105/1000 [4.0s mem=10936MB] | train_loss=0.2560 train_AP=0.4704 | val_loss=0.2620 val_AP=0.4733
  -> New best: val_loss=0.2620 val_AP=0.4733, saved
Epoch 106/1000 [4.0s mem=10939MB] | train_loss=0.2553 train_AP=0.4743 | val_loss=0.2650 val_AP=0.4700
Epoch 107/1000 [4.0s mem=10939MB] | train_loss=0.2555 train_AP=0.4722 | val_loss=0.2602 val_AP=0.4715
  -> New best: val_loss=0.2602 val_AP=0.4733, saved
Epoch 108/1000 [4.2s mem=10937MB] | train_loss=0.2549 train_AP=0.4742 | val_loss=0.2635 val_AP=0.4706
Epoch 109/1000 [4.3s mem=10935MB] | train_loss=0.2551 train_AP=0.4745 | val_loss=0.2609 val_AP=0.4720
Epoch 110/1000 [4.1s mem=10939MB] | train_loss=0.2552 train_AP=0.4758 | val_loss=0.2637 val_AP=0.4760 | test_AP=0.4511
  -> New best: val_loss=0.2602 val_AP=0.4760, saved
Epoch 111/1000 [4.2s mem=10941MB] | train_loss=0.2542 train_AP=0.4741 | val_loss=0.2666 val_AP=0.4675
Epoch 112/1000 [4.2s mem=10942MB] | train_loss=0.2539 train_AP=0.4768 | val_loss=0.2655 val_AP=0.4720
Epoch 113/1000 [4.1s mem=10932MB] | train_loss=0.2532 train_AP=0.4809 | val_loss=0.2600 val_AP=0.4739
  -> New best: val_loss=0.2600 val_AP=0.4760, saved
Epoch 114/1000 [4.2s mem=10940MB] | train_loss=0.2533 train_AP=0.4821 | val_loss=0.2614 val_AP=0.4715
Epoch 115/1000 [4.2s mem=10939MB] | train_loss=0.2524 train_AP=0.4823 | val_loss=0.2590 val_AP=0.4761
  -> New best: val_loss=0.2590 val_AP=0.4761, saved
Epoch 116/1000 [4.1s mem=10941MB] | train_loss=0.2522 train_AP=0.4819 | val_loss=0.2611 val_AP=0.4717
Epoch 117/1000 [4.3s mem=10938MB] | train_loss=0.2531 train_AP=0.4823 | val_loss=0.2589 val_AP=0.4781
  -> New best: val_loss=0.2589 val_AP=0.4781, saved
Epoch 118/1000 [4.1s mem=10937MB] | train_loss=0.2518 train_AP=0.4829 | val_loss=0.2627 val_AP=0.4754
Epoch 119/1000 [4.1s mem=10936MB] | train_loss=0.2517 train_AP=0.4829 | val_loss=0.2598 val_AP=0.4787
  -> New best: val_loss=0.2589 val_AP=0.4787, saved
Epoch 120/1000 [4.1s mem=10938MB] | train_loss=0.2526 train_AP=0.4809 | val_loss=0.2618 val_AP=0.4750 | test_AP=0.4582
Epoch 121/1000 [4.3s mem=10937MB] | train_loss=0.2523 train_AP=0.4807 | val_loss=0.2590 val_AP=0.4785
Epoch 122/1000 [4.3s mem=10937MB] | train_loss=0.2515 train_AP=0.4841 | val_loss=0.2617 val_AP=0.4804
  -> New best: val_loss=0.2589 val_AP=0.4804, saved
Epoch 123/1000 [4.3s mem=10939MB] | train_loss=0.2506 train_AP=0.4871 | val_loss=0.2585 val_AP=0.4752
  -> New best: val_loss=0.2585 val_AP=0.4804, saved
Epoch 124/1000 [4.3s mem=10941MB] | train_loss=0.2502 train_AP=0.4861 | val_loss=0.2585 val_AP=0.4821
  -> New best: val_loss=0.2585 val_AP=0.4821, saved
Epoch 125/1000 [4.4s mem=10945MB] | train_loss=0.2504 train_AP=0.4888 | val_loss=0.2593 val_AP=0.4846
  -> New best: val_loss=0.2585 val_AP=0.4846, saved
Epoch 126/1000 [4.3s mem=10936MB] | train_loss=0.2493 train_AP=0.4887 | val_loss=0.2586 val_AP=0.4823
Epoch 127/1000 [4.3s mem=10937MB] | train_loss=0.2504 train_AP=0.4874 | val_loss=0.2603 val_AP=0.4829
Epoch 128/1000 [4.3s mem=10942MB] | train_loss=0.2497 train_AP=0.4891 | val_loss=0.2549 val_AP=0.4851
  -> New best: val_loss=0.2549 val_AP=0.4851, saved
Epoch 129/1000 [4.3s mem=10937MB] | train_loss=0.2498 train_AP=0.4913 | val_loss=0.2571 val_AP=0.4850
Epoch 130/1000 [4.3s mem=10939MB] | train_loss=0.2495 train_AP=0.4937 | val_loss=0.2583 val_AP=0.4799 | test_AP=0.4653
Epoch 131/1000 [4.4s mem=10939MB] | train_loss=0.2492 train_AP=0.4906 | val_loss=0.2549 val_AP=0.4885
  -> New best: val_loss=0.2549 val_AP=0.4885, saved
Epoch 132/1000 [4.3s mem=10940MB] | train_loss=0.2485 train_AP=0.4939 | val_loss=0.2565 val_AP=0.4867
Epoch 133/1000 [4.3s mem=10942MB] | train_loss=0.2480 train_AP=0.4925 | val_loss=0.2593 val_AP=0.4788
Epoch 134/1000 [4.3s mem=10939MB] | train_loss=0.2498 train_AP=0.4894 | val_loss=0.2552 val_AP=0.4863
Epoch 135/1000 [4.3s mem=10944MB] | train_loss=0.2470 train_AP=0.4965 | val_loss=0.2546 val_AP=0.4871
  -> New best: val_loss=0.2546 val_AP=0.4885, saved
Epoch 136/1000 [4.3s mem=10939MB] | train_loss=0.2470 train_AP=0.4975 | val_loss=0.2533 val_AP=0.4888
  -> New best: val_loss=0.2533 val_AP=0.4888, saved
Epoch 137/1000 [4.3s mem=10941MB] | train_loss=0.2470 train_AP=0.4959 | val_loss=0.2535 val_AP=0.4881
Epoch 138/1000 [4.3s mem=10934MB] | train_loss=0.2455 train_AP=0.5016 | val_loss=0.2575 val_AP=0.4866
Epoch 139/1000 [4.3s mem=10937MB] | train_loss=0.2463 train_AP=0.4975 | val_loss=0.2571 val_AP=0.4892
  -> New best: val_loss=0.2533 val_AP=0.4892, saved
Epoch 140/1000 [4.3s mem=10940MB] | train_loss=0.2465 train_AP=0.4961 | val_loss=0.2537 val_AP=0.4928 | test_AP=0.4740
  -> New best: val_loss=0.2533 val_AP=0.4928, saved
Epoch 141/1000 [4.3s mem=10936MB] | train_loss=0.2452 train_AP=0.5016 | val_loss=0.2553 val_AP=0.4849
Epoch 142/1000 [4.4s mem=10944MB] | train_loss=0.2451 train_AP=0.5036 | val_loss=0.2525 val_AP=0.4892
  -> New best: val_loss=0.2525 val_AP=0.4928, saved
Epoch 143/1000 [4.3s mem=10940MB] | train_loss=0.2448 train_AP=0.5027 | val_loss=0.2558 val_AP=0.4917
Epoch 144/1000 [4.3s mem=10940MB] | train_loss=0.2439 train_AP=0.5029 | val_loss=0.2545 val_AP=0.4897
Epoch 145/1000 [4.3s mem=10932MB] | train_loss=0.2440 train_AP=0.5035 | val_loss=0.2509 val_AP=0.4938
  -> New best: val_loss=0.2509 val_AP=0.4938, saved
Epoch 146/1000 [4.3s mem=10941MB] | train_loss=0.2441 train_AP=0.5049 | val_loss=0.2530 val_AP=0.4917
Epoch 147/1000 [4.3s mem=10935MB] | train_loss=0.2425 train_AP=0.5102 | val_loss=0.2515 val_AP=0.4932
Epoch 148/1000 [4.2s mem=10939MB] | train_loss=0.2429 train_AP=0.5060 | val_loss=0.2510 val_AP=0.4932
Epoch 149/1000 [4.3s mem=10935MB] | train_loss=0.2432 train_AP=0.5082 | val_loss=0.2516 val_AP=0.4941
  -> New best: val_loss=0.2509 val_AP=0.4941, saved
Epoch 150/1000 [4.3s mem=10939MB] | train_loss=0.2428 train_AP=0.5089 | val_loss=0.2490 val_AP=0.5020 | test_AP=0.4828
  -> New best: val_loss=0.2490 val_AP=0.5020, saved
Epoch 151/1000 [4.3s mem=10941MB] | train_loss=0.2417 train_AP=0.5080 | val_loss=0.2488 val_AP=0.4982
  -> New best: val_loss=0.2488 val_AP=0.5020, saved
Epoch 152/1000 [4.3s mem=10941MB] | train_loss=0.2410 train_AP=0.5107 | val_loss=0.2505 val_AP=0.5012
Epoch 153/1000 [4.3s mem=10941MB] | train_loss=0.2410 train_AP=0.5115 | val_loss=0.2489 val_AP=0.4980
Epoch 154/1000 [4.3s mem=10936MB] | train_loss=0.2410 train_AP=0.5123 | val_loss=0.2480 val_AP=0.5032
  -> New best: val_loss=0.2480 val_AP=0.5032, saved
Epoch 155/1000 [4.4s mem=10936MB] | train_loss=0.2400 train_AP=0.5155 | val_loss=0.2490 val_AP=0.4985
Epoch 156/1000 [4.3s mem=10942MB] | train_loss=0.2391 train_AP=0.5150 | val_loss=0.2465 val_AP=0.5068
  -> New best: val_loss=0.2465 val_AP=0.5068, saved
Epoch 157/1000 [4.3s mem=10936MB] | train_loss=0.2395 train_AP=0.5159 | val_loss=0.2474 val_AP=0.5027
Epoch 158/1000 [4.3s mem=10941MB] | train_loss=0.2382 train_AP=0.5188 | val_loss=0.2472 val_AP=0.5083
  -> New best: val_loss=0.2465 val_AP=0.5083, saved
Epoch 159/1000 [4.3s mem=10937MB] | train_loss=0.2379 train_AP=0.5209 | val_loss=0.2450 val_AP=0.5091
  -> New best: val_loss=0.2450 val_AP=0.5091, saved
Epoch 160/1000 [4.3s mem=10940MB] | train_loss=0.2375 train_AP=0.5224 | val_loss=0.2462 val_AP=0.5112 | test_AP=0.4914
  -> New best: val_loss=0.2450 val_AP=0.5112, saved
Epoch 161/1000 [4.3s mem=10935MB] | train_loss=0.2380 train_AP=0.5210 | val_loss=0.2431 val_AP=0.5159
  -> New best: val_loss=0.2431 val_AP=0.5159, saved
Epoch 162/1000 [4.3s mem=10942MB] | train_loss=0.2363 train_AP=0.5252 | val_loss=0.2414 val_AP=0.5119
  -> New best: val_loss=0.2414 val_AP=0.5159, saved
Epoch 163/1000 [4.4s mem=10943MB] | train_loss=0.2354 train_AP=0.5259 | val_loss=0.2424 val_AP=0.5140
Epoch 164/1000 [4.7s mem=10943MB] | train_loss=0.2362 train_AP=0.5227 | val_loss=0.2412 val_AP=0.5153
  -> New best: val_loss=0.2412 val_AP=0.5159, saved
Epoch 165/1000 [6.2s mem=10944MB] | train_loss=0.2354 train_AP=0.5291 | val_loss=0.2414 val_AP=0.5162
  -> New best: val_loss=0.2412 val_AP=0.5162, saved
Epoch 166/1000 [6.0s mem=10943MB] | train_loss=0.2363 train_AP=0.5245 | val_loss=0.2458 val_AP=0.5144
Epoch 167/1000 [5.9s mem=10932MB] | train_loss=0.2357 train_AP=0.5278 | val_loss=0.2406 val_AP=0.5170
  -> New best: val_loss=0.2406 val_AP=0.5170, saved
Epoch 168/1000 [6.0s mem=10943MB] | train_loss=0.2355 train_AP=0.5281 | val_loss=0.2393 val_AP=0.5224
  -> New best: val_loss=0.2393 val_AP=0.5224, saved
Epoch 169/1000 [5.9s mem=10937MB] | train_loss=0.2358 train_AP=0.5263 | val_loss=0.2431 val_AP=0.5136
Epoch 170/1000 [6.0s mem=10941MB] | train_loss=0.2350 train_AP=0.5279 | val_loss=0.2420 val_AP=0.5218 | test_AP=0.5012
Epoch 171/1000 [5.9s mem=10941MB] | train_loss=0.2350 train_AP=0.5296 | val_loss=0.2410 val_AP=0.5175
Epoch 172/1000 [5.9s mem=10931MB] | train_loss=0.2335 train_AP=0.5322 | val_loss=0.2406 val_AP=0.5208
Epoch 173/1000 [5.8s mem=10939MB] | train_loss=0.2330 train_AP=0.5326 | val_loss=0.2389 val_AP=0.5236
  -> New best: val_loss=0.2389 val_AP=0.5236, saved
Epoch 174/1000 [5.8s mem=10938MB] | train_loss=0.2327 train_AP=0.5354 | val_loss=0.2409 val_AP=0.5190
Epoch 175/1000 [5.8s mem=10939MB] | train_loss=0.2325 train_AP=0.5354 | val_loss=0.2376 val_AP=0.5251
  -> New best: val_loss=0.2376 val_AP=0.5251, saved
Epoch 176/1000 [5.8s mem=10939MB] | train_loss=0.2336 train_AP=0.5336 | val_loss=0.2391 val_AP=0.5246
Epoch 177/1000 [5.8s mem=10942MB] | train_loss=0.2326 train_AP=0.5350 | val_loss=0.2401 val_AP=0.5250
Epoch 178/1000 [5.8s mem=10937MB] | train_loss=0.2322 train_AP=0.5396 | val_loss=0.2382 val_AP=0.5252
  -> New best: val_loss=0.2376 val_AP=0.5252, saved
Epoch 179/1000 [5.8s mem=10946MB] | train_loss=0.2314 train_AP=0.5384 | val_loss=0.2378 val_AP=0.5283
  -> New best: val_loss=0.2376 val_AP=0.5283, saved
Epoch 180/1000 [5.8s mem=10934MB] | train_loss=0.2310 train_AP=0.5394 | val_loss=0.2421 val_AP=0.5252 | test_AP=0.5052
Epoch 181/1000 [5.8s mem=10936MB] | train_loss=0.2319 train_AP=0.5351 | val_loss=0.2402 val_AP=0.5252
Epoch 182/1000 [5.8s mem=10942MB] | train_loss=0.2305 train_AP=0.5413 | val_loss=0.2379 val_AP=0.5326
  -> New best: val_loss=0.2376 val_AP=0.5326, saved
Epoch 183/1000 [5.8s mem=10943MB] | train_loss=0.2299 train_AP=0.5421 | val_loss=0.2386 val_AP=0.5252
Epoch 184/1000 [5.8s mem=10943MB] | train_loss=0.2296 train_AP=0.5405 | val_loss=0.2388 val_AP=0.5272
Epoch 185/1000 [5.8s mem=10943MB] | train_loss=0.2299 train_AP=0.5436 | val_loss=0.2363 val_AP=0.5307
  -> New best: val_loss=0.2363 val_AP=0.5326, saved
Epoch 186/1000 [5.8s mem=10904MB] | train_loss=0.2302 train_AP=0.5401 | val_loss=0.2392 val_AP=0.5276
Epoch 187/1000 [5.8s mem=10936MB] | train_loss=0.2293 train_AP=0.5469 | val_loss=0.2388 val_AP=0.5264
Epoch 188/1000 [5.8s mem=10937MB] | train_loss=0.2297 train_AP=0.5437 | val_loss=0.2395 val_AP=0.5320
Epoch 189/1000 [5.9s mem=10941MB] | train_loss=0.2286 train_AP=0.5444 | val_loss=0.2354 val_AP=0.5326
  -> New best: val_loss=0.2354 val_AP=0.5326, saved
Epoch 190/1000 [5.8s mem=10942MB] | train_loss=0.2291 train_AP=0.5469 | val_loss=0.2362 val_AP=0.5344 | test_AP=0.5130
  -> New best: val_loss=0.2354 val_AP=0.5344, saved
Epoch 191/1000 [5.9s mem=10936MB] | train_loss=0.2276 train_AP=0.5492 | val_loss=0.2391 val_AP=0.5330
Epoch 192/1000 [6.0s mem=10944MB] | train_loss=0.2292 train_AP=0.5471 | val_loss=0.2353 val_AP=0.5322
  -> New best: val_loss=0.2353 val_AP=0.5344, saved
Epoch 193/1000 [5.9s mem=10945MB] | train_loss=0.2272 train_AP=0.5510 | val_loss=0.2375 val_AP=0.5357
  -> New best: val_loss=0.2353 val_AP=0.5357, saved
Epoch 194/1000 [5.8s mem=10941MB] | train_loss=0.2274 train_AP=0.5495 | val_loss=0.2359 val_AP=0.5369
  -> New best: val_loss=0.2353 val_AP=0.5369, saved
Epoch 195/1000 [5.9s mem=10944MB] | train_loss=0.2275 train_AP=0.5491 | val_loss=0.2371 val_AP=0.5387
  -> New best: val_loss=0.2353 val_AP=0.5387, saved
Epoch 196/1000 [5.8s mem=10944MB] | train_loss=0.2271 train_AP=0.5508 | val_loss=0.2358 val_AP=0.5382
Epoch 197/1000 [5.8s mem=10937MB] | train_loss=0.2260 train_AP=0.5522 | val_loss=0.2380 val_AP=0.5337
Epoch 198/1000 [5.8s mem=10938MB] | train_loss=0.2269 train_AP=0.5533 | val_loss=0.2350 val_AP=0.5367
  -> New best: val_loss=0.2350 val_AP=0.5387, saved
Epoch 199/1000 [5.8s mem=10942MB] | train_loss=0.2257 train_AP=0.5550 | val_loss=0.2375 val_AP=0.5342
Epoch 200/1000 [5.8s mem=10936MB] | train_loss=0.2257 train_AP=0.5562 | val_loss=0.2342 val_AP=0.5382 | test_AP=0.5156
  -> New best: val_loss=0.2342 val_AP=0.5387, saved
Epoch 201/1000 [5.8s mem=10940MB] | train_loss=0.2263 train_AP=0.5530 | val_loss=0.2330 val_AP=0.5397
  -> New best: val_loss=0.2330 val_AP=0.5397, saved
Epoch 202/1000 [5.8s mem=10941MB] | train_loss=0.2254 train_AP=0.5561 | val_loss=0.2362 val_AP=0.5432
  -> New best: val_loss=0.2330 val_AP=0.5432, saved
Epoch 203/1000 [5.8s mem=10937MB] | train_loss=0.2259 train_AP=0.5530 | val_loss=0.2371 val_AP=0.5419
Epoch 204/1000 [5.8s mem=10942MB] | train_loss=0.2256 train_AP=0.5543 | val_loss=0.2341 val_AP=0.5441
  -> New best: val_loss=0.2330 val_AP=0.5441, saved
Epoch 205/1000 [5.9s mem=10938MB] | train_loss=0.2246 train_AP=0.5581 | val_loss=0.2336 val_AP=0.5375
Epoch 206/1000 [5.9s mem=10940MB] | train_loss=0.2247 train_AP=0.5611 | val_loss=0.2328 val_AP=0.5414
  -> New best: val_loss=0.2328 val_AP=0.5441, saved
Epoch 207/1000 [5.8s mem=10940MB] | train_loss=0.2240 train_AP=0.5612 | val_loss=0.2339 val_AP=0.5454
  -> New best: val_loss=0.2328 val_AP=0.5454, saved
Epoch 208/1000 [5.8s mem=10943MB] | train_loss=0.2234 train_AP=0.5620 | val_loss=0.2341 val_AP=0.5430
Epoch 209/1000 [5.8s mem=10902MB] | train_loss=0.2241 train_AP=0.5591 | val_loss=0.2347 val_AP=0.5419
Epoch 210/1000 [5.8s mem=10942MB] | train_loss=0.2231 train_AP=0.5615 | val_loss=0.2370 val_AP=0.5459 | test_AP=0.5202
  -> New best: val_loss=0.2328 val_AP=0.5459, saved
Epoch 211/1000 [5.8s mem=10932MB] | train_loss=0.2242 train_AP=0.5624 | val_loss=0.2377 val_AP=0.5455
Epoch 212/1000 [5.8s mem=10937MB] | train_loss=0.2230 train_AP=0.5638 | val_loss=0.2348 val_AP=0.5440
Epoch 213/1000 [5.8s mem=10936MB] | train_loss=0.2226 train_AP=0.5664 | val_loss=0.2319 val_AP=0.5476
  -> New best: val_loss=0.2319 val_AP=0.5476, saved
Epoch 214/1000 [5.8s mem=10939MB] | train_loss=0.2241 train_AP=0.5618 | val_loss=0.2351 val_AP=0.5392
Epoch 215/1000 [5.8s mem=10937MB] | train_loss=0.2221 train_AP=0.5631 | val_loss=0.2340 val_AP=0.5423
Epoch 216/1000 [5.8s mem=10940MB] | train_loss=0.2218 train_AP=0.5669 | val_loss=0.2324 val_AP=0.5480
  -> New best: val_loss=0.2319 val_AP=0.5480, saved
Epoch 217/1000 [5.8s mem=10945MB] | train_loss=0.2220 train_AP=0.5651 | val_loss=0.2340 val_AP=0.5462
Epoch 218/1000 [5.8s mem=10937MB] | train_loss=0.2216 train_AP=0.5685 | val_loss=0.2337 val_AP=0.5449
Epoch 219/1000 [5.8s mem=10940MB] | train_loss=0.2216 train_AP=0.5668 | val_loss=0.2312 val_AP=0.5472
  -> New best: val_loss=0.2312 val_AP=0.5480, saved
Epoch 220/1000 [5.8s mem=10943MB] | train_loss=0.2206 train_AP=0.5698 | val_loss=0.2330 val_AP=0.5466 | test_AP=0.5247
Epoch 221/1000 [5.8s mem=10943MB] | train_loss=0.2212 train_AP=0.5710 | val_loss=0.2337 val_AP=0.5495
  -> New best: val_loss=0.2312 val_AP=0.5495, saved
Epoch 222/1000 [5.7s mem=10937MB] | train_loss=0.2198 train_AP=0.5702 | val_loss=0.2318 val_AP=0.5486
Epoch 223/1000 [5.8s mem=10938MB] | train_loss=0.2197 train_AP=0.5732 | val_loss=0.2323 val_AP=0.5467
Epoch 224/1000 [5.8s mem=10940MB] | train_loss=0.2204 train_AP=0.5723 | val_loss=0.2324 val_AP=0.5485
Epoch 225/1000 [5.8s mem=10942MB] | train_loss=0.2192 train_AP=0.5734 | val_loss=0.2309 val_AP=0.5526
  -> New best: val_loss=0.2309 val_AP=0.5526, saved
Epoch 226/1000 [5.8s mem=10937MB] | train_loss=0.2198 train_AP=0.5750 | val_loss=0.2309 val_AP=0.5501
Epoch 227/1000 [5.8s mem=10941MB] | train_loss=0.2192 train_AP=0.5765 | val_loss=0.2315 val_AP=0.5529
  -> New best: val_loss=0.2309 val_AP=0.5529, saved
Epoch 228/1000 [5.7s mem=10942MB] | train_loss=0.2195 train_AP=0.5761 | val_loss=0.2332 val_AP=0.5525
Epoch 229/1000 [5.8s mem=10937MB] | train_loss=0.2189 train_AP=0.5769 | val_loss=0.2334 val_AP=0.5452
Epoch 230/1000 [5.8s mem=10938MB] | train_loss=0.2186 train_AP=0.5786 | val_loss=0.2313 val_AP=0.5503 | test_AP=0.5270
Epoch 231/1000 [5.8s mem=10934MB] | train_loss=0.2193 train_AP=0.5760 | val_loss=0.2341 val_AP=0.5479
Epoch 232/1000 [5.8s mem=10943MB] | train_loss=0.2176 train_AP=0.5773 | val_loss=0.2319 val_AP=0.5517
Epoch 233/1000 [5.8s mem=10939MB] | train_loss=0.2178 train_AP=0.5777 | val_loss=0.2311 val_AP=0.5514
Epoch 234/1000 [5.8s mem=10941MB] | train_loss=0.2178 train_AP=0.5797 | val_loss=0.2309 val_AP=0.5523
Epoch 235/1000 [5.8s mem=10944MB] | train_loss=0.2173 train_AP=0.5795 | val_loss=0.2320 val_AP=0.5520
Epoch 236/1000 [5.2s mem=10935MB] | train_loss=0.2173 train_AP=0.5814 | val_loss=0.2319 val_AP=0.5536
  -> New best: val_loss=0.2309 val_AP=0.5536, saved
Epoch 237/1000 [5.1s mem=10939MB] | train_loss=0.2168 train_AP=0.5826 | val_loss=0.2290 val_AP=0.5560
  -> New best: val_loss=0.2290 val_AP=0.5560, saved
Epoch 238/1000 [5.0s mem=10942MB] | train_loss=0.2166 train_AP=0.5818 | val_loss=0.2320 val_AP=0.5532
Epoch 239/1000 [5.0s mem=10945MB] | train_loss=0.2169 train_AP=0.5811 | val_loss=0.2303 val_AP=0.5540
Epoch 240/1000 [5.1s mem=10933MB] | train_loss=0.2162 train_AP=0.5851 | val_loss=0.2295 val_AP=0.5541 | test_AP=0.5331
Epoch 241/1000 [5.0s mem=10937MB] | train_loss=0.2163 train_AP=0.5843 | val_loss=0.2324 val_AP=0.5552
Epoch 242/1000 [5.2s mem=10937MB] | train_loss=0.2155 train_AP=0.5845 | val_loss=0.2297 val_AP=0.5574
  -> New best: val_loss=0.2290 val_AP=0.5574, saved
Epoch 243/1000 [5.2s mem=10943MB] | train_loss=0.2161 train_AP=0.5861 | val_loss=0.2306 val_AP=0.5556
Epoch 244/1000 [5.2s mem=10939MB] | train_loss=0.2151 train_AP=0.5857 | val_loss=0.2318 val_AP=0.5514
Epoch 245/1000 [6.0s mem=10938MB] | train_loss=0.2157 train_AP=0.5877 | val_loss=0.2294 val_AP=0.5553
Epoch 246/1000 [6.1s mem=10940MB] | train_loss=0.2153 train_AP=0.5848 | val_loss=0.2297 val_AP=0.5578
  -> New best: val_loss=0.2290 val_AP=0.5578, saved
Epoch 247/1000 [5.9s mem=10936MB] | train_loss=0.2151 train_AP=0.5882 | val_loss=0.2334 val_AP=0.5543
Epoch 248/1000 [5.9s mem=10944MB] | train_loss=0.2145 train_AP=0.5873 | val_loss=0.2281 val_AP=0.5569
  -> New best: val_loss=0.2281 val_AP=0.5578, saved
Epoch 249/1000 [5.8s mem=10941MB] | train_loss=0.2144 train_AP=0.5892 | val_loss=0.2315 val_AP=0.5563
Epoch 250/1000 [5.8s mem=10937MB] | train_loss=0.2143 train_AP=0.5909 | val_loss=0.2301 val_AP=0.5596 | test_AP=0.5343
  -> New best: val_loss=0.2281 val_AP=0.5596, saved
Epoch 251/1000 [5.9s mem=10942MB] | train_loss=0.2139 train_AP=0.5908 | val_loss=0.2318 val_AP=0.5574
Epoch 252/1000 [5.8s mem=10941MB] | train_loss=0.2138 train_AP=0.5903 | val_loss=0.2289 val_AP=0.5597
  -> New best: val_loss=0.2281 val_AP=0.5597, saved
Epoch 253/1000 [5.8s mem=10942MB] | train_loss=0.2139 train_AP=0.5909 | val_loss=0.2283 val_AP=0.5620
  -> New best: val_loss=0.2281 val_AP=0.5620, saved
Epoch 254/1000 [5.9s mem=10937MB] | train_loss=0.2144 train_AP=0.5907 | val_loss=0.2289 val_AP=0.5577
Epoch 255/1000 [5.8s mem=10936MB] | train_loss=0.2133 train_AP=0.5936 | val_loss=0.2302 val_AP=0.5603
Epoch 256/1000 [5.8s mem=10937MB] | train_loss=0.2129 train_AP=0.5959 | val_loss=0.2297 val_AP=0.5577
Epoch 257/1000 [5.8s mem=10937MB] | train_loss=0.2128 train_AP=0.5948 | val_loss=0.2321 val_AP=0.5548
Epoch 258/1000 [5.8s mem=10934MB] | train_loss=0.2129 train_AP=0.5944 | val_loss=0.2310 val_AP=0.5559
Epoch 259/1000 [5.9s mem=10933MB] | train_loss=0.2132 train_AP=0.5931 | val_loss=0.2313 val_AP=0.5549
Epoch 260/1000 [5.8s mem=10939MB] | train_loss=0.2128 train_AP=0.5953 | val_loss=0.2295 val_AP=0.5570 | test_AP=0.5369
Epoch 261/1000 [5.8s mem=10935MB] | train_loss=0.2113 train_AP=0.5980 | val_loss=0.2294 val_AP=0.5619
Epoch 262/1000 [5.8s mem=10942MB] | train_loss=0.2126 train_AP=0.5951 | val_loss=0.2280 val_AP=0.5611
  -> New best: val_loss=0.2280 val_AP=0.5620, saved
Epoch 263/1000 [5.8s mem=10939MB] | train_loss=0.2123 train_AP=0.5965 | val_loss=0.2310 val_AP=0.5605
Epoch 264/1000 [5.8s mem=10937MB] | train_loss=0.2118 train_AP=0.5980 | val_loss=0.2284 val_AP=0.5623
  -> New best: val_loss=0.2280 val_AP=0.5623, saved
Epoch 265/1000 [5.8s mem=10941MB] | train_loss=0.2112 train_AP=0.5984 | val_loss=0.2296 val_AP=0.5630
  -> New best: val_loss=0.2280 val_AP=0.5630, saved
Epoch 266/1000 [5.9s mem=10939MB] | train_loss=0.2115 train_AP=0.5977 | val_loss=0.2285 val_AP=0.5607
Epoch 267/1000 [5.9s mem=10933MB] | train_loss=0.2114 train_AP=0.5985 | val_loss=0.2302 val_AP=0.5617
Epoch 268/1000 [6.0s mem=10938MB] | train_loss=0.2115 train_AP=0.5975 | val_loss=0.2295 val_AP=0.5608
Epoch 269/1000 [5.9s mem=10935MB] | train_loss=0.2103 train_AP=0.6014 | val_loss=0.2322 val_AP=0.5589
Epoch 270/1000 [5.8s mem=10938MB] | train_loss=0.2108 train_AP=0.5991 | val_loss=0.2298 val_AP=0.5621 | test_AP=0.5385
Epoch 271/1000 [5.8s mem=10909MB] | train_loss=0.2107 train_AP=0.6006 | val_loss=0.2300 val_AP=0.5635
  -> New best: val_loss=0.2280 val_AP=0.5635, saved
Epoch 272/1000 [5.8s mem=10942MB] | train_loss=0.2104 train_AP=0.6044 | val_loss=0.2293 val_AP=0.5579
Epoch 273/1000 [5.8s mem=10943MB] | train_loss=0.2104 train_AP=0.6021 | val_loss=0.2316 val_AP=0.5591
Epoch 274/1000 [5.8s mem=10939MB] | train_loss=0.2097 train_AP=0.6023 | val_loss=0.2308 val_AP=0.5614
Epoch 275/1000 [5.8s mem=10936MB] | train_loss=0.2114 train_AP=0.6015 | val_loss=0.2278 val_AP=0.5636
  -> New best: val_loss=0.2278 val_AP=0.5636, saved
Epoch 276/1000 [5.8s mem=10936MB] | train_loss=0.2096 train_AP=0.6063 | val_loss=0.2287 val_AP=0.5612
Epoch 277/1000 [5.8s mem=10935MB] | train_loss=0.2085 train_AP=0.6054 | val_loss=0.2275 val_AP=0.5655
  -> New best: val_loss=0.2275 val_AP=0.5655, saved
Epoch 278/1000 [5.9s mem=10932MB] | train_loss=0.2082 train_AP=0.6099 | val_loss=0.2273 val_AP=0.5650
  -> New best: val_loss=0.2273 val_AP=0.5655, saved
Epoch 279/1000 [5.9s mem=10942MB] | train_loss=0.2092 train_AP=0.6062 | val_loss=0.2299 val_AP=0.5623
Epoch 280/1000 [5.8s mem=10930MB] | train_loss=0.2097 train_AP=0.6039 | val_loss=0.2301 val_AP=0.5648 | test_AP=0.5423
Epoch 281/1000 [5.8s mem=10936MB] | train_loss=0.2087 train_AP=0.6059 | val_loss=0.2288 val_AP=0.5652
Epoch 282/1000 [5.8s mem=10935MB] | train_loss=0.2078 train_AP=0.6081 | val_loss=0.2274 val_AP=0.5623
Epoch 283/1000 [5.8s mem=10935MB] | train_loss=0.2077 train_AP=0.6100 | val_loss=0.2293 val_AP=0.5637
Epoch 284/1000 [5.8s mem=10940MB] | train_loss=0.2074 train_AP=0.6118 | val_loss=0.2311 val_AP=0.5616
Epoch 285/1000 [5.8s mem=10937MB] | train_loss=0.2082 train_AP=0.6087 | val_loss=0.2295 val_AP=0.5639
Epoch 286/1000 [5.8s mem=10938MB] | train_loss=0.2079 train_AP=0.6090 | val_loss=0.2282 val_AP=0.5633
Epoch 287/1000 [5.8s mem=10942MB] | train_loss=0.2075 train_AP=0.6108 | val_loss=0.2265 val_AP=0.5665
  -> New best: val_loss=0.2265 val_AP=0.5665, saved
Epoch 288/1000 [5.9s mem=10944MB] | train_loss=0.2079 train_AP=0.6103 | val_loss=0.2299 val_AP=0.5649
Epoch 289/1000 [5.8s mem=10936MB] | train_loss=0.2072 train_AP=0.6115 | val_loss=0.2267 val_AP=0.5656
Epoch 290/1000 [5.9s mem=10909MB] | train_loss=0.2073 train_AP=0.6131 | val_loss=0.2274 val_AP=0.5667 | test_AP=0.5459
  -> New best: val_loss=0.2265 val_AP=0.5667, saved
Epoch 291/1000 [5.9s mem=10937MB] | train_loss=0.2066 train_AP=0.6152 | val_loss=0.2286 val_AP=0.5653
Epoch 292/1000 [5.9s mem=10941MB] | train_loss=0.2067 train_AP=0.6126 | val_loss=0.2285 val_AP=0.5676
  -> New best: val_loss=0.2265 val_AP=0.5676, saved
Epoch 293/1000 [5.8s mem=10937MB] | train_loss=0.2066 train_AP=0.6141 | val_loss=0.2271 val_AP=0.5672
Epoch 294/1000 [5.8s mem=10939MB] | train_loss=0.2055 train_AP=0.6148 | val_loss=0.2270 val_AP=0.5671
Epoch 295/1000 [5.8s mem=10934MB] | train_loss=0.2070 train_AP=0.6143 | val_loss=0.2304 val_AP=0.5654
Epoch 296/1000 [5.8s mem=10937MB] | train_loss=0.2059 train_AP=0.6149 | val_loss=0.2272 val_AP=0.5659
Epoch 297/1000 [5.9s mem=10935MB] | train_loss=0.2062 train_AP=0.6121 | val_loss=0.2274 val_AP=0.5676
  -> New best: val_loss=0.2265 val_AP=0.5676, saved
Epoch 298/1000 [5.8s mem=10935MB] | train_loss=0.2049 train_AP=0.6190 | val_loss=0.2270 val_AP=0.5675
Epoch 299/1000 [5.9s mem=10940MB] | train_loss=0.2048 train_AP=0.6164 | val_loss=0.2296 val_AP=0.5672
Epoch 300/1000 [5.8s mem=10929MB] | train_loss=0.2058 train_AP=0.6164 | val_loss=0.2265 val_AP=0.5710 | test_AP=0.5476
  -> New best: val_loss=0.2265 val_AP=0.5710, saved
Epoch 301/1000 [5.8s mem=10940MB] | train_loss=0.2041 train_AP=0.6181 | val_loss=0.2278 val_AP=0.5682
Epoch 302/1000 [5.9s mem=10936MB] | train_loss=0.2053 train_AP=0.6183 | val_loss=0.2286 val_AP=0.5651
Epoch 303/1000 [5.8s mem=10938MB] | train_loss=0.2056 train_AP=0.6170 | val_loss=0.2285 val_AP=0.5710
Epoch 304/1000 [5.8s mem=10941MB] | train_loss=0.2039 train_AP=0.6209 | val_loss=0.2288 val_AP=0.5689
Epoch 305/1000 [5.8s mem=10938MB] | train_loss=0.2033 train_AP=0.6224 | val_loss=0.2274 val_AP=0.5708
Epoch 306/1000 [5.7s mem=10941MB] | train_loss=0.2035 train_AP=0.6226 | val_loss=0.2274 val_AP=0.5697
Epoch 307/1000 [5.9s mem=10937MB] | train_loss=0.2042 train_AP=0.6201 | val_loss=0.2280 val_AP=0.5695
Epoch 308/1000 [5.9s mem=10938MB] | train_loss=0.2037 train_AP=0.6239 | val_loss=0.2268 val_AP=0.5717
  -> New best: val_loss=0.2265 val_AP=0.5717, saved
Epoch 309/1000 [5.9s mem=10934MB] | train_loss=0.2037 train_AP=0.6200 | val_loss=0.2272 val_AP=0.5746
  -> New best: val_loss=0.2265 val_AP=0.5746, saved
Epoch 310/1000 [5.8s mem=10935MB] | train_loss=0.2034 train_AP=0.6226 | val_loss=0.2278 val_AP=0.5728 | test_AP=0.5506
Epoch 311/1000 [5.8s mem=10939MB] | train_loss=0.2032 train_AP=0.6247 | val_loss=0.2283 val_AP=0.5677
Epoch 312/1000 [5.8s mem=10934MB] | train_loss=0.2029 train_AP=0.6246 | val_loss=0.2273 val_AP=0.5752
  -> New best: val_loss=0.2265 val_AP=0.5752, saved
Epoch 313/1000 [5.8s mem=10937MB] | train_loss=0.2031 train_AP=0.6245 | val_loss=0.2277 val_AP=0.5736
Epoch 314/1000 [5.8s mem=10938MB] | train_loss=0.2035 train_AP=0.6219 | val_loss=0.2265 val_AP=0.5699
  -> New best: val_loss=0.2265 val_AP=0.5752, saved
Epoch 315/1000 [5.5s mem=10942MB] | train_loss=0.2032 train_AP=0.6245 | val_loss=0.2276 val_AP=0.5695
Epoch 316/1000 [5.2s mem=10943MB] | train_loss=0.2025 train_AP=0.6282 | val_loss=0.2284 val_AP=0.5708
Epoch 317/1000 [5.1s mem=10942MB] | train_loss=0.2027 train_AP=0.6262 | val_loss=0.2265 val_AP=0.5751
Epoch 318/1000 [5.1s mem=10943MB] | train_loss=0.2023 train_AP=0.6281 | val_loss=0.2294 val_AP=0.5728
Epoch 319/1000 [5.1s mem=10932MB] | train_loss=0.2009 train_AP=0.6295 | val_loss=0.2280 val_AP=0.5722
Epoch 320/1000 [5.0s mem=10937MB] | train_loss=0.2020 train_AP=0.6274 | val_loss=0.2297 val_AP=0.5684 | test_AP=0.5480
Epoch 321/1000 [5.1s mem=10943MB] | train_loss=0.2020 train_AP=0.6280 | val_loss=0.2283 val_AP=0.5724
Epoch 322/1000 [5.1s mem=10939MB] | train_loss=0.2016 train_AP=0.6285 | val_loss=0.2278 val_AP=0.5737
Epoch 323/1000 [5.0s mem=10939MB] | train_loss=0.2018 train_AP=0.6249 | val_loss=0.2284 val_AP=0.5730
Epoch 324/1000 [5.8s mem=10943MB] | train_loss=0.2006 train_AP=0.6330 | val_loss=0.2289 val_AP=0.5732
Epoch 325/1000 [5.9s mem=10935MB] | train_loss=0.2010 train_AP=0.6301 | val_loss=0.2266 val_AP=0.5754
  -> New best: val_loss=0.2265 val_AP=0.5754, saved
Epoch 326/1000 [5.8s mem=10943MB] | train_loss=0.2009 train_AP=0.6315 | val_loss=0.2283 val_AP=0.5771
  -> New best: val_loss=0.2265 val_AP=0.5771, saved
Epoch 327/1000 [5.8s mem=10942MB] | train_loss=0.2012 train_AP=0.6276 | val_loss=0.2293 val_AP=0.5720
Epoch 328/1000 [5.9s mem=10936MB] | train_loss=0.2000 train_AP=0.6307 | val_loss=0.2296 val_AP=0.5657
Epoch 329/1000 [5.8s mem=10513MB] | train_loss=0.1995 train_AP=0.6332 | val_loss=0.2286 val_AP=0.5795
  -> New best: val_loss=0.2265 val_AP=0.5795, saved
Epoch 330/1000 [5.7s mem=10938MB] | train_loss=0.1998 train_AP=0.6346 | val_loss=0.2270 val_AP=0.5780 | test_AP=0.5549
Epoch 331/1000 [5.8s mem=10936MB] | train_loss=0.1995 train_AP=0.6351 | val_loss=0.2280 val_AP=0.5736
Epoch 332/1000 [5.8s mem=10937MB] | train_loss=0.2005 train_AP=0.6330 | val_loss=0.2267 val_AP=0.5741
Epoch 333/1000 [5.8s mem=10939MB] | train_loss=0.2001 train_AP=0.6342 | val_loss=0.2255 val_AP=0.5737
  -> New best: val_loss=0.2255 val_AP=0.5795, saved
Epoch 334/1000 [5.8s mem=10934MB] | train_loss=0.1996 train_AP=0.6351 | val_loss=0.2277 val_AP=0.5748
Epoch 335/1000 [5.9s mem=10939MB] | train_loss=0.1994 train_AP=0.6353 | val_loss=0.2283 val_AP=0.5764
Epoch 336/1000 [5.9s mem=10936MB] | train_loss=0.1990 train_AP=0.6366 | val_loss=0.2276 val_AP=0.5750
Epoch 337/1000 [5.9s mem=10933MB] | train_loss=0.1992 train_AP=0.6363 | val_loss=0.2283 val_AP=0.5745
Epoch 338/1000 [5.8s mem=10936MB] | train_loss=0.1985 train_AP=0.6382 | val_loss=0.2266 val_AP=0.5766
Epoch 339/1000 [5.8s mem=10935MB] | train_loss=0.1987 train_AP=0.6364 | val_loss=0.2280 val_AP=0.5760
Epoch 340/1000 [5.8s mem=10946MB] | train_loss=0.1987 train_AP=0.6379 | val_loss=0.2268 val_AP=0.5784 | test_AP=0.5571
Epoch 341/1000 [5.8s mem=10943MB] | train_loss=0.1984 train_AP=0.6367 | val_loss=0.2281 val_AP=0.5769
Epoch 342/1000 [5.8s mem=10944MB] | train_loss=0.1984 train_AP=0.6400 | val_loss=0.2286 val_AP=0.5743
Epoch 343/1000 [5.8s mem=10939MB] | train_loss=0.1981 train_AP=0.6394 | val_loss=0.2279 val_AP=0.5782
Epoch 344/1000 [5.9s mem=10909MB] | train_loss=0.1984 train_AP=0.6396 | val_loss=0.2259 val_AP=0.5785
Epoch 345/1000 [5.9s mem=10940MB] | train_loss=0.1983 train_AP=0.6406 | val_loss=0.2286 val_AP=0.5749
Epoch 346/1000 [5.9s mem=10941MB] | train_loss=0.1986 train_AP=0.6392 | val_loss=0.2252 val_AP=0.5784
  -> New best: val_loss=0.2252 val_AP=0.5795, saved
Epoch 347/1000 [5.8s mem=10936MB] | train_loss=0.1978 train_AP=0.6408 | val_loss=0.2271 val_AP=0.5792
Epoch 348/1000 [5.8s mem=10939MB] | train_loss=0.1966 train_AP=0.6404 | val_loss=0.2247 val_AP=0.5828
  -> New best: val_loss=0.2247 val_AP=0.5828, saved
Epoch 349/1000 [5.8s mem=10947MB] | train_loss=0.1973 train_AP=0.6417 | val_loss=0.2276 val_AP=0.5818
Epoch 350/1000 [5.8s mem=10935MB] | train_loss=0.1978 train_AP=0.6384 | val_loss=0.2267 val_AP=0.5822 | test_AP=0.5566
Epoch 351/1000 [5.8s mem=10940MB] | train_loss=0.1966 train_AP=0.6446 | val_loss=0.2269 val_AP=0.5792
Epoch 352/1000 [5.8s mem=10943MB] | train_loss=0.1961 train_AP=0.6425 | val_loss=0.2279 val_AP=0.5805
Epoch 353/1000 [5.8s mem=10944MB] | train_loss=0.1965 train_AP=0.6443 | val_loss=0.2266 val_AP=0.5815
Epoch 354/1000 [5.8s mem=10939MB] | train_loss=0.1962 train_AP=0.6462 | val_loss=0.2281 val_AP=0.5865
  -> New best: val_loss=0.2247 val_AP=0.5865, saved
Epoch 355/1000 [5.8s mem=10935MB] | train_loss=0.1953 train_AP=0.6481 | val_loss=0.2253 val_AP=0.5852
Epoch 356/1000 [5.8s mem=10938MB] | train_loss=0.1950 train_AP=0.6470 | val_loss=0.2275 val_AP=0.5830
Epoch 357/1000 [5.8s mem=10939MB] | train_loss=0.1959 train_AP=0.6468 | val_loss=0.2264 val_AP=0.5819
Epoch 358/1000 [5.8s mem=10938MB] | train_loss=0.1956 train_AP=0.6491 | val_loss=0.2283 val_AP=0.5791
Epoch 359/1000 [5.8s mem=10939MB] | train_loss=0.1958 train_AP=0.6439 | val_loss=0.2261 val_AP=0.5845
Epoch 360/1000 [5.8s mem=10944MB] | train_loss=0.1954 train_AP=0.6465 | val_loss=0.2280 val_AP=0.5812 | test_AP=0.5557
Epoch 361/1000 [5.8s mem=10938MB] | train_loss=0.1950 train_AP=0.6487 | val_loss=0.2313 val_AP=0.5803
Epoch 362/1000 [5.9s mem=10941MB] | train_loss=0.1950 train_AP=0.6474 | val_loss=0.2243 val_AP=0.5846
  -> New best: val_loss=0.2243 val_AP=0.5865, saved
Epoch 363/1000 [5.9s mem=10937MB] | train_loss=0.1943 train_AP=0.6488 | val_loss=0.2269 val_AP=0.5836
Epoch 364/1000 [5.9s mem=10936MB] | train_loss=0.1952 train_AP=0.6504 | val_loss=0.2254 val_AP=0.5868
  -> New best: val_loss=0.2243 val_AP=0.5868, saved
Epoch 365/1000 [5.8s mem=10935MB] | train_loss=0.1945 train_AP=0.6492 | val_loss=0.2258 val_AP=0.5855
Epoch 366/1000 [5.8s mem=10941MB] | train_loss=0.1941 train_AP=0.6502 | val_loss=0.2279 val_AP=0.5815
Epoch 367/1000 [5.8s mem=10905MB] | train_loss=0.1936 train_AP=0.6537 | val_loss=0.2270 val_AP=0.5840
Epoch 368/1000 [5.9s mem=10937MB] | train_loss=0.1947 train_AP=0.6521 | val_loss=0.2249 val_AP=0.5853
Epoch 369/1000 [5.8s mem=10940MB] | train_loss=0.1937 train_AP=0.6506 | val_loss=0.2277 val_AP=0.5800
Epoch 370/1000 [5.8s mem=10938MB] | train_loss=0.1934 train_AP=0.6538 | val_loss=0.2258 val_AP=0.5831 | test_AP=0.5573
Epoch 371/1000 [5.8s mem=10937MB] | train_loss=0.1930 train_AP=0.6527 | val_loss=0.2255 val_AP=0.5847
Epoch 372/1000 [5.8s mem=10940MB] | train_loss=0.1939 train_AP=0.6526 | val_loss=0.2279 val_AP=0.5842
Epoch 373/1000 [5.9s mem=10940MB] | train_loss=0.1940 train_AP=0.6493 | val_loss=0.2254 val_AP=0.5857
Epoch 374/1000 [5.8s mem=10932MB] | train_loss=0.1932 train_AP=0.6535 | val_loss=0.2283 val_AP=0.5866
Epoch 375/1000 [5.8s mem=10938MB] | train_loss=0.1932 train_AP=0.6525 | val_loss=0.2260 val_AP=0.5865
Epoch 376/1000 [5.8s mem=10937MB] | train_loss=0.1924 train_AP=0.6584 | val_loss=0.2303 val_AP=0.5846
Epoch 377/1000 [5.8s mem=10936MB] | train_loss=0.1920 train_AP=0.6563 | val_loss=0.2281 val_AP=0.5872
  -> New best: val_loss=0.2243 val_AP=0.5872, saved
Epoch 378/1000 [5.9s mem=10938MB] | train_loss=0.1930 train_AP=0.6521 | val_loss=0.2275 val_AP=0.5819
Epoch 379/1000 [5.8s mem=10941MB] | train_loss=0.1921 train_AP=0.6560 | val_loss=0.2274 val_AP=0.5855
Epoch 380/1000 [5.8s mem=10936MB] | train_loss=0.1922 train_AP=0.6570 | val_loss=0.2265 val_AP=0.5892 | test_AP=0.5626
  -> New best: val_loss=0.2243 val_AP=0.5892, saved
Epoch 381/1000 [5.9s mem=10938MB] | train_loss=0.1917 train_AP=0.6554 | val_loss=0.2270 val_AP=0.5885
Epoch 382/1000 [5.8s mem=10936MB] | train_loss=0.1926 train_AP=0.6553 | val_loss=0.2274 val_AP=0.5873
Epoch 383/1000 [5.8s mem=10935MB] | train_loss=0.1920 train_AP=0.6582 | val_loss=0.2285 val_AP=0.5877
Epoch 384/1000 [5.8s mem=10944MB] | train_loss=0.1914 train_AP=0.6562 | val_loss=0.2253 val_AP=0.5920
  -> New best: val_loss=0.2243 val_AP=0.5920, saved
Epoch 385/1000 [5.9s mem=10900MB] | train_loss=0.1909 train_AP=0.6593 | val_loss=0.2270 val_AP=0.5858
Epoch 386/1000 [5.8s mem=10906MB] | train_loss=0.1911 train_AP=0.6594 | val_loss=0.2258 val_AP=0.5870
Epoch 387/1000 [5.9s mem=10939MB] | train_loss=0.1915 train_AP=0.6582 | val_loss=0.2277 val_AP=0.5892
Epoch 388/1000 [5.8s mem=10937MB] | train_loss=0.1911 train_AP=0.6587 | val_loss=0.2301 val_AP=0.5841
Epoch 389/1000 [5.8s mem=10937MB] | train_loss=0.1909 train_AP=0.6615 | val_loss=0.2277 val_AP=0.5898
Epoch 390/1000 [5.9s mem=10942MB] | train_loss=0.1897 train_AP=0.6614 | val_loss=0.2287 val_AP=0.5874 | test_AP=0.5607
Epoch 391/1000 [5.8s mem=10938MB] | train_loss=0.1899 train_AP=0.6641 | val_loss=0.2264 val_AP=0.5919
Epoch 392/1000 [5.8s mem=10935MB] | train_loss=0.1905 train_AP=0.6621 | val_loss=0.2254 val_AP=0.5887
Epoch 393/1000 [5.8s mem=10934MB] | train_loss=0.1896 train_AP=0.6628 | val_loss=0.2293 val_AP=0.5855
Epoch 394/1000 [5.8s mem=10939MB] | train_loss=0.1901 train_AP=0.6633 | val_loss=0.2268 val_AP=0.5861
Epoch 395/1000 [5.5s mem=10939MB] | train_loss=0.1899 train_AP=0.6614 | val_loss=0.2267 val_AP=0.5923
  -> New best: val_loss=0.2243 val_AP=0.5923, saved
Epoch 396/1000 [5.1s mem=10938MB] | train_loss=0.1897 train_AP=0.6620 | val_loss=0.2279 val_AP=0.5868
Epoch 397/1000 [5.1s mem=10938MB] | train_loss=0.1897 train_AP=0.6639 | val_loss=0.2280 val_AP=0.5897
Epoch 398/1000 [5.2s mem=10932MB] | train_loss=0.1894 train_AP=0.6659 | val_loss=0.2279 val_AP=0.5899
Epoch 399/1000 [5.2s mem=10939MB] | train_loss=0.1901 train_AP=0.6631 | val_loss=0.2259 val_AP=0.5895
Epoch 400/1000 [5.2s mem=10942MB] | train_loss=0.1896 train_AP=0.6621 | val_loss=0.2260 val_AP=0.5910 | test_AP=0.5671
Epoch 401/1000 [5.2s mem=10934MB] | train_loss=0.1890 train_AP=0.6669 | val_loss=0.2249 val_AP=0.5933
  -> New best: val_loss=0.2243 val_AP=0.5933, saved
Epoch 402/1000 [5.1s mem=10937MB] | train_loss=0.1890 train_AP=0.6683 | val_loss=0.2264 val_AP=0.5919
Epoch 403/1000 [5.2s mem=10938MB] | train_loss=0.1893 train_AP=0.6643 | val_loss=0.2269 val_AP=0.5915
Epoch 404/1000 [5.8s mem=10937MB] | train_loss=0.1888 train_AP=0.6678 | val_loss=0.2268 val_AP=0.5924
Epoch 405/1000 [5.9s mem=10938MB] | train_loss=0.1883 train_AP=0.6652 | val_loss=0.2252 val_AP=0.5951
  -> New best: val_loss=0.2243 val_AP=0.5951, saved
Epoch 406/1000 [5.9s mem=10939MB] | train_loss=0.1881 train_AP=0.6675 | val_loss=0.2253 val_AP=0.5921
Epoch 407/1000 [5.9s mem=10940MB] | train_loss=0.1878 train_AP=0.6689 | val_loss=0.2267 val_AP=0.5930
Epoch 408/1000 [5.9s mem=10935MB] | train_loss=0.1880 train_AP=0.6701 | val_loss=0.2281 val_AP=0.5894
Epoch 409/1000 [5.8s mem=10937MB] | train_loss=0.1884 train_AP=0.6668 | val_loss=0.2269 val_AP=0.5950
Epoch 410/1000 [5.8s mem=10937MB] | train_loss=0.1878 train_AP=0.6685 | val_loss=0.2256 val_AP=0.5924 | test_AP=0.5661
Epoch 411/1000 [5.8s mem=10941MB] | train_loss=0.1870 train_AP=0.6716 | val_loss=0.2286 val_AP=0.5911
Epoch 412/1000 [5.9s mem=10940MB] | train_loss=0.1874 train_AP=0.6702 | val_loss=0.2255 val_AP=0.5955
  -> New best: val_loss=0.2243 val_AP=0.5955, saved
Epoch 413/1000 [5.8s mem=10937MB] | train_loss=0.1878 train_AP=0.6709 | val_loss=0.2248 val_AP=0.5911
Epoch 414/1000 [5.8s mem=10937MB] | train_loss=0.1875 train_AP=0.6692 | val_loss=0.2287 val_AP=0.5931
Epoch 415/1000 [5.8s mem=10937MB] | train_loss=0.1872 train_AP=0.6677 | val_loss=0.2253 val_AP=0.5926
Epoch 416/1000 [5.8s mem=10931MB] | train_loss=0.1863 train_AP=0.6739 | val_loss=0.2281 val_AP=0.5934
Epoch 417/1000 [5.8s mem=10935MB] | train_loss=0.1871 train_AP=0.6734 | val_loss=0.2277 val_AP=0.5943
Epoch 418/1000 [5.8s mem=10943MB] | train_loss=0.1861 train_AP=0.6745 | val_loss=0.2258 val_AP=0.5931
Epoch 419/1000 [5.8s mem=10938MB] | train_loss=0.1867 train_AP=0.6737 | val_loss=0.2268 val_AP=0.5904
Epoch 420/1000 [5.7s mem=10938MB] | train_loss=0.1871 train_AP=0.6722 | val_loss=0.2272 val_AP=0.5911 | test_AP=0.5667
Epoch 421/1000 [5.8s mem=10938MB] | train_loss=0.1864 train_AP=0.6731 | val_loss=0.2274 val_AP=0.5932
Epoch 422/1000 [5.8s mem=10937MB] | train_loss=0.1859 train_AP=0.6746 | val_loss=0.2277 val_AP=0.5903
Epoch 423/1000 [5.8s mem=10942MB] | train_loss=0.1860 train_AP=0.6751 | val_loss=0.2260 val_AP=0.5939
Epoch 424/1000 [5.8s mem=10934MB] | train_loss=0.1860 train_AP=0.6792 | val_loss=0.2268 val_AP=0.5966
  -> New best: val_loss=0.2243 val_AP=0.5966, saved
Epoch 425/1000 [5.9s mem=10939MB] | train_loss=0.1854 train_AP=0.6770 | val_loss=0.2270 val_AP=0.5937
Epoch 426/1000 [5.9s mem=10940MB] | train_loss=0.1856 train_AP=0.6750 | val_loss=0.2309 val_AP=0.5926
Epoch 427/1000 [5.8s mem=10944MB] | train_loss=0.1853 train_AP=0.6773 | val_loss=0.2250 val_AP=0.5939
Epoch 428/1000 [5.8s mem=10937MB] | train_loss=0.1850 train_AP=0.6764 | val_loss=0.2284 val_AP=0.5909
Epoch 429/1000 [5.8s mem=10932MB] | train_loss=0.1850 train_AP=0.6778 | val_loss=0.2255 val_AP=0.5980
  -> New best: val_loss=0.2243 val_AP=0.5980, saved
Epoch 430/1000 [5.9s mem=10938MB] | train_loss=0.1852 train_AP=0.6781 | val_loss=0.2275 val_AP=0.5960 | test_AP=0.5694
Epoch 431/1000 [5.7s mem=10941MB] | train_loss=0.1847 train_AP=0.6755 | val_loss=0.2249 val_AP=0.5953
Epoch 432/1000 [5.8s mem=10934MB] | train_loss=0.1844 train_AP=0.6791 | val_loss=0.2290 val_AP=0.5925
Epoch 433/1000 [5.8s mem=10935MB] | train_loss=0.1844 train_AP=0.6808 | val_loss=0.2248 val_AP=0.5962
Epoch 434/1000 [5.8s mem=10939MB] | train_loss=0.1844 train_AP=0.6776 | val_loss=0.2265 val_AP=0.5963
Epoch 435/1000 [5.8s mem=10940MB] | train_loss=0.1833 train_AP=0.6809 | val_loss=0.2267 val_AP=0.5976
Epoch 436/1000 [5.8s mem=10941MB] | train_loss=0.1849 train_AP=0.6773 | val_loss=0.2237 val_AP=0.5989
  -> New best: val_loss=0.2237 val_AP=0.5989, saved
Epoch 437/1000 [5.8s mem=10936MB] | train_loss=0.1836 train_AP=0.6805 | val_loss=0.2302 val_AP=0.5912
Epoch 438/1000 [5.8s mem=10935MB] | train_loss=0.1840 train_AP=0.6820 | val_loss=0.2280 val_AP=0.5918
Epoch 439/1000 [5.8s mem=10936MB] | train_loss=0.1830 train_AP=0.6831 | val_loss=0.2278 val_AP=0.5981
Epoch 440/1000 [5.8s mem=10933MB] | train_loss=0.1833 train_AP=0.6815 | val_loss=0.2267 val_AP=0.5968 | test_AP=0.5711
Epoch 441/1000 [5.8s mem=10937MB] | train_loss=0.1833 train_AP=0.6818 | val_loss=0.2256 val_AP=0.5977
Epoch 442/1000 [5.8s mem=10935MB] | train_loss=0.1833 train_AP=0.6803 | val_loss=0.2274 val_AP=0.5991
  -> New best: val_loss=0.2237 val_AP=0.5991, saved
Epoch 443/1000 [5.8s mem=10941MB] | train_loss=0.1827 train_AP=0.6818 | val_loss=0.2269 val_AP=0.5946
Epoch 444/1000 [5.8s mem=10938MB] | train_loss=0.1826 train_AP=0.6832 | val_loss=0.2271 val_AP=0.5987
Epoch 445/1000 [5.8s mem=10936MB] | train_loss=0.1824 train_AP=0.6847 | val_loss=0.2302 val_AP=0.5913
Epoch 446/1000 [5.8s mem=10935MB] | train_loss=0.1829 train_AP=0.6844 | val_loss=0.2279 val_AP=0.5977
Epoch 447/1000 [5.8s mem=10940MB] | train_loss=0.1833 train_AP=0.6804 | val_loss=0.2261 val_AP=0.5969
Epoch 448/1000 [5.8s mem=10942MB] | train_loss=0.1828 train_AP=0.6812 | val_loss=0.2273 val_AP=0.5979
Epoch 449/1000 [5.8s mem=10937MB] | train_loss=0.1829 train_AP=0.6837 | val_loss=0.2263 val_AP=0.5928
Epoch 450/1000 [5.8s mem=10942MB] | train_loss=0.1822 train_AP=0.6846 | val_loss=0.2266 val_AP=0.5963 | test_AP=0.5695
Epoch 451/1000 [5.8s mem=10944MB] | train_loss=0.1825 train_AP=0.6828 | val_loss=0.2304 val_AP=0.5934
Epoch 452/1000 [5.8s mem=10935MB] | train_loss=0.1822 train_AP=0.6853 | val_loss=0.2248 val_AP=0.5985
Epoch 453/1000 [5.8s mem=10938MB] | train_loss=0.1810 train_AP=0.6866 | val_loss=0.2267 val_AP=0.5932
Epoch 454/1000 [5.8s mem=10936MB] | train_loss=0.1818 train_AP=0.6839 | val_loss=0.2274 val_AP=0.5988
Epoch 455/1000 [5.9s mem=10940MB] | train_loss=0.1817 train_AP=0.6842 | val_loss=0.2288 val_AP=0.5958
Epoch 456/1000 [5.8s mem=10943MB] | train_loss=0.1826 train_AP=0.6809 | val_loss=0.2268 val_AP=0.5994
  -> New best: val_loss=0.2237 val_AP=0.5994, saved
Epoch 457/1000 [5.8s mem=10943MB] | train_loss=0.1821 train_AP=0.6862 | val_loss=0.2270 val_AP=0.5984
Epoch 458/1000 [5.7s mem=10941MB] | train_loss=0.1816 train_AP=0.6858 | val_loss=0.2254 val_AP=0.6016
  -> New best: val_loss=0.2237 val_AP=0.6016, saved
Epoch 459/1000 [5.8s mem=10939MB] | train_loss=0.1812 train_AP=0.6855 | val_loss=0.2267 val_AP=0.6003
Epoch 460/1000 [5.9s mem=10936MB] | train_loss=0.1807 train_AP=0.6888 | val_loss=0.2261 val_AP=0.5977 | test_AP=0.5706
Epoch 461/1000 [5.8s mem=10934MB] | train_loss=0.1804 train_AP=0.6891 | val_loss=0.2285 val_AP=0.5970
Epoch 462/1000 [6.0s mem=10936MB] | train_loss=0.1800 train_AP=0.6906 | val_loss=0.2258 val_AP=0.5977
Epoch 463/1000 [5.8s mem=10937MB] | train_loss=0.1808 train_AP=0.6895 | val_loss=0.2256 val_AP=0.5995
Epoch 464/1000 [5.8s mem=10940MB] | train_loss=0.1804 train_AP=0.6916 | val_loss=0.2268 val_AP=0.5974
Epoch 465/1000 [5.8s mem=10941MB] | train_loss=0.1803 train_AP=0.6870 | val_loss=0.2287 val_AP=0.5954
Epoch 466/1000 [5.9s mem=10938MB] | train_loss=0.1796 train_AP=0.6904 | val_loss=0.2266 val_AP=0.5996
Epoch 467/1000 [5.9s mem=10938MB] | train_loss=0.1802 train_AP=0.6892 | val_loss=0.2257 val_AP=0.6007
Epoch 468/1000 [5.8s mem=10939MB] | train_loss=0.1805 train_AP=0.6921 | val_loss=0.2297 val_AP=0.5938
Epoch 469/1000 [5.8s mem=10941MB] | train_loss=0.1803 train_AP=0.6908 | val_loss=0.2288 val_AP=0.5971
Epoch 470/1000 [5.8s mem=10936MB] | train_loss=0.1791 train_AP=0.6943 | val_loss=0.2267 val_AP=0.5995 | test_AP=0.5736
Epoch 471/1000 [5.8s mem=10945MB] | train_loss=0.1798 train_AP=0.6912 | val_loss=0.2282 val_AP=0.5994
Epoch 472/1000 [5.8s mem=10941MB] | train_loss=0.1795 train_AP=0.6927 | val_loss=0.2272 val_AP=0.6015
Epoch 473/1000 [5.8s mem=10940MB] | train_loss=0.1795 train_AP=0.6902 | val_loss=0.2271 val_AP=0.6029
  -> New best: val_loss=0.2237 val_AP=0.6029, saved
Epoch 474/1000 [5.8s mem=10939MB] | train_loss=0.1793 train_AP=0.6923 | val_loss=0.2271 val_AP=0.5989
Epoch 475/1000 [5.7s mem=10944MB] | train_loss=0.1786 train_AP=0.6916 | val_loss=0.2282 val_AP=0.5986
Epoch 476/1000 [5.0s mem=10939MB] | train_loss=0.1788 train_AP=0.6933 | val_loss=0.2274 val_AP=0.6013
Epoch 477/1000 [5.0s mem=10936MB] | train_loss=0.1791 train_AP=0.6913 | val_loss=0.2250 val_AP=0.6003
Epoch 478/1000 [5.1s mem=10938MB] | train_loss=0.1786 train_AP=0.6943 | val_loss=0.2263 val_AP=0.6011
Epoch 479/1000 [5.1s mem=10938MB] | train_loss=0.1780 train_AP=0.6945 | val_loss=0.2248 val_AP=0.6020
Epoch 480/1000 [5.0s mem=10937MB] | train_loss=0.1783 train_AP=0.6932 | val_loss=0.2251 val_AP=0.6035 | test_AP=0.5755
  -> New best: val_loss=0.2237 val_AP=0.6035, saved
Epoch 481/1000 [5.1s mem=10937MB] | train_loss=0.1780 train_AP=0.6939 | val_loss=0.2274 val_AP=0.5997
Epoch 482/1000 [5.2s mem=10940MB] | train_loss=0.1783 train_AP=0.6930 | val_loss=0.2264 val_AP=0.6010
Epoch 483/1000 [4.9s mem=10939MB] | train_loss=0.1777 train_AP=0.6945 | val_loss=0.2297 val_AP=0.6026
Epoch 484/1000 [5.8s mem=10941MB] | train_loss=0.1782 train_AP=0.6962 | val_loss=0.2269 val_AP=0.6056
  -> New best: val_loss=0.2237 val_AP=0.6056, saved
Epoch 485/1000 [5.8s mem=10940MB] | train_loss=0.1772 train_AP=0.6975 | val_loss=0.2281 val_AP=0.6002
Epoch 486/1000 [5.8s mem=10940MB] | train_loss=0.1776 train_AP=0.6961 | val_loss=0.2255 val_AP=0.6007
Epoch 487/1000 [5.8s mem=10934MB] | train_loss=0.1773 train_AP=0.6975 | val_loss=0.2266 val_AP=0.6050
Epoch 488/1000 [5.8s mem=10937MB] | train_loss=0.1774 train_AP=0.6973 | val_loss=0.2258 val_AP=0.6053
Epoch 489/1000 [5.8s mem=10936MB] | train_loss=0.1779 train_AP=0.6946 | val_loss=0.2256 val_AP=0.6047
Epoch 490/1000 [5.8s mem=10943MB] | train_loss=0.1774 train_AP=0.6985 | val_loss=0.2274 val_AP=0.6050 | test_AP=0.5746
Epoch 491/1000 [5.8s mem=10938MB] | train_loss=0.1769 train_AP=0.6999 | val_loss=0.2258 val_AP=0.6045
Epoch 492/1000 [5.8s mem=10939MB] | train_loss=0.1762 train_AP=0.7001 | val_loss=0.2277 val_AP=0.6031
Epoch 493/1000 [5.8s mem=10937MB] | train_loss=0.1772 train_AP=0.6972 | val_loss=0.2267 val_AP=0.5984
Epoch 494/1000 [5.9s mem=10944MB] | train_loss=0.1768 train_AP=0.6986 | val_loss=0.2262 val_AP=0.6053
Epoch 495/1000 [5.8s mem=10938MB] | train_loss=0.1772 train_AP=0.6981 | val_loss=0.2264 val_AP=0.5989
Epoch 496/1000 [5.8s mem=10909MB] | train_loss=0.1766 train_AP=0.7014 | val_loss=0.2282 val_AP=0.6013
Epoch 497/1000 [5.8s mem=10518MB] | train_loss=0.1763 train_AP=0.7007 | val_loss=0.2290 val_AP=0.6020
Epoch 498/1000 [5.8s mem=10939MB] | train_loss=0.1765 train_AP=0.7002 | val_loss=0.2256 val_AP=0.6039
Epoch 499/1000 [5.8s mem=10941MB] | train_loss=0.1759 train_AP=0.6999 | val_loss=0.2283 val_AP=0.6038
Epoch 500/1000 [5.8s mem=10940MB] | train_loss=0.1765 train_AP=0.6973 | val_loss=0.2249 val_AP=0.6042 | test_AP=0.5769
Epoch 501/1000 [5.9s mem=10946MB] | train_loss=0.1759 train_AP=0.7006 | val_loss=0.2280 val_AP=0.6064
  -> New best: val_loss=0.2237 val_AP=0.6064, saved
Epoch 502/1000 [5.8s mem=10938MB] | train_loss=0.1757 train_AP=0.7012 | val_loss=0.2269 val_AP=0.6049
Epoch 503/1000 [5.8s mem=10939MB] | train_loss=0.1758 train_AP=0.7011 | val_loss=0.2256 val_AP=0.6045
Epoch 504/1000 [5.8s mem=10934MB] | train_loss=0.1757 train_AP=0.7039 | val_loss=0.2272 val_AP=0.6074
  -> New best: val_loss=0.2237 val_AP=0.6074, saved
Epoch 505/1000 [5.9s mem=10939MB] | train_loss=0.1760 train_AP=0.7005 | val_loss=0.2264 val_AP=0.6042
Epoch 506/1000 [5.8s mem=10938MB] | train_loss=0.1747 train_AP=0.7040 | val_loss=0.2270 val_AP=0.6058
Epoch 507/1000 [5.9s mem=10938MB] | train_loss=0.1751 train_AP=0.7033 | val_loss=0.2275 val_AP=0.6045
Epoch 508/1000 [5.8s mem=10940MB] | train_loss=0.1751 train_AP=0.7023 | val_loss=0.2297 val_AP=0.6037
Epoch 509/1000 [5.8s mem=10939MB] | train_loss=0.1751 train_AP=0.7046 | val_loss=0.2260 val_AP=0.6063
Epoch 510/1000 [5.7s mem=10939MB] | train_loss=0.1745 train_AP=0.7052 | val_loss=0.2266 val_AP=0.6077 | test_AP=0.5777
  -> New best: val_loss=0.2237 val_AP=0.6077, saved
Epoch 511/1000 [5.8s mem=10936MB] | train_loss=0.1748 train_AP=0.7036 | val_loss=0.2279 val_AP=0.6054
Epoch 512/1000 [5.8s mem=10938MB] | train_loss=0.1754 train_AP=0.7040 | val_loss=0.2257 val_AP=0.6086
  -> New best: val_loss=0.2237 val_AP=0.6086, saved
Epoch 513/1000 [5.8s mem=10937MB] | train_loss=0.1738 train_AP=0.7072 | val_loss=0.2287 val_AP=0.6068
Epoch 514/1000 [5.8s mem=10938MB] | train_loss=0.1745 train_AP=0.7045 | val_loss=0.2263 val_AP=0.6038
Epoch 515/1000 [5.8s mem=10938MB] | train_loss=0.1735 train_AP=0.7049 | val_loss=0.2285 val_AP=0.6078
Epoch 516/1000 [5.8s mem=10933MB] | train_loss=0.1745 train_AP=0.7052 | val_loss=0.2301 val_AP=0.6028
Epoch 517/1000 [5.8s mem=10938MB] | train_loss=0.1745 train_AP=0.7039 | val_loss=0.2315 val_AP=0.6054
Epoch 518/1000 [5.8s mem=10943MB] | train_loss=0.1740 train_AP=0.7063 | val_loss=0.2283 val_AP=0.6030
Epoch 519/1000 [5.8s mem=10935MB] | train_loss=0.1736 train_AP=0.7029 | val_loss=0.2304 val_AP=0.6061
Epoch 520/1000 [5.8s mem=10945MB] | train_loss=0.1738 train_AP=0.7051 | val_loss=0.2270 val_AP=0.6052 | test_AP=0.5779
Epoch 521/1000 [5.9s mem=10939MB] | train_loss=0.1737 train_AP=0.7063 | val_loss=0.2274 val_AP=0.6066
Epoch 522/1000 [5.8s mem=10935MB] | train_loss=0.1746 train_AP=0.7036 | val_loss=0.2280 val_AP=0.6063
Epoch 523/1000 [5.8s mem=10941MB] | train_loss=0.1732 train_AP=0.7064 | val_loss=0.2273 val_AP=0.6076
Epoch 524/1000 [5.9s mem=10940MB] | train_loss=0.1736 train_AP=0.7068 | val_loss=0.2287 val_AP=0.6049
Epoch 525/1000 [5.9s mem=10939MB] | train_loss=0.1730 train_AP=0.7067 | val_loss=0.2286 val_AP=0.6074
Epoch 526/1000 [5.8s mem=10519MB] | train_loss=0.1735 train_AP=0.7061 | val_loss=0.2293 val_AP=0.6063
Epoch 527/1000 [5.8s mem=10935MB] | train_loss=0.1736 train_AP=0.7061 | val_loss=0.2293 val_AP=0.6052
Epoch 528/1000 [5.9s mem=10938MB] | train_loss=0.1732 train_AP=0.7089 | val_loss=0.2286 val_AP=0.6038
Epoch 529/1000 [5.7s mem=10905MB] | train_loss=0.1726 train_AP=0.7111 | val_loss=0.2258 val_AP=0.6056
Epoch 530/1000 [5.8s mem=10936MB] | train_loss=0.1730 train_AP=0.7095 | val_loss=0.2281 val_AP=0.6074 | test_AP=0.5801
Epoch 531/1000 [5.8s mem=10936MB] | train_loss=0.1719 train_AP=0.7088 | val_loss=0.2302 val_AP=0.6045
Epoch 532/1000 [5.8s mem=10935MB] | train_loss=0.1724 train_AP=0.7095 | val_loss=0.2267 val_AP=0.6067
Epoch 533/1000 [5.8s mem=10937MB] | train_loss=0.1722 train_AP=0.7081 | val_loss=0.2298 val_AP=0.6039
Epoch 534/1000 [5.8s mem=10939MB] | train_loss=0.1731 train_AP=0.7088 | val_loss=0.2292 val_AP=0.6071
Epoch 535/1000 [5.8s mem=10938MB] | train_loss=0.1718 train_AP=0.7100 | val_loss=0.2290 val_AP=0.6088
  -> New best: val_loss=0.2237 val_AP=0.6088, saved
Epoch 536/1000 [5.8s mem=10936MB] | train_loss=0.1726 train_AP=0.7062 | val_loss=0.2265 val_AP=0.6062
Epoch 537/1000 [5.8s mem=10937MB] | train_loss=0.1715 train_AP=0.7107 | val_loss=0.2283 val_AP=0.6060
Epoch 538/1000 [5.8s mem=10942MB] | train_loss=0.1715 train_AP=0.7151 | val_loss=0.2270 val_AP=0.6065
Epoch 539/1000 [5.9s mem=10944MB] | train_loss=0.1713 train_AP=0.7131 | val_loss=0.2298 val_AP=0.6075
Epoch 540/1000 [5.9s mem=10936MB] | train_loss=0.1713 train_AP=0.7126 | val_loss=0.2298 val_AP=0.6075 | test_AP=0.5800
Epoch 541/1000 [5.8s mem=10934MB] | train_loss=0.1710 train_AP=0.7136 | val_loss=0.2278 val_AP=0.6095
  -> New best: val_loss=0.2237 val_AP=0.6095, saved
Epoch 542/1000 [5.9s mem=10940MB] | train_loss=0.1714 train_AP=0.7140 | val_loss=0.2281 val_AP=0.6097
  -> New best: val_loss=0.2237 val_AP=0.6097, saved
Epoch 543/1000 [5.9s mem=10942MB] | train_loss=0.1711 train_AP=0.7128 | val_loss=0.2296 val_AP=0.6079
Epoch 544/1000 [5.8s mem=10938MB] | train_loss=0.1713 train_AP=0.7108 | val_loss=0.2260 val_AP=0.6100
  -> New best: val_loss=0.2237 val_AP=0.6100, saved
Epoch 545/1000 [5.8s mem=10944MB] | train_loss=0.1713 train_AP=0.7128 | val_loss=0.2262 val_AP=0.6093
Epoch 546/1000 [5.8s mem=10944MB] | train_loss=0.1703 train_AP=0.7134 | val_loss=0.2286 val_AP=0.6096
Epoch 547/1000 [5.8s mem=10938MB] | train_loss=0.1702 train_AP=0.7128 | val_loss=0.2285 val_AP=0.6083
Epoch 548/1000 [5.8s mem=10938MB] | train_loss=0.1705 train_AP=0.7139 | val_loss=0.2280 val_AP=0.6062
Epoch 549/1000 [5.8s mem=10944MB] | train_loss=0.1713 train_AP=0.7140 | val_loss=0.2291 val_AP=0.6078
Epoch 550/1000 [5.8s mem=10937MB] | train_loss=0.1712 train_AP=0.7124 | val_loss=0.2272 val_AP=0.6101 | test_AP=0.5822
  -> New best: val_loss=0.2237 val_AP=0.6101, saved
Epoch 551/1000 [5.8s mem=10939MB] | train_loss=0.1701 train_AP=0.7166 | val_loss=0.2281 val_AP=0.6094
Epoch 552/1000 [5.8s mem=10943MB] | train_loss=0.1703 train_AP=0.7127 | val_loss=0.2274 val_AP=0.6099
Epoch 553/1000 [5.8s mem=10933MB] | train_loss=0.1702 train_AP=0.7154 | val_loss=0.2288 val_AP=0.6066
Epoch 554/1000 [5.8s mem=10937MB] | train_loss=0.1704 train_AP=0.7154 | val_loss=0.2319 val_AP=0.6058
Epoch 555/1000 [5.7s mem=10934MB] | train_loss=0.1705 train_AP=0.7146 | val_loss=0.2282 val_AP=0.6116
  -> New best: val_loss=0.2237 val_AP=0.6116, saved
Epoch 556/1000 [5.1s mem=10938MB] | train_loss=0.1703 train_AP=0.7147 | val_loss=0.2291 val_AP=0.6103
Epoch 557/1000 [5.2s mem=10939MB] | train_loss=0.1704 train_AP=0.7163 | val_loss=0.2288 val_AP=0.6056
Epoch 558/1000 [5.1s mem=10939MB] | train_loss=0.1696 train_AP=0.7175 | val_loss=0.2300 val_AP=0.6085
Epoch 559/1000 [5.0s mem=10939MB] | train_loss=0.1691 train_AP=0.7176 | val_loss=0.2301 val_AP=0.6091
Epoch 560/1000 [5.0s mem=10936MB] | train_loss=0.1693 train_AP=0.7148 | val_loss=0.2282 val_AP=0.6089 | test_AP=0.5825
Epoch 561/1000 [5.2s mem=10938MB] | train_loss=0.1692 train_AP=0.7194 | val_loss=0.2272 val_AP=0.6102
Epoch 562/1000 [5.0s mem=10937MB] | train_loss=0.1691 train_AP=0.7168 | val_loss=0.2308 val_AP=0.6069
Epoch 563/1000 [5.0s mem=10941MB] | train_loss=0.1697 train_AP=0.7156 | val_loss=0.2290 val_AP=0.6109
Epoch 564/1000 [5.7s mem=10940MB] | train_loss=0.1690 train_AP=0.7153 | val_loss=0.2290 val_AP=0.6097
Epoch 565/1000 [5.8s mem=10937MB] | train_loss=0.1686 train_AP=0.7201 | val_loss=0.2279 val_AP=0.6099
Epoch 566/1000 [5.8s mem=10941MB] | train_loss=0.1688 train_AP=0.7174 | val_loss=0.2279 val_AP=0.6104
Epoch 567/1000 [5.8s mem=10938MB] | train_loss=0.1696 train_AP=0.7162 | val_loss=0.2282 val_AP=0.6079
Epoch 568/1000 [5.8s mem=10941MB] | train_loss=0.1690 train_AP=0.7169 | val_loss=0.2293 val_AP=0.6092
Epoch 569/1000 [5.8s mem=10940MB] | train_loss=0.1681 train_AP=0.7185 | val_loss=0.2283 val_AP=0.6117
  -> New best: val_loss=0.2237 val_AP=0.6117, saved
Epoch 570/1000 [5.8s mem=10937MB] | train_loss=0.1687 train_AP=0.7167 | val_loss=0.2308 val_AP=0.6108 | test_AP=0.5837
Epoch 571/1000 [5.9s mem=10935MB] | train_loss=0.1680 train_AP=0.7203 | val_loss=0.2309 val_AP=0.6075
Epoch 572/1000 [5.8s mem=10937MB] | train_loss=0.1686 train_AP=0.7184 | val_loss=0.2296 val_AP=0.6118
  -> New best: val_loss=0.2237 val_AP=0.6118, saved
Epoch 573/1000 [5.8s mem=10943MB] | train_loss=0.1683 train_AP=0.7200 | val_loss=0.2310 val_AP=0.6078
Epoch 574/1000 [5.9s mem=10939MB] | train_loss=0.1683 train_AP=0.7200 | val_loss=0.2293 val_AP=0.6081
Epoch 575/1000 [5.8s mem=10941MB] | train_loss=0.1680 train_AP=0.7197 | val_loss=0.2286 val_AP=0.6096
Epoch 576/1000 [5.8s mem=10935MB] | train_loss=0.1677 train_AP=0.7207 | val_loss=0.2299 val_AP=0.6088
Epoch 577/1000 [5.8s mem=10939MB] | train_loss=0.1684 train_AP=0.7178 | val_loss=0.2289 val_AP=0.6120
  -> New best: val_loss=0.2237 val_AP=0.6120, saved
Epoch 578/1000 [5.8s mem=10940MB] | train_loss=0.1686 train_AP=0.7190 | val_loss=0.2304 val_AP=0.6119
Epoch 579/1000 [5.8s mem=10905MB] | train_loss=0.1673 train_AP=0.7227 | val_loss=0.2299 val_AP=0.6096
Epoch 580/1000 [5.8s mem=10936MB] | train_loss=0.1681 train_AP=0.7199 | val_loss=0.2276 val_AP=0.6117 | test_AP=0.5860
Epoch 581/1000 [5.8s mem=10939MB] | train_loss=0.1677 train_AP=0.7192 | val_loss=0.2270 val_AP=0.6119
Epoch 582/1000 [5.8s mem=10936MB] | train_loss=0.1675 train_AP=0.7191 | val_loss=0.2288 val_AP=0.6105
Epoch 583/1000 [5.8s mem=10936MB] | train_loss=0.1679 train_AP=0.7208 | val_loss=0.2266 val_AP=0.6118
Epoch 584/1000 [5.8s mem=10937MB] | train_loss=0.1672 train_AP=0.7220 | val_loss=0.2302 val_AP=0.6111
Epoch 585/1000 [5.8s mem=10949MB] | train_loss=0.1674 train_AP=0.7225 | val_loss=0.2291 val_AP=0.6099
Epoch 586/1000 [5.7s mem=10936MB] | train_loss=0.1674 train_AP=0.7212 | val_loss=0.2294 val_AP=0.6108
Epoch 587/1000 [5.8s mem=10942MB] | train_loss=0.1671 train_AP=0.7237 | val_loss=0.2285 val_AP=0.6109
Epoch 588/1000 [5.8s mem=10938MB] | train_loss=0.1674 train_AP=0.7224 | val_loss=0.2308 val_AP=0.6105
Epoch 589/1000 [5.8s mem=10945MB] | train_loss=0.1672 train_AP=0.7223 | val_loss=0.2292 val_AP=0.6115
Epoch 590/1000 [5.8s mem=10909MB] | train_loss=0.1666 train_AP=0.7248 | val_loss=0.2290 val_AP=0.6121 | test_AP=0.5850
  -> New best: val_loss=0.2237 val_AP=0.6121, saved
Epoch 591/1000 [5.8s mem=10939MB] | train_loss=0.1663 train_AP=0.7220 | val_loss=0.2279 val_AP=0.6115
Epoch 592/1000 [5.8s mem=10935MB] | train_loss=0.1667 train_AP=0.7232 | val_loss=0.2297 val_AP=0.6097
Epoch 593/1000 [5.8s mem=10939MB] | train_loss=0.1672 train_AP=0.7231 | val_loss=0.2302 val_AP=0.6114
Epoch 594/1000 [5.9s mem=10939MB] | train_loss=0.1660 train_AP=0.7238 | val_loss=0.2269 val_AP=0.6111
Epoch 595/1000 [5.9s mem=10942MB] | train_loss=0.1666 train_AP=0.7270 | val_loss=0.2287 val_AP=0.6119
Epoch 596/1000 [5.8s mem=10941MB] | train_loss=0.1666 train_AP=0.7218 | val_loss=0.2288 val_AP=0.6086
Epoch 597/1000 [5.9s mem=10945MB] | train_loss=0.1656 train_AP=0.7260 | val_loss=0.2295 val_AP=0.6107
Epoch 598/1000 [5.8s mem=10947MB] | train_loss=0.1660 train_AP=0.7265 | val_loss=0.2300 val_AP=0.6122
  -> New best: val_loss=0.2237 val_AP=0.6122, saved
Epoch 599/1000 [5.8s mem=10941MB] | train_loss=0.1659 train_AP=0.7267 | val_loss=0.2289 val_AP=0.6116
Epoch 600/1000 [5.8s mem=10938MB] | train_loss=0.1659 train_AP=0.7258 | val_loss=0.2297 val_AP=0.6117 | test_AP=0.5835
Epoch 601/1000 [5.8s mem=10936MB] | train_loss=0.1657 train_AP=0.7258 | val_loss=0.2294 val_AP=0.6122
Epoch 602/1000 [5.8s mem=10937MB] | train_loss=0.1654 train_AP=0.7250 | val_loss=0.2299 val_AP=0.6099
Epoch 603/1000 [5.8s mem=10930MB] | train_loss=0.1657 train_AP=0.7245 | val_loss=0.2289 val_AP=0.6117
Epoch 604/1000 [5.9s mem=10937MB] | train_loss=0.1651 train_AP=0.7287 | val_loss=0.2282 val_AP=0.6135
  -> New best: val_loss=0.2237 val_AP=0.6135, saved
Epoch 605/1000 [5.8s mem=10943MB] | train_loss=0.1660 train_AP=0.7251 | val_loss=0.2283 val_AP=0.6134
Epoch 606/1000 [5.8s mem=10939MB] | train_loss=0.1650 train_AP=0.7264 | val_loss=0.2293 val_AP=0.6119
Epoch 607/1000 [5.9s mem=10940MB] | train_loss=0.1660 train_AP=0.7253 | val_loss=0.2276 val_AP=0.6126
Epoch 608/1000 [6.0s mem=10942MB] | train_loss=0.1656 train_AP=0.7268 | val_loss=0.2291 val_AP=0.6099
Epoch 609/1000 [5.9s mem=10940MB] | train_loss=0.1651 train_AP=0.7267 | val_loss=0.2307 val_AP=0.6103
Epoch 610/1000 [5.8s mem=10934MB] | train_loss=0.1654 train_AP=0.7271 | val_loss=0.2281 val_AP=0.6132 | test_AP=0.5851
Epoch 611/1000 [5.8s mem=10934MB] | train_loss=0.1640 train_AP=0.7309 | val_loss=0.2293 val_AP=0.6133
Epoch 612/1000 [5.9s mem=10943MB] | train_loss=0.1647 train_AP=0.7277 | val_loss=0.2296 val_AP=0.6126
Epoch 613/1000 [6.0s mem=10938MB] | train_loss=0.1648 train_AP=0.7263 | val_loss=0.2295 val_AP=0.6134
Epoch 614/1000 [6.0s mem=10941MB] | train_loss=0.1648 train_AP=0.7290 | val_loss=0.2294 val_AP=0.6129
Epoch 615/1000 [5.9s mem=10940MB] | train_loss=0.1645 train_AP=0.7301 | val_loss=0.2294 val_AP=0.6107
Epoch 616/1000 [5.9s mem=10936MB] | train_loss=0.1646 train_AP=0.7273 | val_loss=0.2301 val_AP=0.6142
  -> New best: val_loss=0.2237 val_AP=0.6142, saved
Epoch 617/1000 [5.8s mem=10935MB] | train_loss=0.1644 train_AP=0.7291 | val_loss=0.2289 val_AP=0.6128
Epoch 618/1000 [5.8s mem=10936MB] | train_loss=0.1637 train_AP=0.7303 | val_loss=0.2305 val_AP=0.6115
Epoch 619/1000 [5.8s mem=10936MB] | train_loss=0.1645 train_AP=0.7274 | val_loss=0.2304 val_AP=0.6118
Epoch 620/1000 [5.8s mem=10937MB] | train_loss=0.1635 train_AP=0.7308 | val_loss=0.2309 val_AP=0.6148 | test_AP=0.5849
  -> New best: val_loss=0.2237 val_AP=0.6148, saved
Epoch 621/1000 [5.8s mem=10944MB] | train_loss=0.1642 train_AP=0.7295 | val_loss=0.2306 val_AP=0.6103
Epoch 622/1000 [5.9s mem=10943MB] | train_loss=0.1640 train_AP=0.7300 | val_loss=0.2296 val_AP=0.6139
Epoch 623/1000 [5.8s mem=10936MB] | train_loss=0.1633 train_AP=0.7310 | val_loss=0.2306 val_AP=0.6118
Epoch 624/1000 [5.9s mem=10934MB] | train_loss=0.1636 train_AP=0.7301 | val_loss=0.2297 val_AP=0.6156
  -> New best: val_loss=0.2237 val_AP=0.6156, saved
Epoch 625/1000 [5.8s mem=10936MB] | train_loss=0.1635 train_AP=0.7308 | val_loss=0.2309 val_AP=0.6121
Epoch 626/1000 [5.8s mem=10939MB] | train_loss=0.1639 train_AP=0.7295 | val_loss=0.2319 val_AP=0.6127
Epoch 627/1000 [5.8s mem=10945MB] | train_loss=0.1643 train_AP=0.7298 | val_loss=0.2291 val_AP=0.6141
Epoch 628/1000 [5.8s mem=10937MB] | train_loss=0.1638 train_AP=0.7289 | val_loss=0.2316 val_AP=0.6118
Epoch 629/1000 [5.8s mem=10942MB] | train_loss=0.1634 train_AP=0.7320 | val_loss=0.2322 val_AP=0.6098
Epoch 630/1000 [5.8s mem=10928MB] | train_loss=0.1635 train_AP=0.7337 | val_loss=0.2304 val_AP=0.6137 | test_AP=0.5861
Epoch 631/1000 [5.8s mem=10938MB] | train_loss=0.1635 train_AP=0.7292 | val_loss=0.2304 val_AP=0.6125
Epoch 632/1000 [5.8s mem=10941MB] | train_loss=0.1634 train_AP=0.7305 | val_loss=0.2291 val_AP=0.6144
Epoch 633/1000 [5.8s mem=10935MB] | train_loss=0.1631 train_AP=0.7332 | val_loss=0.2319 val_AP=0.6125
Epoch 634/1000 [5.8s mem=10936MB] | train_loss=0.1635 train_AP=0.7326 | val_loss=0.2288 val_AP=0.6127
Epoch 635/1000 [5.2s mem=10942MB] | train_loss=0.1636 train_AP=0.7287 | val_loss=0.2307 val_AP=0.6133
Epoch 636/1000 [5.0s mem=10937MB] | train_loss=0.1634 train_AP=0.7336 | val_loss=0.2297 val_AP=0.6112
Epoch 637/1000 [5.1s mem=10933MB] | train_loss=0.1624 train_AP=0.7336 | val_loss=0.2312 val_AP=0.6125
Epoch 638/1000 [5.1s mem=10936MB] | train_loss=0.1627 train_AP=0.7316 | val_loss=0.2299 val_AP=0.6152
Epoch 639/1000 [5.1s mem=10942MB] | train_loss=0.1623 train_AP=0.7327 | val_loss=0.2302 val_AP=0.6130
Epoch 640/1000 [5.0s mem=10940MB] | train_loss=0.1628 train_AP=0.7310 | val_loss=0.2317 val_AP=0.6126 | test_AP=0.5851
Epoch 641/1000 [5.0s mem=10942MB] | train_loss=0.1620 train_AP=0.7339 | val_loss=0.2307 val_AP=0.6143
Epoch 642/1000 [5.1s mem=10938MB] | train_loss=0.1622 train_AP=0.7354 | val_loss=0.2318 val_AP=0.6118
Epoch 643/1000 [5.7s mem=10943MB] | train_loss=0.1626 train_AP=0.7313 | val_loss=0.2303 val_AP=0.6145
Epoch 644/1000 [5.9s mem=10938MB] | train_loss=0.1626 train_AP=0.7335 | val_loss=0.2311 val_AP=0.6141
Epoch 645/1000 [5.9s mem=10937MB] | train_loss=0.1629 train_AP=0.7307 | val_loss=0.2294 val_AP=0.6143
Epoch 646/1000 [5.9s mem=10937MB] | train_loss=0.1622 train_AP=0.7345 | val_loss=0.2299 val_AP=0.6129
Epoch 647/1000 [5.9s mem=10940MB] | train_loss=0.1625 train_AP=0.7340 | val_loss=0.2307 val_AP=0.6112
Epoch 648/1000 [5.9s mem=10944MB] | train_loss=0.1628 train_AP=0.7312 | val_loss=0.2293 val_AP=0.6151
Epoch 649/1000 [5.8s mem=10937MB] | train_loss=0.1623 train_AP=0.7332 | val_loss=0.2300 val_AP=0.6141
Epoch 650/1000 [5.8s mem=10936MB] | train_loss=0.1614 train_AP=0.7326 | val_loss=0.2317 val_AP=0.6152 | test_AP=0.5872
Epoch 651/1000 [5.8s mem=10935MB] | train_loss=0.1615 train_AP=0.7330 | val_loss=0.2303 val_AP=0.6139
Epoch 652/1000 [5.8s mem=10944MB] | train_loss=0.1617 train_AP=0.7333 | val_loss=0.2299 val_AP=0.6148
Epoch 653/1000 [5.8s mem=10936MB] | train_loss=0.1615 train_AP=0.7356 | val_loss=0.2309 val_AP=0.6161
  -> New best: val_loss=0.2237 val_AP=0.6161, saved
Epoch 654/1000 [5.8s mem=10939MB] | train_loss=0.1625 train_AP=0.7346 | val_loss=0.2292 val_AP=0.6156
Epoch 655/1000 [5.8s mem=10938MB] | train_loss=0.1610 train_AP=0.7344 | val_loss=0.2314 val_AP=0.6137
Epoch 656/1000 [5.8s mem=10935MB] | train_loss=0.1615 train_AP=0.7322 | val_loss=0.2315 val_AP=0.6129
Epoch 657/1000 [5.8s mem=10934MB] | train_loss=0.1613 train_AP=0.7349 | val_loss=0.2294 val_AP=0.6151
Epoch 658/1000 [5.8s mem=10942MB] | train_loss=0.1604 train_AP=0.7359 | val_loss=0.2310 val_AP=0.6147
Epoch 659/1000 [5.8s mem=10939MB] | train_loss=0.1620 train_AP=0.7362 | val_loss=0.2328 val_AP=0.6110
Epoch 660/1000 [5.8s mem=10939MB] | train_loss=0.1615 train_AP=0.7359 | val_loss=0.2317 val_AP=0.6106 | test_AP=0.5881
Epoch 661/1000 [5.8s mem=10937MB] | train_loss=0.1607 train_AP=0.7381 | val_loss=0.2306 val_AP=0.6150
Epoch 662/1000 [5.8s mem=10933MB] | train_loss=0.1619 train_AP=0.7350 | val_loss=0.2319 val_AP=0.6150
Epoch 663/1000 [5.8s mem=10931MB] | train_loss=0.1603 train_AP=0.7373 | val_loss=0.2299 val_AP=0.6140
Epoch 664/1000 [5.8s mem=10933MB] | train_loss=0.1608 train_AP=0.7356 | val_loss=0.2309 val_AP=0.6138
Epoch 665/1000 [5.7s mem=10935MB] | train_loss=0.1615 train_AP=0.7365 | val_loss=0.2311 val_AP=0.6101
Epoch 666/1000 [5.8s mem=10938MB] | train_loss=0.1610 train_AP=0.7347 | val_loss=0.2303 val_AP=0.6133
Epoch 667/1000 [5.8s mem=10939MB] | train_loss=0.1600 train_AP=0.7376 | val_loss=0.2311 val_AP=0.6172
  -> New best: val_loss=0.2237 val_AP=0.6172, saved
Epoch 668/1000 [5.9s mem=10938MB] | train_loss=0.1607 train_AP=0.7378 | val_loss=0.2296 val_AP=0.6159
Epoch 669/1000 [5.9s mem=10936MB] | train_loss=0.1603 train_AP=0.7402 | val_loss=0.2314 val_AP=0.6118
Epoch 670/1000 [5.9s mem=10524MB] | train_loss=0.1607 train_AP=0.7379 | val_loss=0.2319 val_AP=0.6142 | test_AP=0.5883
Epoch 671/1000 [5.8s mem=10937MB] | train_loss=0.1608 train_AP=0.7349 | val_loss=0.2310 val_AP=0.6163
Epoch 672/1000 [5.8s mem=10935MB] | train_loss=0.1603 train_AP=0.7369 | val_loss=0.2317 val_AP=0.6147
Epoch 673/1000 [5.8s mem=10940MB] | train_loss=0.1601 train_AP=0.7375 | val_loss=0.2318 val_AP=0.6158
Epoch 674/1000 [5.8s mem=10936MB] | train_loss=0.1598 train_AP=0.7368 | val_loss=0.2320 val_AP=0.6134
Epoch 675/1000 [5.8s mem=10940MB] | train_loss=0.1610 train_AP=0.7379 | val_loss=0.2300 val_AP=0.6149
Epoch 676/1000 [5.7s mem=10936MB] | train_loss=0.1603 train_AP=0.7395 | val_loss=0.2344 val_AP=0.6109
Epoch 677/1000 [5.8s mem=10936MB] | train_loss=0.1597 train_AP=0.7362 | val_loss=0.2330 val_AP=0.6135
Epoch 678/1000 [5.8s mem=10938MB] | train_loss=0.1593 train_AP=0.7416 | val_loss=0.2305 val_AP=0.6151
Epoch 679/1000 [5.8s mem=10938MB] | train_loss=0.1596 train_AP=0.7395 | val_loss=0.2313 val_AP=0.6141
Epoch 680/1000 [5.8s mem=10939MB] | train_loss=0.1602 train_AP=0.7407 | val_loss=0.2336 val_AP=0.6114 | test_AP=0.5851
Epoch 681/1000 [5.8s mem=10936MB] | train_loss=0.1600 train_AP=0.7386 | val_loss=0.2313 val_AP=0.6139
Epoch 682/1000 [5.8s mem=10934MB] | train_loss=0.1593 train_AP=0.7394 | val_loss=0.2310 val_AP=0.6153
Epoch 683/1000 [5.7s mem=10944MB] | train_loss=0.1596 train_AP=0.7401 | val_loss=0.2308 val_AP=0.6162
Epoch 684/1000 [5.7s mem=10937MB] | train_loss=0.1596 train_AP=0.7397 | val_loss=0.2309 val_AP=0.6149
Epoch 685/1000 [5.7s mem=10936MB] | train_loss=0.1596 train_AP=0.7394 | val_loss=0.2316 val_AP=0.6143
Epoch 686/1000 [5.8s mem=10942MB] | train_loss=0.1596 train_AP=0.7420 | val_loss=0.2324 val_AP=0.6140
Epoch 687/1000 [5.8s mem=10934MB] | train_loss=0.1596 train_AP=0.7406 | val_loss=0.2312 val_AP=0.6161
Epoch 688/1000 [5.8s mem=10938MB] | train_loss=0.1591 train_AP=0.7435 | val_loss=0.2310 val_AP=0.6157
Epoch 689/1000 [5.7s mem=10936MB] | train_loss=0.1592 train_AP=0.7400 | val_loss=0.2320 val_AP=0.6149
Epoch 690/1000 [5.7s mem=10938MB] | train_loss=0.1591 train_AP=0.7422 | val_loss=0.2310 val_AP=0.6161 | test_AP=0.5892
Epoch 691/1000 [5.8s mem=10941MB] | train_loss=0.1590 train_AP=0.7423 | val_loss=0.2315 val_AP=0.6166
Epoch 692/1000 [5.8s mem=10936MB] | train_loss=0.1588 train_AP=0.7419 | val_loss=0.2320 val_AP=0.6140
Epoch 693/1000 [5.8s mem=10942MB] | train_loss=0.1591 train_AP=0.7416 | val_loss=0.2319 val_AP=0.6137
Epoch 694/1000 [5.8s mem=10939MB] | train_loss=0.1586 train_AP=0.7425 | val_loss=0.2324 val_AP=0.6149
Epoch 695/1000 [5.8s mem=10945MB] | train_loss=0.1589 train_AP=0.7412 | val_loss=0.2320 val_AP=0.6135
Epoch 696/1000 [5.8s mem=10938MB] | train_loss=0.1588 train_AP=0.7394 | val_loss=0.2323 val_AP=0.6163
Epoch 697/1000 [5.8s mem=10945MB] | train_loss=0.1588 train_AP=0.7418 | val_loss=0.2317 val_AP=0.6140
Epoch 698/1000 [5.8s mem=10933MB] | train_loss=0.1590 train_AP=0.7405 | val_loss=0.2323 val_AP=0.6157
Epoch 699/1000 [5.8s mem=10949MB] | train_loss=0.1593 train_AP=0.7408 | val_loss=0.2317 val_AP=0.6160
Epoch 700/1000 [5.8s mem=10934MB] | train_loss=0.1589 train_AP=0.7401 | val_loss=0.2321 val_AP=0.6145 | test_AP=0.5885
Epoch 701/1000 [5.8s mem=10936MB] | train_loss=0.1587 train_AP=0.7397 | val_loss=0.2310 val_AP=0.6147
Epoch 702/1000 [5.8s mem=10939MB] | train_loss=0.1585 train_AP=0.7419 | val_loss=0.2317 val_AP=0.6166
Epoch 703/1000 [5.8s mem=10935MB] | train_loss=0.1587 train_AP=0.7404 | val_loss=0.2321 val_AP=0.6150
Epoch 704/1000 [5.8s mem=10936MB] | train_loss=0.1582 train_AP=0.7435 | val_loss=0.2326 val_AP=0.6148
Epoch 705/1000 [5.8s mem=10936MB] | train_loss=0.1587 train_AP=0.7416 | val_loss=0.2311 val_AP=0.6152
Epoch 706/1000 [5.8s mem=10932MB] | train_loss=0.1590 train_AP=0.7425 | val_loss=0.2312 val_AP=0.6156
Epoch 707/1000 [5.8s mem=10946MB] | train_loss=0.1588 train_AP=0.7408 | val_loss=0.2320 val_AP=0.6136
Epoch 708/1000 [5.8s mem=10942MB] | train_loss=0.1581 train_AP=0.7428 | val_loss=0.2350 val_AP=0.6137
Epoch 709/1000 [5.8s mem=10940MB] | train_loss=0.1590 train_AP=0.7399 | val_loss=0.2320 val_AP=0.6151
Epoch 710/1000 [5.8s mem=10935MB] | train_loss=0.1585 train_AP=0.7411 | val_loss=0.2325 val_AP=0.6163 | test_AP=0.5896
Epoch 711/1000 [5.9s mem=10939MB] | train_loss=0.1582 train_AP=0.7445 | val_loss=0.2322 val_AP=0.6144
Epoch 712/1000 [5.9s mem=10940MB] | train_loss=0.1581 train_AP=0.7420 | val_loss=0.2322 val_AP=0.6159
Epoch 713/1000 [5.8s mem=10937MB] | train_loss=0.1581 train_AP=0.7432 | val_loss=0.2324 val_AP=0.6158
Epoch 714/1000 [5.8s mem=10939MB] | train_loss=0.1580 train_AP=0.7449 | val_loss=0.2326 val_AP=0.6159
Epoch 715/1000 [5.7s mem=10940MB] | train_loss=0.1584 train_AP=0.7433 | val_loss=0.2316 val_AP=0.6144
Epoch 716/1000 [5.1s mem=10938MB] | train_loss=0.1577 train_AP=0.7445 | val_loss=0.2316 val_AP=0.6153
Epoch 717/1000 [5.2s mem=10944MB] | train_loss=0.1575 train_AP=0.7435 | val_loss=0.2330 val_AP=0.6141
Early stopping at epoch 717. Best val_loss=0.2237 val_AP=0.6172 at epoch 667.
Pretrain done. Best val_loss=0.2237 val_AP=0.6172 at epoch 667.
+ python exp_attn_distillation_2.py extract --model_path checkpoints_attn_distill_3/pretrain_best.pt --save_dir checkpoints_attn_distill_3 --num_layers 1 --num_heads 8 --no-use_lap_pe --warmup_ratio 0.05 --num_cross_layers 1 --no-use_proxy_self_attn --proxy_mmd_lambda 1.5 --proxy_opt_steps 500 --distill_weight 1.5 --temperature 1.5 --hidden_dim 256
{'phase': 'extract', 'model_path': 'checkpoints_attn_distill_3/pretrain_best.pt', 'save_dir': 'checkpoints_attn_distill_3', 'hidden_dim': 256, 'num_layers': 1, 'num_heads': 8, 'output_dim': 10, 'dropout': 0.1, 's1_lr': 3e-05, 's1_weight_decay': 0.0003, 's1_max_epochs': 300, 's1_patience': 50, 's1_grad_clip': 1.0, 'warmup_ratio': 0.05, 'lr_min': 1e-07, 'num_cross_layers': 1, 'use_proxy_self_attn': False, 'num_proxies': 64, 'proxy_lr': 0.05, 'proxy_opt_steps': 500, 'proxy_mmd_lambda': 1.5, 'distill_weight': 1.5, 'temperature': 1.5, 'distill_layers': 'all', 'lr': 5e-05, 'weight_decay': 0.0001, 'max_epochs': 200, 'patience': 30, 'grad_clip': 1.0, 'batch_size': 256, 'num_workers': 4, 'device': 'cuda'}
Unknown args =  ['--no-use_lap_pe']
============================================================
Phase 1: Extract Attention Targets
  model_path=checkpoints_attn_distill_3/pretrain_best.pt
  proxy_opt_steps=500
  num_proxies=64
  proxy_mmd_lambda=1.5
  num_cross_layers=1
  use_proxy_self_attn=False
  distill_layers=all
============================================================
  Loaded 50 pretrained keys, cross-attn layers randomly initialized
  Extracting attention from layers: [0]
  [1/43] 256 graphs | base_loss=0.1624 opt_loss=0.0019 mmd=0.323512
  [10/43] 2560 graphs | base_loss=0.1564 opt_loss=0.0016 mmd=0.324904
  [20/43] 5120 graphs | base_loss=0.1535 opt_loss=0.0015 mmd=0.328865
  [30/43] 7680 graphs | base_loss=0.1536 opt_loss=0.0015 mmd=0.328036
  [40/43] 10240 graphs | base_loss=0.1516 opt_loss=0.0015 mmd=0.323103

Extraction done. 10873 graphs saved to checkpoints_attn_distill_3/attn_targets.pkl
  Avg base_loss=0.1522  opt_loss=0.0015

Sanity check: attention difference (teacher vs vanilla)...
  Mean |teacher_attn - vanilla_attn|: 0.013497
  Good: attention patterns are meaningfully different.
+ python exp_attn_distillation_2.py train --model_path checkpoints_attn_distill_3/pretrain_best.pt --save_dir checkpoints_attn_distill_3 --num_layers 1 --num_heads 8 --no-use_lap_pe --warmup_ratio 0 --num_cross_layers 1 --no-use_proxy_self_attn --proxy_mmd_lambda 1.5 --proxy_opt_steps 300 --distill_weight 1.5 --temperature 1.5 --hidden_dim 256
{'phase': 'train', 'model_path': 'checkpoints_attn_distill_3/pretrain_best.pt', 'save_dir': 'checkpoints_attn_distill_3', 'hidden_dim': 256, 'num_layers': 1, 'num_heads': 8, 'output_dim': 10, 'dropout': 0.1, 's1_lr': 3e-05, 's1_weight_decay': 0.0003, 's1_max_epochs': 300, 's1_patience': 50, 's1_grad_clip': 1.0, 'warmup_ratio': 0.0, 'lr_min': 1e-07, 'num_cross_layers': 1, 'use_proxy_self_attn': False, 'num_proxies': 64, 'proxy_lr': 0.05, 'proxy_opt_steps': 300, 'proxy_mmd_lambda': 1.5, 'distill_weight': 1.5, 'temperature': 1.5, 'distill_layers': 'all', 'lr': 5e-05, 'weight_decay': 0.0001, 'max_epochs': 200, 'patience': 30, 'grad_clip': 1.0, 'batch_size': 256, 'num_workers': 4, 'device': 'cuda'}
Unknown args =  ['--no-use_lap_pe']
============================================================
Phase 2: Train with Attention Distillation
  distill_weight=1.5
  temperature=1.5
  distill_layers=[0]
  targets from: checkpoints_attn_distill_3/attn_targets.pkl
============================================================
  AttnTargetDataset: 10873 graphs with targets

Baseline (pretrained, no distillation):
  val_AP=0.6173  test_AP=0.5888
  Student trainable params: 967,690
Epoch   1/200 [28.7s] | task=0.1738 distill=2.6017 | train_AP=0.7021 val_AP=0.6110 test_AP=0.5816
  -> New best val_AP=0.6110 (test=0.5816)
Epoch   2/200 [28.8s] | task=0.1676 distill=2.6039 | train_AP=0.7203 val_AP=0.6061 test_AP=0.5811
Epoch   3/200 [28.1s] | task=0.1685 distill=2.6053 | train_AP=0.7172 val_AP=0.6045 test_AP=0.5824
Epoch   4/200 [28.6s] | task=0.1677 distill=2.5994 | train_AP=0.7191 val_AP=0.6044 test_AP=0.5787
Epoch   5/200 [29.3s] | task=0.1678 distill=2.6116 | train_AP=0.7185 val_AP=0.6041 test_AP=0.5827
Epoch   6/200 [28.7s] | task=0.1678 distill=2.6003 | train_AP=0.7199 val_AP=0.6111 test_AP=0.5814
  -> New best val_AP=0.6111 (test=0.5814)
Epoch   7/200 [29.3s] | task=0.1671 distill=2.6069 | train_AP=0.7226 val_AP=0.6043 test_AP=0.5827
Epoch   8/200 [28.1s] | task=0.1674 distill=2.6124 | train_AP=0.7186 val_AP=0.6052 test_AP=0.5786
Epoch   9/200 [28.1s] | task=0.1661 distill=2.6026 | train_AP=0.7223 val_AP=0.6077 test_AP=0.5872
Epoch  10/200 [28.5s] | task=0.1655 distill=2.6195 | train_AP=0.7247 val_AP=0.6037 test_AP=0.5867
Epoch  11/200 [29.2s] | task=0.1653 distill=2.5986 | train_AP=0.7294 val_AP=0.6205 test_AP=0.5875
  -> New best val_AP=0.6205 (test=0.5875)
Epoch  12/200 [29.4s] | task=0.1654 distill=2.6069 | train_AP=0.7252 val_AP=0.6066 test_AP=0.5818
Epoch  13/200 [30.6s] | task=0.1649 distill=2.5991 | train_AP=0.7251 val_AP=0.6142 test_AP=0.5854
Epoch  14/200 [29.9s] | task=0.1641 distill=2.5887 | train_AP=0.7256 val_AP=0.6048 test_AP=0.5808
Epoch  15/200 [27.9s] | task=0.1662 distill=2.6141 | train_AP=0.7252 val_AP=0.6139 test_AP=0.5870
Epoch  16/200 [28.1s] | task=0.1644 distill=2.5908 | train_AP=0.7273 val_AP=0.6090 test_AP=0.5856
Epoch  17/200 [29.1s] | task=0.1644 distill=2.6100 | train_AP=0.7299 val_AP=0.6044 test_AP=0.5781
Epoch  18/200 [28.9s] | task=0.1633 distill=2.5936 | train_AP=0.7292 val_AP=0.6076 test_AP=0.5823
Epoch  19/200 [29.5s] | task=0.1642 distill=2.5881 | train_AP=0.7307 val_AP=0.6113 test_AP=0.5865
Epoch  20/200 [27.4s] | task=0.1634 distill=2.5959 | train_AP=0.7269 val_AP=0.6129 test_AP=0.5872
Epoch  21/200 [28.3s] | task=0.1645 distill=2.5820 | train_AP=0.7280 val_AP=0.6107 test_AP=0.5863
Epoch  22/200 [29.0s] | task=0.1619 distill=2.5944 | train_AP=0.7310 val_AP=0.6104 test_AP=0.5854
Epoch  23/200 [29.1s] | task=0.1606 distill=2.5916 | train_AP=0.7400 val_AP=0.6094 test_AP=0.5874
Epoch  24/200 [28.9s] | task=0.1617 distill=2.5830 | train_AP=0.7362 val_AP=0.6108 test_AP=0.5876
Epoch  25/200 [30.8s] | task=0.1626 distill=2.5849 | train_AP=0.7330 val_AP=0.6152 test_AP=0.5884
Epoch  26/200 [30.0s] | task=0.1614 distill=2.5948 | train_AP=0.7342 val_AP=0.6111 test_AP=0.5870
Epoch  27/200 [29.0s] | task=0.1611 distill=2.5814 | train_AP=0.7347 val_AP=0.6145 test_AP=0.5888
Epoch  28/200 [29.2s] | task=0.1591 distill=2.5936 | train_AP=0.7383 val_AP=0.6081 test_AP=0.5888
Epoch  29/200 [28.7s] | task=0.1603 distill=2.5884 | train_AP=0.7410 val_AP=0.6107 test_AP=0.5877
Epoch  30/200 [28.6s] | task=0.1603 distill=2.6019 | train_AP=0.7371 val_AP=0.6162 test_AP=0.5893
Epoch  31/200 [29.0s] | task=0.1582 distill=2.5997 | train_AP=0.7423 val_AP=0.6102 test_AP=0.5872
Epoch  32/200 [28.8s] | task=0.1589 distill=2.5959 | train_AP=0.7370 val_AP=0.6111 test_AP=0.5878
Epoch  33/200 [28.9s] | task=0.1580 distill=2.5922 | train_AP=0.7440 val_AP=0.6108 test_AP=0.5863
Epoch  34/200 [29.4s] | task=0.1586 distill=2.5996 | train_AP=0.7408 val_AP=0.6096 test_AP=0.5880
Epoch  35/200 [29.0s] | task=0.1575 distill=2.5958 | train_AP=0.7452 val_AP=0.6095 test_AP=0.5887
Epoch  36/200 [29.2s] | task=0.1581 distill=2.6027 | train_AP=0.7413 val_AP=0.6131 test_AP=0.5882
Epoch  37/200 [28.4s] | task=0.1579 distill=2.6112 | train_AP=0.7449 val_AP=0.6160 test_AP=0.5933
Epoch  38/200 [28.2s] | task=0.1563 distill=2.5776 | train_AP=0.7463 val_AP=0.6132 test_AP=0.5914
Epoch  39/200 [28.1s] | task=0.1566 distill=2.5987 | train_AP=0.7447 val_AP=0.6123 test_AP=0.5890
Epoch  40/200 [28.9s] | task=0.1573 distill=2.5999 | train_AP=0.7457 val_AP=0.6060 test_AP=0.5907
Epoch  41/200 [28.4s] | task=0.1557 distill=2.5975 | train_AP=0.7482 val_AP=0.6128 test_AP=0.5936
Early stopping at epoch 41.

Done. Baseline val_AP=0.6173 | Best distilled val_AP=0.6205 at epoch 11
+ python exp_attn_distillation_2.py train --model_path checkpoints_attn_distill_3/pretrain_best.pt --save_dir checkpoints_attn_distill_3 --num_layers 1 --num_heads 8 --no-use_lap_pe --warmup_ratio 0.0 --num_cross_layers 1 --no-use_proxy_self_attn --proxy_mmd_lambda 1.5 --proxy_opt_steps 500 --distill_weight 1.1 --temperature 1 --hidden_dim 256 --patience 50 --lr 8e-5
{'phase': 'train', 'model_path': 'checkpoints_attn_distill_3/pretrain_best.pt', 'save_dir': 'checkpoints_attn_distill_3', 'hidden_dim': 256, 'num_layers': 1, 'num_heads': 8, 'output_dim': 10, 'dropout': 0.1, 's1_lr': 3e-05, 's1_weight_decay': 0.0003, 's1_max_epochs': 300, 's1_patience': 50, 's1_grad_clip': 1.0, 'warmup_ratio': 0.0, 'lr_min': 1e-07, 'num_cross_layers': 1, 'use_proxy_self_attn': False, 'num_proxies': 64, 'proxy_lr': 0.05, 'proxy_opt_steps': 500, 'proxy_mmd_lambda': 1.5, 'distill_weight': 1.1, 'temperature': 1.0, 'distill_layers': 'all', 'lr': 8e-05, 'weight_decay': 0.0001, 'max_epochs': 200, 'patience': 50, 'grad_clip': 1.0, 'batch_size': 256, 'num_workers': 4, 'device': 'cuda'}
Unknown args =  ['--no-use_lap_pe']
============================================================
Phase 2: Train with Attention Distillation
  distill_weight=1.1
  temperature=1.0
  distill_layers=[0]
  targets from: checkpoints_attn_distill_3/attn_targets.pkl
============================================================
  AttnTargetDataset: 10873 graphs with targets

Baseline (pretrained, no distillation):
  val_AP=0.6173  test_AP=0.5888
  Student trainable params: 967,690
Epoch   1/200 [26.6s] | task=0.1851 distill=4.7069 | train_AP=0.6781 val_AP=0.6046 test_AP=0.5766
  -> New best val_AP=0.6046 (test=0.5766)
Epoch   2/200 [24.6s] | task=0.1716 distill=4.6972 | train_AP=0.7091 val_AP=0.6061 test_AP=0.5712
  -> New best val_AP=0.6061 (test=0.5712)
Epoch   3/200 [24.9s] | task=0.1727 distill=4.6731 | train_AP=0.7099 val_AP=0.6087 test_AP=0.5815
  -> New best val_AP=0.6087 (test=0.5815)
Epoch   4/200 [25.8s] | task=0.1726 distill=4.7005 | train_AP=0.7081 val_AP=0.5935 test_AP=0.5742
Epoch   5/200 [24.7s] | task=0.1703 distill=4.6756 | train_AP=0.7136 val_AP=0.6103 test_AP=0.5832
  -> New best val_AP=0.6103 (test=0.5832)
Epoch   6/200 [25.2s] | task=0.1705 distill=4.6742 | train_AP=0.7137 val_AP=0.6019 test_AP=0.5794
Epoch   7/200 [24.5s] | task=0.1710 distill=4.6642 | train_AP=0.7118 val_AP=0.5989 test_AP=0.5779
Epoch   8/200 [24.5s] | task=0.1699 distill=4.6503 | train_AP=0.7132 val_AP=0.5990 test_AP=0.5770
Epoch   9/200 [24.2s] | task=0.1692 distill=4.6755 | train_AP=0.7152 val_AP=0.6076 test_AP=0.5803
Epoch  10/200 [25.8s] | task=0.1696 distill=4.6390 | train_AP=0.7163 val_AP=0.6068 test_AP=0.5782
Epoch  11/200 [24.4s] | task=0.1693 distill=4.6499 | train_AP=0.7132 val_AP=0.6033 test_AP=0.5812
Epoch  12/200 [24.6s] | task=0.1666 distill=4.6492 | train_AP=0.7208 val_AP=0.6054 test_AP=0.5804
Epoch  13/200 [24.8s] | task=0.1680 distill=4.6370 | train_AP=0.7210 val_AP=0.6123 test_AP=0.5854
  -> New best val_AP=0.6123 (test=0.5854)
Epoch  14/200 [25.0s] | task=0.1690 distill=4.6592 | train_AP=0.7176 val_AP=0.6034 test_AP=0.5822
Epoch  15/200 [24.8s] | task=0.1674 distill=4.6639 | train_AP=0.7213 val_AP=0.6131 test_AP=0.5839
  -> New best val_AP=0.6131 (test=0.5839)
Epoch  16/200 [24.4s] | task=0.1668 distill=4.6868 | train_AP=0.7239 val_AP=0.6029 test_AP=0.5809
Epoch  17/200 [24.4s] | task=0.1661 distill=4.6736 | train_AP=0.7232 val_AP=0.6145 test_AP=0.5857
  -> New best val_AP=0.6145 (test=0.5857)
Epoch  18/200 [24.8s] | task=0.1657 distill=4.6326 | train_AP=0.7264 val_AP=0.6029 test_AP=0.5811
Epoch  19/200 [24.2s] | task=0.1652 distill=4.6868 | train_AP=0.7256 val_AP=0.6092 test_AP=0.5869
Epoch  20/200 [25.0s] | task=0.1652 distill=4.6764 | train_AP=0.7272 val_AP=0.6039 test_AP=0.5847
Epoch  21/200 [25.0s] | task=0.1655 distill=4.6486 | train_AP=0.7232 val_AP=0.6134 test_AP=0.5880
Epoch  22/200 [24.6s] | task=0.1643 distill=4.6716 | train_AP=0.7276 val_AP=0.6145 test_AP=0.5909
Epoch  23/200 [24.2s] | task=0.1636 distill=4.6699 | train_AP=0.7299 val_AP=0.6109 test_AP=0.5816
Epoch  24/200 [25.0s] | task=0.1635 distill=4.6461 | train_AP=0.7284 val_AP=0.6114 test_AP=0.5875
Epoch  25/200 [24.9s] | task=0.1621 distill=4.6669 | train_AP=0.7351 val_AP=0.6111 test_AP=0.5890
Epoch  26/200 [24.9s] | task=0.1633 distill=4.6459 | train_AP=0.7296 val_AP=0.6120 test_AP=0.5918
Epoch  27/200 [24.6s] | task=0.1623 distill=4.6524 | train_AP=0.7333 val_AP=0.6083 test_AP=0.5888
Epoch  28/200 [24.8s] | task=0.1611 distill=4.6311 | train_AP=0.7321 val_AP=0.6166 test_AP=0.5857
  -> New best val_AP=0.6166 (test=0.5857)
Epoch  29/200 [25.1s] | task=0.1617 distill=4.6345 | train_AP=0.7320 val_AP=0.6141 test_AP=0.5916
Epoch  30/200 [24.6s] | task=0.1606 distill=4.6666 | train_AP=0.7361 val_AP=0.6030 test_AP=0.5809
Epoch  31/200 [25.0s] | task=0.1613 distill=4.6356 | train_AP=0.7379 val_AP=0.6052 test_AP=0.5820
Epoch  32/200 [24.6s] | task=0.1606 distill=4.6791 | train_AP=0.7371 val_AP=0.6165 test_AP=0.5897
Epoch  33/200 [24.7s] | task=0.1591 distill=4.6568 | train_AP=0.7389 val_AP=0.6154 test_AP=0.5869
Epoch  34/200 [24.7s] | task=0.1586 distill=4.6556 | train_AP=0.7419 val_AP=0.6106 test_AP=0.5856
Epoch  35/200 [26.0s] | task=0.1574 distill=4.6819 | train_AP=0.7427 val_AP=0.6147 test_AP=0.5926
Epoch  36/200 [25.4s] | task=0.1583 distill=4.6054 | train_AP=0.7412 val_AP=0.6156 test_AP=0.5900
Epoch  37/200 [24.7s] | task=0.1570 distill=4.6374 | train_AP=0.7436 val_AP=0.6085 test_AP=0.5875
Epoch  38/200 [24.7s] | task=0.1580 distill=4.6496 | train_AP=0.7415 val_AP=0.6102 test_AP=0.5933
Epoch  39/200 [24.9s] | task=0.1562 distill=4.6458 | train_AP=0.7456 val_AP=0.6146 test_AP=0.5880
Epoch  40/200 [25.2s] | task=0.1555 distill=4.6206 | train_AP=0.7513 val_AP=0.6056 test_AP=0.5929
Epoch  41/200 [24.0s] | task=0.1552 distill=4.6300 | train_AP=0.7491 val_AP=0.6188 test_AP=0.5931
  -> New best val_AP=0.6188 (test=0.5931)
Epoch  42/200 [24.3s] | task=0.1545 distill=4.6642 | train_AP=0.7479 val_AP=0.6188 test_AP=0.5967
Epoch  43/200 [24.2s] | task=0.1539 distill=4.6117 | train_AP=0.7489 val_AP=0.6098 test_AP=0.5906
Epoch  44/200 [24.8s] | task=0.1544 distill=4.6568 | train_AP=0.7497 val_AP=0.6111 test_AP=0.5898
Epoch  45/200 [24.8s] | task=0.1533 distill=4.6400 | train_AP=0.7532 val_AP=0.6200 test_AP=0.5890
  -> New best val_AP=0.6200 (test=0.5890)
Epoch  46/200 [25.3s] | task=0.1536 distill=4.6380 | train_AP=0.7530 val_AP=0.6123 test_AP=0.5905
Epoch  47/200 [25.0s] | task=0.1511 distill=4.6352 | train_AP=0.7592 val_AP=0.6115 test_AP=0.5927
Epoch  48/200 [24.5s] | task=0.1523 distill=4.5975 | train_AP=0.7536 val_AP=0.6165 test_AP=0.5955
Epoch  49/200 [24.4s] | task=0.1511 distill=4.5861 | train_AP=0.7563 val_AP=0.6157 test_AP=0.5910
Epoch  50/200 [23.9s] | task=0.1512 distill=4.6074 | train_AP=0.7592 val_AP=0.6152 test_AP=0.5901
Epoch  51/200 [24.1s] | task=0.1501 distill=4.6093 | train_AP=0.7578 val_AP=0.6226 test_AP=0.5962
  -> New best val_AP=0.6226 (test=0.5962)
Epoch  52/200 [24.6s] | task=0.1496 distill=4.5779 | train_AP=0.7629 val_AP=0.6139 test_AP=0.5946
Epoch  53/200 [24.3s] | task=0.1485 distill=4.5784 | train_AP=0.7669 val_AP=0.6180 test_AP=0.5917
Epoch  54/200 [24.7s] | task=0.1510 distill=4.5761 | train_AP=0.7569 val_AP=0.6134 test_AP=0.5897
Epoch  55/200 [24.9s] | task=0.1484 distill=4.5951 | train_AP=0.7647 val_AP=0.6113 test_AP=0.5947
Epoch  56/200 [24.3s] | task=0.1487 distill=4.6029 | train_AP=0.7664 val_AP=0.6122 test_AP=0.5912
Epoch  57/200 [24.4s] | task=0.1475 distill=4.5915 | train_AP=0.7679 val_AP=0.6175 test_AP=0.5940
Epoch  58/200 [24.9s] | task=0.1472 distill=4.6088 | train_AP=0.7648 val_AP=0.6212 test_AP=0.5950
Epoch  59/200 [25.0s] | task=0.1464 distill=4.5946 | train_AP=0.7679 val_AP=0.6180 test_AP=0.5987
Epoch  60/200 [24.4s] | task=0.1468 distill=4.5837 | train_AP=0.7680 val_AP=0.6167 test_AP=0.5912
Epoch  61/200 [25.3s] | task=0.1454 distill=4.5890 | train_AP=0.7702 val_AP=0.6233 test_AP=0.5985
  -> New best val_AP=0.6233 (test=0.5985)
Epoch  62/200 [24.8s] | task=0.1446 distill=4.5903 | train_AP=0.7721 val_AP=0.6114 test_AP=0.5916
Epoch  63/200 [24.4s] | task=0.1436 distill=4.6215 | train_AP=0.7732 val_AP=0.6187 test_AP=0.5941
Epoch  64/200 [25.2s] | task=0.1426 distill=4.5731 | train_AP=0.7732 val_AP=0.6220 test_AP=0.6033
Epoch  65/200 [24.8s] | task=0.1444 distill=4.5916 | train_AP=0.7736 val_AP=0.6197 test_AP=0.5988
Epoch  66/200 [25.6s] | task=0.1416 distill=4.5895 | train_AP=0.7767 val_AP=0.6134 test_AP=0.5956
Epoch  67/200 [25.2s] | task=0.1417 distill=4.6071 | train_AP=0.7784 val_AP=0.6133 test_AP=0.5925
Epoch  68/200 [24.8s] | task=0.1421 distill=4.5711 | train_AP=0.7787 val_AP=0.6218 test_AP=0.5995
Epoch  69/200 [24.3s] | task=0.1425 distill=4.5874 | train_AP=0.7768 val_AP=0.6092 test_AP=0.5860
Epoch  70/200 [25.4s] | task=0.1423 distill=4.6195 | train_AP=0.7782 val_AP=0.6189 test_AP=0.5940
Epoch  71/200 [25.7s] | task=0.1405 distill=4.5844 | train_AP=0.7808 val_AP=0.6110 test_AP=0.5949
Epoch  72/200 [24.8s] | task=0.1395 distill=4.5819 | train_AP=0.7824 val_AP=0.6208 test_AP=0.5978
Epoch  73/200 [24.8s] | task=0.1397 distill=4.6056 | train_AP=0.7828 val_AP=0.6179 test_AP=0.5983
Epoch  74/200 [25.0s] | task=0.1389 distill=4.5767 | train_AP=0.7855 val_AP=0.6102 test_AP=0.5938
Epoch  75/200 [25.4s] | task=0.1388 distill=4.5821 | train_AP=0.7839 val_AP=0.6148 test_AP=0.6020
Epoch  76/200 [25.4s] | task=0.1373 distill=4.5748 | train_AP=0.7862 val_AP=0.6182 test_AP=0.6005
Epoch  77/200 [25.5s] | task=0.1366 distill=4.5805 | train_AP=0.7870 val_AP=0.6222 test_AP=0.6012
Epoch  78/200 [25.5s] | task=0.1367 distill=4.5732 | train_AP=0.7881 val_AP=0.6194 test_AP=0.5980
Epoch  79/200 [24.4s] | task=0.1360 distill=4.5550 | train_AP=0.7906 val_AP=0.6163 test_AP=0.5959
Epoch  80/200 [24.5s] | task=0.1359 distill=4.5732 | train_AP=0.7905 val_AP=0.6212 test_AP=0.6009
Epoch  81/200 [24.8s] | task=0.1354 distill=4.5838 | train_AP=0.7945 val_AP=0.6173 test_AP=0.5919
Epoch  82/200 [24.5s] | task=0.1355 distill=4.5799 | train_AP=0.7921 val_AP=0.6161 test_AP=0.5982
Epoch  83/200 [25.0s] | task=0.1348 distill=4.5697 | train_AP=0.7914 val_AP=0.6198 test_AP=0.6019
Epoch  84/200 [25.0s] | task=0.1337 distill=4.5521 | train_AP=0.7927 val_AP=0.6155 test_AP=0.5987
Epoch  85/200 [24.6s] | task=0.1339 distill=4.5459 | train_AP=0.7955 val_AP=0.6202 test_AP=0.6025
Epoch  86/200 [25.2s] | task=0.1328 distill=4.5512 | train_AP=0.7978 val_AP=0.6222 test_AP=0.5995
Epoch  87/200 [24.6s] | task=0.1333 distill=4.5642 | train_AP=0.7966 val_AP=0.6214 test_AP=0.5987
Epoch  88/200 [25.8s] | task=0.1331 distill=4.5697 | train_AP=0.7967 val_AP=0.6188 test_AP=0.6009
Epoch  89/200 [25.5s] | task=0.1319 distill=4.5638 | train_AP=0.7991 val_AP=0.6196 test_AP=0.6020
Epoch  90/200 [25.3s] | task=0.1311 distill=4.5806 | train_AP=0.8009 val_AP=0.6182 test_AP=0.6012
Epoch  91/200 [24.6s] | task=0.1310 distill=4.5593 | train_AP=0.7978 val_AP=0.6173 test_AP=0.5968
Epoch  92/200 [24.5s] | task=0.1316 distill=4.5676 | train_AP=0.7981 val_AP=0.6167 test_AP=0.5973
Epoch  93/200 [25.0s] | task=0.1295 distill=4.5547 | train_AP=0.8035 val_AP=0.6182 test_AP=0.6033
Epoch  94/200 [24.7s] | task=0.1300 distill=4.5830 | train_AP=0.8048 val_AP=0.6213 test_AP=0.6015
Epoch  95/200 [24.4s] | task=0.1305 distill=4.5600 | train_AP=0.8064 val_AP=0.6224 test_AP=0.6051
Epoch  96/200 [24.1s] | task=0.1291 distill=4.5757 | train_AP=0.8054 val_AP=0.6207 test_AP=0.6008
Epoch  97/200 [25.4s] | task=0.1290 distill=4.5753 | train_AP=0.8028 val_AP=0.6233 test_AP=0.6032
Epoch  98/200 [25.1s] | task=0.1277 distill=4.5660 | train_AP=0.8060 val_AP=0.6141 test_AP=0.5966
Epoch  99/200 [24.7s] | task=0.1277 distill=4.5486 | train_AP=0.8071 val_AP=0.6200 test_AP=0.6027
Epoch 100/200 [24.9s] | task=0.1275 distill=4.5643 | train_AP=0.8099 val_AP=0.6198 test_AP=0.5971
Epoch 101/200 [25.1s] | task=0.1274 distill=4.5638 | train_AP=0.8100 val_AP=0.6253 test_AP=0.6048
  -> New best val_AP=0.6253 (test=0.6048)
Epoch 102/200 [24.3s] | task=0.1271 distill=4.5679 | train_AP=0.8094 val_AP=0.6205 test_AP=0.6051
Epoch 103/200 [24.9s] | task=0.1271 distill=4.5498 | train_AP=0.8078 val_AP=0.6183 test_AP=0.6015
Epoch 104/200 [25.3s] | task=0.1269 distill=4.5589 | train_AP=0.8087 val_AP=0.6224 test_AP=0.6021
Epoch 105/200 [24.5s] | task=0.1250 distill=4.5516 | train_AP=0.8128 val_AP=0.6233 test_AP=0.6030
Epoch 106/200 [24.9s] | task=0.1242 distill=4.5567 | train_AP=0.8124 val_AP=0.6145 test_AP=0.5983
Epoch 107/200 [24.9s] | task=0.1254 distill=4.5640 | train_AP=0.8118 val_AP=0.6226 test_AP=0.6019
Epoch 108/200 [25.4s] | task=0.1246 distill=4.5562 | train_AP=0.8128 val_AP=0.6206 test_AP=0.6058
Epoch 109/200 [24.7s] | task=0.1245 distill=4.5521 | train_AP=0.8142 val_AP=0.6174 test_AP=0.5979
Epoch 110/200 [25.0s] | task=0.1234 distill=4.5590 | train_AP=0.8152 val_AP=0.6238 test_AP=0.6073
Epoch 111/200 [24.9s] | task=0.1241 distill=4.5571 | train_AP=0.8131 val_AP=0.6200 test_AP=0.6044
Epoch 112/200 [26.3s] | task=0.1234 distill=4.5764 | train_AP=0.8152 val_AP=0.6201 test_AP=0.6002
Epoch 113/200 [25.5s] | task=0.1240 distill=4.5467 | train_AP=0.8169 val_AP=0.6163 test_AP=0.6022
Epoch 114/200 [24.7s] | task=0.1229 distill=4.5585 | train_AP=0.8181 val_AP=0.6222 test_AP=0.6021
Epoch 115/200 [25.0s] | task=0.1226 distill=4.5591 | train_AP=0.8200 val_AP=0.6195 test_AP=0.6008
Epoch 116/200 [25.3s] | task=0.1215 distill=4.5710 | train_AP=0.8192 val_AP=0.6184 test_AP=0.6005
Epoch 117/200 [25.2s] | task=0.1212 distill=4.5560 | train_AP=0.8197 val_AP=0.6226 test_AP=0.6044
Epoch 118/200 [24.5s] | task=0.1213 distill=4.5720 | train_AP=0.8217 val_AP=0.6242 test_AP=0.5983
Epoch 119/200 [24.5s] | task=0.1208 distill=4.5473 | train_AP=0.8214 val_AP=0.6233 test_AP=0.6078
Epoch 120/200 [24.5s] | task=0.1206 distill=4.5510 | train_AP=0.8228 val_AP=0.6218 test_AP=0.6075
Epoch 121/200 [25.2s] | task=0.1206 distill=4.5473 | train_AP=0.8209 val_AP=0.6222 test_AP=0.6055
Epoch 122/200 [24.3s] | task=0.1203 distill=4.5616 | train_AP=0.8214 val_AP=0.6243 test_AP=0.6059
Epoch 123/200 [25.2s] | task=0.1203 distill=4.5689 | train_AP=0.8213 val_AP=0.6209 test_AP=0.6003
Epoch 124/200 [25.3s] | task=0.1202 distill=4.5537 | train_AP=0.8235 val_AP=0.6194 test_AP=0.6009
Epoch 125/200 [25.1s] | task=0.1188 distill=4.5567 | train_AP=0.8244 val_AP=0.6209 test_AP=0.6050
Epoch 126/200 [24.6s] | task=0.1186 distill=4.5671 | train_AP=0.8269 val_AP=0.6224 test_AP=0.6070
Epoch 127/200 [25.2s] | task=0.1191 distill=4.5285 | train_AP=0.8264 val_AP=0.6266 test_AP=0.6084
  -> New best val_AP=0.6266 (test=0.6084)
Epoch 128/200 [25.1s] | task=0.1178 distill=4.5390 | train_AP=0.8271 val_AP=0.6274 test_AP=0.6079
  -> New best val_AP=0.6274 (test=0.6079)
Epoch 129/200 [24.6s] | task=0.1176 distill=4.5564 | train_AP=0.8288 val_AP=0.6240 test_AP=0.6050
Epoch 130/200 [24.9s] | task=0.1179 distill=4.5262 | train_AP=0.8291 val_AP=0.6208 test_AP=0.6046
Epoch 131/200 [25.4s] | task=0.1170 distill=4.5639 | train_AP=0.8276 val_AP=0.6244 test_AP=0.6061
Epoch 132/200 [25.2s] | task=0.1170 distill=4.5364 | train_AP=0.8299 val_AP=0.6231 test_AP=0.6082
Epoch 133/200 [25.3s] | task=0.1172 distill=4.5585 | train_AP=0.8309 val_AP=0.6210 test_AP=0.6065
Epoch 134/200 [25.5s] | task=0.1167 distill=4.5670 | train_AP=0.8274 val_AP=0.6224 test_AP=0.6037
Epoch 135/200 [25.3s] | task=0.1163 distill=4.5498 | train_AP=0.8316 val_AP=0.6231 test_AP=0.6040
Epoch 136/200 [25.3s] | task=0.1157 distill=4.5485 | train_AP=0.8334 val_AP=0.6253 test_AP=0.6070
Epoch 137/200 [25.4s] | task=0.1161 distill=4.5583 | train_AP=0.8302 val_AP=0.6249 test_AP=0.6066
Epoch 138/200 [25.4s] | task=0.1160 distill=4.5457 | train_AP=0.8308 val_AP=0.6223 test_AP=0.6063
Epoch 139/200 [24.5s] | task=0.1161 distill=4.5527 | train_AP=0.8291 val_AP=0.6235 test_AP=0.6027
Epoch 140/200 [24.3s] | task=0.1160 distill=4.5362 | train_AP=0.8318 val_AP=0.6221 test_AP=0.6062
Epoch 141/200 [25.7s] | task=0.1146 distill=4.5456 | train_AP=0.8348 val_AP=0.6248 test_AP=0.6050
Epoch 142/200 [25.4s] | task=0.1148 distill=4.5403 | train_AP=0.8326 val_AP=0.6249 test_AP=0.6050
Epoch 143/200 [24.8s] | task=0.1153 distill=4.5509 | train_AP=0.8322 val_AP=0.6232 test_AP=0.6056
Epoch 144/200 [24.6s] | task=0.1143 distill=4.5338 | train_AP=0.8349 val_AP=0.6244 test_AP=0.6066
Epoch 145/200 [24.6s] | task=0.1143 distill=4.5462 | train_AP=0.8356 val_AP=0.6239 test_AP=0.6042
Epoch 146/200 [24.8s] | task=0.1143 distill=4.5580 | train_AP=0.8339 val_AP=0.6245 test_AP=0.6070
Epoch 147/200 [25.2s] | task=0.1141 distill=4.5392 | train_AP=0.8358 val_AP=0.6233 test_AP=0.6037
Epoch 148/200 [24.7s] | task=0.1134 distill=4.5296 | train_AP=0.8375 val_AP=0.6258 test_AP=0.6060
Epoch 149/200 [24.5s] | task=0.1134 distill=4.5448 | train_AP=0.8374 val_AP=0.6236 test_AP=0.6067
Epoch 150/200 [24.8s] | task=0.1130 distill=4.5381 | train_AP=0.8389 val_AP=0.6248 test_AP=0.6064
Epoch 151/200 [25.6s] | task=0.1129 distill=4.5464 | train_AP=0.8361 val_AP=0.6223 test_AP=0.6055
Epoch 152/200 [24.1s] | task=0.1130 distill=4.5380 | train_AP=0.8358 val_AP=0.6232 test_AP=0.6046
Epoch 153/200 [24.4s] | task=0.1132 distill=4.5458 | train_AP=0.8381 val_AP=0.6259 test_AP=0.6055
Epoch 154/200 [24.4s] | task=0.1131 distill=4.5423 | train_AP=0.8376 val_AP=0.6264 test_AP=0.6077
Epoch 155/200 [24.0s] | task=0.1121 distill=4.5362 | train_AP=0.8381 val_AP=0.6242 test_AP=0.6055
Epoch 156/200 [24.2s] | task=0.1124 distill=4.5495 | train_AP=0.8398 val_AP=0.6262 test_AP=0.6069
Epoch 157/200 [25.5s] | task=0.1124 distill=4.5428 | train_AP=0.8401 val_AP=0.6214 test_AP=0.6054
Epoch 158/200 [24.5s] | task=0.1118 distill=4.5353 | train_AP=0.8405 val_AP=0.6247 test_AP=0.6063
Epoch 159/200 [24.3s] | task=0.1123 distill=4.5405 | train_AP=0.8382 val_AP=0.6265 test_AP=0.6056
Epoch 160/200 [24.8s] | task=0.1121 distill=4.5521 | train_AP=0.8400 val_AP=0.6254 test_AP=0.6057
Epoch 161/200 [25.3s] | task=0.1111 distill=4.5389 | train_AP=0.8421 val_AP=0.6253 test_AP=0.6057
Epoch 162/200 [25.0s] | task=0.1114 distill=4.5431 | train_AP=0.8412 val_AP=0.6260 test_AP=0.6079
Epoch 163/200 [24.9s] | task=0.1110 distill=4.5422 | train_AP=0.8419 val_AP=0.6254 test_AP=0.6070
Epoch 164/200 [24.8s] | task=0.1110 distill=4.5326 | train_AP=0.8414 val_AP=0.6258 test_AP=0.6069
Epoch 165/200 [24.9s] | task=0.1110 distill=4.5351 | train_AP=0.8417 val_AP=0.6257 test_AP=0.6061
Epoch 166/200 [25.1s] | task=0.1113 distill=4.5356 | train_AP=0.8399 val_AP=0.6258 test_AP=0.6081
Epoch 167/200 [24.7s] | task=0.1103 distill=4.5388 | train_AP=0.8412 val_AP=0.6247 test_AP=0.6067
Epoch 168/200 [25.3s] | task=0.1107 distill=4.5460 | train_AP=0.8438 val_AP=0.6251 test_AP=0.6079
Epoch 169/200 [24.9s] | task=0.1105 distill=4.5377 | train_AP=0.8432 val_AP=0.6259 test_AP=0.6073
Epoch 170/200 [24.4s] | task=0.1114 distill=4.5419 | train_AP=0.8394 val_AP=0.6248 test_AP=0.6071
Epoch 171/200 [24.9s] | task=0.1104 distill=4.5404 | train_AP=0.8425 val_AP=0.6254 test_AP=0.6074
Epoch 172/200 [25.1s] | task=0.1095 distill=4.5374 | train_AP=0.8452 val_AP=0.6256 test_AP=0.6088
Epoch 173/200 [25.1s] | task=0.1095 distill=4.5419 | train_AP=0.8449 val_AP=0.6254 test_AP=0.6078
Epoch 174/200 [24.8s] | task=0.1096 distill=4.5388 | train_AP=0.8454 val_AP=0.6252 test_AP=0.6076
Epoch 175/200 [25.8s] | task=0.1099 distill=4.5390 | train_AP=0.8469 val_AP=0.6255 test_AP=0.6058
Epoch 176/200 [25.1s] | task=0.1101 distill=4.5415 | train_AP=0.8420 val_AP=0.6244 test_AP=0.6080
Epoch 177/200 [25.5s] | task=0.1097 distill=4.5366 | train_AP=0.8437 val_AP=0.6248 test_AP=0.6068
Epoch 178/200 [24.9s] | task=0.1094 distill=4.5383 | train_AP=0.8429 val_AP=0.6249 test_AP=0.6060
Early stopping at epoch 178.

Done. Baseline val_AP=0.6173 | Best distilled val_AP=0.6274 at epoch 128
