+ save_dir=checkpoints_attn_distill_5
+ python exp_attn_distillation_2.py pretrain --hidden_dim 64 --save_dir checkpoints_attn_distill_5 --num_layers 1 --num_heads 16 --proxy_lr 8e-2 --no-use_lap_pe --warmup_ratio 0.05 --num_cross_layers 1 --no-use_proxy_self_attn --proxy_mmd_lambda 1.5 --proxy_opt_steps 1000 --distill_weight 1 --temperature 2 --s1_max_epochs 1000 --s1_weight_decay 5e-4 --batch_size 128 --num_proxies 4 --dropout 0.2
{'phase': 'pretrain', 'model_path': None, 'save_dir': 'checkpoints_attn_distill_5', 'hidden_dim': 64, 'num_layers': 1, 'num_heads': 16, 'output_dim': 10, 'dropout': 0.2, 's1_lr': 3e-05, 's1_weight_decay': 0.0005, 's1_max_epochs': 1000, 's1_patience': 50, 's1_grad_clip': 1.0, 'warmup_ratio': 0.05, 'lr_min': 1e-07, 'num_cross_layers': 1, 'use_proxy_self_attn': False, 'num_proxies': 4, 'proxy_lr': 0.08, 'proxy_opt_steps': 1000, 'proxy_mmd_lambda': 1.5, 'distill_weight': 1.0, 'temperature': 2.0, 'distill_layers': 'all', 'lr': 5e-05, 'weight_decay': 0.0001, 'max_epochs': 200, 'patience': 30, 'grad_clip': 1.0, 'batch_size': 128, 'num_workers': 4, 'device': 'cuda'}
Unknown args =  ['--no-use_lap_pe']

============================================================
PRETRAIN: Train Graph Transformer from scratch
  hidden_dim=64, num_layers=1, num_heads=16
  s1_lr=3e-05, s1_weight_decay=0.0005, dropout=0.2
  s1_max_epochs=1000, s1_patience=50
============================================================
  Parameters: 69,898
Epoch   1/1000 [9.9s mem=8466MB] | train_loss=0.7064 train_AP=0.1645 | val_loss=0.7056 val_AP=0.1704
  -> New best: val_loss=0.7056 val_AP=0.1704, saved
Epoch   2/1000 [9.1s mem=8464MB] | train_loss=0.7046 train_AP=0.1654 | val_loss=0.7029 val_AP=0.1708
  -> New best: val_loss=0.7029 val_AP=0.1708, saved
Epoch   3/1000 [9.3s mem=8464MB] | train_loss=0.7007 train_AP=0.1646 | val_loss=0.6970 val_AP=0.1715
  -> New best: val_loss=0.6970 val_AP=0.1715, saved
Epoch   4/1000 [9.3s mem=8463MB] | train_loss=0.6941 train_AP=0.1675 | val_loss=0.6895 val_AP=0.1727
  -> New best: val_loss=0.6895 val_AP=0.1727, saved
Epoch   5/1000 [8.9s mem=8464MB] | train_loss=0.6866 train_AP=0.1634 | val_loss=0.6807 val_AP=0.1686
  -> New best: val_loss=0.6807 val_AP=0.1727, saved
Epoch   6/1000 [9.0s mem=8464MB] | train_loss=0.6777 train_AP=0.1652 | val_loss=0.6709 val_AP=0.1698
  -> New best: val_loss=0.6709 val_AP=0.1727, saved
Epoch   7/1000 [9.0s mem=8464MB] | train_loss=0.6680 train_AP=0.1648 | val_loss=0.6602 val_AP=0.1725
  -> New best: val_loss=0.6602 val_AP=0.1727, saved
Epoch   8/1000 [8.9s mem=8464MB] | train_loss=0.6570 train_AP=0.1656 | val_loss=0.6473 val_AP=0.1785
  -> New best: val_loss=0.6473 val_AP=0.1785, saved
Epoch   9/1000 [9.1s mem=8463MB] | train_loss=0.6430 train_AP=0.1665 | val_loss=0.6307 val_AP=0.1784
  -> New best: val_loss=0.6307 val_AP=0.1785, saved
Epoch  10/1000 [8.9s mem=8465MB] | train_loss=0.6254 train_AP=0.1655 | val_loss=0.6097 val_AP=0.1782 | test_AP=0.1792
  -> New best: val_loss=0.6097 val_AP=0.1785, saved
Epoch  11/1000 [9.0s mem=8463MB] | train_loss=0.6045 train_AP=0.1647 | val_loss=0.5849 val_AP=0.1789
  -> New best: val_loss=0.5849 val_AP=0.1789, saved
Epoch  12/1000 [8.7s mem=8463MB] | train_loss=0.5793 train_AP=0.1663 | val_loss=0.5556 val_AP=0.1834
  -> New best: val_loss=0.5556 val_AP=0.1834, saved
Epoch  13/1000 [9.0s mem=8463MB] | train_loss=0.5504 train_AP=0.1650 | val_loss=0.5220 val_AP=0.1841
  -> New best: val_loss=0.5220 val_AP=0.1841, saved
Epoch  14/1000 [8.9s mem=8465MB] | train_loss=0.5192 train_AP=0.1669 | val_loss=0.4869 val_AP=0.1841
  -> New best: val_loss=0.4869 val_AP=0.1841, saved
Epoch  15/1000 [9.2s mem=8463MB] | train_loss=0.4879 train_AP=0.1659 | val_loss=0.4537 val_AP=0.1837
  -> New best: val_loss=0.4537 val_AP=0.1841, saved
Epoch  16/1000 [9.4s mem=8463MB] | train_loss=0.4598 train_AP=0.1656 | val_loss=0.4257 val_AP=0.1853
  -> New best: val_loss=0.4257 val_AP=0.1853, saved
Epoch  17/1000 [9.2s mem=8464MB] | train_loss=0.4377 train_AP=0.1666 | val_loss=0.4044 val_AP=0.1865
  -> New best: val_loss=0.4044 val_AP=0.1865, saved
Epoch  18/1000 [9.3s mem=8466MB] | train_loss=0.4215 train_AP=0.1656 | val_loss=0.3881 val_AP=0.1871
  -> New best: val_loss=0.3881 val_AP=0.1871, saved
Epoch  19/1000 [8.9s mem=8463MB] | train_loss=0.4073 train_AP=0.1668 | val_loss=0.3775 val_AP=0.1905
  -> New best: val_loss=0.3775 val_AP=0.1905, saved
Epoch  20/1000 [8.9s mem=8464MB] | train_loss=0.3996 train_AP=0.1656 | val_loss=0.3698 val_AP=0.1902 | test_AP=0.1892
  -> New best: val_loss=0.3698 val_AP=0.1905, saved
Epoch  21/1000 [9.3s mem=8463MB] | train_loss=0.3925 train_AP=0.1667 | val_loss=0.3655 val_AP=0.1950
  -> New best: val_loss=0.3655 val_AP=0.1950, saved
Epoch  22/1000 [9.3s mem=8463MB] | train_loss=0.3897 train_AP=0.1638 | val_loss=0.3629 val_AP=0.1964
  -> New best: val_loss=0.3629 val_AP=0.1964, saved
Epoch  23/1000 [9.3s mem=8463MB] | train_loss=0.3864 train_AP=0.1657 | val_loss=0.3614 val_AP=0.1977
  -> New best: val_loss=0.3614 val_AP=0.1977, saved
Epoch  24/1000 [9.3s mem=8464MB] | train_loss=0.3841 train_AP=0.1663 | val_loss=0.3603 val_AP=0.2040
  -> New best: val_loss=0.3603 val_AP=0.2040, saved
Epoch  25/1000 [9.3s mem=8463MB] | train_loss=0.3843 train_AP=0.1632 | val_loss=0.3597 val_AP=0.2043
  -> New best: val_loss=0.3597 val_AP=0.2043, saved
Epoch  26/1000 [8.6s mem=8463MB] | train_loss=0.3833 train_AP=0.1638 | val_loss=0.3592 val_AP=0.2086
  -> New best: val_loss=0.3592 val_AP=0.2086, saved
Epoch  27/1000 [6.7s mem=8464MB] | train_loss=0.3812 train_AP=0.1646 | val_loss=0.3588 val_AP=0.2077
  -> New best: val_loss=0.3588 val_AP=0.2086, saved
Epoch  28/1000 [6.8s mem=8464MB] | train_loss=0.3798 train_AP=0.1657 | val_loss=0.3585 val_AP=0.2121
  -> New best: val_loss=0.3585 val_AP=0.2121, saved
Epoch  29/1000 [6.7s mem=8463MB] | train_loss=0.3790 train_AP=0.1646 | val_loss=0.3583 val_AP=0.2106
  -> New best: val_loss=0.3583 val_AP=0.2121, saved
Epoch  30/1000 [6.7s mem=8465MB] | train_loss=0.3779 train_AP=0.1664 | val_loss=0.3582 val_AP=0.2154 | test_AP=0.2096
  -> New best: val_loss=0.3582 val_AP=0.2154, saved
Epoch  31/1000 [6.8s mem=8464MB] | train_loss=0.3770 train_AP=0.1665 | val_loss=0.3580 val_AP=0.2164
  -> New best: val_loss=0.3580 val_AP=0.2164, saved
Epoch  32/1000 [6.8s mem=8464MB] | train_loss=0.3765 train_AP=0.1651 | val_loss=0.3579 val_AP=0.2152
  -> New best: val_loss=0.3579 val_AP=0.2164, saved
Epoch  33/1000 [6.8s mem=8463MB] | train_loss=0.3752 train_AP=0.1664 | val_loss=0.3579 val_AP=0.2193
  -> New best: val_loss=0.3579 val_AP=0.2193, saved
Epoch  34/1000 [8.2s mem=8463MB] | train_loss=0.3745 train_AP=0.1659 | val_loss=0.3578 val_AP=0.2202
  -> New best: val_loss=0.3578 val_AP=0.2202, saved
Epoch  35/1000 [9.2s mem=8464MB] | train_loss=0.3734 train_AP=0.1673 | val_loss=0.3577 val_AP=0.2205
  -> New best: val_loss=0.3577 val_AP=0.2205, saved
Epoch  36/1000 [9.1s mem=8464MB] | train_loss=0.3731 train_AP=0.1655 | val_loss=0.3574 val_AP=0.2219
  -> New best: val_loss=0.3574 val_AP=0.2219, saved
Epoch  37/1000 [9.2s mem=8463MB] | train_loss=0.3731 train_AP=0.1656 | val_loss=0.3574 val_AP=0.2209
  -> New best: val_loss=0.3574 val_AP=0.2219, saved
Epoch  38/1000 [9.1s mem=8464MB] | train_loss=0.3718 train_AP=0.1676 | val_loss=0.3569 val_AP=0.2115
  -> New best: val_loss=0.3569 val_AP=0.2219, saved
Epoch  39/1000 [9.2s mem=8464MB] | train_loss=0.3706 train_AP=0.1677 | val_loss=0.3567 val_AP=0.2067
  -> New best: val_loss=0.3567 val_AP=0.2219, saved
Epoch  40/1000 [9.2s mem=8464MB] | train_loss=0.3700 train_AP=0.1684 | val_loss=0.3560 val_AP=0.2073 | test_AP=0.2008
  -> New best: val_loss=0.3560 val_AP=0.2219, saved
Epoch  41/1000 [9.3s mem=8464MB] | train_loss=0.3684 train_AP=0.1705 | val_loss=0.3554 val_AP=0.2098
  -> New best: val_loss=0.3554 val_AP=0.2219, saved
Epoch  42/1000 [9.2s mem=8464MB] | train_loss=0.3677 train_AP=0.1706 | val_loss=0.3542 val_AP=0.2124
  -> New best: val_loss=0.3542 val_AP=0.2219, saved
Epoch  43/1000 [9.1s mem=8463MB] | train_loss=0.3667 train_AP=0.1741 | val_loss=0.3530 val_AP=0.2123
  -> New best: val_loss=0.3530 val_AP=0.2219, saved
Epoch  44/1000 [9.2s mem=8463MB] | train_loss=0.3659 train_AP=0.1756 | val_loss=0.3515 val_AP=0.2109
  -> New best: val_loss=0.3515 val_AP=0.2219, saved
Epoch  45/1000 [9.0s mem=8463MB] | train_loss=0.3628 train_AP=0.1815 | val_loss=0.3505 val_AP=0.2114
  -> New best: val_loss=0.3505 val_AP=0.2219, saved
Epoch  46/1000 [8.9s mem=8464MB] | train_loss=0.3614 train_AP=0.1867 | val_loss=0.3488 val_AP=0.2145
  -> New best: val_loss=0.3488 val_AP=0.2219, saved
Epoch  47/1000 [9.1s mem=8464MB] | train_loss=0.3602 train_AP=0.1888 | val_loss=0.3474 val_AP=0.2387
  -> New best: val_loss=0.3474 val_AP=0.2387, saved
Epoch  48/1000 [9.3s mem=8464MB] | train_loss=0.3581 train_AP=0.1941 | val_loss=0.3451 val_AP=0.2418
  -> New best: val_loss=0.3451 val_AP=0.2418, saved
Epoch  49/1000 [9.3s mem=8464MB] | train_loss=0.3562 train_AP=0.2007 | val_loss=0.3426 val_AP=0.2403
  -> New best: val_loss=0.3426 val_AP=0.2418, saved
Epoch  50/1000 [9.2s mem=8464MB] | train_loss=0.3542 train_AP=0.2057 | val_loss=0.3391 val_AP=0.2455 | test_AP=0.2416
  -> New best: val_loss=0.3391 val_AP=0.2455, saved
Epoch  51/1000 [9.2s mem=8463MB] | train_loss=0.3511 train_AP=0.2159 | val_loss=0.3372 val_AP=0.2554
  -> New best: val_loss=0.3372 val_AP=0.2554, saved
Epoch  52/1000 [9.4s mem=8463MB] | train_loss=0.3502 train_AP=0.2169 | val_loss=0.3346 val_AP=0.2615
  -> New best: val_loss=0.3346 val_AP=0.2615, saved
Epoch  53/1000 [9.2s mem=8464MB] | train_loss=0.3466 train_AP=0.2241 | val_loss=0.3327 val_AP=0.2684
  -> New best: val_loss=0.3327 val_AP=0.2684, saved
Epoch  54/1000 [8.9s mem=8464MB] | train_loss=0.3453 train_AP=0.2288 | val_loss=0.3306 val_AP=0.2731
  -> New best: val_loss=0.3306 val_AP=0.2731, saved
Epoch  55/1000 [8.9s mem=8464MB] | train_loss=0.3440 train_AP=0.2322 | val_loss=0.3290 val_AP=0.2762
  -> New best: val_loss=0.3290 val_AP=0.2762, saved
Epoch  56/1000 [8.7s mem=8466MB] | train_loss=0.3415 train_AP=0.2412 | val_loss=0.3277 val_AP=0.2780
  -> New best: val_loss=0.3277 val_AP=0.2780, saved
Epoch  57/1000 [8.9s mem=8463MB] | train_loss=0.3393 train_AP=0.2428 | val_loss=0.3260 val_AP=0.2818
  -> New best: val_loss=0.3260 val_AP=0.2818, saved
Epoch  58/1000 [8.8s mem=8464MB] | train_loss=0.3379 train_AP=0.2457 | val_loss=0.3250 val_AP=0.2866
  -> New best: val_loss=0.3250 val_AP=0.2866, saved
Epoch  59/1000 [8.8s mem=8464MB] | train_loss=0.3359 train_AP=0.2513 | val_loss=0.3220 val_AP=0.2897
  -> New best: val_loss=0.3220 val_AP=0.2897, saved
Epoch  60/1000 [8.9s mem=8464MB] | train_loss=0.3331 train_AP=0.2577 | val_loss=0.3217 val_AP=0.2947 | test_AP=0.2864
  -> New best: val_loss=0.3217 val_AP=0.2947, saved
Epoch  61/1000 [9.0s mem=8463MB] | train_loss=0.3318 train_AP=0.2629 | val_loss=0.3203 val_AP=0.3009
  -> New best: val_loss=0.3203 val_AP=0.3009, saved
Epoch  62/1000 [9.1s mem=8464MB] | train_loss=0.3296 train_AP=0.2671 | val_loss=0.3184 val_AP=0.3066
  -> New best: val_loss=0.3184 val_AP=0.3066, saved
Epoch  63/1000 [8.9s mem=8466MB] | train_loss=0.3286 train_AP=0.2686 | val_loss=0.3182 val_AP=0.3065
  -> New best: val_loss=0.3182 val_AP=0.3066, saved
Epoch  64/1000 [8.8s mem=8464MB] | train_loss=0.3271 train_AP=0.2700 | val_loss=0.3156 val_AP=0.3128
  -> New best: val_loss=0.3156 val_AP=0.3128, saved
Epoch  65/1000 [9.0s mem=8464MB] | train_loss=0.3253 train_AP=0.2783 | val_loss=0.3158 val_AP=0.3148
  -> New best: val_loss=0.3156 val_AP=0.3148, saved
Epoch  66/1000 [9.2s mem=8465MB] | train_loss=0.3237 train_AP=0.2807 | val_loss=0.3140 val_AP=0.3173
  -> New best: val_loss=0.3140 val_AP=0.3173, saved
Epoch  67/1000 [9.1s mem=8464MB] | train_loss=0.3233 train_AP=0.2806 | val_loss=0.3133 val_AP=0.3237
  -> New best: val_loss=0.3133 val_AP=0.3237, saved
Epoch  68/1000 [9.1s mem=8464MB] | train_loss=0.3213 train_AP=0.2865 | val_loss=0.3123 val_AP=0.3258
  -> New best: val_loss=0.3123 val_AP=0.3258, saved
Epoch  69/1000 [9.2s mem=8464MB] | train_loss=0.3206 train_AP=0.2891 | val_loss=0.3113 val_AP=0.3308
  -> New best: val_loss=0.3113 val_AP=0.3308, saved
Epoch  70/1000 [9.1s mem=8464MB] | train_loss=0.3199 train_AP=0.2919 | val_loss=0.3116 val_AP=0.3310 | test_AP=0.3247
  -> New best: val_loss=0.3113 val_AP=0.3310, saved
Epoch  71/1000 [9.0s mem=8464MB] | train_loss=0.3185 train_AP=0.2947 | val_loss=0.3101 val_AP=0.3334
  -> New best: val_loss=0.3101 val_AP=0.3334, saved
Epoch  72/1000 [9.3s mem=8464MB] | train_loss=0.3184 train_AP=0.2975 | val_loss=0.3101 val_AP=0.3345
  -> New best: val_loss=0.3101 val_AP=0.3345, saved
Epoch  73/1000 [9.3s mem=8463MB] | train_loss=0.3168 train_AP=0.2973 | val_loss=0.3091 val_AP=0.3379
  -> New best: val_loss=0.3091 val_AP=0.3379, saved
Epoch  74/1000 [9.1s mem=8465MB] | train_loss=0.3159 train_AP=0.3025 | val_loss=0.3072 val_AP=0.3403
  -> New best: val_loss=0.3072 val_AP=0.3403, saved
Epoch  75/1000 [9.0s mem=8463MB] | train_loss=0.3151 train_AP=0.3050 | val_loss=0.3079 val_AP=0.3421
  -> New best: val_loss=0.3072 val_AP=0.3421, saved
Epoch  76/1000 [8.9s mem=8463MB] | train_loss=0.3138 train_AP=0.3076 | val_loss=0.3066 val_AP=0.3439
  -> New best: val_loss=0.3066 val_AP=0.3439, saved
Epoch  77/1000 [9.0s mem=8463MB] | train_loss=0.3130 train_AP=0.3081 | val_loss=0.3072 val_AP=0.3431
Epoch  78/1000 [8.9s mem=8464MB] | train_loss=0.3124 train_AP=0.3109 | val_loss=0.3054 val_AP=0.3456
  -> New best: val_loss=0.3054 val_AP=0.3456, saved
Epoch  79/1000 [9.1s mem=8463MB] | train_loss=0.3111 train_AP=0.3132 | val_loss=0.3052 val_AP=0.3475
  -> New best: val_loss=0.3052 val_AP=0.3475, saved
Epoch  80/1000 [9.1s mem=8463MB] | train_loss=0.3100 train_AP=0.3164 | val_loss=0.3035 val_AP=0.3495 | test_AP=0.3434
  -> New best: val_loss=0.3035 val_AP=0.3495, saved
Epoch  81/1000 [9.0s mem=8463MB] | train_loss=0.3104 train_AP=0.3163 | val_loss=0.3038 val_AP=0.3491
Epoch  82/1000 [9.2s mem=8464MB] | train_loss=0.3093 train_AP=0.3191 | val_loss=0.3036 val_AP=0.3498
  -> New best: val_loss=0.3035 val_AP=0.3498, saved
Epoch  83/1000 [9.3s mem=8464MB] | train_loss=0.3078 train_AP=0.3252 | val_loss=0.3037 val_AP=0.3501
  -> New best: val_loss=0.3035 val_AP=0.3501, saved
Epoch  84/1000 [9.1s mem=8463MB] | train_loss=0.3071 train_AP=0.3246 | val_loss=0.3028 val_AP=0.3538
  -> New best: val_loss=0.3028 val_AP=0.3538, saved
Epoch  85/1000 [9.3s mem=8461MB] | train_loss=0.3078 train_AP=0.3215 | val_loss=0.3021 val_AP=0.3525
  -> New best: val_loss=0.3021 val_AP=0.3538, saved
Epoch  86/1000 [9.2s mem=8464MB] | train_loss=0.3065 train_AP=0.3269 | val_loss=0.3014 val_AP=0.3549
  -> New best: val_loss=0.3014 val_AP=0.3549, saved
Epoch  87/1000 [9.2s mem=8463MB] | train_loss=0.3062 train_AP=0.3271 | val_loss=0.3025 val_AP=0.3539
Epoch  88/1000 [9.1s mem=8463MB] | train_loss=0.3054 train_AP=0.3276 | val_loss=0.3009 val_AP=0.3569
  -> New best: val_loss=0.3009 val_AP=0.3569, saved
Epoch  89/1000 [9.3s mem=8463MB] | train_loss=0.3052 train_AP=0.3286 | val_loss=0.2997 val_AP=0.3583
  -> New best: val_loss=0.2997 val_AP=0.3583, saved
Epoch  90/1000 [9.1s mem=8464MB] | train_loss=0.3041 train_AP=0.3339 | val_loss=0.2994 val_AP=0.3593 | test_AP=0.3556
  -> New best: val_loss=0.2994 val_AP=0.3593, saved
Epoch  91/1000 [8.9s mem=8464MB] | train_loss=0.3042 train_AP=0.3347 | val_loss=0.2999 val_AP=0.3579
Epoch  92/1000 [8.9s mem=8464MB] | train_loss=0.3033 train_AP=0.3362 | val_loss=0.2998 val_AP=0.3598
  -> New best: val_loss=0.2994 val_AP=0.3598, saved
Epoch  93/1000 [8.9s mem=8463MB] | train_loss=0.3030 train_AP=0.3341 | val_loss=0.2981 val_AP=0.3614
  -> New best: val_loss=0.2981 val_AP=0.3614, saved
Epoch  94/1000 [8.9s mem=8464MB] | train_loss=0.3028 train_AP=0.3360 | val_loss=0.2993 val_AP=0.3601
Epoch  95/1000 [9.2s mem=8464MB] | train_loss=0.3025 train_AP=0.3360 | val_loss=0.2978 val_AP=0.3648
  -> New best: val_loss=0.2978 val_AP=0.3648, saved
Epoch  96/1000 [9.0s mem=8464MB] | train_loss=0.3020 train_AP=0.3369 | val_loss=0.2976 val_AP=0.3651
  -> New best: val_loss=0.2976 val_AP=0.3651, saved
Epoch  97/1000 [9.2s mem=8463MB] | train_loss=0.3019 train_AP=0.3380 | val_loss=0.2993 val_AP=0.3628
Epoch  98/1000 [9.1s mem=8464MB] | train_loss=0.3004 train_AP=0.3437 | val_loss=0.2977 val_AP=0.3662
  -> New best: val_loss=0.2976 val_AP=0.3662, saved
Epoch  99/1000 [9.2s mem=8463MB] | train_loss=0.3007 train_AP=0.3430 | val_loss=0.2976 val_AP=0.3664
  -> New best: val_loss=0.2976 val_AP=0.3664, saved
Epoch 100/1000 [9.0s mem=8464MB] | train_loss=0.3000 train_AP=0.3441 | val_loss=0.2956 val_AP=0.3682 | test_AP=0.3645
  -> New best: val_loss=0.2956 val_AP=0.3682, saved
Epoch 101/1000 [9.1s mem=8464MB] | train_loss=0.2989 train_AP=0.3449 | val_loss=0.2974 val_AP=0.3670
Epoch 102/1000 [9.1s mem=8464MB] | train_loss=0.2987 train_AP=0.3478 | val_loss=0.2960 val_AP=0.3696
  -> New best: val_loss=0.2956 val_AP=0.3696, saved
Epoch 103/1000 [9.1s mem=8464MB] | train_loss=0.2985 train_AP=0.3446 | val_loss=0.2950 val_AP=0.3712
  -> New best: val_loss=0.2950 val_AP=0.3712, saved
Epoch 104/1000 [8.9s mem=8463MB] | train_loss=0.2979 train_AP=0.3522 | val_loss=0.2952 val_AP=0.3715
  -> New best: val_loss=0.2950 val_AP=0.3715, saved
Epoch 105/1000 [8.8s mem=8464MB] | train_loss=0.2976 train_AP=0.3507 | val_loss=0.2952 val_AP=0.3708
Epoch 106/1000 [8.9s mem=8464MB] | train_loss=0.2971 train_AP=0.3529 | val_loss=0.2942 val_AP=0.3726
  -> New best: val_loss=0.2942 val_AP=0.3726, saved
Epoch 107/1000 [8.9s mem=8463MB] | train_loss=0.2972 train_AP=0.3510 | val_loss=0.2944 val_AP=0.3734
  -> New best: val_loss=0.2942 val_AP=0.3734, saved
Epoch 108/1000 [9.0s mem=8463MB] | train_loss=0.2969 train_AP=0.3508 | val_loss=0.2955 val_AP=0.3728
Epoch 109/1000 [9.5s mem=8464MB] | train_loss=0.2962 train_AP=0.3537 | val_loss=0.2943 val_AP=0.3772
  -> New best: val_loss=0.2942 val_AP=0.3772, saved
Epoch 110/1000 [9.5s mem=8464MB] | train_loss=0.2955 train_AP=0.3558 | val_loss=0.2925 val_AP=0.3771 | test_AP=0.3760
  -> New best: val_loss=0.2925 val_AP=0.3772, saved
Epoch 111/1000 [9.2s mem=8464MB] | train_loss=0.2951 train_AP=0.3570 | val_loss=0.2947 val_AP=0.3766
Epoch 112/1000 [9.4s mem=8464MB] | train_loss=0.2948 train_AP=0.3595 | val_loss=0.2924 val_AP=0.3790
  -> New best: val_loss=0.2924 val_AP=0.3790, saved
Epoch 113/1000 [9.1s mem=8464MB] | train_loss=0.2939 train_AP=0.3608 | val_loss=0.2908 val_AP=0.3806
  -> New best: val_loss=0.2908 val_AP=0.3806, saved
Epoch 114/1000 [9.2s mem=8464MB] | train_loss=0.2927 train_AP=0.3652 | val_loss=0.2903 val_AP=0.3827
  -> New best: val_loss=0.2903 val_AP=0.3827, saved
Epoch 115/1000 [9.2s mem=8464MB] | train_loss=0.2932 train_AP=0.3611 | val_loss=0.2928 val_AP=0.3813
Epoch 116/1000 [9.1s mem=8464MB] | train_loss=0.2928 train_AP=0.3644 | val_loss=0.2888 val_AP=0.3852
  -> New best: val_loss=0.2888 val_AP=0.3852, saved
Epoch 117/1000 [8.9s mem=8463MB] | train_loss=0.2925 train_AP=0.3616 | val_loss=0.2896 val_AP=0.3848
Epoch 118/1000 [9.1s mem=8463MB] | train_loss=0.2908 train_AP=0.3666 | val_loss=0.2886 val_AP=0.3872
  -> New best: val_loss=0.2886 val_AP=0.3872, saved
Epoch 119/1000 [6.9s mem=8463MB] | train_loss=0.2910 train_AP=0.3684 | val_loss=0.2873 val_AP=0.3896
  -> New best: val_loss=0.2873 val_AP=0.3896, saved
Epoch 120/1000 [6.7s mem=8463MB] | train_loss=0.2895 train_AP=0.3701 | val_loss=0.2867 val_AP=0.3905 | test_AP=0.3866
  -> New best: val_loss=0.2867 val_AP=0.3905, saved
Epoch 121/1000 [6.7s mem=8463MB] | train_loss=0.2891 train_AP=0.3701 | val_loss=0.2869 val_AP=0.3898
Epoch 122/1000 [6.7s mem=8464MB] | train_loss=0.2890 train_AP=0.3715 | val_loss=0.2845 val_AP=0.3941
  -> New best: val_loss=0.2845 val_AP=0.3941, saved
Epoch 123/1000 [6.7s mem=8464MB] | train_loss=0.2881 train_AP=0.3744 | val_loss=0.2850 val_AP=0.3934
Epoch 124/1000 [6.7s mem=8463MB] | train_loss=0.2881 train_AP=0.3739 | val_loss=0.2845 val_AP=0.3941
Epoch 125/1000 [6.7s mem=8464MB] | train_loss=0.2866 train_AP=0.3771 | val_loss=0.2843 val_AP=0.3952
  -> New best: val_loss=0.2843 val_AP=0.3952, saved
Epoch 126/1000 [7.0s mem=8463MB] | train_loss=0.2862 train_AP=0.3784 | val_loss=0.2830 val_AP=0.3965
  -> New best: val_loss=0.2830 val_AP=0.3965, saved
Epoch 127/1000 [8.9s mem=8466MB] | train_loss=0.2862 train_AP=0.3798 | val_loss=0.2817 val_AP=0.3981
  -> New best: val_loss=0.2817 val_AP=0.3981, saved
Epoch 128/1000 [9.1s mem=8464MB] | train_loss=0.2856 train_AP=0.3818 | val_loss=0.2817 val_AP=0.4001
  -> New best: val_loss=0.2817 val_AP=0.4001, saved
Epoch 129/1000 [9.5s mem=8464MB] | train_loss=0.2846 train_AP=0.3834 | val_loss=0.2812 val_AP=0.4012
  -> New best: val_loss=0.2812 val_AP=0.4012, saved
Epoch 130/1000 [8.8s mem=8463MB] | train_loss=0.2839 train_AP=0.3858 | val_loss=0.2813 val_AP=0.4030 | test_AP=0.3993
  -> New best: val_loss=0.2812 val_AP=0.4030, saved
Epoch 131/1000 [9.8s mem=8463MB] | train_loss=0.2835 train_AP=0.3864 | val_loss=0.2793 val_AP=0.4055
  -> New best: val_loss=0.2793 val_AP=0.4055, saved
Epoch 132/1000 [9.7s mem=8464MB] | train_loss=0.2831 train_AP=0.3851 | val_loss=0.2814 val_AP=0.4024
Epoch 133/1000 [9.8s mem=8463MB] | train_loss=0.2827 train_AP=0.3884 | val_loss=0.2792 val_AP=0.4074
  -> New best: val_loss=0.2792 val_AP=0.4074, saved
Epoch 134/1000 [9.6s mem=8464MB] | train_loss=0.2822 train_AP=0.3898 | val_loss=0.2776 val_AP=0.4092
  -> New best: val_loss=0.2776 val_AP=0.4092, saved
Epoch 135/1000 [9.4s mem=8463MB] | train_loss=0.2819 train_AP=0.3897 | val_loss=0.2826 val_AP=0.4044
Epoch 136/1000 [9.5s mem=8463MB] | train_loss=0.2811 train_AP=0.3932 | val_loss=0.2819 val_AP=0.4040
Epoch 137/1000 [9.2s mem=8464MB] | train_loss=0.2806 train_AP=0.3922 | val_loss=0.2792 val_AP=0.4071
Epoch 138/1000 [9.3s mem=8464MB] | train_loss=0.2813 train_AP=0.3931 | val_loss=0.2772 val_AP=0.4122
  -> New best: val_loss=0.2772 val_AP=0.4122, saved
Epoch 139/1000 [9.0s mem=8463MB] | train_loss=0.2803 train_AP=0.3929 | val_loss=0.2777 val_AP=0.4109
Epoch 140/1000 [9.2s mem=8463MB] | train_loss=0.2798 train_AP=0.3952 | val_loss=0.2773 val_AP=0.4153 | test_AP=0.4091
  -> New best: val_loss=0.2772 val_AP=0.4153, saved
Epoch 141/1000 [9.0s mem=8463MB] | train_loss=0.2793 train_AP=0.3989 | val_loss=0.2770 val_AP=0.4137
  -> New best: val_loss=0.2770 val_AP=0.4153, saved
Epoch 142/1000 [8.9s mem=8464MB] | train_loss=0.2784 train_AP=0.4005 | val_loss=0.2772 val_AP=0.4143
Epoch 143/1000 [8.9s mem=8463MB] | train_loss=0.2788 train_AP=0.3959 | val_loss=0.2761 val_AP=0.4178
  -> New best: val_loss=0.2761 val_AP=0.4178, saved
Epoch 144/1000 [9.0s mem=8463MB] | train_loss=0.2784 train_AP=0.4006 | val_loss=0.2746 val_AP=0.4179
  -> New best: val_loss=0.2746 val_AP=0.4179, saved
Epoch 145/1000 [8.9s mem=8464MB] | train_loss=0.2786 train_AP=0.3972 | val_loss=0.2738 val_AP=0.4201
  -> New best: val_loss=0.2738 val_AP=0.4201, saved
Epoch 146/1000 [8.9s mem=8464MB] | train_loss=0.2769 train_AP=0.4039 | val_loss=0.2774 val_AP=0.4159
Epoch 147/1000 [9.0s mem=8463MB] | train_loss=0.2772 train_AP=0.4000 | val_loss=0.2748 val_AP=0.4199
Epoch 148/1000 [8.8s mem=8463MB] | train_loss=0.2769 train_AP=0.4017 | val_loss=0.2743 val_AP=0.4209
  -> New best: val_loss=0.2738 val_AP=0.4209, saved
Epoch 149/1000 [9.0s mem=8463MB] | train_loss=0.2763 train_AP=0.4011 | val_loss=0.2734 val_AP=0.4232
  -> New best: val_loss=0.2734 val_AP=0.4232, saved
Epoch 150/1000 [8.9s mem=8464MB] | train_loss=0.2759 train_AP=0.4084 | val_loss=0.2730 val_AP=0.4229 | test_AP=0.4150
  -> New best: val_loss=0.2730 val_AP=0.4232, saved
Epoch 151/1000 [9.4s mem=8464MB] | train_loss=0.2757 train_AP=0.4059 | val_loss=0.2737 val_AP=0.4236
  -> New best: val_loss=0.2730 val_AP=0.4236, saved
Epoch 152/1000 [8.9s mem=8463MB] | train_loss=0.2758 train_AP=0.4052 | val_loss=0.2724 val_AP=0.4256
  -> New best: val_loss=0.2724 val_AP=0.4256, saved
Epoch 153/1000 [8.9s mem=8463MB] | train_loss=0.2755 train_AP=0.4051 | val_loss=0.2717 val_AP=0.4294
  -> New best: val_loss=0.2717 val_AP=0.4294, saved
Epoch 154/1000 [8.9s mem=8466MB] | train_loss=0.2750 train_AP=0.4101 | val_loss=0.2735 val_AP=0.4268
Epoch 155/1000 [8.9s mem=8464MB] | train_loss=0.2743 train_AP=0.4071 | val_loss=0.2726 val_AP=0.4284
Epoch 156/1000 [9.0s mem=8464MB] | train_loss=0.2741 train_AP=0.4086 | val_loss=0.2738 val_AP=0.4261
Epoch 157/1000 [9.0s mem=8463MB] | train_loss=0.2739 train_AP=0.4086 | val_loss=0.2709 val_AP=0.4311
  -> New best: val_loss=0.2709 val_AP=0.4311, saved
Epoch 158/1000 [8.9s mem=8466MB] | train_loss=0.2748 train_AP=0.4058 | val_loss=0.2700 val_AP=0.4302
  -> New best: val_loss=0.2700 val_AP=0.4311, saved
Epoch 159/1000 [8.9s mem=8465MB] | train_loss=0.2742 train_AP=0.4067 | val_loss=0.2742 val_AP=0.4299
Epoch 160/1000 [8.7s mem=8465MB] | train_loss=0.2728 train_AP=0.4108 | val_loss=0.2715 val_AP=0.4300 | test_AP=0.4190
Epoch 161/1000 [8.8s mem=8463MB] | train_loss=0.2734 train_AP=0.4089 | val_loss=0.2705 val_AP=0.4308
Epoch 162/1000 [8.8s mem=8464MB] | train_loss=0.2723 train_AP=0.4137 | val_loss=0.2704 val_AP=0.4324
  -> New best: val_loss=0.2700 val_AP=0.4324, saved
Epoch 163/1000 [8.9s mem=8464MB] | train_loss=0.2727 train_AP=0.4116 | val_loss=0.2702 val_AP=0.4315
Epoch 164/1000 [9.0s mem=8464MB] | train_loss=0.2715 train_AP=0.4118 | val_loss=0.2695 val_AP=0.4329
  -> New best: val_loss=0.2695 val_AP=0.4329, saved
Epoch 165/1000 [9.0s mem=8464MB] | train_loss=0.2717 train_AP=0.4123 | val_loss=0.2690 val_AP=0.4350
  -> New best: val_loss=0.2690 val_AP=0.4350, saved
Epoch 166/1000 [8.9s mem=8464MB] | train_loss=0.2715 train_AP=0.4183 | val_loss=0.2721 val_AP=0.4310
Epoch 167/1000 [9.3s mem=8464MB] | train_loss=0.2717 train_AP=0.4154 | val_loss=0.2693 val_AP=0.4385
  -> New best: val_loss=0.2690 val_AP=0.4385, saved
Epoch 168/1000 [9.3s mem=8463MB] | train_loss=0.2714 train_AP=0.4149 | val_loss=0.2694 val_AP=0.4372
Epoch 169/1000 [9.1s mem=8465MB] | train_loss=0.2717 train_AP=0.4160 | val_loss=0.2696 val_AP=0.4348
Epoch 170/1000 [8.9s mem=8465MB] | train_loss=0.2708 train_AP=0.4177 | val_loss=0.2703 val_AP=0.4368 | test_AP=0.4240
Epoch 171/1000 [9.2s mem=8466MB] | train_loss=0.2699 train_AP=0.4193 | val_loss=0.2673 val_AP=0.4426
  -> New best: val_loss=0.2673 val_AP=0.4426, saved
Epoch 172/1000 [9.2s mem=8463MB] | train_loss=0.2699 train_AP=0.4206 | val_loss=0.2706 val_AP=0.4375
Epoch 173/1000 [9.3s mem=8463MB] | train_loss=0.2692 train_AP=0.4229 | val_loss=0.2681 val_AP=0.4383
Epoch 174/1000 [8.9s mem=8463MB] | train_loss=0.2695 train_AP=0.4215 | val_loss=0.2682 val_AP=0.4415
Epoch 175/1000 [8.9s mem=8464MB] | train_loss=0.2695 train_AP=0.4212 | val_loss=0.2674 val_AP=0.4434
  -> New best: val_loss=0.2673 val_AP=0.4434, saved
Epoch 176/1000 [8.9s mem=8464MB] | train_loss=0.2687 train_AP=0.4221 | val_loss=0.2653 val_AP=0.4457
  -> New best: val_loss=0.2653 val_AP=0.4457, saved
Epoch 177/1000 [8.8s mem=8463MB] | train_loss=0.2681 train_AP=0.4225 | val_loss=0.2664 val_AP=0.4445
Epoch 178/1000 [9.0s mem=8463MB] | train_loss=0.2679 train_AP=0.4251 | val_loss=0.2688 val_AP=0.4409
Epoch 179/1000 [9.0s mem=8463MB] | train_loss=0.2683 train_AP=0.4241 | val_loss=0.2653 val_AP=0.4464
  -> New best: val_loss=0.2653 val_AP=0.4464, saved
Epoch 180/1000 [8.8s mem=8463MB] | train_loss=0.2681 train_AP=0.4242 | val_loss=0.2654 val_AP=0.4471 | test_AP=0.4313
  -> New best: val_loss=0.2653 val_AP=0.4471, saved
Epoch 181/1000 [8.9s mem=8463MB] | train_loss=0.2676 train_AP=0.4246 | val_loss=0.2655 val_AP=0.4476
  -> New best: val_loss=0.2653 val_AP=0.4476, saved
Epoch 182/1000 [8.9s mem=8466MB] | train_loss=0.2682 train_AP=0.4238 | val_loss=0.2706 val_AP=0.4418
Epoch 183/1000 [8.9s mem=8464MB] | train_loss=0.2677 train_AP=0.4248 | val_loss=0.2683 val_AP=0.4482
  -> New best: val_loss=0.2653 val_AP=0.4482, saved
Epoch 184/1000 [8.8s mem=8463MB] | train_loss=0.2678 train_AP=0.4240 | val_loss=0.2656 val_AP=0.4479
Epoch 185/1000 [8.9s mem=8464MB] | train_loss=0.2673 train_AP=0.4257 | val_loss=0.2681 val_AP=0.4448
Epoch 186/1000 [8.9s mem=8464MB] | train_loss=0.2667 train_AP=0.4276 | val_loss=0.2672 val_AP=0.4471
Epoch 187/1000 [9.1s mem=8464MB] | train_loss=0.2666 train_AP=0.4281 | val_loss=0.2649 val_AP=0.4520
  -> New best: val_loss=0.2649 val_AP=0.4520, saved
Epoch 188/1000 [9.1s mem=8464MB] | train_loss=0.2657 train_AP=0.4276 | val_loss=0.2636 val_AP=0.4534
  -> New best: val_loss=0.2636 val_AP=0.4534, saved
Epoch 189/1000 [9.0s mem=8463MB] | train_loss=0.2663 train_AP=0.4298 | val_loss=0.2644 val_AP=0.4507
Epoch 190/1000 [9.2s mem=8463MB] | train_loss=0.2660 train_AP=0.4302 | val_loss=0.2637 val_AP=0.4530 | test_AP=0.4374
Epoch 191/1000 [9.0s mem=8464MB] | train_loss=0.2651 train_AP=0.4311 | val_loss=0.2666 val_AP=0.4468
Epoch 192/1000 [9.1s mem=8464MB] | train_loss=0.2660 train_AP=0.4282 | val_loss=0.2629 val_AP=0.4552
  -> New best: val_loss=0.2629 val_AP=0.4552, saved
Epoch 193/1000 [9.2s mem=8464MB] | train_loss=0.2648 train_AP=0.4327 | val_loss=0.2634 val_AP=0.4537
Epoch 194/1000 [8.9s mem=8465MB] | train_loss=0.2655 train_AP=0.4296 | val_loss=0.2626 val_AP=0.4575
  -> New best: val_loss=0.2626 val_AP=0.4575, saved
Epoch 195/1000 [9.1s mem=8464MB] | train_loss=0.2649 train_AP=0.4294 | val_loss=0.2626 val_AP=0.4565
  -> New best: val_loss=0.2626 val_AP=0.4575, saved
Epoch 196/1000 [9.2s mem=8463MB] | train_loss=0.2647 train_AP=0.4312 | val_loss=0.2629 val_AP=0.4578
  -> New best: val_loss=0.2626 val_AP=0.4578, saved
Epoch 197/1000 [9.3s mem=8464MB] | train_loss=0.2633 train_AP=0.4388 | val_loss=0.2626 val_AP=0.4578
  -> New best: val_loss=0.2626 val_AP=0.4578, saved
Epoch 198/1000 [9.3s mem=8463MB] | train_loss=0.2649 train_AP=0.4306 | val_loss=0.2649 val_AP=0.4540
Epoch 199/1000 [9.2s mem=8465MB] | train_loss=0.2643 train_AP=0.4363 | val_loss=0.2622 val_AP=0.4573
  -> New best: val_loss=0.2622 val_AP=0.4578, saved
Epoch 200/1000 [9.6s mem=8464MB] | train_loss=0.2630 train_AP=0.4361 | val_loss=0.2619 val_AP=0.4604 | test_AP=0.4457
  -> New best: val_loss=0.2619 val_AP=0.4604, saved
Epoch 201/1000 [9.2s mem=8464MB] | train_loss=0.2636 train_AP=0.4362 | val_loss=0.2625 val_AP=0.4573
Epoch 202/1000 [9.2s mem=8464MB] | train_loss=0.2641 train_AP=0.4354 | val_loss=0.2633 val_AP=0.4574
Epoch 203/1000 [9.0s mem=8464MB] | train_loss=0.2632 train_AP=0.4361 | val_loss=0.2641 val_AP=0.4549
Epoch 204/1000 [8.9s mem=8463MB] | train_loss=0.2633 train_AP=0.4351 | val_loss=0.2607 val_AP=0.4593
  -> New best: val_loss=0.2607 val_AP=0.4604, saved
Epoch 205/1000 [9.2s mem=8464MB] | train_loss=0.2628 train_AP=0.4377 | val_loss=0.2621 val_AP=0.4581
Epoch 206/1000 [9.3s mem=8464MB] | train_loss=0.2626 train_AP=0.4365 | val_loss=0.2641 val_AP=0.4540
Epoch 207/1000 [9.2s mem=8464MB] | train_loss=0.2623 train_AP=0.4363 | val_loss=0.2619 val_AP=0.4613
  -> New best: val_loss=0.2607 val_AP=0.4613, saved
Epoch 208/1000 [9.2s mem=8464MB] | train_loss=0.2623 train_AP=0.4363 | val_loss=0.2626 val_AP=0.4605
Epoch 209/1000 [9.5s mem=8463MB] | train_loss=0.2623 train_AP=0.4372 | val_loss=0.2618 val_AP=0.4606
Epoch 210/1000 [9.2s mem=8466MB] | train_loss=0.2619 train_AP=0.4404 | val_loss=0.2619 val_AP=0.4619 | test_AP=0.4430
  -> New best: val_loss=0.2607 val_AP=0.4619, saved
Epoch 211/1000 [9.2s mem=8463MB] | train_loss=0.2620 train_AP=0.4390 | val_loss=0.2607 val_AP=0.4613
  -> New best: val_loss=0.2607 val_AP=0.4619, saved
Epoch 212/1000 [9.0s mem=8464MB] | train_loss=0.2613 train_AP=0.4412 | val_loss=0.2641 val_AP=0.4570
Epoch 213/1000 [6.7s mem=8464MB] | train_loss=0.2612 train_AP=0.4414 | val_loss=0.2608 val_AP=0.4625
  -> New best: val_loss=0.2607 val_AP=0.4625, saved
Epoch 214/1000 [6.7s mem=8463MB] | train_loss=0.2621 train_AP=0.4367 | val_loss=0.2608 val_AP=0.4661
  -> New best: val_loss=0.2607 val_AP=0.4661, saved
Epoch 215/1000 [6.7s mem=8463MB] | train_loss=0.2610 train_AP=0.4414 | val_loss=0.2596 val_AP=0.4661
  -> New best: val_loss=0.2596 val_AP=0.4661, saved
Epoch 216/1000 [6.7s mem=8463MB] | train_loss=0.2604 train_AP=0.4412 | val_loss=0.2595 val_AP=0.4685
  -> New best: val_loss=0.2595 val_AP=0.4685, saved
Epoch 217/1000 [6.7s mem=8465MB] | train_loss=0.2610 train_AP=0.4426 | val_loss=0.2621 val_AP=0.4638
Epoch 218/1000 [6.7s mem=8464MB] | train_loss=0.2604 train_AP=0.4452 | val_loss=0.2635 val_AP=0.4594
Epoch 219/1000 [6.8s mem=8464MB] | train_loss=0.2611 train_AP=0.4415 | val_loss=0.2590 val_AP=0.4688
  -> New best: val_loss=0.2590 val_AP=0.4688, saved
Epoch 220/1000 [7.0s mem=8464MB] | train_loss=0.2594 train_AP=0.4449 | val_loss=0.2613 val_AP=0.4654 | test_AP=0.4481
Epoch 221/1000 [9.4s mem=8464MB] | train_loss=0.2596 train_AP=0.4468 | val_loss=0.2593 val_AP=0.4699
  -> New best: val_loss=0.2590 val_AP=0.4699, saved
Epoch 222/1000 [9.3s mem=8465MB] | train_loss=0.2598 train_AP=0.4471 | val_loss=0.2591 val_AP=0.4712
  -> New best: val_loss=0.2590 val_AP=0.4712, saved
Epoch 223/1000 [9.2s mem=8464MB] | train_loss=0.2591 train_AP=0.4481 | val_loss=0.2592 val_AP=0.4684
Epoch 224/1000 [9.1s mem=8463MB] | train_loss=0.2587 train_AP=0.4463 | val_loss=0.2597 val_AP=0.4684
Epoch 225/1000 [9.1s mem=8464MB] | train_loss=0.2592 train_AP=0.4475 | val_loss=0.2591 val_AP=0.4699
Epoch 226/1000 [9.0s mem=8464MB] | train_loss=0.2589 train_AP=0.4477 | val_loss=0.2622 val_AP=0.4638
Epoch 227/1000 [9.0s mem=8464MB] | train_loss=0.2593 train_AP=0.4472 | val_loss=0.2607 val_AP=0.4713
  -> New best: val_loss=0.2590 val_AP=0.4713, saved
Epoch 228/1000 [9.3s mem=8464MB] | train_loss=0.2594 train_AP=0.4486 | val_loss=0.2605 val_AP=0.4672
Epoch 229/1000 [9.1s mem=8464MB] | train_loss=0.2587 train_AP=0.4478 | val_loss=0.2580 val_AP=0.4718
  -> New best: val_loss=0.2580 val_AP=0.4718, saved
Epoch 230/1000 [9.2s mem=8464MB] | train_loss=0.2582 train_AP=0.4460 | val_loss=0.2578 val_AP=0.4732 | test_AP=0.4549
  -> New best: val_loss=0.2578 val_AP=0.4732, saved
Epoch 231/1000 [9.1s mem=8464MB] | train_loss=0.2582 train_AP=0.4474 | val_loss=0.2575 val_AP=0.4745
  -> New best: val_loss=0.2575 val_AP=0.4745, saved
Epoch 232/1000 [9.3s mem=8461MB] | train_loss=0.2586 train_AP=0.4471 | val_loss=0.2596 val_AP=0.4729
Epoch 233/1000 [9.1s mem=8466MB] | train_loss=0.2579 train_AP=0.4506 | val_loss=0.2571 val_AP=0.4748
  -> New best: val_loss=0.2571 val_AP=0.4748, saved
Epoch 234/1000 [9.1s mem=8464MB] | train_loss=0.2580 train_AP=0.4506 | val_loss=0.2625 val_AP=0.4687
Epoch 235/1000 [8.9s mem=8460MB] | train_loss=0.2568 train_AP=0.4506 | val_loss=0.2574 val_AP=0.4732
Epoch 236/1000 [8.8s mem=8464MB] | train_loss=0.2574 train_AP=0.4509 | val_loss=0.2587 val_AP=0.4721
Epoch 237/1000 [8.9s mem=8463MB] | train_loss=0.2571 train_AP=0.4540 | val_loss=0.2641 val_AP=0.4634
Epoch 238/1000 [9.0s mem=8466MB] | train_loss=0.2569 train_AP=0.4516 | val_loss=0.2576 val_AP=0.4721
Epoch 239/1000 [8.8s mem=8463MB] | train_loss=0.2568 train_AP=0.4525 | val_loss=0.2597 val_AP=0.4715
Epoch 240/1000 [8.9s mem=8464MB] | train_loss=0.2568 train_AP=0.4530 | val_loss=0.2560 val_AP=0.4764 | test_AP=0.4539
  -> New best: val_loss=0.2560 val_AP=0.4764, saved
Epoch 241/1000 [8.9s mem=8463MB] | train_loss=0.2562 train_AP=0.4543 | val_loss=0.2563 val_AP=0.4756
Epoch 242/1000 [8.8s mem=8464MB] | train_loss=0.2569 train_AP=0.4528 | val_loss=0.2579 val_AP=0.4781
  -> New best: val_loss=0.2560 val_AP=0.4781, saved
Epoch 243/1000 [8.8s mem=8464MB] | train_loss=0.2563 train_AP=0.4552 | val_loss=0.2567 val_AP=0.4765
Epoch 244/1000 [9.4s mem=8463MB] | train_loss=0.2559 train_AP=0.4549 | val_loss=0.2635 val_AP=0.4656
Epoch 245/1000 [9.2s mem=8463MB] | train_loss=0.2556 train_AP=0.4545 | val_loss=0.2562 val_AP=0.4742
Epoch 246/1000 [9.2s mem=8464MB] | train_loss=0.2551 train_AP=0.4574 | val_loss=0.2573 val_AP=0.4774
Epoch 247/1000 [8.9s mem=8465MB] | train_loss=0.2559 train_AP=0.4528 | val_loss=0.2554 val_AP=0.4780
  -> New best: val_loss=0.2554 val_AP=0.4781, saved
Epoch 248/1000 [9.2s mem=8466MB] | train_loss=0.2552 train_AP=0.4541 | val_loss=0.2544 val_AP=0.4801
  -> New best: val_loss=0.2544 val_AP=0.4801, saved
Epoch 249/1000 [9.0s mem=8464MB] | train_loss=0.2544 train_AP=0.4596 | val_loss=0.2544 val_AP=0.4798
  -> New best: val_loss=0.2544 val_AP=0.4801, saved
Epoch 250/1000 [9.2s mem=8464MB] | train_loss=0.2541 train_AP=0.4621 | val_loss=0.2548 val_AP=0.4834 | test_AP=0.4594
  -> New best: val_loss=0.2544 val_AP=0.4834, saved
Epoch 251/1000 [8.8s mem=8464MB] | train_loss=0.2539 train_AP=0.4587 | val_loss=0.2555 val_AP=0.4824
Epoch 252/1000 [8.9s mem=8463MB] | train_loss=0.2545 train_AP=0.4560 | val_loss=0.2541 val_AP=0.4804
  -> New best: val_loss=0.2541 val_AP=0.4834, saved
Epoch 253/1000 [8.8s mem=8463MB] | train_loss=0.2541 train_AP=0.4581 | val_loss=0.2538 val_AP=0.4811
  -> New best: val_loss=0.2538 val_AP=0.4834, saved
Epoch 254/1000 [8.9s mem=8464MB] | train_loss=0.2538 train_AP=0.4606 | val_loss=0.2532 val_AP=0.4830
  -> New best: val_loss=0.2532 val_AP=0.4834, saved
Epoch 255/1000 [8.8s mem=8464MB] | train_loss=0.2541 train_AP=0.4591 | val_loss=0.2539 val_AP=0.4849
  -> New best: val_loss=0.2532 val_AP=0.4849, saved
Epoch 256/1000 [8.9s mem=8463MB] | train_loss=0.2536 train_AP=0.4619 | val_loss=0.2576 val_AP=0.4752
Epoch 257/1000 [9.1s mem=8466MB] | train_loss=0.2531 train_AP=0.4610 | val_loss=0.2536 val_AP=0.4826
Epoch 258/1000 [8.7s mem=8463MB] | train_loss=0.2529 train_AP=0.4632 | val_loss=0.2528 val_AP=0.4879
  -> New best: val_loss=0.2528 val_AP=0.4879, saved
Epoch 259/1000 [8.9s mem=8464MB] | train_loss=0.2528 train_AP=0.4613 | val_loss=0.2523 val_AP=0.4838
  -> New best: val_loss=0.2523 val_AP=0.4879, saved
Epoch 260/1000 [9.4s mem=8464MB] | train_loss=0.2524 train_AP=0.4656 | val_loss=0.2510 val_AP=0.4874 | test_AP=0.4654
  -> New best: val_loss=0.2510 val_AP=0.4879, saved
Epoch 261/1000 [8.8s mem=8464MB] | train_loss=0.2528 train_AP=0.4657 | val_loss=0.2524 val_AP=0.4859
Epoch 262/1000 [8.8s mem=8464MB] | train_loss=0.2513 train_AP=0.4634 | val_loss=0.2520 val_AP=0.4838
Epoch 263/1000 [8.9s mem=8463MB] | train_loss=0.2521 train_AP=0.4620 | val_loss=0.2524 val_AP=0.4848
Epoch 264/1000 [8.8s mem=8463MB] | train_loss=0.2523 train_AP=0.4609 | val_loss=0.2516 val_AP=0.4897
  -> New best: val_loss=0.2510 val_AP=0.4897, saved
Epoch 265/1000 [8.8s mem=8464MB] | train_loss=0.2513 train_AP=0.4636 | val_loss=0.2530 val_AP=0.4866
Epoch 266/1000 [8.8s mem=8463MB] | train_loss=0.2514 train_AP=0.4628 | val_loss=0.2519 val_AP=0.4898
  -> New best: val_loss=0.2510 val_AP=0.4898, saved
Epoch 267/1000 [9.2s mem=8466MB] | train_loss=0.2509 train_AP=0.4648 | val_loss=0.2517 val_AP=0.4870
Epoch 268/1000 [9.5s mem=8463MB] | train_loss=0.2513 train_AP=0.4661 | val_loss=0.2570 val_AP=0.4834
Epoch 269/1000 [9.4s mem=8464MB] | train_loss=0.2513 train_AP=0.4663 | val_loss=0.2546 val_AP=0.4828
Epoch 270/1000 [9.2s mem=8464MB] | train_loss=0.2513 train_AP=0.4661 | val_loss=0.2537 val_AP=0.4842 | test_AP=0.4622
Epoch 271/1000 [8.8s mem=8464MB] | train_loss=0.2501 train_AP=0.4683 | val_loss=0.2494 val_AP=0.4901
  -> New best: val_loss=0.2494 val_AP=0.4901, saved
Epoch 272/1000 [9.1s mem=8463MB] | train_loss=0.2512 train_AP=0.4675 | val_loss=0.2505 val_AP=0.4907
  -> New best: val_loss=0.2494 val_AP=0.4907, saved
Epoch 273/1000 [9.2s mem=8464MB] | train_loss=0.2500 train_AP=0.4677 | val_loss=0.2518 val_AP=0.4855
Epoch 274/1000 [9.1s mem=8463MB] | train_loss=0.2504 train_AP=0.4701 | val_loss=0.2510 val_AP=0.4888
Epoch 275/1000 [9.1s mem=8464MB] | train_loss=0.2497 train_AP=0.4708 | val_loss=0.2524 val_AP=0.4921
  -> New best: val_loss=0.2494 val_AP=0.4921, saved
Epoch 276/1000 [9.1s mem=8463MB] | train_loss=0.2498 train_AP=0.4681 | val_loss=0.2511 val_AP=0.4885
Epoch 277/1000 [8.9s mem=8463MB] | train_loss=0.2499 train_AP=0.4718 | val_loss=0.2545 val_AP=0.4906
Epoch 278/1000 [8.9s mem=8463MB] | train_loss=0.2496 train_AP=0.4699 | val_loss=0.2512 val_AP=0.4915
Epoch 279/1000 [8.8s mem=8464MB] | train_loss=0.2494 train_AP=0.4698 | val_loss=0.2513 val_AP=0.4915
Epoch 280/1000 [8.9s mem=8465MB] | train_loss=0.2497 train_AP=0.4707 | val_loss=0.2523 val_AP=0.4887 | test_AP=0.4688
Epoch 281/1000 [9.3s mem=8464MB] | train_loss=0.2495 train_AP=0.4715 | val_loss=0.2521 val_AP=0.4888
Epoch 282/1000 [9.3s mem=8463MB] | train_loss=0.2492 train_AP=0.4701 | val_loss=0.2517 val_AP=0.4899
Epoch 283/1000 [8.9s mem=8464MB] | train_loss=0.2487 train_AP=0.4707 | val_loss=0.2493 val_AP=0.4933
  -> New best: val_loss=0.2493 val_AP=0.4933, saved
Epoch 284/1000 [8.9s mem=8465MB] | train_loss=0.2484 train_AP=0.4716 | val_loss=0.2496 val_AP=0.4946
  -> New best: val_loss=0.2493 val_AP=0.4946, saved
Epoch 285/1000 [8.8s mem=8464MB] | train_loss=0.2488 train_AP=0.4706 | val_loss=0.2510 val_AP=0.4932
Epoch 286/1000 [8.8s mem=8464MB] | train_loss=0.2484 train_AP=0.4718 | val_loss=0.2512 val_AP=0.4913
Epoch 287/1000 [8.9s mem=8463MB] | train_loss=0.2485 train_AP=0.4737 | val_loss=0.2504 val_AP=0.4944
Epoch 288/1000 [8.9s mem=8465MB] | train_loss=0.2487 train_AP=0.4735 | val_loss=0.2513 val_AP=0.4916
Epoch 289/1000 [8.9s mem=8464MB] | train_loss=0.2491 train_AP=0.4698 | val_loss=0.2500 val_AP=0.4940
Epoch 290/1000 [8.8s mem=8464MB] | train_loss=0.2488 train_AP=0.4736 | val_loss=0.2499 val_AP=0.4939 | test_AP=0.4721
Epoch 291/1000 [8.9s mem=8464MB] | train_loss=0.2479 train_AP=0.4759 | val_loss=0.2507 val_AP=0.4951
  -> New best: val_loss=0.2493 val_AP=0.4951, saved
Epoch 292/1000 [8.8s mem=8464MB] | train_loss=0.2479 train_AP=0.4750 | val_loss=0.2498 val_AP=0.4938
Epoch 293/1000 [9.0s mem=8463MB] | train_loss=0.2486 train_AP=0.4755 | val_loss=0.2499 val_AP=0.4929
Epoch 294/1000 [8.9s mem=8463MB] | train_loss=0.2481 train_AP=0.4730 | val_loss=0.2498 val_AP=0.4915
Epoch 295/1000 [8.9s mem=8464MB] | train_loss=0.2485 train_AP=0.4725 | val_loss=0.2481 val_AP=0.4970
  -> New best: val_loss=0.2481 val_AP=0.4970, saved
Epoch 296/1000 [8.9s mem=8464MB] | train_loss=0.2469 train_AP=0.4778 | val_loss=0.2518 val_AP=0.4909
Epoch 297/1000 [8.8s mem=8463MB] | train_loss=0.2470 train_AP=0.4758 | val_loss=0.2498 val_AP=0.4904
Epoch 298/1000 [8.9s mem=8463MB] | train_loss=0.2469 train_AP=0.4786 | val_loss=0.2489 val_AP=0.4963
Epoch 299/1000 [9.0s mem=8465MB] | train_loss=0.2472 train_AP=0.4752 | val_loss=0.2494 val_AP=0.4938
Epoch 300/1000 [8.9s mem=8464MB] | train_loss=0.2472 train_AP=0.4766 | val_loss=0.2478 val_AP=0.4974 | test_AP=0.4744
  -> New best: val_loss=0.2478 val_AP=0.4974, saved
Epoch 301/1000 [8.9s mem=8464MB] | train_loss=0.2469 train_AP=0.4763 | val_loss=0.2491 val_AP=0.4952
Epoch 302/1000 [8.9s mem=8463MB] | train_loss=0.2467 train_AP=0.4761 | val_loss=0.2492 val_AP=0.4951
Epoch 303/1000 [9.0s mem=8463MB] | train_loss=0.2460 train_AP=0.4794 | val_loss=0.2486 val_AP=0.4960
Epoch 304/1000 [8.9s mem=8464MB] | train_loss=0.2463 train_AP=0.4755 | val_loss=0.2487 val_AP=0.4949
Epoch 305/1000 [9.0s mem=8463MB] | train_loss=0.2467 train_AP=0.4778 | val_loss=0.2493 val_AP=0.4951
Epoch 306/1000 [8.9s mem=8463MB] | train_loss=0.2467 train_AP=0.4782 | val_loss=0.2515 val_AP=0.4912
Epoch 307/1000 [9.0s mem=8464MB] | train_loss=0.2465 train_AP=0.4781 | val_loss=0.2484 val_AP=0.4977
  -> New best: val_loss=0.2478 val_AP=0.4977, saved
Epoch 308/1000 [7.5s mem=8464MB] | train_loss=0.2466 train_AP=0.4793 | val_loss=0.2486 val_AP=0.4980
  -> New best: val_loss=0.2478 val_AP=0.4980, saved
Epoch 309/1000 [6.8s mem=8464MB] | train_loss=0.2457 train_AP=0.4837 | val_loss=0.2478 val_AP=0.4988
  -> New best: val_loss=0.2478 val_AP=0.4988, saved
Epoch 310/1000 [6.7s mem=8463MB] | train_loss=0.2459 train_AP=0.4770 | val_loss=0.2532 val_AP=0.4894 | test_AP=0.4675
Epoch 311/1000 [6.8s mem=8463MB] | train_loss=0.2462 train_AP=0.4780 | val_loss=0.2476 val_AP=0.4959
  -> New best: val_loss=0.2476 val_AP=0.4988, saved
Epoch 312/1000 [6.8s mem=8463MB] | train_loss=0.2463 train_AP=0.4793 | val_loss=0.2485 val_AP=0.4973
Epoch 313/1000 [6.8s mem=8465MB] | train_loss=0.2451 train_AP=0.4822 | val_loss=0.2490 val_AP=0.4957
Epoch 314/1000 [6.8s mem=8463MB] | train_loss=0.2448 train_AP=0.4821 | val_loss=0.2513 val_AP=0.4924
Epoch 315/1000 [7.0s mem=8464MB] | train_loss=0.2453 train_AP=0.4839 | val_loss=0.2501 val_AP=0.4954
Epoch 316/1000 [9.2s mem=8464MB] | train_loss=0.2449 train_AP=0.4844 | val_loss=0.2488 val_AP=0.4980
Epoch 317/1000 [9.2s mem=8465MB] | train_loss=0.2449 train_AP=0.4806 | val_loss=0.2477 val_AP=0.5007
  -> New best: val_loss=0.2476 val_AP=0.5007, saved
Epoch 318/1000 [9.2s mem=8464MB] | train_loss=0.2446 train_AP=0.4826 | val_loss=0.2490 val_AP=0.4989
Epoch 319/1000 [9.4s mem=8466MB] | train_loss=0.2448 train_AP=0.4826 | val_loss=0.2523 val_AP=0.4950
Epoch 320/1000 [9.2s mem=8464MB] | train_loss=0.2446 train_AP=0.4824 | val_loss=0.2490 val_AP=0.4962 | test_AP=0.4716
Epoch 321/1000 [9.6s mem=8463MB] | train_loss=0.2448 train_AP=0.4827 | val_loss=0.2488 val_AP=0.4996
Epoch 322/1000 [9.2s mem=8463MB] | train_loss=0.2452 train_AP=0.4813 | val_loss=0.2486 val_AP=0.4995
Epoch 323/1000 [9.5s mem=8463MB] | train_loss=0.2444 train_AP=0.4828 | val_loss=0.2482 val_AP=0.4967
Epoch 324/1000 [9.2s mem=8463MB] | train_loss=0.2445 train_AP=0.4817 | val_loss=0.2473 val_AP=0.4993
  -> New best: val_loss=0.2473 val_AP=0.5007, saved
Epoch 325/1000 [9.4s mem=8464MB] | train_loss=0.2449 train_AP=0.4825 | val_loss=0.2477 val_AP=0.5013
  -> New best: val_loss=0.2473 val_AP=0.5013, saved
Epoch 326/1000 [9.1s mem=8463MB] | train_loss=0.2439 train_AP=0.4850 | val_loss=0.2472 val_AP=0.5019
  -> New best: val_loss=0.2472 val_AP=0.5019, saved
Epoch 327/1000 [9.2s mem=8464MB] | train_loss=0.2446 train_AP=0.4823 | val_loss=0.2501 val_AP=0.4997
Epoch 328/1000 [9.1s mem=8464MB] | train_loss=0.2440 train_AP=0.4855 | val_loss=0.2466 val_AP=0.5011
  -> New best: val_loss=0.2466 val_AP=0.5019, saved
Epoch 329/1000 [9.0s mem=8463MB] | train_loss=0.2445 train_AP=0.4830 | val_loss=0.2495 val_AP=0.5024
  -> New best: val_loss=0.2466 val_AP=0.5024, saved
Epoch 330/1000 [9.0s mem=8464MB] | train_loss=0.2440 train_AP=0.4852 | val_loss=0.2477 val_AP=0.4989 | test_AP=0.4759
Epoch 331/1000 [9.1s mem=8463MB] | train_loss=0.2438 train_AP=0.4827 | val_loss=0.2475 val_AP=0.4994
Epoch 332/1000 [9.2s mem=8464MB] | train_loss=0.2439 train_AP=0.4818 | val_loss=0.2467 val_AP=0.5035
  -> New best: val_loss=0.2466 val_AP=0.5035, saved
Epoch 333/1000 [9.3s mem=8463MB] | train_loss=0.2429 train_AP=0.4851 | val_loss=0.2471 val_AP=0.5037
  -> New best: val_loss=0.2466 val_AP=0.5037, saved
Epoch 334/1000 [9.3s mem=8463MB] | train_loss=0.2431 train_AP=0.4855 | val_loss=0.2465 val_AP=0.5026
  -> New best: val_loss=0.2465 val_AP=0.5037, saved
Epoch 335/1000 [9.2s mem=8463MB] | train_loss=0.2432 train_AP=0.4858 | val_loss=0.2472 val_AP=0.5036
Epoch 336/1000 [9.3s mem=8464MB] | train_loss=0.2432 train_AP=0.4859 | val_loss=0.2464 val_AP=0.5036
  -> New best: val_loss=0.2464 val_AP=0.5037, saved
Epoch 337/1000 [9.2s mem=8463MB] | train_loss=0.2441 train_AP=0.4822 | val_loss=0.2488 val_AP=0.5012
Epoch 338/1000 [9.2s mem=8464MB] | train_loss=0.2432 train_AP=0.4846 | val_loss=0.2479 val_AP=0.5037
  -> New best: val_loss=0.2464 val_AP=0.5037, saved
Epoch 339/1000 [9.2s mem=8463MB] | train_loss=0.2429 train_AP=0.4891 | val_loss=0.2477 val_AP=0.5041
  -> New best: val_loss=0.2464 val_AP=0.5041, saved
Epoch 340/1000 [9.2s mem=8464MB] | train_loss=0.2444 train_AP=0.4840 | val_loss=0.2485 val_AP=0.5007 | test_AP=0.4750
Epoch 341/1000 [9.2s mem=8463MB] | train_loss=0.2428 train_AP=0.4863 | val_loss=0.2462 val_AP=0.5040
  -> New best: val_loss=0.2462 val_AP=0.5041, saved
Epoch 342/1000 [9.1s mem=8466MB] | train_loss=0.2424 train_AP=0.4874 | val_loss=0.2462 val_AP=0.5058
  -> New best: val_loss=0.2462 val_AP=0.5058, saved
Epoch 343/1000 [9.2s mem=8463MB] | train_loss=0.2433 train_AP=0.4841 | val_loss=0.2468 val_AP=0.5041
Epoch 344/1000 [9.1s mem=8463MB] | train_loss=0.2426 train_AP=0.4858 | val_loss=0.2476 val_AP=0.5056
Epoch 345/1000 [9.2s mem=8463MB] | train_loss=0.2425 train_AP=0.4873 | val_loss=0.2451 val_AP=0.5070
  -> New best: val_loss=0.2451 val_AP=0.5070, saved
Epoch 346/1000 [9.1s mem=8464MB] | train_loss=0.2428 train_AP=0.4877 | val_loss=0.2500 val_AP=0.4978
Epoch 347/1000 [8.9s mem=8463MB] | train_loss=0.2418 train_AP=0.4891 | val_loss=0.2471 val_AP=0.5033
Epoch 348/1000 [8.9s mem=8463MB] | train_loss=0.2430 train_AP=0.4865 | val_loss=0.2457 val_AP=0.5044
Epoch 349/1000 [9.3s mem=8464MB] | train_loss=0.2421 train_AP=0.4865 | val_loss=0.2489 val_AP=0.5037
Epoch 350/1000 [9.4s mem=8463MB] | train_loss=0.2420 train_AP=0.4892 | val_loss=0.2460 val_AP=0.5055 | test_AP=0.4806
Epoch 351/1000 [8.9s mem=8464MB] | train_loss=0.2420 train_AP=0.4892 | val_loss=0.2457 val_AP=0.5053
Epoch 352/1000 [8.9s mem=8463MB] | train_loss=0.2414 train_AP=0.4906 | val_loss=0.2492 val_AP=0.5025
Epoch 353/1000 [8.8s mem=8463MB] | train_loss=0.2419 train_AP=0.4890 | val_loss=0.2471 val_AP=0.5067
Epoch 354/1000 [8.9s mem=8464MB] | train_loss=0.2422 train_AP=0.4898 | val_loss=0.2459 val_AP=0.5055
Epoch 355/1000 [8.8s mem=8463MB] | train_loss=0.2413 train_AP=0.4910 | val_loss=0.2445 val_AP=0.5061
  -> New best: val_loss=0.2445 val_AP=0.5070, saved
Epoch 356/1000 [9.1s mem=8464MB] | train_loss=0.2412 train_AP=0.4909 | val_loss=0.2468 val_AP=0.5037
Epoch 357/1000 [9.0s mem=8463MB] | train_loss=0.2412 train_AP=0.4901 | val_loss=0.2471 val_AP=0.5058
Epoch 358/1000 [8.8s mem=8464MB] | train_loss=0.2409 train_AP=0.4925 | val_loss=0.2452 val_AP=0.5081
  -> New best: val_loss=0.2445 val_AP=0.5081, saved
Epoch 359/1000 [8.8s mem=8464MB] | train_loss=0.2411 train_AP=0.4932 | val_loss=0.2478 val_AP=0.5046
Epoch 360/1000 [9.0s mem=8464MB] | train_loss=0.2416 train_AP=0.4918 | val_loss=0.2492 val_AP=0.5040 | test_AP=0.4794
Epoch 361/1000 [9.0s mem=8463MB] | train_loss=0.2412 train_AP=0.4925 | val_loss=0.2469 val_AP=0.5082
  -> New best: val_loss=0.2445 val_AP=0.5082, saved
Epoch 362/1000 [9.6s mem=8464MB] | train_loss=0.2411 train_AP=0.4917 | val_loss=0.2459 val_AP=0.5095
  -> New best: val_loss=0.2445 val_AP=0.5095, saved
Epoch 363/1000 [9.6s mem=8463MB] | train_loss=0.2418 train_AP=0.4899 | val_loss=0.2464 val_AP=0.5061
Epoch 364/1000 [9.4s mem=8463MB] | train_loss=0.2407 train_AP=0.4903 | val_loss=0.2453 val_AP=0.5084
Epoch 365/1000 [9.4s mem=8464MB] | train_loss=0.2408 train_AP=0.4899 | val_loss=0.2472 val_AP=0.5062
Epoch 366/1000 [9.6s mem=8464MB] | train_loss=0.2399 train_AP=0.4960 | val_loss=0.2467 val_AP=0.5046
Epoch 367/1000 [9.5s mem=8463MB] | train_loss=0.2405 train_AP=0.4932 | val_loss=0.2451 val_AP=0.5093
Epoch 368/1000 [9.0s mem=8463MB] | train_loss=0.2409 train_AP=0.4938 | val_loss=0.2449 val_AP=0.5091
Epoch 369/1000 [9.1s mem=8464MB] | train_loss=0.2401 train_AP=0.4958 | val_loss=0.2457 val_AP=0.5081
Epoch 370/1000 [9.6s mem=8464MB] | train_loss=0.2402 train_AP=0.4932 | val_loss=0.2462 val_AP=0.5089 | test_AP=0.4834
Epoch 371/1000 [8.9s mem=8465MB] | train_loss=0.2409 train_AP=0.4929 | val_loss=0.2458 val_AP=0.5072
Epoch 372/1000 [9.0s mem=8463MB] | train_loss=0.2410 train_AP=0.4909 | val_loss=0.2468 val_AP=0.5099
  -> New best: val_loss=0.2445 val_AP=0.5099, saved
Epoch 373/1000 [8.9s mem=8464MB] | train_loss=0.2405 train_AP=0.4918 | val_loss=0.2519 val_AP=0.4962
Epoch 374/1000 [8.8s mem=8463MB] | train_loss=0.2412 train_AP=0.4916 | val_loss=0.2451 val_AP=0.5061
Epoch 375/1000 [9.0s mem=8464MB] | train_loss=0.2397 train_AP=0.4933 | val_loss=0.2454 val_AP=0.5072
Epoch 376/1000 [9.3s mem=8464MB] | train_loss=0.2405 train_AP=0.4907 | val_loss=0.2464 val_AP=0.5099
Epoch 377/1000 [8.9s mem=8466MB] | train_loss=0.2391 train_AP=0.4952 | val_loss=0.2467 val_AP=0.5044
Epoch 378/1000 [9.0s mem=8465MB] | train_loss=0.2398 train_AP=0.4958 | val_loss=0.2474 val_AP=0.5063
Epoch 379/1000 [9.4s mem=8466MB] | train_loss=0.2399 train_AP=0.4942 | val_loss=0.2462 val_AP=0.5063
Epoch 380/1000 [9.3s mem=8464MB] | train_loss=0.2399 train_AP=0.4940 | val_loss=0.2477 val_AP=0.5012 | test_AP=0.4771
Epoch 381/1000 [9.6s mem=8463MB] | train_loss=0.2395 train_AP=0.4971 | val_loss=0.2474 val_AP=0.5058
Epoch 382/1000 [9.7s mem=8464MB] | train_loss=0.2390 train_AP=0.4956 | val_loss=0.2446 val_AP=0.5114
  -> New best: val_loss=0.2445 val_AP=0.5114, saved
Epoch 383/1000 [9.2s mem=8463MB] | train_loss=0.2398 train_AP=0.4961 | val_loss=0.2454 val_AP=0.5074
Epoch 384/1000 [8.9s mem=8460MB] | train_loss=0.2401 train_AP=0.4925 | val_loss=0.2426 val_AP=0.5092
  -> New best: val_loss=0.2426 val_AP=0.5114, saved
Epoch 385/1000 [9.2s mem=8464MB] | train_loss=0.2393 train_AP=0.4960 | val_loss=0.2457 val_AP=0.5072
Epoch 386/1000 [9.3s mem=8466MB] | train_loss=0.2386 train_AP=0.4958 | val_loss=0.2467 val_AP=0.5069
Epoch 387/1000 [9.4s mem=8463MB] | train_loss=0.2399 train_AP=0.4953 | val_loss=0.2440 val_AP=0.5112
Epoch 388/1000 [9.5s mem=8463MB] | train_loss=0.2382 train_AP=0.4989 | val_loss=0.2442 val_AP=0.5101
Epoch 389/1000 [9.5s mem=8464MB] | train_loss=0.2395 train_AP=0.4960 | val_loss=0.2457 val_AP=0.5109
Epoch 390/1000 [9.6s mem=8465MB] | train_loss=0.2384 train_AP=0.4968 | val_loss=0.2461 val_AP=0.5068 | test_AP=0.4815
Epoch 391/1000 [9.3s mem=8463MB] | train_loss=0.2390 train_AP=0.4986 | val_loss=0.2448 val_AP=0.5109
Epoch 392/1000 [9.5s mem=8463MB] | train_loss=0.2385 train_AP=0.4982 | val_loss=0.2446 val_AP=0.5122
  -> New best: val_loss=0.2426 val_AP=0.5122, saved
Epoch 393/1000 [9.4s mem=8464MB] | train_loss=0.2384 train_AP=0.4977 | val_loss=0.2435 val_AP=0.5117
Epoch 394/1000 [9.2s mem=8464MB] | train_loss=0.2392 train_AP=0.4961 | val_loss=0.2463 val_AP=0.5091
Epoch 395/1000 [8.9s mem=8463MB] | train_loss=0.2381 train_AP=0.4968 | val_loss=0.2459 val_AP=0.5085
Epoch 396/1000 [9.4s mem=8465MB] | train_loss=0.2384 train_AP=0.4995 | val_loss=0.2435 val_AP=0.5112
Epoch 397/1000 [9.2s mem=8464MB] | train_loss=0.2381 train_AP=0.4982 | val_loss=0.2424 val_AP=0.5123
  -> New best: val_loss=0.2424 val_AP=0.5123, saved
Epoch 398/1000 [9.5s mem=8465MB] | train_loss=0.2381 train_AP=0.5008 | val_loss=0.2467 val_AP=0.5101
Epoch 399/1000 [8.9s mem=8464MB] | train_loss=0.2388 train_AP=0.4997 | val_loss=0.2426 val_AP=0.5128
  -> New best: val_loss=0.2424 val_AP=0.5128, saved
Epoch 400/1000 [6.7s mem=8464MB] | train_loss=0.2380 train_AP=0.4985 | val_loss=0.2441 val_AP=0.5116 | test_AP=0.4861
Epoch 401/1000 [6.7s mem=8466MB] | train_loss=0.2380 train_AP=0.5003 | val_loss=0.2442 val_AP=0.5124
Epoch 402/1000 [6.7s mem=8463MB] | train_loss=0.2376 train_AP=0.5001 | val_loss=0.2460 val_AP=0.5121
Epoch 403/1000 [6.7s mem=8465MB] | train_loss=0.2390 train_AP=0.4988 | val_loss=0.2438 val_AP=0.5080
Epoch 404/1000 [6.7s mem=8463MB] | train_loss=0.2382 train_AP=0.4993 | val_loss=0.2502 val_AP=0.5068
Epoch 405/1000 [6.8s mem=8466MB] | train_loss=0.2374 train_AP=0.4993 | val_loss=0.2436 val_AP=0.5125
Epoch 406/1000 [6.9s mem=8464MB] | train_loss=0.2384 train_AP=0.4989 | val_loss=0.2437 val_AP=0.5134
  -> New best: val_loss=0.2424 val_AP=0.5134, saved
Epoch 407/1000 [8.0s mem=8463MB] | train_loss=0.2374 train_AP=0.5020 | val_loss=0.2437 val_AP=0.5140
  -> New best: val_loss=0.2424 val_AP=0.5140, saved
Epoch 408/1000 [9.2s mem=8463MB] | train_loss=0.2372 train_AP=0.4996 | val_loss=0.2477 val_AP=0.5057
Epoch 409/1000 [9.4s mem=8465MB] | train_loss=0.2374 train_AP=0.4991 | val_loss=0.2450 val_AP=0.5111
Epoch 410/1000 [9.4s mem=8465MB] | train_loss=0.2375 train_AP=0.5005 | val_loss=0.2433 val_AP=0.5147 | test_AP=0.4880
  -> New best: val_loss=0.2424 val_AP=0.5147, saved
Epoch 411/1000 [9.5s mem=8466MB] | train_loss=0.2376 train_AP=0.4974 | val_loss=0.2444 val_AP=0.5106
Epoch 412/1000 [9.2s mem=8465MB] | train_loss=0.2371 train_AP=0.5019 | val_loss=0.2446 val_AP=0.5156
  -> New best: val_loss=0.2424 val_AP=0.5156, saved
Epoch 413/1000 [9.3s mem=8464MB] | train_loss=0.2373 train_AP=0.5024 | val_loss=0.2431 val_AP=0.5132
Epoch 414/1000 [9.3s mem=8464MB] | train_loss=0.2379 train_AP=0.4999 | val_loss=0.2429 val_AP=0.5109
Epoch 415/1000 [9.0s mem=8464MB] | train_loss=0.2371 train_AP=0.5005 | val_loss=0.2441 val_AP=0.5123
Epoch 416/1000 [8.9s mem=8463MB] | train_loss=0.2375 train_AP=0.5022 | val_loss=0.2447 val_AP=0.5148
Epoch 417/1000 [8.8s mem=8463MB] | train_loss=0.2384 train_AP=0.4996 | val_loss=0.2432 val_AP=0.5148
Epoch 418/1000 [8.9s mem=8466MB] | train_loss=0.2369 train_AP=0.5019 | val_loss=0.2444 val_AP=0.5130
Epoch 419/1000 [9.0s mem=8464MB] | train_loss=0.2374 train_AP=0.5000 | val_loss=0.2433 val_AP=0.5156
Epoch 420/1000 [9.7s mem=8464MB] | train_loss=0.2372 train_AP=0.4996 | val_loss=0.2461 val_AP=0.5144 | test_AP=0.4871
Epoch 421/1000 [9.0s mem=8463MB] | train_loss=0.2363 train_AP=0.5046 | val_loss=0.2446 val_AP=0.5152
Epoch 422/1000 [8.9s mem=8464MB] | train_loss=0.2368 train_AP=0.5023 | val_loss=0.2437 val_AP=0.5171
  -> New best: val_loss=0.2424 val_AP=0.5171, saved
Epoch 423/1000 [8.9s mem=8464MB] | train_loss=0.2370 train_AP=0.5010 | val_loss=0.2445 val_AP=0.5149
Epoch 424/1000 [8.9s mem=8464MB] | train_loss=0.2365 train_AP=0.5041 | val_loss=0.2450 val_AP=0.5120
Epoch 425/1000 [8.9s mem=8464MB] | train_loss=0.2360 train_AP=0.5034 | val_loss=0.2428 val_AP=0.5158
Epoch 426/1000 [8.8s mem=8465MB] | train_loss=0.2361 train_AP=0.5032 | val_loss=0.2428 val_AP=0.5172
  -> New best: val_loss=0.2424 val_AP=0.5172, saved
Epoch 427/1000 [8.8s mem=8464MB] | train_loss=0.2365 train_AP=0.5029 | val_loss=0.2423 val_AP=0.5169
  -> New best: val_loss=0.2423 val_AP=0.5172, saved
Epoch 428/1000 [8.9s mem=8463MB] | train_loss=0.2357 train_AP=0.5050 | val_loss=0.2423 val_AP=0.5154
  -> New best: val_loss=0.2423 val_AP=0.5172, saved
Epoch 429/1000 [8.9s mem=8464MB] | train_loss=0.2368 train_AP=0.5027 | val_loss=0.2451 val_AP=0.5127
Epoch 430/1000 [8.8s mem=8463MB] | train_loss=0.2357 train_AP=0.5049 | val_loss=0.2450 val_AP=0.5132 | test_AP=0.4875
Epoch 431/1000 [8.9s mem=8464MB] | train_loss=0.2358 train_AP=0.5023 | val_loss=0.2436 val_AP=0.5169
Epoch 432/1000 [8.9s mem=8463MB] | train_loss=0.2365 train_AP=0.5047 | val_loss=0.2463 val_AP=0.5139
Epoch 433/1000 [8.8s mem=8463MB] | train_loss=0.2360 train_AP=0.5057 | val_loss=0.2416 val_AP=0.5131
  -> New best: val_loss=0.2416 val_AP=0.5172, saved
Epoch 434/1000 [9.1s mem=8463MB] | train_loss=0.2354 train_AP=0.5052 | val_loss=0.2431 val_AP=0.5138
Epoch 435/1000 [9.4s mem=8464MB] | train_loss=0.2358 train_AP=0.5038 | val_loss=0.2421 val_AP=0.5157
Epoch 436/1000 [9.3s mem=8464MB] | train_loss=0.2363 train_AP=0.5058 | val_loss=0.2434 val_AP=0.5159
Epoch 437/1000 [9.4s mem=8464MB] | train_loss=0.2360 train_AP=0.5049 | val_loss=0.2423 val_AP=0.5138
Epoch 438/1000 [9.5s mem=8463MB] | train_loss=0.2356 train_AP=0.5022 | val_loss=0.2450 val_AP=0.5155
Epoch 439/1000 [9.4s mem=8465MB] | train_loss=0.2357 train_AP=0.5059 | val_loss=0.2430 val_AP=0.5175
  -> New best: val_loss=0.2416 val_AP=0.5175, saved
Epoch 440/1000 [9.3s mem=8466MB] | train_loss=0.2349 train_AP=0.5089 | val_loss=0.2437 val_AP=0.5160 | test_AP=0.4898
Epoch 441/1000 [9.2s mem=8464MB] | train_loss=0.2353 train_AP=0.5076 | val_loss=0.2433 val_AP=0.5153
Epoch 442/1000 [9.2s mem=8464MB] | train_loss=0.2352 train_AP=0.5075 | val_loss=0.2435 val_AP=0.5188
  -> New best: val_loss=0.2416 val_AP=0.5188, saved
Epoch 443/1000 [9.0s mem=8463MB] | train_loss=0.2350 train_AP=0.5071 | val_loss=0.2420 val_AP=0.5133
Epoch 444/1000 [8.9s mem=8464MB] | train_loss=0.2356 train_AP=0.5031 | val_loss=0.2426 val_AP=0.5148
Epoch 445/1000 [9.0s mem=8463MB] | train_loss=0.2346 train_AP=0.5067 | val_loss=0.2422 val_AP=0.5178
Epoch 446/1000 [8.9s mem=8466MB] | train_loss=0.2345 train_AP=0.5061 | val_loss=0.2447 val_AP=0.5126
Epoch 447/1000 [9.1s mem=8464MB] | train_loss=0.2352 train_AP=0.5078 | val_loss=0.2441 val_AP=0.5164
Epoch 448/1000 [9.0s mem=8463MB] | train_loss=0.2354 train_AP=0.5069 | val_loss=0.2430 val_AP=0.5141
Epoch 449/1000 [8.9s mem=8463MB] | train_loss=0.2352 train_AP=0.5048 | val_loss=0.2416 val_AP=0.5152
  -> New best: val_loss=0.2416 val_AP=0.5188, saved
Epoch 450/1000 [8.9s mem=8463MB] | train_loss=0.2350 train_AP=0.5058 | val_loss=0.2429 val_AP=0.5158 | test_AP=0.4908
Epoch 451/1000 [8.9s mem=8464MB] | train_loss=0.2360 train_AP=0.5057 | val_loss=0.2424 val_AP=0.5151
Epoch 452/1000 [8.8s mem=8464MB] | train_loss=0.2349 train_AP=0.5065 | val_loss=0.2437 val_AP=0.5171
Epoch 453/1000 [9.3s mem=8466MB] | train_loss=0.2347 train_AP=0.5084 | val_loss=0.2431 val_AP=0.5166
Epoch 454/1000 [9.1s mem=8464MB] | train_loss=0.2344 train_AP=0.5079 | val_loss=0.2416 val_AP=0.5190
  -> New best: val_loss=0.2416 val_AP=0.5190, saved
Epoch 455/1000 [9.1s mem=8102MB] | train_loss=0.2339 train_AP=0.5083 | val_loss=0.2420 val_AP=0.5187
Epoch 456/1000 [9.1s mem=8464MB] | train_loss=0.2353 train_AP=0.5061 | val_loss=0.2432 val_AP=0.5157
Epoch 457/1000 [9.0s mem=8464MB] | train_loss=0.2340 train_AP=0.5097 | val_loss=0.2424 val_AP=0.5178
Epoch 458/1000 [9.1s mem=8464MB] | train_loss=0.2345 train_AP=0.5081 | val_loss=0.2414 val_AP=0.5196
  -> New best: val_loss=0.2414 val_AP=0.5196, saved
Epoch 459/1000 [9.1s mem=8463MB] | train_loss=0.2342 train_AP=0.5070 | val_loss=0.2407 val_AP=0.5172
  -> New best: val_loss=0.2407 val_AP=0.5196, saved
Epoch 460/1000 [9.3s mem=8464MB] | train_loss=0.2344 train_AP=0.5100 | val_loss=0.2431 val_AP=0.5119 | test_AP=0.4875
Epoch 461/1000 [9.3s mem=8464MB] | train_loss=0.2352 train_AP=0.5047 | val_loss=0.2415 val_AP=0.5211
  -> New best: val_loss=0.2407 val_AP=0.5211, saved
Epoch 462/1000 [9.5s mem=8463MB] | train_loss=0.2344 train_AP=0.5097 | val_loss=0.2426 val_AP=0.5144
Epoch 463/1000 [9.3s mem=8464MB] | train_loss=0.2340 train_AP=0.5094 | val_loss=0.2423 val_AP=0.5185
Epoch 464/1000 [9.0s mem=8463MB] | train_loss=0.2343 train_AP=0.5082 | val_loss=0.2441 val_AP=0.5197
Epoch 465/1000 [9.2s mem=8465MB] | train_loss=0.2348 train_AP=0.5075 | val_loss=0.2440 val_AP=0.5165
Epoch 466/1000 [9.1s mem=8464MB] | train_loss=0.2333 train_AP=0.5114 | val_loss=0.2451 val_AP=0.5172
Epoch 467/1000 [9.2s mem=8464MB] | train_loss=0.2339 train_AP=0.5083 | val_loss=0.2455 val_AP=0.5146
Epoch 468/1000 [9.3s mem=8463MB] | train_loss=0.2337 train_AP=0.5100 | val_loss=0.2420 val_AP=0.5199
Epoch 469/1000 [9.3s mem=8101MB] | train_loss=0.2341 train_AP=0.5097 | val_loss=0.2439 val_AP=0.5155
Epoch 470/1000 [9.3s mem=8464MB] | train_loss=0.2334 train_AP=0.5089 | val_loss=0.2439 val_AP=0.5149 | test_AP=0.4895
Epoch 471/1000 [9.5s mem=8463MB] | train_loss=0.2338 train_AP=0.5103 | val_loss=0.2415 val_AP=0.5183
Epoch 472/1000 [9.2s mem=8463MB] | train_loss=0.2342 train_AP=0.5087 | val_loss=0.2454 val_AP=0.5168
Epoch 473/1000 [9.2s mem=8464MB] | train_loss=0.2338 train_AP=0.5100 | val_loss=0.2440 val_AP=0.5116
Epoch 474/1000 [9.1s mem=8463MB] | train_loss=0.2334 train_AP=0.5121 | val_loss=0.2418 val_AP=0.5216
  -> New best: val_loss=0.2407 val_AP=0.5216, saved
Epoch 475/1000 [9.0s mem=8464MB] | train_loss=0.2336 train_AP=0.5108 | val_loss=0.2413 val_AP=0.5180
Epoch 476/1000 [9.0s mem=8464MB] | train_loss=0.2341 train_AP=0.5085 | val_loss=0.2430 val_AP=0.5214
Epoch 477/1000 [8.8s mem=8464MB] | train_loss=0.2332 train_AP=0.5107 | val_loss=0.2416 val_AP=0.5186
Epoch 478/1000 [8.9s mem=8466MB] | train_loss=0.2330 train_AP=0.5102 | val_loss=0.2430 val_AP=0.5184
Epoch 479/1000 [8.8s mem=8464MB] | train_loss=0.2329 train_AP=0.5119 | val_loss=0.2418 val_AP=0.5196
Epoch 480/1000 [8.9s mem=8463MB] | train_loss=0.2329 train_AP=0.5130 | val_loss=0.2409 val_AP=0.5222 | test_AP=0.4953
  -> New best: val_loss=0.2407 val_AP=0.5222, saved
Epoch 481/1000 [9.0s mem=8464MB] | train_loss=0.2334 train_AP=0.5114 | val_loss=0.2407 val_AP=0.5187
  -> New best: val_loss=0.2407 val_AP=0.5222, saved
Epoch 482/1000 [8.9s mem=8464MB] | train_loss=0.2335 train_AP=0.5121 | val_loss=0.2422 val_AP=0.5215
Epoch 483/1000 [8.9s mem=8463MB] | train_loss=0.2338 train_AP=0.5082 | val_loss=0.2411 val_AP=0.5200
Epoch 484/1000 [9.0s mem=8464MB] | train_loss=0.2330 train_AP=0.5117 | val_loss=0.2424 val_AP=0.5225
  -> New best: val_loss=0.2407 val_AP=0.5225, saved
Epoch 485/1000 [8.9s mem=8464MB] | train_loss=0.2328 train_AP=0.5142 | val_loss=0.2425 val_AP=0.5208
Epoch 486/1000 [9.0s mem=8465MB] | train_loss=0.2331 train_AP=0.5115 | val_loss=0.2407 val_AP=0.5169
Epoch 487/1000 [8.8s mem=8463MB] | train_loss=0.2329 train_AP=0.5119 | val_loss=0.2414 val_AP=0.5215
Epoch 488/1000 [8.8s mem=8466MB] | train_loss=0.2334 train_AP=0.5100 | val_loss=0.2425 val_AP=0.5211
Epoch 489/1000 [8.9s mem=8463MB] | train_loss=0.2328 train_AP=0.5151 | val_loss=0.2418 val_AP=0.5205
Epoch 490/1000 [8.9s mem=8464MB] | train_loss=0.2330 train_AP=0.5129 | val_loss=0.2427 val_AP=0.5207 | test_AP=0.4925
Epoch 491/1000 [8.8s mem=8464MB] | train_loss=0.2322 train_AP=0.5152 | val_loss=0.2444 val_AP=0.5205
Epoch 492/1000 [8.8s mem=8464MB] | train_loss=0.2324 train_AP=0.5137 | val_loss=0.2424 val_AP=0.5218
Epoch 493/1000 [6.9s mem=8464MB] | train_loss=0.2325 train_AP=0.5146 | val_loss=0.2409 val_AP=0.5176
Epoch 494/1000 [6.9s mem=8463MB] | train_loss=0.2321 train_AP=0.5134 | val_loss=0.2419 val_AP=0.5205
Epoch 495/1000 [6.8s mem=8464MB] | train_loss=0.2316 train_AP=0.5143 | val_loss=0.2430 val_AP=0.5203
Epoch 496/1000 [6.8s mem=8465MB] | train_loss=0.2328 train_AP=0.5134 | val_loss=0.2429 val_AP=0.5209
Epoch 497/1000 [6.8s mem=8463MB] | train_loss=0.2328 train_AP=0.5119 | val_loss=0.2441 val_AP=0.5179
Epoch 498/1000 [6.8s mem=8463MB] | train_loss=0.2326 train_AP=0.5140 | val_loss=0.2427 val_AP=0.5180
Epoch 499/1000 [6.8s mem=8464MB] | train_loss=0.2324 train_AP=0.5165 | val_loss=0.2415 val_AP=0.5181
Epoch 500/1000 [7.3s mem=8463MB] | train_loss=0.2316 train_AP=0.5176 | val_loss=0.2420 val_AP=0.5214 | test_AP=0.4953
Epoch 501/1000 [9.3s mem=8465MB] | train_loss=0.2322 train_AP=0.5143 | val_loss=0.2441 val_AP=0.5211
Epoch 502/1000 [9.5s mem=8464MB] | train_loss=0.2319 train_AP=0.5143 | val_loss=0.2412 val_AP=0.5221
Epoch 503/1000 [9.4s mem=8101MB] | train_loss=0.2322 train_AP=0.5146 | val_loss=0.2424 val_AP=0.5220
Epoch 504/1000 [9.2s mem=8465MB] | train_loss=0.2324 train_AP=0.5149 | val_loss=0.2402 val_AP=0.5219
  -> New best: val_loss=0.2402 val_AP=0.5225, saved
Epoch 505/1000 [9.1s mem=8464MB] | train_loss=0.2319 train_AP=0.5141 | val_loss=0.2415 val_AP=0.5227
  -> New best: val_loss=0.2402 val_AP=0.5227, saved
Epoch 506/1000 [9.2s mem=8466MB] | train_loss=0.2325 train_AP=0.5125 | val_loss=0.2421 val_AP=0.5222
Epoch 507/1000 [9.1s mem=8466MB] | train_loss=0.2321 train_AP=0.5151 | val_loss=0.2438 val_AP=0.5204
Epoch 508/1000 [9.2s mem=8463MB] | train_loss=0.2320 train_AP=0.5144 | val_loss=0.2410 val_AP=0.5232
  -> New best: val_loss=0.2402 val_AP=0.5232, saved
Epoch 509/1000 [9.2s mem=8464MB] | train_loss=0.2322 train_AP=0.5119 | val_loss=0.2410 val_AP=0.5190
Epoch 510/1000 [8.8s mem=8464MB] | train_loss=0.2318 train_AP=0.5165 | val_loss=0.2410 val_AP=0.5238 | test_AP=0.4984
  -> New best: val_loss=0.2402 val_AP=0.5238, saved
Epoch 511/1000 [8.9s mem=8464MB] | train_loss=0.2329 train_AP=0.5142 | val_loss=0.2422 val_AP=0.5225
Epoch 512/1000 [8.9s mem=8465MB] | train_loss=0.2321 train_AP=0.5158 | val_loss=0.2407 val_AP=0.5233
Epoch 513/1000 [8.9s mem=8463MB] | train_loss=0.2321 train_AP=0.5153 | val_loss=0.2412 val_AP=0.5190
Epoch 514/1000 [8.8s mem=8464MB] | train_loss=0.2316 train_AP=0.5162 | val_loss=0.2423 val_AP=0.5240
  -> New best: val_loss=0.2402 val_AP=0.5240, saved
Epoch 515/1000 [8.9s mem=8101MB] | train_loss=0.2323 train_AP=0.5156 | val_loss=0.2405 val_AP=0.5225
Epoch 516/1000 [9.0s mem=8463MB] | train_loss=0.2321 train_AP=0.5147 | val_loss=0.2404 val_AP=0.5235
Epoch 517/1000 [8.8s mem=8463MB] | train_loss=0.2309 train_AP=0.5159 | val_loss=0.2416 val_AP=0.5234
Epoch 518/1000 [8.9s mem=8464MB] | train_loss=0.2319 train_AP=0.5146 | val_loss=0.2403 val_AP=0.5241
  -> New best: val_loss=0.2402 val_AP=0.5241, saved
Epoch 519/1000 [8.9s mem=8463MB] | train_loss=0.2310 train_AP=0.5152 | val_loss=0.2404 val_AP=0.5197
Epoch 520/1000 [9.5s mem=8463MB] | train_loss=0.2321 train_AP=0.5161 | val_loss=0.2418 val_AP=0.5231 | test_AP=0.4962
Epoch 521/1000 [9.3s mem=8464MB] | train_loss=0.2315 train_AP=0.5151 | val_loss=0.2421 val_AP=0.5229
Epoch 522/1000 [9.8s mem=8464MB] | train_loss=0.2308 train_AP=0.5207 | val_loss=0.2405 val_AP=0.5236
Epoch 523/1000 [9.3s mem=8464MB] | train_loss=0.2314 train_AP=0.5178 | val_loss=0.2396 val_AP=0.5217
  -> New best: val_loss=0.2396 val_AP=0.5241, saved
Epoch 524/1000 [9.0s mem=8463MB] | train_loss=0.2312 train_AP=0.5180 | val_loss=0.2418 val_AP=0.5205
Epoch 525/1000 [9.1s mem=8461MB] | train_loss=0.2318 train_AP=0.5152 | val_loss=0.2408 val_AP=0.5216
Epoch 526/1000 [9.1s mem=8464MB] | train_loss=0.2311 train_AP=0.5143 | val_loss=0.2404 val_AP=0.5219
Epoch 527/1000 [9.1s mem=8464MB] | train_loss=0.2314 train_AP=0.5171 | val_loss=0.2410 val_AP=0.5199
Epoch 528/1000 [8.9s mem=8464MB] | train_loss=0.2318 train_AP=0.5167 | val_loss=0.2408 val_AP=0.5240
Epoch 529/1000 [8.9s mem=8463MB] | train_loss=0.2312 train_AP=0.5190 | val_loss=0.2410 val_AP=0.5225
Epoch 530/1000 [8.9s mem=8463MB] | train_loss=0.2307 train_AP=0.5213 | val_loss=0.2436 val_AP=0.5220 | test_AP=0.4944
Epoch 531/1000 [8.9s mem=8463MB] | train_loss=0.2303 train_AP=0.5199 | val_loss=0.2429 val_AP=0.5225
Epoch 532/1000 [8.9s mem=8464MB] | train_loss=0.2313 train_AP=0.5170 | val_loss=0.2416 val_AP=0.5190
Epoch 533/1000 [9.0s mem=8464MB] | train_loss=0.2310 train_AP=0.5205 | val_loss=0.2415 val_AP=0.5223
Epoch 534/1000 [9.3s mem=8102MB] | train_loss=0.2314 train_AP=0.5167 | val_loss=0.2431 val_AP=0.5212
Epoch 535/1000 [9.0s mem=8463MB] | train_loss=0.2309 train_AP=0.5219 | val_loss=0.2399 val_AP=0.5237
Epoch 536/1000 [9.2s mem=8464MB] | train_loss=0.2308 train_AP=0.5195 | val_loss=0.2421 val_AP=0.5230
Epoch 537/1000 [9.1s mem=8464MB] | train_loss=0.2306 train_AP=0.5198 | val_loss=0.2411 val_AP=0.5226
Epoch 538/1000 [9.1s mem=8464MB] | train_loss=0.2308 train_AP=0.5191 | val_loss=0.2412 val_AP=0.5249
  -> New best: val_loss=0.2396 val_AP=0.5249, saved
Epoch 539/1000 [9.1s mem=8464MB] | train_loss=0.2301 train_AP=0.5198 | val_loss=0.2410 val_AP=0.5255
  -> New best: val_loss=0.2396 val_AP=0.5255, saved
Epoch 540/1000 [9.2s mem=8464MB] | train_loss=0.2302 train_AP=0.5204 | val_loss=0.2408 val_AP=0.5230 | test_AP=0.4984
Epoch 541/1000 [9.3s mem=8466MB] | train_loss=0.2313 train_AP=0.5170 | val_loss=0.2412 val_AP=0.5250
Epoch 542/1000 [9.4s mem=8102MB] | train_loss=0.2301 train_AP=0.5194 | val_loss=0.2423 val_AP=0.5229
Epoch 543/1000 [9.0s mem=8464MB] | train_loss=0.2302 train_AP=0.5184 | val_loss=0.2433 val_AP=0.5216
Epoch 544/1000 [9.0s mem=8463MB] | train_loss=0.2299 train_AP=0.5182 | val_loss=0.2413 val_AP=0.5245
Epoch 545/1000 [9.0s mem=8464MB] | train_loss=0.2304 train_AP=0.5178 | val_loss=0.2413 val_AP=0.5216
Epoch 546/1000 [9.0s mem=8463MB] | train_loss=0.2310 train_AP=0.5171 | val_loss=0.2399 val_AP=0.5239
Epoch 547/1000 [8.8s mem=8463MB] | train_loss=0.2303 train_AP=0.5196 | val_loss=0.2397 val_AP=0.5254
Epoch 548/1000 [9.2s mem=8466MB] | train_loss=0.2304 train_AP=0.5196 | val_loss=0.2401 val_AP=0.5226
Epoch 549/1000 [9.2s mem=8463MB] | train_loss=0.2298 train_AP=0.5192 | val_loss=0.2418 val_AP=0.5266
  -> New best: val_loss=0.2396 val_AP=0.5266, saved
Epoch 550/1000 [9.0s mem=8464MB] | train_loss=0.2299 train_AP=0.5196 | val_loss=0.2432 val_AP=0.5221 | test_AP=0.4963
Epoch 551/1000 [8.9s mem=8463MB] | train_loss=0.2305 train_AP=0.5204 | val_loss=0.2404 val_AP=0.5244
Epoch 552/1000 [8.9s mem=8464MB] | train_loss=0.2311 train_AP=0.5175 | val_loss=0.2425 val_AP=0.5248
Epoch 553/1000 [8.8s mem=8466MB] | train_loss=0.2307 train_AP=0.5177 | val_loss=0.2420 val_AP=0.5229
Epoch 554/1000 [9.0s mem=8464MB] | train_loss=0.2301 train_AP=0.5188 | val_loss=0.2409 val_AP=0.5247
Epoch 555/1000 [9.2s mem=8464MB] | train_loss=0.2296 train_AP=0.5226 | val_loss=0.2398 val_AP=0.5227
Epoch 556/1000 [9.1s mem=8463MB] | train_loss=0.2293 train_AP=0.5198 | val_loss=0.2407 val_AP=0.5245
Epoch 557/1000 [9.4s mem=8464MB] | train_loss=0.2300 train_AP=0.5192 | val_loss=0.2417 val_AP=0.5247
Epoch 558/1000 [9.1s mem=8464MB] | train_loss=0.2300 train_AP=0.5209 | val_loss=0.2411 val_AP=0.5220
Epoch 559/1000 [9.2s mem=8465MB] | train_loss=0.2295 train_AP=0.5204 | val_loss=0.2415 val_AP=0.5266
  -> New best: val_loss=0.2396 val_AP=0.5266, saved
Epoch 560/1000 [9.1s mem=8464MB] | train_loss=0.2302 train_AP=0.5210 | val_loss=0.2402 val_AP=0.5235 | test_AP=0.4991
Epoch 561/1000 [9.2s mem=8464MB] | train_loss=0.2296 train_AP=0.5207 | val_loss=0.2419 val_AP=0.5216
Epoch 562/1000 [9.3s mem=8464MB] | train_loss=0.2294 train_AP=0.5219 | val_loss=0.2400 val_AP=0.5244
Epoch 563/1000 [9.2s mem=8463MB] | train_loss=0.2299 train_AP=0.5211 | val_loss=0.2394 val_AP=0.5251
  -> New best: val_loss=0.2394 val_AP=0.5266, saved
Epoch 564/1000 [9.3s mem=8463MB] | train_loss=0.2301 train_AP=0.5172 | val_loss=0.2404 val_AP=0.5245
Epoch 565/1000 [9.1s mem=8465MB] | train_loss=0.2299 train_AP=0.5201 | val_loss=0.2431 val_AP=0.5233
Epoch 566/1000 [9.1s mem=8101MB] | train_loss=0.2293 train_AP=0.5248 | val_loss=0.2403 val_AP=0.5253
Epoch 567/1000 [9.1s mem=8465MB] | train_loss=0.2296 train_AP=0.5211 | val_loss=0.2413 val_AP=0.5261
Epoch 568/1000 [9.1s mem=8464MB] | train_loss=0.2298 train_AP=0.5192 | val_loss=0.2407 val_AP=0.5263
Epoch 569/1000 [9.2s mem=8463MB] | train_loss=0.2300 train_AP=0.5217 | val_loss=0.2405 val_AP=0.5247
Epoch 570/1000 [9.0s mem=8465MB] | train_loss=0.2294 train_AP=0.5211 | val_loss=0.2404 val_AP=0.5251 | test_AP=0.4987
Epoch 571/1000 [8.9s mem=8463MB] | train_loss=0.2293 train_AP=0.5217 | val_loss=0.2402 val_AP=0.5254
Epoch 572/1000 [9.0s mem=8464MB] | train_loss=0.2301 train_AP=0.5210 | val_loss=0.2424 val_AP=0.5227
Epoch 573/1000 [8.9s mem=8463MB] | train_loss=0.2299 train_AP=0.5216 | val_loss=0.2422 val_AP=0.5229
Epoch 574/1000 [8.8s mem=8465MB] | train_loss=0.2287 train_AP=0.5262 | val_loss=0.2410 val_AP=0.5246
Epoch 575/1000 [9.0s mem=8464MB] | train_loss=0.2288 train_AP=0.5225 | val_loss=0.2415 val_AP=0.5247
Epoch 576/1000 [9.0s mem=8464MB] | train_loss=0.2299 train_AP=0.5188 | val_loss=0.2416 val_AP=0.5243
Epoch 577/1000 [9.0s mem=8465MB] | train_loss=0.2290 train_AP=0.5241 | val_loss=0.2408 val_AP=0.5271
  -> New best: val_loss=0.2394 val_AP=0.5271, saved
Epoch 578/1000 [9.2s mem=8463MB] | train_loss=0.2288 train_AP=0.5228 | val_loss=0.2398 val_AP=0.5255
Epoch 579/1000 [9.0s mem=8463MB] | train_loss=0.2289 train_AP=0.5252 | val_loss=0.2415 val_AP=0.5279
  -> New best: val_loss=0.2394 val_AP=0.5279, saved
Epoch 580/1000 [8.9s mem=8465MB] | train_loss=0.2296 train_AP=0.5223 | val_loss=0.2405 val_AP=0.5250 | test_AP=0.4988
Epoch 581/1000 [9.1s mem=8464MB] | train_loss=0.2295 train_AP=0.5218 | val_loss=0.2414 val_AP=0.5232
Epoch 582/1000 [9.0s mem=8464MB] | train_loss=0.2294 train_AP=0.5233 | val_loss=0.2411 val_AP=0.5267
Epoch 583/1000 [9.1s mem=8463MB] | train_loss=0.2293 train_AP=0.5215 | val_loss=0.2424 val_AP=0.5250
Epoch 584/1000 [9.0s mem=8463MB] | train_loss=0.2287 train_AP=0.5220 | val_loss=0.2405 val_AP=0.5244
Epoch 585/1000 [8.9s mem=8464MB] | train_loss=0.2288 train_AP=0.5247 | val_loss=0.2401 val_AP=0.5272
Epoch 586/1000 [8.5s mem=8464MB] | train_loss=0.2296 train_AP=0.5220 | val_loss=0.2404 val_AP=0.5285
  -> New best: val_loss=0.2394 val_AP=0.5285, saved
Epoch 587/1000 [6.8s mem=8464MB] | train_loss=0.2290 train_AP=0.5244 | val_loss=0.2397 val_AP=0.5265
Epoch 588/1000 [6.9s mem=8464MB] | train_loss=0.2289 train_AP=0.5219 | val_loss=0.2406 val_AP=0.5274
Epoch 589/1000 [6.8s mem=8464MB] | train_loss=0.2289 train_AP=0.5262 | val_loss=0.2405 val_AP=0.5253
Epoch 590/1000 [6.8s mem=8464MB] | train_loss=0.2299 train_AP=0.5211 | val_loss=0.2409 val_AP=0.5265 | test_AP=0.5000
Epoch 591/1000 [6.7s mem=8465MB] | train_loss=0.2284 train_AP=0.5257 | val_loss=0.2398 val_AP=0.5242
Epoch 592/1000 [6.7s mem=8464MB] | train_loss=0.2286 train_AP=0.5239 | val_loss=0.2398 val_AP=0.5250
Epoch 593/1000 [6.9s mem=8463MB] | train_loss=0.2287 train_AP=0.5231 | val_loss=0.2405 val_AP=0.5243
Epoch 594/1000 [8.4s mem=8464MB] | train_loss=0.2288 train_AP=0.5225 | val_loss=0.2413 val_AP=0.5232
Epoch 595/1000 [9.1s mem=8463MB] | train_loss=0.2278 train_AP=0.5285 | val_loss=0.2419 val_AP=0.5232
Epoch 596/1000 [9.1s mem=8463MB] | train_loss=0.2285 train_AP=0.5256 | val_loss=0.2399 val_AP=0.5249
Epoch 597/1000 [9.5s mem=8466MB] | train_loss=0.2284 train_AP=0.5241 | val_loss=0.2401 val_AP=0.5248
Epoch 598/1000 [8.9s mem=8460MB] | train_loss=0.2283 train_AP=0.5232 | val_loss=0.2404 val_AP=0.5240
Epoch 599/1000 [8.9s mem=8463MB] | train_loss=0.2287 train_AP=0.5250 | val_loss=0.2402 val_AP=0.5249
Epoch 600/1000 [8.9s mem=8463MB] | train_loss=0.2278 train_AP=0.5286 | val_loss=0.2427 val_AP=0.5257 | test_AP=0.4995
Epoch 601/1000 [9.0s mem=8102MB] | train_loss=0.2284 train_AP=0.5228 | val_loss=0.2400 val_AP=0.5275
Epoch 602/1000 [8.9s mem=8466MB] | train_loss=0.2284 train_AP=0.5255 | val_loss=0.2404 val_AP=0.5291
  -> New best: val_loss=0.2394 val_AP=0.5291, saved
Epoch 603/1000 [8.9s mem=8463MB] | train_loss=0.2289 train_AP=0.5214 | val_loss=0.2403 val_AP=0.5285
Epoch 604/1000 [8.9s mem=8464MB] | train_loss=0.2282 train_AP=0.5261 | val_loss=0.2404 val_AP=0.5277
Epoch 605/1000 [8.9s mem=8463MB] | train_loss=0.2279 train_AP=0.5240 | val_loss=0.2410 val_AP=0.5279
Epoch 606/1000 [8.9s mem=8462MB] | train_loss=0.2287 train_AP=0.5238 | val_loss=0.2399 val_AP=0.5263
Epoch 607/1000 [8.9s mem=8463MB] | train_loss=0.2280 train_AP=0.5261 | val_loss=0.2404 val_AP=0.5244
Epoch 608/1000 [8.9s mem=8464MB] | train_loss=0.2283 train_AP=0.5255 | val_loss=0.2409 val_AP=0.5275
Epoch 609/1000 [8.8s mem=8464MB] | train_loss=0.2286 train_AP=0.5217 | val_loss=0.2402 val_AP=0.5249
Epoch 610/1000 [8.9s mem=8463MB] | train_loss=0.2281 train_AP=0.5247 | val_loss=0.2400 val_AP=0.5262 | test_AP=0.5018
Epoch 611/1000 [8.8s mem=8463MB] | train_loss=0.2275 train_AP=0.5272 | val_loss=0.2419 val_AP=0.5286
Epoch 612/1000 [8.9s mem=8463MB] | train_loss=0.2280 train_AP=0.5244 | val_loss=0.2397 val_AP=0.5282
Epoch 613/1000 [8.9s mem=8466MB] | train_loss=0.2279 train_AP=0.5277 | val_loss=0.2418 val_AP=0.5252
Epoch 614/1000 [9.0s mem=8466MB] | train_loss=0.2281 train_AP=0.5254 | val_loss=0.2400 val_AP=0.5270
Epoch 615/1000 [9.0s mem=8465MB] | train_loss=0.2283 train_AP=0.5265 | val_loss=0.2405 val_AP=0.5280
Epoch 616/1000 [9.0s mem=8463MB] | train_loss=0.2279 train_AP=0.5287 | val_loss=0.2413 val_AP=0.5267
Epoch 617/1000 [9.5s mem=8465MB] | train_loss=0.2284 train_AP=0.5247 | val_loss=0.2404 val_AP=0.5264
Epoch 618/1000 [9.0s mem=8463MB] | train_loss=0.2281 train_AP=0.5261 | val_loss=0.2413 val_AP=0.5233
Epoch 619/1000 [9.3s mem=8463MB] | train_loss=0.2281 train_AP=0.5247 | val_loss=0.2399 val_AP=0.5274
Epoch 620/1000 [9.0s mem=8463MB] | train_loss=0.2287 train_AP=0.5256 | val_loss=0.2405 val_AP=0.5232 | test_AP=0.5007
Epoch 621/1000 [9.5s mem=8460MB] | train_loss=0.2279 train_AP=0.5255 | val_loss=0.2430 val_AP=0.5260
Epoch 622/1000 [9.1s mem=8463MB] | train_loss=0.2287 train_AP=0.5260 | val_loss=0.2423 val_AP=0.5223
Epoch 623/1000 [8.8s mem=8463MB] | train_loss=0.2279 train_AP=0.5279 | val_loss=0.2396 val_AP=0.5280
Epoch 624/1000 [9.9s mem=8462MB] | train_loss=0.2277 train_AP=0.5275 | val_loss=0.2402 val_AP=0.5281
Epoch 625/1000 [9.0s mem=8463MB] | train_loss=0.2278 train_AP=0.5292 | val_loss=0.2437 val_AP=0.5245
Epoch 626/1000 [9.5s mem=8463MB] | train_loss=0.2277 train_AP=0.5266 | val_loss=0.2416 val_AP=0.5278
Epoch 627/1000 [8.7s mem=8465MB] | train_loss=0.2281 train_AP=0.5272 | val_loss=0.2415 val_AP=0.5284
Epoch 628/1000 [8.9s mem=8464MB] | train_loss=0.2274 train_AP=0.5272 | val_loss=0.2414 val_AP=0.5294
  -> New best: val_loss=0.2394 val_AP=0.5294, saved
Epoch 629/1000 [9.1s mem=8463MB] | train_loss=0.2274 train_AP=0.5268 | val_loss=0.2394 val_AP=0.5274
  -> New best: val_loss=0.2394 val_AP=0.5294, saved
Epoch 630/1000 [9.0s mem=8464MB] | train_loss=0.2271 train_AP=0.5293 | val_loss=0.2404 val_AP=0.5289 | test_AP=0.5033
Epoch 631/1000 [9.0s mem=8464MB] | train_loss=0.2275 train_AP=0.5294 | val_loss=0.2399 val_AP=0.5305
  -> New best: val_loss=0.2394 val_AP=0.5305, saved
Epoch 632/1000 [9.2s mem=8463MB] | train_loss=0.2276 train_AP=0.5266 | val_loss=0.2422 val_AP=0.5265
Epoch 633/1000 [9.1s mem=8464MB] | train_loss=0.2272 train_AP=0.5278 | val_loss=0.2409 val_AP=0.5282
Epoch 634/1000 [9.7s mem=8463MB] | train_loss=0.2274 train_AP=0.5292 | val_loss=0.2402 val_AP=0.5267
Epoch 635/1000 [9.1s mem=8464MB] | train_loss=0.2277 train_AP=0.5255 | val_loss=0.2410 val_AP=0.5280
Epoch 636/1000 [8.9s mem=8464MB] | train_loss=0.2277 train_AP=0.5281 | val_loss=0.2407 val_AP=0.5289
Epoch 637/1000 [9.3s mem=8463MB] | train_loss=0.2278 train_AP=0.5261 | val_loss=0.2406 val_AP=0.5297
Epoch 638/1000 [8.9s mem=8463MB] | train_loss=0.2278 train_AP=0.5256 | val_loss=0.2413 val_AP=0.5278
Epoch 639/1000 [8.8s mem=8463MB] | train_loss=0.2275 train_AP=0.5274 | val_loss=0.2401 val_AP=0.5267
Epoch 640/1000 [9.0s mem=8462MB] | train_loss=0.2273 train_AP=0.5297 | val_loss=0.2407 val_AP=0.5277 | test_AP=0.5024
Epoch 641/1000 [8.9s mem=8464MB] | train_loss=0.2274 train_AP=0.5306 | val_loss=0.2410 val_AP=0.5250
Epoch 642/1000 [9.0s mem=8464MB] | train_loss=0.2275 train_AP=0.5254 | val_loss=0.2407 val_AP=0.5284
Epoch 643/1000 [8.9s mem=8464MB] | train_loss=0.2276 train_AP=0.5259 | val_loss=0.2396 val_AP=0.5272
Epoch 644/1000 [9.0s mem=8464MB] | train_loss=0.2270 train_AP=0.5308 | val_loss=0.2408 val_AP=0.5309
  -> New best: val_loss=0.2394 val_AP=0.5309, saved
Epoch 645/1000 [8.9s mem=8466MB] | train_loss=0.2270 train_AP=0.5282 | val_loss=0.2402 val_AP=0.5291
Epoch 646/1000 [8.9s mem=8464MB] | train_loss=0.2267 train_AP=0.5314 | val_loss=0.2395 val_AP=0.5297
Epoch 647/1000 [8.9s mem=8464MB] | train_loss=0.2274 train_AP=0.5272 | val_loss=0.2404 val_AP=0.5293
Epoch 648/1000 [9.0s mem=8464MB] | train_loss=0.2271 train_AP=0.5257 | val_loss=0.2420 val_AP=0.5269
Epoch 649/1000 [9.0s mem=8464MB] | train_loss=0.2279 train_AP=0.5284 | val_loss=0.2403 val_AP=0.5255
Epoch 650/1000 [9.0s mem=8464MB] | train_loss=0.2276 train_AP=0.5295 | val_loss=0.2408 val_AP=0.5302 | test_AP=0.5036
Epoch 651/1000 [9.2s mem=8463MB] | train_loss=0.2272 train_AP=0.5264 | val_loss=0.2411 val_AP=0.5269
Epoch 652/1000 [9.4s mem=8463MB] | train_loss=0.2268 train_AP=0.5276 | val_loss=0.2409 val_AP=0.5258
Epoch 653/1000 [9.4s mem=8463MB] | train_loss=0.2271 train_AP=0.5295 | val_loss=0.2402 val_AP=0.5274
Epoch 654/1000 [9.3s mem=8463MB] | train_loss=0.2273 train_AP=0.5260 | val_loss=0.2412 val_AP=0.5242
Epoch 655/1000 [9.3s mem=8466MB] | train_loss=0.2267 train_AP=0.5313 | val_loss=0.2403 val_AP=0.5295
Epoch 656/1000 [9.2s mem=8464MB] | train_loss=0.2276 train_AP=0.5266 | val_loss=0.2392 val_AP=0.5290
  -> New best: val_loss=0.2392 val_AP=0.5309, saved
Epoch 657/1000 [9.2s mem=8461MB] | train_loss=0.2262 train_AP=0.5312 | val_loss=0.2411 val_AP=0.5288
Epoch 658/1000 [9.0s mem=8464MB] | train_loss=0.2273 train_AP=0.5282 | val_loss=0.2416 val_AP=0.5258
Epoch 659/1000 [9.3s mem=8463MB] | train_loss=0.2274 train_AP=0.5289 | val_loss=0.2405 val_AP=0.5288
Epoch 660/1000 [9.3s mem=8463MB] | train_loss=0.2274 train_AP=0.5270 | val_loss=0.2398 val_AP=0.5288 | test_AP=0.5048
Epoch 661/1000 [9.3s mem=8464MB] | train_loss=0.2271 train_AP=0.5272 | val_loss=0.2402 val_AP=0.5296
Epoch 662/1000 [9.2s mem=8464MB] | train_loss=0.2275 train_AP=0.5291 | val_loss=0.2401 val_AP=0.5284
Epoch 663/1000 [9.3s mem=8463MB] | train_loss=0.2269 train_AP=0.5293 | val_loss=0.2412 val_AP=0.5272
Epoch 664/1000 [9.2s mem=8463MB] | train_loss=0.2265 train_AP=0.5304 | val_loss=0.2405 val_AP=0.5278
Epoch 665/1000 [9.1s mem=8464MB] | train_loss=0.2269 train_AP=0.5298 | val_loss=0.2409 val_AP=0.5293
Epoch 666/1000 [9.0s mem=8102MB] | train_loss=0.2261 train_AP=0.5310 | val_loss=0.2423 val_AP=0.5308
Epoch 667/1000 [9.0s mem=8463MB] | train_loss=0.2267 train_AP=0.5296 | val_loss=0.2417 val_AP=0.5284
Epoch 668/1000 [8.8s mem=8465MB] | train_loss=0.2265 train_AP=0.5297 | val_loss=0.2398 val_AP=0.5296
Epoch 669/1000 [8.9s mem=8463MB] | train_loss=0.2272 train_AP=0.5301 | val_loss=0.2397 val_AP=0.5266
Epoch 670/1000 [9.0s mem=8464MB] | train_loss=0.2262 train_AP=0.5292 | val_loss=0.2402 val_AP=0.5298 | test_AP=0.5041
Epoch 671/1000 [9.0s mem=8464MB] | train_loss=0.2267 train_AP=0.5304 | val_loss=0.2401 val_AP=0.5291
Epoch 672/1000 [8.9s mem=8464MB] | train_loss=0.2267 train_AP=0.5297 | val_loss=0.2395 val_AP=0.5292
Epoch 673/1000 [8.9s mem=8463MB] | train_loss=0.2268 train_AP=0.5297 | val_loss=0.2399 val_AP=0.5298
Epoch 674/1000 [9.0s mem=8463MB] | train_loss=0.2269 train_AP=0.5289 | val_loss=0.2396 val_AP=0.5283
Epoch 675/1000 [9.0s mem=8464MB] | train_loss=0.2264 train_AP=0.5308 | val_loss=0.2406 val_AP=0.5295
Epoch 676/1000 [8.9s mem=8464MB] | train_loss=0.2265 train_AP=0.5311 | val_loss=0.2401 val_AP=0.5284
Epoch 677/1000 [8.8s mem=8464MB] | train_loss=0.2264 train_AP=0.5310 | val_loss=0.2410 val_AP=0.5296
Epoch 678/1000 [8.9s mem=8464MB] | train_loss=0.2271 train_AP=0.5273 | val_loss=0.2398 val_AP=0.5286
Epoch 679/1000 [9.0s mem=8463MB] | train_loss=0.2267 train_AP=0.5303 | val_loss=0.2394 val_AP=0.5279
Epoch 680/1000 [8.9s mem=8465MB] | train_loss=0.2262 train_AP=0.5281 | val_loss=0.2409 val_AP=0.5288 | test_AP=0.5038
Epoch 681/1000 [6.7s mem=8466MB] | train_loss=0.2263 train_AP=0.5290 | val_loss=0.2403 val_AP=0.5272
Epoch 682/1000 [6.8s mem=8464MB] | train_loss=0.2260 train_AP=0.5302 | val_loss=0.2404 val_AP=0.5309
Epoch 683/1000 [6.9s mem=8463MB] | train_loss=0.2263 train_AP=0.5330 | val_loss=0.2409 val_AP=0.5285
Epoch 684/1000 [6.8s mem=8464MB] | train_loss=0.2266 train_AP=0.5296 | val_loss=0.2401 val_AP=0.5276
Epoch 685/1000 [6.7s mem=8464MB] | train_loss=0.2270 train_AP=0.5299 | val_loss=0.2408 val_AP=0.5286
Epoch 686/1000 [6.8s mem=8465MB] | train_loss=0.2265 train_AP=0.5339 | val_loss=0.2407 val_AP=0.5282
Epoch 687/1000 [6.8s mem=8463MB] | train_loss=0.2262 train_AP=0.5312 | val_loss=0.2400 val_AP=0.5274
Epoch 688/1000 [7.8s mem=8463MB] | train_loss=0.2266 train_AP=0.5297 | val_loss=0.2404 val_AP=0.5294
Epoch 689/1000 [9.5s mem=8463MB] | train_loss=0.2260 train_AP=0.5324 | val_loss=0.2424 val_AP=0.5281
Epoch 690/1000 [9.2s mem=8464MB] | train_loss=0.2259 train_AP=0.5299 | val_loss=0.2407 val_AP=0.5300 | test_AP=0.5052
Epoch 691/1000 [9.0s mem=8464MB] | train_loss=0.2274 train_AP=0.5277 | val_loss=0.2424 val_AP=0.5273
Epoch 692/1000 [9.2s mem=8463MB] | train_loss=0.2269 train_AP=0.5307 | val_loss=0.2406 val_AP=0.5295
Epoch 693/1000 [9.2s mem=8464MB] | train_loss=0.2260 train_AP=0.5297 | val_loss=0.2407 val_AP=0.5286
Epoch 694/1000 [9.1s mem=8463MB] | train_loss=0.2260 train_AP=0.5357 | val_loss=0.2410 val_AP=0.5267
Epoch 695/1000 [9.2s mem=8464MB] | train_loss=0.2261 train_AP=0.5309 | val_loss=0.2409 val_AP=0.5306
Epoch 696/1000 [9.1s mem=8464MB] | train_loss=0.2268 train_AP=0.5286 | val_loss=0.2400 val_AP=0.5294
Epoch 697/1000 [9.5s mem=8463MB] | train_loss=0.2263 train_AP=0.5289 | val_loss=0.2407 val_AP=0.5312
  -> New best: val_loss=0.2392 val_AP=0.5312, saved
Epoch 698/1000 [9.1s mem=8465MB] | train_loss=0.2256 train_AP=0.5320 | val_loss=0.2403 val_AP=0.5293
Epoch 699/1000 [9.5s mem=8463MB] | train_loss=0.2260 train_AP=0.5315 | val_loss=0.2421 val_AP=0.5280
Epoch 700/1000 [9.7s mem=8463MB] | train_loss=0.2257 train_AP=0.5338 | val_loss=0.2407 val_AP=0.5304 | test_AP=0.5062
Epoch 701/1000 [9.6s mem=8464MB] | train_loss=0.2268 train_AP=0.5283 | val_loss=0.2404 val_AP=0.5301
Epoch 702/1000 [8.9s mem=8463MB] | train_loss=0.2260 train_AP=0.5318 | val_loss=0.2407 val_AP=0.5279
Epoch 703/1000 [8.9s mem=8463MB] | train_loss=0.2260 train_AP=0.5311 | val_loss=0.2398 val_AP=0.5268
Epoch 704/1000 [9.0s mem=8464MB] | train_loss=0.2259 train_AP=0.5297 | val_loss=0.2407 val_AP=0.5296
Epoch 705/1000 [8.9s mem=8464MB] | train_loss=0.2266 train_AP=0.5306 | val_loss=0.2403 val_AP=0.5297
Epoch 706/1000 [8.8s mem=8463MB] | train_loss=0.2263 train_AP=0.5302 | val_loss=0.2408 val_AP=0.5308
Epoch 707/1000 [8.8s mem=8464MB] | train_loss=0.2261 train_AP=0.5318 | val_loss=0.2408 val_AP=0.5282
Epoch 708/1000 [9.0s mem=8464MB] | train_loss=0.2263 train_AP=0.5317 | val_loss=0.2406 val_AP=0.5299
Epoch 709/1000 [9.2s mem=8463MB] | train_loss=0.2257 train_AP=0.5322 | val_loss=0.2408 val_AP=0.5282
Epoch 710/1000 [9.1s mem=8464MB] | train_loss=0.2257 train_AP=0.5327 | val_loss=0.2420 val_AP=0.5263 | test_AP=0.5025
Epoch 711/1000 [9.1s mem=8463MB] | train_loss=0.2259 train_AP=0.5314 | val_loss=0.2404 val_AP=0.5280
Epoch 712/1000 [9.1s mem=8464MB] | train_loss=0.2255 train_AP=0.5290 | val_loss=0.2416 val_AP=0.5286
Epoch 713/1000 [9.2s mem=8463MB] | train_loss=0.2260 train_AP=0.5309 | val_loss=0.2417 val_AP=0.5288
Epoch 714/1000 [9.1s mem=8464MB] | train_loss=0.2258 train_AP=0.5322 | val_loss=0.2397 val_AP=0.5301
Epoch 715/1000 [9.2s mem=8463MB] | train_loss=0.2260 train_AP=0.5326 | val_loss=0.2397 val_AP=0.5306
Epoch 716/1000 [9.2s mem=8464MB] | train_loss=0.2256 train_AP=0.5323 | val_loss=0.2407 val_AP=0.5300
Epoch 717/1000 [9.1s mem=8464MB] | train_loss=0.2254 train_AP=0.5339 | val_loss=0.2397 val_AP=0.5299
Epoch 718/1000 [9.4s mem=8463MB] | train_loss=0.2260 train_AP=0.5296 | val_loss=0.2409 val_AP=0.5284
Epoch 719/1000 [9.2s mem=8466MB] | train_loss=0.2256 train_AP=0.5314 | val_loss=0.2402 val_AP=0.5280
Epoch 720/1000 [9.0s mem=8464MB] | train_loss=0.2253 train_AP=0.5343 | val_loss=0.2406 val_AP=0.5306 | test_AP=0.5059
Epoch 721/1000 [9.6s mem=8463MB] | train_loss=0.2250 train_AP=0.5351 | val_loss=0.2406 val_AP=0.5298
Epoch 722/1000 [9.7s mem=8466MB] | train_loss=0.2257 train_AP=0.5300 | val_loss=0.2400 val_AP=0.5279
Epoch 723/1000 [9.6s mem=8463MB] | train_loss=0.2255 train_AP=0.5325 | val_loss=0.2401 val_AP=0.5305
Epoch 724/1000 [9.7s mem=8464MB] | train_loss=0.2254 train_AP=0.5335 | val_loss=0.2412 val_AP=0.5289
Epoch 725/1000 [9.7s mem=8464MB] | train_loss=0.2261 train_AP=0.5297 | val_loss=0.2406 val_AP=0.5294
Epoch 726/1000 [9.9s mem=8463MB] | train_loss=0.2255 train_AP=0.5328 | val_loss=0.2413 val_AP=0.5284
Epoch 727/1000 [9.6s mem=8464MB] | train_loss=0.2256 train_AP=0.5329 | val_loss=0.2408 val_AP=0.5289
Epoch 728/1000 [9.7s mem=8466MB] | train_loss=0.2254 train_AP=0.5341 | val_loss=0.2405 val_AP=0.5301
Epoch 729/1000 [9.6s mem=8463MB] | train_loss=0.2252 train_AP=0.5333 | val_loss=0.2412 val_AP=0.5291
Epoch 730/1000 [9.6s mem=8464MB] | train_loss=0.2263 train_AP=0.5314 | val_loss=0.2407 val_AP=0.5304 | test_AP=0.5064
Epoch 731/1000 [9.2s mem=8464MB] | train_loss=0.2255 train_AP=0.5327 | val_loss=0.2412 val_AP=0.5286
Epoch 732/1000 [9.4s mem=8463MB] | train_loss=0.2254 train_AP=0.5314 | val_loss=0.2397 val_AP=0.5279
Epoch 733/1000 [9.6s mem=8464MB] | train_loss=0.2260 train_AP=0.5297 | val_loss=0.2405 val_AP=0.5287
Epoch 734/1000 [9.2s mem=8463MB] | train_loss=0.2257 train_AP=0.5315 | val_loss=0.2394 val_AP=0.5292
Epoch 735/1000 [9.3s mem=8464MB] | train_loss=0.2260 train_AP=0.5313 | val_loss=0.2403 val_AP=0.5301
Epoch 736/1000 [9.1s mem=8464MB] | train_loss=0.2259 train_AP=0.5315 | val_loss=0.2400 val_AP=0.5301
Epoch 737/1000 [8.9s mem=8463MB] | train_loss=0.2250 train_AP=0.5340 | val_loss=0.2409 val_AP=0.5296
Epoch 738/1000 [9.0s mem=8463MB] | train_loss=0.2253 train_AP=0.5321 | val_loss=0.2405 val_AP=0.5300
Epoch 739/1000 [8.8s mem=8464MB] | train_loss=0.2252 train_AP=0.5340 | val_loss=0.2407 val_AP=0.5306
Epoch 740/1000 [8.9s mem=8464MB] | train_loss=0.2252 train_AP=0.5342 | val_loss=0.2400 val_AP=0.5307 | test_AP=0.5092
Epoch 741/1000 [8.9s mem=8465MB] | train_loss=0.2251 train_AP=0.5329 | val_loss=0.2403 val_AP=0.5312
Epoch 742/1000 [8.8s mem=8464MB] | train_loss=0.2257 train_AP=0.5349 | val_loss=0.2398 val_AP=0.5292
Epoch 743/1000 [9.5s mem=8465MB] | train_loss=0.2258 train_AP=0.5324 | val_loss=0.2409 val_AP=0.5289
Epoch 744/1000 [9.4s mem=8464MB] | train_loss=0.2252 train_AP=0.5350 | val_loss=0.2410 val_AP=0.5308
Epoch 745/1000 [9.2s mem=8463MB] | train_loss=0.2256 train_AP=0.5339 | val_loss=0.2406 val_AP=0.5299
Epoch 746/1000 [9.1s mem=8464MB] | train_loss=0.2246 train_AP=0.5346 | val_loss=0.2408 val_AP=0.5311
Epoch 747/1000 [9.0s mem=8463MB] | train_loss=0.2251 train_AP=0.5335 | val_loss=0.2402 val_AP=0.5304
Early stopping at epoch 747. Best val_loss=0.2392 val_AP=0.5312 at epoch 697.
Pretrain done. Best val_loss=0.2392 val_AP=0.5312 at epoch 697.
+ python exp_attn_distillation_2.py extract --hidden_dim 64 --model_path checkpoints_attn_distill_5/pretrain_best.pt --save_dir checkpoints_attn_distill_5 --num_layers 1 --num_heads 16 --proxy_lr 8e-2 --no-use_lap_pe --warmup_ratio 0.05 --num_cross_layers 1 --no-use_proxy_self_attn --proxy_mmd_lambda 1.5 --proxy_opt_steps 1000 --distill_weight 1 --temperature 2 --batch_size 256 --num_proxies 4
{'phase': 'extract', 'model_path': 'checkpoints_attn_distill_5/pretrain_best.pt', 'save_dir': 'checkpoints_attn_distill_5', 'hidden_dim': 64, 'num_layers': 1, 'num_heads': 16, 'output_dim': 10, 'dropout': 0.1, 's1_lr': 3e-05, 's1_weight_decay': 0.0003, 's1_max_epochs': 300, 's1_patience': 50, 's1_grad_clip': 1.0, 'warmup_ratio': 0.05, 'lr_min': 1e-07, 'num_cross_layers': 1, 'use_proxy_self_attn': False, 'num_proxies': 4, 'proxy_lr': 0.08, 'proxy_opt_steps': 1000, 'proxy_mmd_lambda': 1.5, 'distill_weight': 1.0, 'temperature': 2.0, 'distill_layers': 'all', 'lr': 5e-05, 'weight_decay': 0.0001, 'max_epochs': 200, 'patience': 30, 'grad_clip': 1.0, 'batch_size': 256, 'num_workers': 4, 'device': 'cuda'}
Unknown args =  ['--no-use_lap_pe']
============================================================
Phase 1: Extract Attention Targets
  model_path=checkpoints_attn_distill_5/pretrain_best.pt
  proxy_opt_steps=1000
  num_proxies=4
  proxy_mmd_lambda=1.5
  num_cross_layers=1
  use_proxy_self_attn=False
  distill_layers=all
============================================================
  Loaded 50 pretrained keys, cross-attn layers randomly initialized
  Extracting attention from layers: [0]
  [1/43] 256 graphs | base_loss=0.2341 opt_loss=0.0342 mmd=0.888781
Killed
+ save_dir=checkpoints_attn_distill_5
+ python exp_attn_distillation_2.py extract --hidden_dim 64 --model_path checkpoints_attn_distill_5/pretrain_best.pt --save_dir checkpoints_attn_distill_5 --num_layers 1 --num_heads 16 --proxy_lr 1e-3 --no-use_lap_pe --warmup_ratio 0.05 --num_cross_layers 1 --no-use_proxy_self_attn --proxy_mmd_lambda 1.5 --proxy_opt_steps 5000 --distill_weight 1 --temperature 2 --batch_size 256 --num_proxies 4
{'phase': 'extract', 'model_path': 'checkpoints_attn_distill_5/pretrain_best.pt', 'save_dir': 'checkpoints_attn_distill_5', 'hidden_dim': 64, 'num_layers': 1, 'num_heads': 16, 'output_dim': 10, 'dropout': 0.1, 's1_lr': 3e-05, 's1_weight_decay': 0.0003, 's1_max_epochs': 300, 's1_patience': 50, 's1_grad_clip': 1.0, 'warmup_ratio': 0.05, 'lr_min': 1e-07, 'num_cross_layers': 1, 'use_proxy_self_attn': False, 'num_proxies': 4, 'proxy_lr': 0.001, 'proxy_opt_steps': 5000, 'proxy_mmd_lambda': 1.5, 'extract_rel_threshold': 0.1, 'proxy_init_jitter': 0.5, 'distill_weight': 1.0, 'temperature': 2.0, 'distill_layers': 'all', 'lr': 5e-05, 'weight_decay': 0.0001, 'max_epochs': 200, 'patience': 30, 'grad_clip': 1.0, 'batch_size': 256, 'num_workers': 4, 'device': 'cuda'}
Unknown args =  ['--no-use_lap_pe']
============================================================
Phase 1: Extract Attention Targets
  model_path=checkpoints_attn_distill_5/pretrain_best.pt
  proxy_opt_steps=5000
  num_proxies=4
  proxy_mmd_lambda=1.5
  num_cross_layers=1
  use_proxy_self_attn=False
  distill_layers=all
============================================================
  Loaded 50 pretrained keys, cross-attn layers randomly initialized
  Extracting attention from layers: [0]
  [1/43] 256 graphs | base_loss=0.2341 opt_loss=0.0289 ratio=0.1236 mmd=0.896790 avg_steps=5000.0 conv=68.36%
Killed
+ save_dir=checkpoints_attn_distill_5
+ python exp_attn_distillation_2.py extract --hidden_dim 64 --model_path checkpoints_attn_distill_5/pretrain_best.pt --save_dir checkpoints_attn_distill_5 --num_layers 1 --num_heads 16 --proxy_lr 1e-3 --no-use_lap_pe --warmup_ratio 0.05 --num_cross_layers 1 --no-use_proxy_self_attn --proxy_mmd_lambda 2 --proxy_opt_steps 5000 --distill_weight 1 --temperature 2 --batch_size 256 --num_proxies 8
{'phase': 'extract', 'model_path': 'checkpoints_attn_distill_5/pretrain_best.pt', 'save_dir': 'checkpoints_attn_distill_5', 'hidden_dim': 64, 'num_layers': 1, 'num_heads': 16, 'output_dim': 10, 'dropout': 0.1, 's1_lr': 3e-05, 's1_weight_decay': 0.0003, 's1_max_epochs': 300, 's1_patience': 50, 's1_grad_clip': 1.0, 'warmup_ratio': 0.05, 'lr_min': 1e-07, 'num_cross_layers': 1, 'use_proxy_self_attn': False, 'num_proxies': 8, 'proxy_lr': 0.001, 'proxy_opt_steps': 5000, 'proxy_mmd_lambda': 2.0, 'extract_rel_threshold': 0.1, 'proxy_init_jitter': 0.5, 'distill_weight': 1.0, 'temperature': 2.0, 'distill_layers': 'all', 'lr': 5e-05, 'weight_decay': 0.0001, 'max_epochs': 200, 'patience': 30, 'grad_clip': 1.0, 'batch_size': 256, 'num_workers': 4, 'device': 'cuda'}
Unknown args =  ['--no-use_lap_pe']
============================================================
Phase 1: Extract Attention Targets
  model_path=checkpoints_attn_distill_5/pretrain_best.pt
  proxy_opt_steps=5000
  num_proxies=8
  proxy_mmd_lambda=2.0
  num_cross_layers=1
  use_proxy_self_attn=False
  distill_layers=all
============================================================
  Loaded 50 pretrained keys, cross-attn layers randomly initialized
  Extracting attention from layers: [0]
  [1/43] 256 graphs | base_loss=0.2341 opt_loss=0.0301 ratio=0.1287 mmd=0.772780 avg_steps=5000.0 conv=68.75%
+ save_dir=checkpoints_attn_distill_5
+ python exp_attn_distillation_2.py extract --hidden_dim 64 --model_path checkpoints_attn_distill_5/pretrain_best.pt --save_dir checkpoints_attn_distill_5 --num_layers 1 --num_heads 16 --proxy_lr 1e-3 --no-use_lap_pe --warmup_ratio 0.05 --num_cross_layers 1 --no-use_proxy_self_attn --proxy_mmd_lambda 5 --proxy_opt_steps 5000 --distill_weight 1 --temperature 2 --batch_size 256 --num_proxies 16
{'phase': 'extract', 'model_path': 'checkpoints_attn_distill_5/pretrain_best.pt', 'save_dir': 'checkpoints_attn_distill_5', 'hidden_dim': 64, 'num_layers': 1, 'num_heads': 16, 'output_dim': 10, 'dropout': 0.1, 's1_lr': 3e-05, 's1_weight_decay': 0.0003, 's1_max_epochs': 300, 's1_patience': 50, 's1_grad_clip': 1.0, 'warmup_ratio': 0.05, 'lr_min': 1e-07, 'num_cross_layers': 1, 'use_proxy_self_attn': False, 'num_proxies': 16, 'proxy_lr': 0.001, 'proxy_opt_steps': 5000, 'proxy_mmd_lambda': 5.0, 'extract_rel_threshold': 0.1, 'proxy_init_jitter': 0.5, 'distill_weight': 1.0, 'temperature': 2.0, 'distill_layers': 'all', 'lr': 5e-05, 'weight_decay': 0.0001, 'max_epochs': 200, 'patience': 30, 'grad_clip': 1.0, 'batch_size': 256, 'num_workers': 4, 'device': 'cuda'}
Unknown args =  ['--no-use_lap_pe']
============================================================
Phase 1: Extract Attention Targets
  model_path=checkpoints_attn_distill_5/pretrain_best.pt
  proxy_opt_steps=5000
  num_proxies=16
  proxy_mmd_lambda=5.0
  num_cross_layers=1
  use_proxy_self_attn=False
  distill_layers=all
============================================================
  Loaded 50 pretrained keys, cross-attn layers randomly initialized
  Extracting attention from layers: [0]
  [1/43] 256 graphs | base_loss=0.2341 opt_loss=0.0302 ratio=0.1290 mmd=0.690877 avg_steps=5000.0 conv=69.14%
Killed
Killed
+ save_dir=checkpoints_attn_distill_5
+ python exp_attn_distillation_2.py extract --hidden_dim 64 --model_path checkpoints_attn_distill_5/pretrain_best.pt --save_dir checkpoints_attn_distill_5 --num_layers 1 --num_heads 16 --proxy_lr 1e-3 --no-use_lap_pe --warmup_ratio 0.05 --num_cross_layers 1 --no-use_proxy_self_attn --proxy_mmd_lambda 20 --proxy_opt_steps 5000 --distill_weight 1 --temperature 2 --batch_size 256 --num_proxies 32
{'phase': 'extract', 'model_path': 'checkpoints_attn_distill_5/pretrain_best.pt', 'save_dir': 'checkpoints_attn_distill_5', 'hidden_dim': 64, 'num_layers': 1, 'num_heads': 16, 'output_dim': 10, 'dropout': 0.1, 's1_lr': 3e-05, 's1_weight_decay': 0.0003, 's1_max_epochs': 300, 's1_patience': 50, 's1_grad_clip': 1.0, 'warmup_ratio': 0.05, 'lr_min': 1e-07, 'num_cross_layers': 1, 'use_proxy_self_attn': False, 'num_proxies': 32, 'proxy_lr': 0.001, 'proxy_opt_steps': 5000, 'proxy_mmd_lambda': 20.0, 'extract_rel_threshold': 0.1, 'proxy_init_jitter': 0.5, 'distill_weight': 1.0, 'temperature': 2.0, 'distill_layers': 'all', 'lr': 5e-05, 'weight_decay': 0.0001, 'max_epochs': 200, 'patience': 30, 'grad_clip': 1.0, 'batch_size': 256, 'num_workers': 4, 'device': 'cuda'}
Unknown args =  ['--no-use_lap_pe']
============================================================
Phase 1: Extract Attention Targets
  model_path=checkpoints_attn_distill_5/pretrain_best.pt
  proxy_opt_steps=5000
  num_proxies=32
  proxy_mmd_lambda=20.0
  num_cross_layers=1
  use_proxy_self_attn=False
  distill_layers=all
============================================================
  Loaded 50 pretrained keys, cross-attn layers randomly initialized
  Extracting attention from layers: [0]
  [1/43] 256 graphs | base_loss=0.2341 opt_loss=0.0305 ratio=0.1304 mmd=0.597001 avg_steps=5000.0 conv=67.58%
  [10/43] 2560 graphs | base_loss=0.2300 opt_loss=0.0290 ratio=0.1263 mmd=0.590149 avg_steps=5000.0 conv=70.16%
  [20/43] 5120 graphs | base_loss=0.2266 opt_loss=0.0288 ratio=0.1273 mmd=0.598186 avg_steps=5000.0 conv=70.92%
  [30/43] 7680 graphs | base_loss=0.2258 opt_loss=0.0287 ratio=0.1272 mmd=0.594906 avg_steps=5000.0 conv=71.43%
  [40/43] 10240 graphs | base_loss=0.2228 opt_loss=0.0282 ratio=0.1264 mmd=0.594016 avg_steps=5000.0 conv=71.65%

Extraction done. 10873 graphs saved to checkpoints_attn_distill_5/attn_targets.pkl
  Avg base_loss=0.2234  opt_loss=0.0282  ratio=0.1263
  Avg proxy steps/batch=5000.0  converged=71.58% (target: opt < 0.1 * base)
  opt/base ratio histogram (per-sample, 10873 samples):
    [0.00, 0.01):   4548  (41.83%)
    [0.01, 0.05):   2618  (24.08%)
    [0.05, 0.10):    617  ( 5.67%)
    [0.10, 0.25):   1273  (11.71%)
    [0.25, 0.50):   1349  (12.41%)
    [0.50, 0.75):    319  ( 2.93%)
    [0.75, 1.00):     45  ( 0.41%)
    [1.00, 1.50):    104  ( 0.96%)
    [1.50, inf):      0  ( 0.00%)
  ratio stats: mean=0.1042  median=0.0174  p90=0.3537

Sanity check: attention difference (teacher vs vanilla)...
  Mean |teacher_attn - vanilla_attn|: 0.008992
  Good: attention patterns are meaningfully different.
+ python exp_attn_distillation_2.py train --hidden_dim 64 --model_path checkpoints_attn_distill_5/pretrain_best.pt --save_dir checkpoints_attn_distill_5 --num_layers 1 --num_heads 16 --proxy_lr 8e-2 --no-use_lap_pe --warmup_ratio 0.05 --num_cross_layers 1 --no-use_proxy_self_attn --proxy_mmd_lambda 20 --proxy_opt_steps 5000 --distill_weight 1 --temperature 2 --max_epochs 500 --patience 50 --lr 1e-5 --batch_size 64 --num_proxies 32
{'phase': 'train', 'model_path': 'checkpoints_attn_distill_5/pretrain_best.pt', 'save_dir': 'checkpoints_attn_distill_5', 'hidden_dim': 64, 'num_layers': 1, 'num_heads': 16, 'output_dim': 10, 'dropout': 0.1, 's1_lr': 3e-05, 's1_weight_decay': 0.0003, 's1_max_epochs': 300, 's1_patience': 50, 's1_grad_clip': 1.0, 'warmup_ratio': 0.05, 'lr_min': 1e-07, 'num_cross_layers': 1, 'use_proxy_self_attn': False, 'num_proxies': 32, 'proxy_lr': 0.08, 'proxy_opt_steps': 5000, 'proxy_mmd_lambda': 20.0, 'extract_rel_threshold': 0.1, 'proxy_init_jitter': 0.5, 'distill_weight': 1.0, 'temperature': 2.0, 'distill_layers': 'all', 'lr': 1e-05, 'weight_decay': 0.0001, 'max_epochs': 500, 'patience': 50, 'grad_clip': 1.0, 'batch_size': 64, 'num_workers': 4, 'device': 'cuda'}
Unknown args =  ['--no-use_lap_pe']
============================================================
Phase 2: Train with Attention Distillation
  distill_weight=1.0
  temperature=2.0
  distill_layers=[0]
  targets from: checkpoints_attn_distill_5/attn_targets.pkl
============================================================
  AttnTargetDataset: 10873 graphs with targets

Baseline (pretrained, no distillation):
  val_AP=0.5312  test_AP=0.5053
  Student trainable params: 69,898
Epoch   1/500 [35.8s] | task=0.2234 distill=0.7057 | train_AP=0.5371 val_AP=0.5319 test_AP=0.5054
  -> New best val_AP=0.5319 (test=0.5054)
Epoch   2/500 [35.7s] | task=0.2227 distill=0.7056 | train_AP=0.5413 val_AP=0.5260 test_AP=0.5038
Epoch   3/500 [35.3s] | task=0.2222 distill=0.7062 | train_AP=0.5415 val_AP=0.5293 test_AP=0.5060
Epoch   4/500 [36.0s] | task=0.2219 distill=0.7035 | train_AP=0.5428 val_AP=0.5302 test_AP=0.5103
Epoch   5/500 [37.4s] | task=0.2219 distill=0.7020 | train_AP=0.5446 val_AP=0.5310 test_AP=0.5061
Epoch   6/500 [41.0s] | task=0.2225 distill=0.7035 | train_AP=0.5439 val_AP=0.5307 test_AP=0.5047
Epoch   7/500 [36.6s] | task=0.2224 distill=0.7049 | train_AP=0.5418 val_AP=0.5298 test_AP=0.5074
Epoch   8/500 [40.3s] | task=0.2218 distill=0.7035 | train_AP=0.5417 val_AP=0.5287 test_AP=0.5076
Epoch   9/500 [36.6s] | task=0.2216 distill=0.7026 | train_AP=0.5442 val_AP=0.5327 test_AP=0.5104
  -> New best val_AP=0.5327 (test=0.5104)
Epoch  10/500 [36.0s] | task=0.2220 distill=0.7021 | train_AP=0.5413 val_AP=0.5299 test_AP=0.5065
Epoch  11/500 [38.3s] | task=0.2217 distill=0.7020 | train_AP=0.5422 val_AP=0.5285 test_AP=0.5102
Epoch  12/500 [36.4s] | task=0.2218 distill=0.7041 | train_AP=0.5437 val_AP=0.5326 test_AP=0.5106
Epoch  13/500 [38.9s] | task=0.2226 distill=0.7036 | train_AP=0.5423 val_AP=0.5313 test_AP=0.5067
Epoch  14/500 [36.3s] | task=0.2216 distill=0.7039 | train_AP=0.5429 val_AP=0.5270 test_AP=0.5036
Epoch  15/500 [36.7s] | task=0.2224 distill=0.7035 | train_AP=0.5420 val_AP=0.5318 test_AP=0.5074
Epoch  16/500 [36.6s] | task=0.2216 distill=0.7031 | train_AP=0.5429 val_AP=0.5310 test_AP=0.5059
Epoch  17/500 [41.3s] | task=0.2215 distill=0.7021 | train_AP=0.5442 val_AP=0.5308 test_AP=0.5055
Epoch  18/500 [38.0s] | task=0.2216 distill=0.7030 | train_AP=0.5435 val_AP=0.5335 test_AP=0.5068
  -> New best val_AP=0.5335 (test=0.5068)
Epoch  19/500 [37.7s] | task=0.2207 distill=0.7038 | train_AP=0.5449 val_AP=0.5293 test_AP=0.5104
Epoch  20/500 [36.2s] | task=0.2214 distill=0.7060 | train_AP=0.5458 val_AP=0.5316 test_AP=0.5095
Epoch  21/500 [41.8s] | task=0.2216 distill=0.7045 | train_AP=0.5459 val_AP=0.5343 test_AP=0.5107
  -> New best val_AP=0.5343 (test=0.5107)
Epoch  22/500 [38.9s] | task=0.2216 distill=0.7058 | train_AP=0.5441 val_AP=0.5318 test_AP=0.5051
Epoch  23/500 [35.7s] | task=0.2218 distill=0.7053 | train_AP=0.5416 val_AP=0.5311 test_AP=0.5084
Epoch  24/500 [36.3s] | task=0.2212 distill=0.7065 | train_AP=0.5450 val_AP=0.5302 test_AP=0.5083
Epoch  25/500 [38.6s] | task=0.2214 distill=0.7050 | train_AP=0.5435 val_AP=0.5328 test_AP=0.5081
Epoch  26/500 [36.3s] | task=0.2208 distill=0.7055 | train_AP=0.5437 val_AP=0.5330 test_AP=0.5098
Epoch  27/500 [36.6s] | task=0.2211 distill=0.7057 | train_AP=0.5454 val_AP=0.5328 test_AP=0.5104
Epoch  28/500 [36.4s] | task=0.2208 distill=0.7063 | train_AP=0.5450 val_AP=0.5314 test_AP=0.5077
Epoch  29/500 [36.6s] | task=0.2207 distill=0.7055 | train_AP=0.5456 val_AP=0.5327 test_AP=0.5092
Epoch  30/500 [42.2s] | task=0.2214 distill=0.7044 | train_AP=0.5454 val_AP=0.5335 test_AP=0.5124
Epoch  31/500 [41.1s] | task=0.2212 distill=0.7048 | train_AP=0.5463 val_AP=0.5330 test_AP=0.5090
Epoch  32/500 [40.4s] | task=0.2213 distill=0.7051 | train_AP=0.5452 val_AP=0.5327 test_AP=0.5078
Epoch  33/500 [41.3s] | task=0.2209 distill=0.7040 | train_AP=0.5447 val_AP=0.5313 test_AP=0.5064
Epoch  34/500 [37.5s] | task=0.2210 distill=0.7039 | train_AP=0.5453 val_AP=0.5332 test_AP=0.5096
Epoch  35/500 [42.4s] | task=0.2213 distill=0.7041 | train_AP=0.5448 val_AP=0.5310 test_AP=0.5086
Epoch  36/500 [41.8s] | task=0.2213 distill=0.7025 | train_AP=0.5452 val_AP=0.5320 test_AP=0.5113
Epoch  37/500 [42.0s] | task=0.2210 distill=0.7041 | train_AP=0.5478 val_AP=0.5328 test_AP=0.5087
Epoch  38/500 [38.9s] | task=0.2214 distill=0.7049 | train_AP=0.5433 val_AP=0.5339 test_AP=0.5084
Epoch  39/500 [42.3s] | task=0.2209 distill=0.7043 | train_AP=0.5477 val_AP=0.5324 test_AP=0.5078
Epoch  40/500 [36.6s] | task=0.2203 distill=0.7049 | train_AP=0.5474 val_AP=0.5331 test_AP=0.5080
Epoch  41/500 [38.4s] | task=0.2203 distill=0.7065 | train_AP=0.5477 val_AP=0.5316 test_AP=0.5081
Epoch  42/500 [36.4s] | task=0.2207 distill=0.7052 | train_AP=0.5462 val_AP=0.5340 test_AP=0.5098
Epoch  43/500 [42.3s] | task=0.2208 distill=0.7055 | train_AP=0.5465 val_AP=0.5328 test_AP=0.5082
Epoch  44/500 [36.8s] | task=0.2209 distill=0.7060 | train_AP=0.5453 val_AP=0.5308 test_AP=0.5070
Epoch  45/500 [38.4s] | task=0.2206 distill=0.7056 | train_AP=0.5449 val_AP=0.5329 test_AP=0.5122
Epoch  46/500 [36.3s] | task=0.2206 distill=0.7061 | train_AP=0.5466 val_AP=0.5339 test_AP=0.5079
Epoch  47/500 [37.4s] | task=0.2206 distill=0.7037 | train_AP=0.5482 val_AP=0.5308 test_AP=0.5108
Epoch  48/500 [37.1s] | task=0.2207 distill=0.7039 | train_AP=0.5467 val_AP=0.5329 test_AP=0.5080
Epoch  49/500 [36.7s] | task=0.2211 distill=0.7057 | train_AP=0.5467 val_AP=0.5325 test_AP=0.5075
Epoch  50/500 [38.0s] | task=0.2201 distill=0.7073 | train_AP=0.5497 val_AP=0.5342 test_AP=0.5086
Epoch  51/500 [40.1s] | task=0.2205 distill=0.7071 | train_AP=0.5473 val_AP=0.5360 test_AP=0.5100
  -> New best val_AP=0.5360 (test=0.5100)
Epoch  52/500 [43.0s] | task=0.2204 distill=0.7061 | train_AP=0.5472 val_AP=0.5350 test_AP=0.5101
Epoch  53/500 [40.8s] | task=0.2204 distill=0.7073 | train_AP=0.5482 val_AP=0.5370 test_AP=0.5102
  -> New best val_AP=0.5370 (test=0.5102)
Epoch  54/500 [39.4s] | task=0.2201 distill=0.7071 | train_AP=0.5485 val_AP=0.5338 test_AP=0.5107
Epoch  55/500 [42.8s] | task=0.2203 distill=0.7060 | train_AP=0.5485 val_AP=0.5339 test_AP=0.5097
Epoch  56/500 [37.2s] | task=0.2203 distill=0.7053 | train_AP=0.5466 val_AP=0.5353 test_AP=0.5127
Epoch  57/500 [42.0s] | task=0.2206 distill=0.7062 | train_AP=0.5493 val_AP=0.5345 test_AP=0.5130
Epoch  58/500 [42.3s] | task=0.2200 distill=0.7060 | train_AP=0.5505 val_AP=0.5355 test_AP=0.5131
Epoch  59/500 [44.7s] | task=0.2208 distill=0.7057 | train_AP=0.5450 val_AP=0.5333 test_AP=0.5113
Epoch  60/500 [37.9s] | task=0.2200 distill=0.7060 | train_AP=0.5492 val_AP=0.5345 test_AP=0.5087
Epoch  61/500 [36.9s] | task=0.2198 distill=0.7066 | train_AP=0.5503 val_AP=0.5356 test_AP=0.5132
Epoch  62/500 [37.0s] | task=0.2199 distill=0.7071 | train_AP=0.5481 val_AP=0.5348 test_AP=0.5114
Epoch  63/500 [36.9s] | task=0.2202 distill=0.7075 | train_AP=0.5483 val_AP=0.5353 test_AP=0.5134
Epoch  64/500 [41.1s] | task=0.2203 distill=0.7078 | train_AP=0.5493 val_AP=0.5340 test_AP=0.5141
Epoch  65/500 [36.9s] | task=0.2197 distill=0.7068 | train_AP=0.5475 val_AP=0.5358 test_AP=0.5128
Epoch  66/500 [37.6s] | task=0.2194 distill=0.7065 | train_AP=0.5527 val_AP=0.5331 test_AP=0.5106
Epoch  67/500 [41.6s] | task=0.2198 distill=0.7082 | train_AP=0.5488 val_AP=0.5342 test_AP=0.5081
Epoch  68/500 [37.9s] | task=0.2195 distill=0.7072 | train_AP=0.5500 val_AP=0.5334 test_AP=0.5120
Epoch  69/500 [41.2s] | task=0.2201 distill=0.7085 | train_AP=0.5499 val_AP=0.5352 test_AP=0.5097
Epoch  70/500 [37.6s] | task=0.2194 distill=0.7080 | train_AP=0.5483 val_AP=0.5332 test_AP=0.5086
Epoch  71/500 [37.8s] | task=0.2202 distill=0.7076 | train_AP=0.5489 val_AP=0.5322 test_AP=0.5079
Epoch  72/500 [36.5s] | task=0.2199 distill=0.7079 | train_AP=0.5479 val_AP=0.5363 test_AP=0.5116
Epoch  73/500 [39.5s] | task=0.2198 distill=0.7083 | train_AP=0.5483 val_AP=0.5351 test_AP=0.5105
Epoch  74/500 [36.6s] | task=0.2189 distill=0.7075 | train_AP=0.5505 val_AP=0.5341 test_AP=0.5086
Epoch  75/500 [39.9s] | task=0.2199 distill=0.7088 | train_AP=0.5501 val_AP=0.5337 test_AP=0.5093
Epoch  76/500 [36.8s] | task=0.2196 distill=0.7068 | train_AP=0.5500 val_AP=0.5339 test_AP=0.5114
Epoch  77/500 [36.6s] | task=0.2192 distill=0.7100 | train_AP=0.5526 val_AP=0.5352 test_AP=0.5101
Epoch  78/500 [36.6s] | task=0.2199 distill=0.7085 | train_AP=0.5498 val_AP=0.5357 test_AP=0.5109
Epoch  79/500 [41.8s] | task=0.2199 distill=0.7094 | train_AP=0.5499 val_AP=0.5350 test_AP=0.5119
Epoch  80/500 [36.6s] | task=0.2194 distill=0.7086 | train_AP=0.5512 val_AP=0.5377 test_AP=0.5104
  -> New best val_AP=0.5377 (test=0.5104)
Epoch  81/500 [39.2s] | task=0.2190 distill=0.7104 | train_AP=0.5518 val_AP=0.5347 test_AP=0.5125
Epoch  82/500 [37.1s] | task=0.2188 distill=0.7093 | train_AP=0.5530 val_AP=0.5338 test_AP=0.5087
Epoch  83/500 [39.9s] | task=0.2195 distill=0.7095 | train_AP=0.5499 val_AP=0.5368 test_AP=0.5110
Epoch  84/500 [40.4s] | task=0.2191 distill=0.7104 | train_AP=0.5521 val_AP=0.5348 test_AP=0.5136
Epoch  85/500 [37.0s] | task=0.2189 distill=0.7106 | train_AP=0.5501 val_AP=0.5373 test_AP=0.5121
Epoch  86/500 [36.6s] | task=0.2192 distill=0.7095 | train_AP=0.5549 val_AP=0.5375 test_AP=0.5140
Epoch  87/500 [40.9s] | task=0.2188 distill=0.7090 | train_AP=0.5524 val_AP=0.5353 test_AP=0.5120
Epoch  88/500 [37.3s] | task=0.2195 distill=0.7093 | train_AP=0.5505 val_AP=0.5339 test_AP=0.5115
Epoch  89/500 [38.7s] | task=0.2195 distill=0.7093 | train_AP=0.5515 val_AP=0.5344 test_AP=0.5109
Epoch  90/500 [37.0s] | task=0.2190 distill=0.7104 | train_AP=0.5504 val_AP=0.5372 test_AP=0.5147
Epoch  91/500 [36.3s] | task=0.2191 distill=0.7107 | train_AP=0.5510 val_AP=0.5367 test_AP=0.5129
Epoch  92/500 [39.4s] | task=0.2190 distill=0.7107 | train_AP=0.5495 val_AP=0.5358 test_AP=0.5091
Epoch  93/500 [36.8s] | task=0.2186 distill=0.7105 | train_AP=0.5520 val_AP=0.5367 test_AP=0.5110
Epoch  94/500 [37.4s] | task=0.2190 distill=0.7098 | train_AP=0.5503 val_AP=0.5358 test_AP=0.5134
Epoch  95/500 [39.5s] | task=0.2183 distill=0.7116 | train_AP=0.5550 val_AP=0.5363 test_AP=0.5144
Epoch  96/500 [37.3s] | task=0.2184 distill=0.7109 | train_AP=0.5536 val_AP=0.5362 test_AP=0.5129
Epoch  97/500 [36.8s] | task=0.2187 distill=0.7104 | train_AP=0.5532 val_AP=0.5378 test_AP=0.5150
  -> New best val_AP=0.5378 (test=0.5150)
Epoch  98/500 [41.1s] | task=0.2191 distill=0.7127 | train_AP=0.5516 val_AP=0.5368 test_AP=0.5128
Epoch  99/500 [37.1s] | task=0.2190 distill=0.7117 | train_AP=0.5540 val_AP=0.5374 test_AP=0.5116
Epoch 100/500 [42.0s] | task=0.2192 distill=0.7123 | train_AP=0.5517 val_AP=0.5371 test_AP=0.5129
Epoch 101/500 [41.3s] | task=0.2186 distill=0.7117 | train_AP=0.5513 val_AP=0.5376 test_AP=0.5142
Epoch 102/500 [41.0s] | task=0.2179 distill=0.7136 | train_AP=0.5562 val_AP=0.5389 test_AP=0.5124
  -> New best val_AP=0.5389 (test=0.5124)
Epoch 103/500 [39.0s] | task=0.2192 distill=0.7121 | train_AP=0.5525 val_AP=0.5385 test_AP=0.5138
Epoch 104/500 [36.6s] | task=0.2184 distill=0.7103 | train_AP=0.5535 val_AP=0.5389 test_AP=0.5156
  -> New best val_AP=0.5389 (test=0.5156)
Epoch 105/500 [41.8s] | task=0.2181 distill=0.7138 | train_AP=0.5549 val_AP=0.5366 test_AP=0.5122
Epoch 106/500 [36.7s] | task=0.2183 distill=0.7110 | train_AP=0.5532 val_AP=0.5378 test_AP=0.5115
Epoch 107/500 [37.0s] | task=0.2191 distill=0.7120 | train_AP=0.5533 val_AP=0.5372 test_AP=0.5126
Epoch 108/500 [37.9s] | task=0.2185 distill=0.7115 | train_AP=0.5548 val_AP=0.5390 test_AP=0.5140
  -> New best val_AP=0.5390 (test=0.5140)
Epoch 109/500 [40.7s] | task=0.2177 distill=0.7117 | train_AP=0.5543 val_AP=0.5382 test_AP=0.5114
Epoch 110/500 [36.5s] | task=0.2182 distill=0.7118 | train_AP=0.5547 val_AP=0.5392 test_AP=0.5117
  -> New best val_AP=0.5392 (test=0.5117)
Epoch 111/500 [42.2s] | task=0.2181 distill=0.7119 | train_AP=0.5552 val_AP=0.5363 test_AP=0.5103
Epoch 112/500 [41.4s] | task=0.2180 distill=0.7118 | train_AP=0.5543 val_AP=0.5381 test_AP=0.5135
Epoch 113/500 [41.9s] | task=0.2182 distill=0.7126 | train_AP=0.5544 val_AP=0.5393 test_AP=0.5135
  -> New best val_AP=0.5393 (test=0.5135)
Epoch 114/500 [42.7s] | task=0.2180 distill=0.7122 | train_AP=0.5556 val_AP=0.5385 test_AP=0.5125
Epoch 115/500 [36.8s] | task=0.2181 distill=0.7120 | train_AP=0.5575 val_AP=0.5385 test_AP=0.5124
Epoch 116/500 [42.5s] | task=0.2176 distill=0.7122 | train_AP=0.5563 val_AP=0.5401 test_AP=0.5126
  -> New best val_AP=0.5401 (test=0.5126)
Epoch 117/500 [41.9s] | task=0.2179 distill=0.7110 | train_AP=0.5544 val_AP=0.5381 test_AP=0.5135
Epoch 118/500 [37.3s] | task=0.2183 distill=0.7118 | train_AP=0.5524 val_AP=0.5392 test_AP=0.5136
Epoch 119/500 [38.6s] | task=0.2182 distill=0.7122 | train_AP=0.5548 val_AP=0.5385 test_AP=0.5127
Epoch 120/500 [36.7s] | task=0.2177 distill=0.7113 | train_AP=0.5552 val_AP=0.5391 test_AP=0.5141
Epoch 121/500 [36.1s] | task=0.2182 distill=0.7129 | train_AP=0.5551 val_AP=0.5388 test_AP=0.5142
Epoch 122/500 [37.3s] | task=0.2182 distill=0.7118 | train_AP=0.5536 val_AP=0.5371 test_AP=0.5136
Epoch 123/500 [40.8s] | task=0.2173 distill=0.7144 | train_AP=0.5567 val_AP=0.5387 test_AP=0.5133
Epoch 124/500 [41.4s] | task=0.2175 distill=0.7137 | train_AP=0.5556 val_AP=0.5394 test_AP=0.5119
Epoch 125/500 [38.9s] | task=0.2179 distill=0.7140 | train_AP=0.5561 val_AP=0.5382 test_AP=0.5123
Epoch 126/500 [41.8s] | task=0.2178 distill=0.7122 | train_AP=0.5579 val_AP=0.5402 test_AP=0.5121
  -> New best val_AP=0.5402 (test=0.5121)
Epoch 127/500 [41.7s] | task=0.2179 distill=0.7127 | train_AP=0.5558 val_AP=0.5392 test_AP=0.5135
Epoch 128/500 [36.9s] | task=0.2182 distill=0.7127 | train_AP=0.5526 val_AP=0.5399 test_AP=0.5126
Epoch 129/500 [39.7s] | task=0.2175 distill=0.7131 | train_AP=0.5586 val_AP=0.5388 test_AP=0.5127
Epoch 130/500 [36.9s] | task=0.2174 distill=0.7144 | train_AP=0.5568 val_AP=0.5369 test_AP=0.5119
Epoch 131/500 [39.6s] | task=0.2179 distill=0.7121 | train_AP=0.5573 val_AP=0.5383 test_AP=0.5134
Epoch 132/500 [37.4s] | task=0.2169 distill=0.7139 | train_AP=0.5567 val_AP=0.5393 test_AP=0.5142
Epoch 133/500 [41.5s] | task=0.2178 distill=0.7130 | train_AP=0.5571 val_AP=0.5405 test_AP=0.5149
  -> New best val_AP=0.5405 (test=0.5149)
Epoch 134/500 [36.8s] | task=0.2176 distill=0.7133 | train_AP=0.5548 val_AP=0.5389 test_AP=0.5131
Epoch 135/500 [36.6s] | task=0.2171 distill=0.7126 | train_AP=0.5596 val_AP=0.5387 test_AP=0.5136
Epoch 136/500 [37.6s] | task=0.2172 distill=0.7134 | train_AP=0.5578 val_AP=0.5401 test_AP=0.5126
Epoch 137/500 [41.0s] | task=0.2177 distill=0.7135 | train_AP=0.5577 val_AP=0.5409 test_AP=0.5149
  -> New best val_AP=0.5409 (test=0.5149)
Epoch 138/500 [37.8s] | task=0.2176 distill=0.7133 | train_AP=0.5567 val_AP=0.5401 test_AP=0.5123
Epoch 139/500 [37.2s] | task=0.2175 distill=0.7147 | train_AP=0.5573 val_AP=0.5372 test_AP=0.5109
Epoch 140/500 [37.2s] | task=0.2177 distill=0.7140 | train_AP=0.5560 val_AP=0.5402 test_AP=0.5153
Epoch 141/500 [37.1s] | task=0.2178 distill=0.7142 | train_AP=0.5568 val_AP=0.5390 test_AP=0.5151
Epoch 142/500 [37.1s] | task=0.2174 distill=0.7141 | train_AP=0.5563 val_AP=0.5401 test_AP=0.5151
Epoch 143/500 [41.8s] | task=0.2172 distill=0.7142 | train_AP=0.5558 val_AP=0.5397 test_AP=0.5123
Epoch 144/500 [36.9s] | task=0.2176 distill=0.7154 | train_AP=0.5542 val_AP=0.5386 test_AP=0.5152
Epoch 145/500 [41.9s] | task=0.2169 distill=0.7144 | train_AP=0.5600 val_AP=0.5402 test_AP=0.5143
Epoch 146/500 [37.1s] | task=0.2172 distill=0.7144 | train_AP=0.5590 val_AP=0.5382 test_AP=0.5132
Epoch 147/500 [38.9s] | task=0.2166 distill=0.7147 | train_AP=0.5595 val_AP=0.5398 test_AP=0.5121
Epoch 148/500 [40.3s] | task=0.2171 distill=0.7131 | train_AP=0.5597 val_AP=0.5405 test_AP=0.5124
Epoch 149/500 [36.8s] | task=0.2169 distill=0.7148 | train_AP=0.5579 val_AP=0.5394 test_AP=0.5156
Epoch 150/500 [36.9s] | task=0.2169 distill=0.7159 | train_AP=0.5576 val_AP=0.5410 test_AP=0.5162
  -> New best val_AP=0.5410 (test=0.5162)
Epoch 151/500 [41.2s] | task=0.2169 distill=0.7145 | train_AP=0.5589 val_AP=0.5404 test_AP=0.5158
Epoch 152/500 [39.4s] | task=0.2171 distill=0.7137 | train_AP=0.5598 val_AP=0.5390 test_AP=0.5126
Epoch 153/500 [37.1s] | task=0.2171 distill=0.7145 | train_AP=0.5586 val_AP=0.5406 test_AP=0.5133
Epoch 154/500 [36.7s] | task=0.2167 distill=0.7144 | train_AP=0.5592 val_AP=0.5391 test_AP=0.5144
Epoch 155/500 [42.0s] | task=0.2165 distill=0.7163 | train_AP=0.5598 val_AP=0.5385 test_AP=0.5117
Epoch 156/500 [42.2s] | task=0.2163 distill=0.7147 | train_AP=0.5605 val_AP=0.5403 test_AP=0.5144
Epoch 157/500 [43.0s] | task=0.2168 distill=0.7140 | train_AP=0.5597 val_AP=0.5377 test_AP=0.5158
Epoch 158/500 [37.2s] | task=0.2167 distill=0.7124 | train_AP=0.5582 val_AP=0.5410 test_AP=0.5162
Epoch 159/500 [37.3s] | task=0.2169 distill=0.7144 | train_AP=0.5595 val_AP=0.5387 test_AP=0.5176
Epoch 160/500 [37.8s] | task=0.2166 distill=0.7146 | train_AP=0.5613 val_AP=0.5400 test_AP=0.5135
Epoch 161/500 [40.9s] | task=0.2167 distill=0.7140 | train_AP=0.5589 val_AP=0.5407 test_AP=0.5165
Epoch 162/500 [43.2s] | task=0.2165 distill=0.7134 | train_AP=0.5596 val_AP=0.5419 test_AP=0.5177
  -> New best val_AP=0.5419 (test=0.5177)
Epoch 163/500 [42.4s] | task=0.2166 distill=0.7128 | train_AP=0.5593 val_AP=0.5399 test_AP=0.5166
Epoch 164/500 [37.7s] | task=0.2168 distill=0.7146 | train_AP=0.5596 val_AP=0.5412 test_AP=0.5154
Epoch 165/500 [37.5s] | task=0.2161 distill=0.7125 | train_AP=0.5602 val_AP=0.5401 test_AP=0.5165
Epoch 166/500 [37.4s] | task=0.2166 distill=0.7133 | train_AP=0.5589 val_AP=0.5407 test_AP=0.5147
Epoch 167/500 [43.6s] | task=0.2161 distill=0.7142 | train_AP=0.5627 val_AP=0.5408 test_AP=0.5173
Epoch 168/500 [42.5s] | task=0.2168 distill=0.7129 | train_AP=0.5600 val_AP=0.5393 test_AP=0.5159
Epoch 169/500 [39.0s] | task=0.2167 distill=0.7131 | train_AP=0.5605 val_AP=0.5409 test_AP=0.5163
Epoch 170/500 [36.8s] | task=0.2165 distill=0.7121 | train_AP=0.5591 val_AP=0.5412 test_AP=0.5160
Epoch 171/500 [40.7s] | task=0.2170 distill=0.7137 | train_AP=0.5594 val_AP=0.5417 test_AP=0.5156
Epoch 172/500 [36.3s] | task=0.2164 distill=0.7136 | train_AP=0.5604 val_AP=0.5411 test_AP=0.5144
Epoch 173/500 [39.2s] | task=0.2164 distill=0.7139 | train_AP=0.5593 val_AP=0.5412 test_AP=0.5148
Epoch 174/500 [42.4s] | task=0.2157 distill=0.7160 | train_AP=0.5613 val_AP=0.5410 test_AP=0.5150
Epoch 175/500 [43.8s] | task=0.2159 distill=0.7152 | train_AP=0.5609 val_AP=0.5408 test_AP=0.5177
Epoch 176/500 [39.3s] | task=0.2153 distill=0.7155 | train_AP=0.5622 val_AP=0.5405 test_AP=0.5144
Epoch 177/500 [38.2s] | task=0.2164 distill=0.7162 | train_AP=0.5596 val_AP=0.5416 test_AP=0.5154
Epoch 178/500 [44.1s] | task=0.2165 distill=0.7167 | train_AP=0.5585 val_AP=0.5416 test_AP=0.5149
Epoch 179/500 [38.3s] | task=0.2159 distill=0.7142 | train_AP=0.5606 val_AP=0.5411 test_AP=0.5146
Epoch 180/500 [39.8s] | task=0.2159 distill=0.7145 | train_AP=0.5611 val_AP=0.5409 test_AP=0.5151
Epoch 181/500 [37.3s] | task=0.2157 distill=0.7142 | train_AP=0.5609 val_AP=0.5408 test_AP=0.5147
Epoch 182/500 [42.4s] | task=0.2158 distill=0.7150 | train_AP=0.5621 val_AP=0.5423 test_AP=0.5158
  -> New best val_AP=0.5423 (test=0.5158)
Epoch 183/500 [41.7s] | task=0.2156 distill=0.7148 | train_AP=0.5642 val_AP=0.5426 test_AP=0.5170
  -> New best val_AP=0.5426 (test=0.5170)
Epoch 184/500 [43.7s] | task=0.2158 distill=0.7132 | train_AP=0.5611 val_AP=0.5424 test_AP=0.5170
Epoch 185/500 [37.1s] | task=0.2162 distill=0.7138 | train_AP=0.5600 val_AP=0.5419 test_AP=0.5171
Epoch 186/500 [37.1s] | task=0.2162 distill=0.7140 | train_AP=0.5611 val_AP=0.5418 test_AP=0.5147
Epoch 187/500 [41.3s] | task=0.2153 distill=0.7145 | train_AP=0.5612 val_AP=0.5422 test_AP=0.5178
Epoch 188/500 [39.5s] | task=0.2160 distill=0.7148 | train_AP=0.5613 val_AP=0.5414 test_AP=0.5176
Epoch 189/500 [36.9s] | task=0.2159 distill=0.7149 | train_AP=0.5604 val_AP=0.5430 test_AP=0.5154
  -> New best val_AP=0.5430 (test=0.5154)
Epoch 190/500 [36.9s] | task=0.2163 distill=0.7147 | train_AP=0.5636 val_AP=0.5422 test_AP=0.5155
Epoch 191/500 [38.6s] | task=0.2154 distill=0.7147 | train_AP=0.5636 val_AP=0.5406 test_AP=0.5154
Epoch 192/500 [38.7s] | task=0.2155 distill=0.7151 | train_AP=0.5611 val_AP=0.5419 test_AP=0.5144
Epoch 193/500 [37.2s] | task=0.2153 distill=0.7172 | train_AP=0.5624 val_AP=0.5427 test_AP=0.5154
Epoch 194/500 [37.8s] | task=0.2157 distill=0.7157 | train_AP=0.5624 val_AP=0.5420 test_AP=0.5169
Epoch 195/500 [40.8s] | task=0.2152 distill=0.7160 | train_AP=0.5622 val_AP=0.5412 test_AP=0.5153
Epoch 196/500 [39.5s] | task=0.2154 distill=0.7152 | train_AP=0.5630 val_AP=0.5431 test_AP=0.5163
  -> New best val_AP=0.5431 (test=0.5163)
Epoch 197/500 [40.6s] | task=0.2151 distill=0.7154 | train_AP=0.5631 val_AP=0.5422 test_AP=0.5159
Epoch 198/500 [39.8s] | task=0.2152 distill=0.7165 | train_AP=0.5635 val_AP=0.5419 test_AP=0.5172
Epoch 199/500 [42.0s] | task=0.2156 distill=0.7155 | train_AP=0.5624 val_AP=0.5425 test_AP=0.5162
Epoch 200/500 [37.5s] | task=0.2151 distill=0.7147 | train_AP=0.5625 val_AP=0.5438 test_AP=0.5161
  -> New best val_AP=0.5438 (test=0.5161)
Epoch 201/500 [42.8s] | task=0.2159 distill=0.7146 | train_AP=0.5609 val_AP=0.5435 test_AP=0.5162
Epoch 202/500 [38.1s] | task=0.2152 distill=0.7161 | train_AP=0.5644 val_AP=0.5432 test_AP=0.5165
Epoch 203/500 [36.4s] | task=0.2153 distill=0.7156 | train_AP=0.5640 val_AP=0.5430 test_AP=0.5187
Epoch 204/500 [36.9s] | task=0.2156 distill=0.7159 | train_AP=0.5620 val_AP=0.5415 test_AP=0.5174
Epoch 205/500 [41.4s] | task=0.2153 distill=0.7171 | train_AP=0.5632 val_AP=0.5418 test_AP=0.5149
Epoch 206/500 [36.7s] | task=0.2153 distill=0.7162 | train_AP=0.5648 val_AP=0.5434 test_AP=0.5166
Epoch 207/500 [42.1s] | task=0.2151 distill=0.7156 | train_AP=0.5642 val_AP=0.5427 test_AP=0.5180
Epoch 208/500 [36.9s] | task=0.2146 distill=0.7168 | train_AP=0.5653 val_AP=0.5433 test_AP=0.5178
Epoch 209/500 [42.8s] | task=0.2152 distill=0.7155 | train_AP=0.5626 val_AP=0.5435 test_AP=0.5182
Epoch 210/500 [38.2s] | task=0.2145 distill=0.7149 | train_AP=0.5665 val_AP=0.5422 test_AP=0.5167
Epoch 211/500 [37.9s] | task=0.2153 distill=0.7150 | train_AP=0.5639 val_AP=0.5428 test_AP=0.5163
Epoch 212/500 [37.6s] | task=0.2152 distill=0.7146 | train_AP=0.5632 val_AP=0.5420 test_AP=0.5148
Epoch 213/500 [37.2s] | task=0.2153 distill=0.7157 | train_AP=0.5629 val_AP=0.5430 test_AP=0.5164
Epoch 214/500 [40.5s] | task=0.2156 distill=0.7166 | train_AP=0.5621 val_AP=0.5440 test_AP=0.5162
  -> New best val_AP=0.5440 (test=0.5162)
Epoch 215/500 [43.1s] | task=0.2149 distill=0.7158 | train_AP=0.5651 val_AP=0.5444 test_AP=0.5186
  -> New best val_AP=0.5444 (test=0.5186)
Epoch 216/500 [42.3s] | task=0.2149 distill=0.7149 | train_AP=0.5643 val_AP=0.5440 test_AP=0.5192
Epoch 217/500 [41.1s] | task=0.2147 distill=0.7155 | train_AP=0.5637 val_AP=0.5441 test_AP=0.5183
Epoch 218/500 [37.7s] | task=0.2150 distill=0.7162 | train_AP=0.5657 val_AP=0.5438 test_AP=0.5186
Epoch 219/500 [37.6s] | task=0.2154 distill=0.7142 | train_AP=0.5635 val_AP=0.5430 test_AP=0.5164
Epoch 220/500 [38.5s] | task=0.2149 distill=0.7149 | train_AP=0.5634 val_AP=0.5431 test_AP=0.5181
Epoch 221/500 [42.3s] | task=0.2148 distill=0.7155 | train_AP=0.5664 val_AP=0.5444 test_AP=0.5189
Epoch 222/500 [42.2s] | task=0.2153 distill=0.7151 | train_AP=0.5642 val_AP=0.5440 test_AP=0.5193
Epoch 223/500 [37.3s] | task=0.2150 distill=0.7153 | train_AP=0.5643 val_AP=0.5440 test_AP=0.5182
Epoch 224/500 [37.7s] | task=0.2151 distill=0.7145 | train_AP=0.5652 val_AP=0.5443 test_AP=0.5188
Epoch 225/500 [37.4s] | task=0.2148 distill=0.7143 | train_AP=0.5674 val_AP=0.5437 test_AP=0.5174
Epoch 226/500 [42.4s] | task=0.2148 distill=0.7148 | train_AP=0.5659 val_AP=0.5437 test_AP=0.5176
Epoch 227/500 [37.3s] | task=0.2150 distill=0.7149 | train_AP=0.5647 val_AP=0.5441 test_AP=0.5187
Epoch 228/500 [36.9s] | task=0.2145 distill=0.7152 | train_AP=0.5681 val_AP=0.5446 test_AP=0.5182
  -> New best val_AP=0.5446 (test=0.5182)
Epoch 229/500 [39.0s] | task=0.2151 distill=0.7146 | train_AP=0.5664 val_AP=0.5437 test_AP=0.5194
Epoch 230/500 [36.7s] | task=0.2145 distill=0.7146 | train_AP=0.5648 val_AP=0.5437 test_AP=0.5157
Epoch 231/500 [36.8s] | task=0.2149 distill=0.7152 | train_AP=0.5642 val_AP=0.5441 test_AP=0.5176
Epoch 232/500 [37.4s] | task=0.2149 distill=0.7137 | train_AP=0.5652 val_AP=0.5436 test_AP=0.5179
Epoch 233/500 [42.9s] | task=0.2149 distill=0.7145 | train_AP=0.5652 val_AP=0.5450 test_AP=0.5181
  -> New best val_AP=0.5450 (test=0.5181)
Epoch 234/500 [39.4s] | task=0.2144 distill=0.7142 | train_AP=0.5662 val_AP=0.5432 test_AP=0.5168
Epoch 235/500 [43.7s] | task=0.2142 distill=0.7140 | train_AP=0.5671 val_AP=0.5433 test_AP=0.5161
Epoch 236/500 [37.4s] | task=0.2155 distill=0.7141 | train_AP=0.5624 val_AP=0.5444 test_AP=0.5194
Epoch 237/500 [41.9s] | task=0.2146 distill=0.7136 | train_AP=0.5674 val_AP=0.5453 test_AP=0.5190
  -> New best val_AP=0.5453 (test=0.5190)
Epoch 238/500 [38.6s] | task=0.2149 distill=0.7148 | train_AP=0.5644 val_AP=0.5445 test_AP=0.5179
Epoch 239/500 [37.8s] | task=0.2149 distill=0.7158 | train_AP=0.5646 val_AP=0.5442 test_AP=0.5175
Epoch 240/500 [37.2s] | task=0.2146 distill=0.7139 | train_AP=0.5662 val_AP=0.5446 test_AP=0.5191
Epoch 241/500 [37.2s] | task=0.2142 distill=0.7140 | train_AP=0.5667 val_AP=0.5446 test_AP=0.5191
Epoch 242/500 [37.1s] | task=0.2146 distill=0.7155 | train_AP=0.5664 val_AP=0.5455 test_AP=0.5194
  -> New best val_AP=0.5455 (test=0.5194)
Epoch 243/500 [39.4s] | task=0.2149 distill=0.7151 | train_AP=0.5646 val_AP=0.5441 test_AP=0.5176
Epoch 244/500 [37.7s] | task=0.2145 distill=0.7151 | train_AP=0.5671 val_AP=0.5441 test_AP=0.5192
Epoch 245/500 [38.0s] | task=0.2142 distill=0.7163 | train_AP=0.5657 val_AP=0.5432 test_AP=0.5192
Epoch 246/500 [37.4s] | task=0.2147 distill=0.7155 | train_AP=0.5651 val_AP=0.5434 test_AP=0.5181
Epoch 247/500 [37.8s] | task=0.2145 distill=0.7153 | train_AP=0.5648 val_AP=0.5445 test_AP=0.5165
Epoch 248/500 [37.3s] | task=0.2141 distill=0.7156 | train_AP=0.5667 val_AP=0.5441 test_AP=0.5198
Epoch 249/500 [36.8s] | task=0.2146 distill=0.7144 | train_AP=0.5679 val_AP=0.5456 test_AP=0.5194
  -> New best val_AP=0.5456 (test=0.5194)
Epoch 250/500 [39.8s] | task=0.2152 distill=0.7157 | train_AP=0.5636 val_AP=0.5447 test_AP=0.5199
Epoch 251/500 [38.9s] | task=0.2143 distill=0.7165 | train_AP=0.5671 val_AP=0.5451 test_AP=0.5173
Epoch 252/500 [42.0s] | task=0.2141 distill=0.7137 | train_AP=0.5668 val_AP=0.5457 test_AP=0.5195
  -> New best val_AP=0.5457 (test=0.5195)
Epoch 253/500 [41.1s] | task=0.2140 distill=0.7145 | train_AP=0.5684 val_AP=0.5451 test_AP=0.5182
Epoch 254/500 [38.5s] | task=0.2147 distill=0.7155 | train_AP=0.5651 val_AP=0.5454 test_AP=0.5181
Epoch 255/500 [37.5s] | task=0.2143 distill=0.7146 | train_AP=0.5670 val_AP=0.5434 test_AP=0.5174
Epoch 256/500 [37.3s] | task=0.2142 distill=0.7148 | train_AP=0.5684 val_AP=0.5446 test_AP=0.5164
Epoch 257/500 [37.4s] | task=0.2144 distill=0.7163 | train_AP=0.5659 val_AP=0.5452 test_AP=0.5201
Epoch 258/500 [37.9s] | task=0.2142 distill=0.7150 | train_AP=0.5652 val_AP=0.5452 test_AP=0.5178
Epoch 259/500 [38.5s] | task=0.2137 distill=0.7150 | train_AP=0.5660 val_AP=0.5451 test_AP=0.5185
Epoch 260/500 [41.1s] | task=0.2135 distill=0.7157 | train_AP=0.5715 val_AP=0.5457 test_AP=0.5199
  -> New best val_AP=0.5457 (test=0.5199)
Epoch 261/500 [39.5s] | task=0.2137 distill=0.7156 | train_AP=0.5688 val_AP=0.5445 test_AP=0.5179
Epoch 262/500 [37.3s] | task=0.2141 distill=0.7154 | train_AP=0.5701 val_AP=0.5453 test_AP=0.5201
Epoch 263/500 [36.9s] | task=0.2139 distill=0.7164 | train_AP=0.5675 val_AP=0.5447 test_AP=0.5180
Epoch 264/500 [42.3s] | task=0.2142 distill=0.7159 | train_AP=0.5668 val_AP=0.5449 test_AP=0.5183
Epoch 265/500 [37.8s] | task=0.2142 distill=0.7161 | train_AP=0.5661 val_AP=0.5449 test_AP=0.5204
Epoch 266/500 [37.2s] | task=0.2139 distill=0.7170 | train_AP=0.5682 val_AP=0.5446 test_AP=0.5202
Epoch 267/500 [42.8s] | task=0.2139 distill=0.7163 | train_AP=0.5667 val_AP=0.5449 test_AP=0.5195
Epoch 268/500 [38.5s] | task=0.2138 distill=0.7165 | train_AP=0.5673 val_AP=0.5449 test_AP=0.5195
Epoch 269/500 [37.4s] | task=0.2143 distill=0.7170 | train_AP=0.5674 val_AP=0.5452 test_AP=0.5198
Epoch 270/500 [37.3s] | task=0.2140 distill=0.7160 | train_AP=0.5676 val_AP=0.5445 test_AP=0.5195
Epoch 271/500 [42.6s] | task=0.2140 distill=0.7174 | train_AP=0.5681 val_AP=0.5453 test_AP=0.5197
Epoch 272/500 [40.5s] | task=0.2138 distill=0.7160 | train_AP=0.5678 val_AP=0.5470 test_AP=0.5178
  -> New best val_AP=0.5470 (test=0.5178)
Epoch 273/500 [37.7s] | task=0.2144 distill=0.7151 | train_AP=0.5671 val_AP=0.5447 test_AP=0.5198
Epoch 274/500 [36.8s] | task=0.2137 distill=0.7163 | train_AP=0.5692 val_AP=0.5457 test_AP=0.5197
Epoch 275/500 [36.8s] | task=0.2140 distill=0.7150 | train_AP=0.5673 val_AP=0.5454 test_AP=0.5198
Epoch 276/500 [37.5s] | task=0.2138 distill=0.7151 | train_AP=0.5662 val_AP=0.5455 test_AP=0.5195
Epoch 277/500 [42.9s] | task=0.2137 distill=0.7145 | train_AP=0.5677 val_AP=0.5448 test_AP=0.5197
Epoch 278/500 [37.5s] | task=0.2132 distill=0.7153 | train_AP=0.5718 val_AP=0.5465 test_AP=0.5187
Epoch 279/500 [37.5s] | task=0.2134 distill=0.7149 | train_AP=0.5726 val_AP=0.5457 test_AP=0.5181
Epoch 280/500 [36.8s] | task=0.2137 distill=0.7156 | train_AP=0.5694 val_AP=0.5466 test_AP=0.5188
Epoch 281/500 [36.3s] | task=0.2140 distill=0.7157 | train_AP=0.5697 val_AP=0.5449 test_AP=0.5202
Epoch 282/500 [37.6s] | task=0.2136 distill=0.7151 | train_AP=0.5687 val_AP=0.5456 test_AP=0.5184
Epoch 283/500 [38.2s] | task=0.2133 distill=0.7153 | train_AP=0.5693 val_AP=0.5453 test_AP=0.5205
Epoch 284/500 [37.3s] | task=0.2139 distill=0.7154 | train_AP=0.5698 val_AP=0.5467 test_AP=0.5203
Epoch 285/500 [40.3s] | task=0.2139 distill=0.7154 | train_AP=0.5672 val_AP=0.5451 test_AP=0.5181
Epoch 286/500 [40.5s] | task=0.2133 distill=0.7164 | train_AP=0.5701 val_AP=0.5462 test_AP=0.5206
Epoch 287/500 [36.8s] | task=0.2139 distill=0.7153 | train_AP=0.5702 val_AP=0.5462 test_AP=0.5204
Epoch 288/500 [38.9s] | task=0.2133 distill=0.7162 | train_AP=0.5689 val_AP=0.5468 test_AP=0.5175
Epoch 289/500 [37.8s] | task=0.2137 distill=0.7157 | train_AP=0.5670 val_AP=0.5448 test_AP=0.5201
Epoch 290/500 [36.8s] | task=0.2137 distill=0.7158 | train_AP=0.5681 val_AP=0.5462 test_AP=0.5207
Epoch 291/500 [37.1s] | task=0.2131 distill=0.7157 | train_AP=0.5723 val_AP=0.5467 test_AP=0.5193
Epoch 292/500 [37.0s] | task=0.2133 distill=0.7148 | train_AP=0.5685 val_AP=0.5470 test_AP=0.5190
  -> New best val_AP=0.5470 (test=0.5190)
Epoch 293/500 [36.6s] | task=0.2128 distill=0.7154 | train_AP=0.5694 val_AP=0.5448 test_AP=0.5199
Epoch 294/500 [37.9s] | task=0.2132 distill=0.7157 | train_AP=0.5690 val_AP=0.5456 test_AP=0.5210
Epoch 295/500 [39.9s] | task=0.2133 distill=0.7162 | train_AP=0.5680 val_AP=0.5461 test_AP=0.5198
Epoch 296/500 [37.1s] | task=0.2135 distill=0.7153 | train_AP=0.5666 val_AP=0.5462 test_AP=0.5186
Epoch 297/500 [38.1s] | task=0.2135 distill=0.7161 | train_AP=0.5680 val_AP=0.5466 test_AP=0.5210
Epoch 298/500 [37.2s] | task=0.2133 distill=0.7164 | train_AP=0.5687 val_AP=0.5461 test_AP=0.5200
Epoch 299/500 [39.3s] | task=0.2130 distill=0.7161 | train_AP=0.5717 val_AP=0.5456 test_AP=0.5196
Epoch 300/500 [42.7s] | task=0.2135 distill=0.7161 | train_AP=0.5699 val_AP=0.5476 test_AP=0.5202
  -> New best val_AP=0.5476 (test=0.5202)
Epoch 301/500 [39.5s] | task=0.2133 distill=0.7165 | train_AP=0.5683 val_AP=0.5463 test_AP=0.5188
Epoch 302/500 [37.6s] | task=0.2132 distill=0.7157 | train_AP=0.5688 val_AP=0.5460 test_AP=0.5193
Epoch 303/500 [38.0s] | task=0.2131 distill=0.7158 | train_AP=0.5714 val_AP=0.5468 test_AP=0.5207
Epoch 304/500 [37.7s] | task=0.2132 distill=0.7158 | train_AP=0.5674 val_AP=0.5464 test_AP=0.5206
Epoch 305/500 [37.5s] | task=0.2132 distill=0.7153 | train_AP=0.5695 val_AP=0.5462 test_AP=0.5205
Epoch 306/500 [37.2s] | task=0.2133 distill=0.7164 | train_AP=0.5724 val_AP=0.5468 test_AP=0.5207
Epoch 307/500 [37.2s] | task=0.2134 distill=0.7155 | train_AP=0.5704 val_AP=0.5475 test_AP=0.5208
Epoch 308/500 [37.2s] | task=0.2130 distill=0.7154 | train_AP=0.5721 val_AP=0.5458 test_AP=0.5204
Epoch 309/500 [40.4s] | task=0.2128 distill=0.7156 | train_AP=0.5738 val_AP=0.5460 test_AP=0.5197
Epoch 310/500 [41.8s] | task=0.2131 distill=0.7152 | train_AP=0.5706 val_AP=0.5468 test_AP=0.5188
Epoch 311/500 [38.4s] | task=0.2131 distill=0.7158 | train_AP=0.5698 val_AP=0.5474 test_AP=0.5205
Epoch 312/500 [37.2s] | task=0.2137 distill=0.7167 | train_AP=0.5691 val_AP=0.5470 test_AP=0.5194
Epoch 313/500 [37.3s] | task=0.2131 distill=0.7162 | train_AP=0.5697 val_AP=0.5458 test_AP=0.5189
Epoch 314/500 [41.0s] | task=0.2130 distill=0.7157 | train_AP=0.5703 val_AP=0.5471 test_AP=0.5210
Epoch 315/500 [39.5s] | task=0.2132 distill=0.7159 | train_AP=0.5724 val_AP=0.5463 test_AP=0.5209
Epoch 316/500 [39.2s] | task=0.2131 distill=0.7162 | train_AP=0.5706 val_AP=0.5473 test_AP=0.5201
Epoch 317/500 [40.1s] | task=0.2125 distill=0.7167 | train_AP=0.5733 val_AP=0.5460 test_AP=0.5189
Epoch 318/500 [42.8s] | task=0.2126 distill=0.7143 | train_AP=0.5724 val_AP=0.5476 test_AP=0.5190
  -> New best val_AP=0.5476 (test=0.5190)
Epoch 319/500 [38.2s] | task=0.2131 distill=0.7156 | train_AP=0.5710 val_AP=0.5476 test_AP=0.5194
Epoch 320/500 [37.8s] | task=0.2128 distill=0.7157 | train_AP=0.5714 val_AP=0.5459 test_AP=0.5204
Epoch 321/500 [37.7s] | task=0.2133 distill=0.7158 | train_AP=0.5701 val_AP=0.5472 test_AP=0.5209
Epoch 322/500 [38.9s] | task=0.2130 distill=0.7157 | train_AP=0.5688 val_AP=0.5464 test_AP=0.5187
Epoch 323/500 [37.0s] | task=0.2127 distill=0.7162 | train_AP=0.5719 val_AP=0.5466 test_AP=0.5203
Epoch 324/500 [38.6s] | task=0.2130 distill=0.7166 | train_AP=0.5691 val_AP=0.5465 test_AP=0.5193
Epoch 325/500 [37.4s] | task=0.2128 distill=0.7162 | train_AP=0.5706 val_AP=0.5472 test_AP=0.5209
Epoch 326/500 [42.7s] | task=0.2126 distill=0.7157 | train_AP=0.5716 val_AP=0.5464 test_AP=0.5203
Epoch 327/500 [37.4s] | task=0.2129 distill=0.7160 | train_AP=0.5712 val_AP=0.5476 test_AP=0.5192
Epoch 328/500 [38.9s] | task=0.2125 distill=0.7156 | train_AP=0.5720 val_AP=0.5472 test_AP=0.5214
Epoch 329/500 [39.3s] | task=0.2126 distill=0.7155 | train_AP=0.5721 val_AP=0.5473 test_AP=0.5211
Epoch 330/500 [38.5s] | task=0.2128 distill=0.7153 | train_AP=0.5716 val_AP=0.5474 test_AP=0.5208
Epoch 331/500 [37.6s] | task=0.2130 distill=0.7154 | train_AP=0.5728 val_AP=0.5475 test_AP=0.5211
Epoch 332/500 [42.9s] | task=0.2125 distill=0.7159 | train_AP=0.5726 val_AP=0.5472 test_AP=0.5213
Epoch 333/500 [37.2s] | task=0.2129 distill=0.7154 | train_AP=0.5693 val_AP=0.5474 test_AP=0.5210
Epoch 334/500 [37.2s] | task=0.2128 distill=0.7159 | train_AP=0.5726 val_AP=0.5465 test_AP=0.5208
Epoch 335/500 [39.5s] | task=0.2129 distill=0.7161 | train_AP=0.5704 val_AP=0.5472 test_AP=0.5182
Epoch 336/500 [41.4s] | task=0.2129 distill=0.7160 | train_AP=0.5724 val_AP=0.5460 test_AP=0.5199
Epoch 337/500 [42.4s] | task=0.2128 distill=0.7164 | train_AP=0.5707 val_AP=0.5477 test_AP=0.5209
  -> New best val_AP=0.5477 (test=0.5209)
Epoch 338/500 [39.9s] | task=0.2130 distill=0.7155 | train_AP=0.5704 val_AP=0.5470 test_AP=0.5210
Epoch 339/500 [40.2s] | task=0.2131 distill=0.7160 | train_AP=0.5705 val_AP=0.5476 test_AP=0.5211
Epoch 340/500 [37.5s] | task=0.2128 distill=0.7156 | train_AP=0.5744 val_AP=0.5475 test_AP=0.5209
Epoch 341/500 [40.1s] | task=0.2124 distill=0.7156 | train_AP=0.5729 val_AP=0.5466 test_AP=0.5211
Epoch 342/500 [43.5s] | task=0.2126 distill=0.7154 | train_AP=0.5714 val_AP=0.5462 test_AP=0.5207
Epoch 343/500 [37.9s] | task=0.2124 distill=0.7154 | train_AP=0.5734 val_AP=0.5473 test_AP=0.5214
Epoch 344/500 [41.4s] | task=0.2127 distill=0.7154 | train_AP=0.5724 val_AP=0.5472 test_AP=0.5213
Epoch 345/500 [42.4s] | task=0.2128 distill=0.7150 | train_AP=0.5686 val_AP=0.5466 test_AP=0.5212
Epoch 346/500 [43.4s] | task=0.2128 distill=0.7150 | train_AP=0.5719 val_AP=0.5473 test_AP=0.5211
Epoch 347/500 [37.3s] | task=0.2122 distill=0.7156 | train_AP=0.5725 val_AP=0.5473 test_AP=0.5208
Epoch 348/500 [38.5s] | task=0.2126 distill=0.7151 | train_AP=0.5718 val_AP=0.5473 test_AP=0.5212
Epoch 349/500 [42.2s] | task=0.2128 distill=0.7150 | train_AP=0.5730 val_AP=0.5466 test_AP=0.5210
Epoch 350/500 [37.0s] | task=0.2130 distill=0.7148 | train_AP=0.5702 val_AP=0.5475 test_AP=0.5208
Epoch 351/500 [42.2s] | task=0.2126 distill=0.7158 | train_AP=0.5716 val_AP=0.5470 test_AP=0.5211
Epoch 352/500 [36.8s] | task=0.2128 distill=0.7149 | train_AP=0.5751 val_AP=0.5469 test_AP=0.5214
Epoch 353/500 [36.9s] | task=0.2123 distill=0.7148 | train_AP=0.5719 val_AP=0.5470 test_AP=0.5213
Epoch 354/500 [39.4s] | task=0.2124 distill=0.7154 | train_AP=0.5738 val_AP=0.5472 test_AP=0.5210
Epoch 355/500 [36.9s] | task=0.2124 distill=0.7159 | train_AP=0.5719 val_AP=0.5476 test_AP=0.5201
Epoch 356/500 [37.8s] | task=0.2126 distill=0.7151 | train_AP=0.5713 val_AP=0.5473 test_AP=0.5214
Epoch 357/500 [43.0s] | task=0.2127 distill=0.7150 | train_AP=0.5730 val_AP=0.5479 test_AP=0.5210
  -> New best val_AP=0.5479 (test=0.5210)
Epoch 358/500 [44.0s] | task=0.2124 distill=0.7152 | train_AP=0.5710 val_AP=0.5475 test_AP=0.5210
Epoch 359/500 [38.5s] | task=0.2125 distill=0.7150 | train_AP=0.5720 val_AP=0.5475 test_AP=0.5191
Epoch 360/500 [41.9s] | task=0.2126 distill=0.7149 | train_AP=0.5737 val_AP=0.5466 test_AP=0.5213
Epoch 361/500 [39.4s] | task=0.2122 distill=0.7155 | train_AP=0.5727 val_AP=0.5473 test_AP=0.5205
Epoch 362/500 [36.8s] | task=0.2128 distill=0.7155 | train_AP=0.5715 val_AP=0.5471 test_AP=0.5209
Epoch 363/500 [37.1s] | task=0.2123 distill=0.7155 | train_AP=0.5727 val_AP=0.5474 test_AP=0.5215
Epoch 364/500 [41.6s] | task=0.2123 distill=0.7151 | train_AP=0.5719 val_AP=0.5467 test_AP=0.5216
Epoch 365/500 [37.9s] | task=0.2127 distill=0.7152 | train_AP=0.5725 val_AP=0.5475 test_AP=0.5214
Epoch 366/500 [38.5s] | task=0.2122 distill=0.7155 | train_AP=0.5735 val_AP=0.5472 test_AP=0.5213
Epoch 367/500 [39.4s] | task=0.2126 distill=0.7157 | train_AP=0.5724 val_AP=0.5477 test_AP=0.5211
Epoch 368/500 [37.8s] | task=0.2122 distill=0.7161 | train_AP=0.5735 val_AP=0.5471 test_AP=0.5210
Epoch 369/500 [37.4s] | task=0.2126 distill=0.7160 | train_AP=0.5716 val_AP=0.5482 test_AP=0.5214
  -> New best val_AP=0.5482 (test=0.5214)
Epoch 370/500 [40.0s] | task=0.2120 distill=0.7159 | train_AP=0.5745 val_AP=0.5472 test_AP=0.5208
Epoch 371/500 [37.9s] | task=0.2126 distill=0.7160 | train_AP=0.5718 val_AP=0.5468 test_AP=0.5207
Epoch 372/500 [37.5s] | task=0.2126 distill=0.7160 | train_AP=0.5732 val_AP=0.5478 test_AP=0.5216
Epoch 373/500 [44.7s] | task=0.2124 distill=0.7156 | train_AP=0.5722 val_AP=0.5481 test_AP=0.5214
Epoch 374/500 [48.9s] | task=0.2126 distill=0.7154 | train_AP=0.5739 val_AP=0.5481 test_AP=0.5210
Epoch 375/500 [47.7s] | task=0.2126 distill=0.7154 | train_AP=0.5715 val_AP=0.5486 test_AP=0.5213
  -> New best val_AP=0.5486 (test=0.5213)
Epoch 376/500 [47.0s] | task=0.2125 distill=0.7159 | train_AP=0.5715 val_AP=0.5473 test_AP=0.5215
Epoch 377/500 [47.3s] | task=0.2125 distill=0.7156 | train_AP=0.5718 val_AP=0.5482 test_AP=0.5206
Epoch 378/500 [51.1s] | task=0.2126 distill=0.7154 | train_AP=0.5709 val_AP=0.5477 test_AP=0.5213
Epoch 379/500 [49.1s] | task=0.2121 distill=0.7146 | train_AP=0.5728 val_AP=0.5478 test_AP=0.5214
Epoch 380/500 [48.2s] | task=0.2121 distill=0.7150 | train_AP=0.5709 val_AP=0.5480 test_AP=0.5209
Epoch 381/500 [48.5s] | task=0.2126 distill=0.7150 | train_AP=0.5717 val_AP=0.5480 test_AP=0.5211
Epoch 382/500 [47.5s] | task=0.2126 distill=0.7152 | train_AP=0.5726 val_AP=0.5482 test_AP=0.5212
Epoch 383/500 [48.6s] | task=0.2123 distill=0.7150 | train_AP=0.5736 val_AP=0.5481 test_AP=0.5213
Epoch 384/500 [48.5s] | task=0.2125 distill=0.7157 | train_AP=0.5726 val_AP=0.5480 test_AP=0.5211
Epoch 385/500 [50.8s] | task=0.2121 distill=0.7153 | train_AP=0.5727 val_AP=0.5478 test_AP=0.5213
Epoch 386/500 [47.9s] | task=0.2125 distill=0.7154 | train_AP=0.5732 val_AP=0.5481 test_AP=0.5214
Epoch 387/500 [50.3s] | task=0.2121 distill=0.7149 | train_AP=0.5708 val_AP=0.5479 test_AP=0.5207
Epoch 388/500 [47.3s] | task=0.2124 distill=0.7156 | train_AP=0.5709 val_AP=0.5481 test_AP=0.5214
Epoch 389/500 [49.0s] | task=0.2123 distill=0.7153 | train_AP=0.5732 val_AP=0.5478 test_AP=0.5211
Epoch 390/500 [48.0s] | task=0.2124 distill=0.7158 | train_AP=0.5728 val_AP=0.5476 test_AP=0.5213
Epoch 391/500 [49.0s] | task=0.2124 distill=0.7157 | train_AP=0.5694 val_AP=0.5483 test_AP=0.5215
Epoch 392/500 [50.0s] | task=0.2119 distill=0.7150 | train_AP=0.5732 val_AP=0.5475 test_AP=0.5215
Epoch 393/500 [49.5s] | task=0.2117 distill=0.7157 | train_AP=0.5752 val_AP=0.5479 test_AP=0.5213
Epoch 394/500 [49.7s] | task=0.2119 distill=0.7153 | train_AP=0.5734 val_AP=0.5482 test_AP=0.5209
Epoch 395/500 [50.2s] | task=0.2120 distill=0.7159 | train_AP=0.5757 val_AP=0.5482 test_AP=0.5213
Epoch 396/500 [47.2s] | task=0.2121 distill=0.7159 | train_AP=0.5742 val_AP=0.5480 test_AP=0.5212
Epoch 397/500 [47.7s] | task=0.2122 distill=0.7153 | train_AP=0.5731 val_AP=0.5477 test_AP=0.5212
Epoch 398/500 [47.6s] | task=0.2118 distill=0.7155 | train_AP=0.5724 val_AP=0.5478 test_AP=0.5213
Epoch 399/500 [46.9s] | task=0.2126 distill=0.7156 | train_AP=0.5728 val_AP=0.5482 test_AP=0.5214
Epoch 400/500 [50.8s] | task=0.2124 distill=0.7156 | train_AP=0.5726 val_AP=0.5478 test_AP=0.5215
Epoch 401/500 [47.1s] | task=0.2121 distill=0.7155 | train_AP=0.5723 val_AP=0.5484 test_AP=0.5213
Epoch 402/500 [47.8s] | task=0.2120 distill=0.7156 | train_AP=0.5746 val_AP=0.5481 test_AP=0.5215
Epoch 403/500 [47.1s] | task=0.2126 distill=0.7155 | train_AP=0.5720 val_AP=0.5480 test_AP=0.5214
Epoch 404/500 [46.6s] | task=0.2119 distill=0.7154 | train_AP=0.5751 val_AP=0.5477 test_AP=0.5214
Epoch 405/500 [51.3s] | task=0.2121 distill=0.7158 | train_AP=0.5725 val_AP=0.5480 test_AP=0.5210
Epoch 406/500 [47.4s] | task=0.2118 distill=0.7155 | train_AP=0.5751 val_AP=0.5480 test_AP=0.5212
Epoch 407/500 [49.5s] | task=0.2120 distill=0.7153 | train_AP=0.5727 val_AP=0.5482 test_AP=0.5214
Epoch 408/500 [50.8s] | task=0.2119 distill=0.7159 | train_AP=0.5740 val_AP=0.5483 test_AP=0.5213
Epoch 409/500 [50.5s] | task=0.2121 distill=0.7158 | train_AP=0.5735 val_AP=0.5481 test_AP=0.5207
Epoch 410/500 [50.0s] | task=0.2124 distill=0.7158 | train_AP=0.5739 val_AP=0.5478 test_AP=0.5211
Epoch 411/500 [51.3s] | task=0.2119 distill=0.7159 | train_AP=0.5752 val_AP=0.5484 test_AP=0.5208
Epoch 412/500 [47.4s] | task=0.2119 distill=0.7155 | train_AP=0.5747 val_AP=0.5484 test_AP=0.5212
Epoch 413/500 [47.3s] | task=0.2120 distill=0.7156 | train_AP=0.5739 val_AP=0.5480 test_AP=0.5214
Epoch 414/500 [48.2s] | task=0.2121 distill=0.7154 | train_AP=0.5748 val_AP=0.5482 test_AP=0.5213
Epoch 415/500 [49.0s] | task=0.2119 distill=0.7156 | train_AP=0.5752 val_AP=0.5481 test_AP=0.5212
Epoch 416/500 [50.6s] | task=0.2114 distill=0.7154 | train_AP=0.5752 val_AP=0.5483 test_AP=0.5211
Epoch 417/500 [47.3s] | task=0.2120 distill=0.7156 | train_AP=0.5726 val_AP=0.5483 test_AP=0.5210
Epoch 418/500 [49.5s] | task=0.2119 distill=0.7157 | train_AP=0.5751 val_AP=0.5483 test_AP=0.5213
Epoch 419/500 [48.1s] | task=0.2120 distill=0.7156 | train_AP=0.5755 val_AP=0.5480 test_AP=0.5217
Epoch 420/500 [47.5s] | task=0.2119 distill=0.7156 | train_AP=0.5740 val_AP=0.5482 test_AP=0.5215
Epoch 421/500 [48.4s] | task=0.2121 distill=0.7157 | train_AP=0.5729 val_AP=0.5485 test_AP=0.5214
Epoch 422/500 [47.9s] | task=0.2117 distill=0.7159 | train_AP=0.5739 val_AP=0.5483 test_AP=0.5213
Epoch 423/500 [47.0s] | task=0.2116 distill=0.7158 | train_AP=0.5748 val_AP=0.5484 test_AP=0.5218
Epoch 424/500 [51.0s] | task=0.2118 distill=0.7157 | train_AP=0.5761 val_AP=0.5482 test_AP=0.5214
Epoch 425/500 [49.9s] | task=0.2128 distill=0.7155 | train_AP=0.5717 val_AP=0.5480 test_AP=0.5212
Early stopping at epoch 425.

Done. Baseline val_AP=0.5312 | Best distilled val_AP=0.5486 at epoch 375
