nohup: ignoring input
Pipeline B — End-to-End Training
  Backbone: hybrid
  Generator: graph_coarsening
  Proxies: 64, Warmup: 0 epochs
  Readout: nodes_only, MMD lambda: 0.01
  Cross-attn routing: layers=1, proxy_self_attn=True
  Multi-point proxy: insertion_layers=0,3,6, separate_gens=True, separate_routers=True, aux_decay=1.0
  Laplacian PE: dim=32
  GRED: layers=8, state_dim=88, max_hops=40, act=full-glu
  Hybrid: transformer_layers=2
  Device: cuda
  Loading cached distance masks from ./data/Peptides-func/dist_masks/train.pkl
  Loading cached distance masks from ./data/Peptides-func/dist_masks/val.pkl
  Loading cached distance masks from ./data/Peptides-func/dist_masks/test.pkl
  Total parameters: 4,056,714
    Model (incl. multi-point gen+router): 4,056,714
    Generator (inside wrapper):           306,368
/home1/sajan_rg/graphormer_eval/new_experiments/graph_exp_new/data.py:138: RuntimeWarning: k >= N for N * N square matrix. Attempting to use scipy.linalg.eigh instead.
  eigenvalues, eigenvectors = eigsh(
/home1/sajan_rg/graphormer_eval/new_experiments/graph_exp_new/data.py:138: RuntimeWarning: k >= N for N * N square matrix. Attempting to use scipy.linalg.eigh instead.
  eigenvalues, eigenvectors = eigsh(
/home1/sajan_rg/graphormer_eval/new_experiments/graph_exp_new/data.py:138: RuntimeWarning: k >= N for N * N square matrix. Attempting to use scipy.linalg.eigh instead.
  eigenvalues, eigenvectors = eigsh(
/home1/sajan_rg/graphormer_eval/new_experiments/graph_exp_new/data.py:138: RuntimeWarning: k >= N for N * N square matrix. Attempting to use scipy.linalg.eigh instead.
  eigenvalues, eigenvectors = eigsh(
/home1/sajan_rg/graphormer_eval/new_experiments/graph_exp_new/data.py:138: RuntimeWarning: k >= N for N * N square matrix. Attempting to use scipy.linalg.eigh instead.
  eigenvalues, eigenvectors = eigsh(
/home1/sajan_rg/graphormer_eval/new_experiments/graph_exp_new/data.py:138: RuntimeWarning: k >= N for N * N square matrix. Attempting to use scipy.linalg.eigh instead.
  eigenvalues, eigenvectors = eigsh(
/home1/sajan_rg/graphormer_eval/new_experiments/graph_exp_new/data.py:138: RuntimeWarning: k >= N for N * N square matrix. Attempting to use scipy.linalg.eigh instead.
  eigenvalues, eigenvectors = eigsh(
/home1/sajan_rg/graphormer_eval/new_experiments/graph_exp_new/data.py:138: RuntimeWarning: k >= N for N * N square matrix. Attempting to use scipy.linalg.eigh instead.
  eigenvalues, eigenvectors = eigsh(
/home1/sajan_rg/graphormer_eval/new_experiments/graph_exp_new/data.py:138: RuntimeWarning: k >= N for N * N square matrix. Attempting to use scipy.linalg.eigh instead.
  eigenvalues, eigenvectors = eigsh(
/home1/sajan_rg/graphormer_eval/new_experiments/graph_exp_new/data.py:138: RuntimeWarning: k >= N for N * N square matrix. Attempting to use scipy.linalg.eigh instead.
  eigenvalues, eigenvectors = eigsh(
/home1/sajan_rg/graphormer_eval/new_experiments/graph_exp_new/data.py:138: RuntimeWarning: k >= N for N * N square matrix. Attempting to use scipy.linalg.eigh instead.
  eigenvalues, eigenvectors = eigsh(
/home1/sajan_rg/graphormer_eval/new_experiments/graph_exp_new/data.py:138: RuntimeWarning: k >= N for N * N square matrix. Attempting to use scipy.linalg.eigh instead.
  eigenvalues, eigenvectors = eigsh(
Epoch   1/200 [261.7s mem=23085MB] proxies=ON | train_loss=1.3902 mmd=0.0000 train_AP=0.1728 | val_loss=1.0236 val_AP=0.1927 | test_loss=1.0242 test_AP=0.1942
  -> New best val AP=0.1927 (test AP=0.1942), saved to checkpoints_three_staged_cross_multipt/best_e2e.pt
/home1/sajan_rg/graphormer_eval/new_experiments/graph_exp_new/data.py:138: RuntimeWarning: k >= N for N * N square matrix. Attempting to use scipy.linalg.eigh instead.
  eigenvalues, eigenvectors = eigsh(
/home1/sajan_rg/graphormer_eval/new_experiments/graph_exp_new/data.py:138: RuntimeWarning: k >= N for N * N square matrix. Attempting to use scipy.linalg.eigh instead.
  eigenvalues, eigenvectors = eigsh(
/home1/sajan_rg/graphormer_eval/new_experiments/graph_exp_new/data.py:138: RuntimeWarning: k >= N for N * N square matrix. Attempting to use scipy.linalg.eigh instead.
  eigenvalues, eigenvectors = eigsh(
/home1/sajan_rg/graphormer_eval/new_experiments/graph_exp_new/data.py:138: RuntimeWarning: k >= N for N * N square matrix. Attempting to use scipy.linalg.eigh instead.
  eigenvalues, eigenvectors = eigsh(
/home1/sajan_rg/graphormer_eval/new_experiments/graph_exp_new/data.py:138: RuntimeWarning: k >= N for N * N square matrix. Attempting to use scipy.linalg.eigh instead.
  eigenvalues, eigenvectors = eigsh(
/home1/sajan_rg/graphormer_eval/new_experiments/graph_exp_new/data.py:138: RuntimeWarning: k >= N for N * N square matrix. Attempting to use scipy.linalg.eigh instead.
  eigenvalues, eigenvectors = eigsh(
/home1/sajan_rg/graphormer_eval/new_experiments/graph_exp_new/data.py:138: RuntimeWarning: k >= N for N * N square matrix. Attempting to use scipy.linalg.eigh instead.
  eigenvalues, eigenvectors = eigsh(
/home1/sajan_rg/graphormer_eval/new_experiments/graph_exp_new/data.py:138: RuntimeWarning: k >= N for N * N square matrix. Attempting to use scipy.linalg.eigh instead.
  eigenvalues, eigenvectors = eigsh(
/home1/sajan_rg/graphormer_eval/new_experiments/graph_exp_new/data.py:138: RuntimeWarning: k >= N for N * N square matrix. Attempting to use scipy.linalg.eigh instead.
  eigenvalues, eigenvectors = eigsh(
/home1/sajan_rg/graphormer_eval/new_experiments/graph_exp_new/data.py:138: RuntimeWarning: k >= N for N * N square matrix. Attempting to use scipy.linalg.eigh instead.
  eigenvalues, eigenvectors = eigsh(
/home1/sajan_rg/graphormer_eval/new_experiments/graph_exp_new/data.py:138: RuntimeWarning: k >= N for N * N square matrix. Attempting to use scipy.linalg.eigh instead.
  eigenvalues, eigenvectors = eigsh(
/home1/sajan_rg/graphormer_eval/new_experiments/graph_exp_new/data.py:138: RuntimeWarning: k >= N for N * N square matrix. Attempting to use scipy.linalg.eigh instead.
  eigenvalues, eigenvectors = eigsh(
Epoch   2/200 [261.3s mem=23097MB] proxies=ON | train_loss=0.4797 mmd=0.0000 train_AP=0.1999 | val_loss=0.8130 val_AP=0.2640 | test_loss=0.8159 test_AP=0.2656
  -> New best val AP=0.2640 (test AP=0.2656), saved to checkpoints_three_staged_cross_multipt/best_e2e.pt
/home1/sajan_rg/graphormer_eval/new_experiments/graph_exp_new/data.py:138: RuntimeWarning: k >= N for N * N square matrix. Attempting to use scipy.linalg.eigh instead.
  eigenvalues, eigenvectors = eigsh(
/home1/sajan_rg/graphormer_eval/new_experiments/graph_exp_new/data.py:138: RuntimeWarning: k >= N for N * N square matrix. Attempting to use scipy.linalg.eigh instead.
  eigenvalues, eigenvectors = eigsh(
/home1/sajan_rg/graphormer_eval/new_experiments/graph_exp_new/data.py:138: RuntimeWarning: k >= N for N * N square matrix. Attempting to use scipy.linalg.eigh instead.
  eigenvalues, eigenvectors = eigsh(
/home1/sajan_rg/graphormer_eval/new_experiments/graph_exp_new/data.py:138: RuntimeWarning: k >= N for N * N square matrix. Attempting to use scipy.linalg.eigh instead.
  eigenvalues, eigenvectors = eigsh(
/home1/sajan_rg/graphormer_eval/new_experiments/graph_exp_new/data.py:138: RuntimeWarning: k >= N for N * N square matrix. Attempting to use scipy.linalg.eigh instead.
  eigenvalues, eigenvectors = eigsh(
/home1/sajan_rg/graphormer_eval/new_experiments/graph_exp_new/data.py:138: RuntimeWarning: k >= N for N * N square matrix. Attempting to use scipy.linalg.eigh instead.
  eigenvalues, eigenvectors = eigsh(
/home1/sajan_rg/graphormer_eval/new_experiments/graph_exp_new/data.py:138: RuntimeWarning: k >= N for N * N square matrix. Attempting to use scipy.linalg.eigh instead.
  eigenvalues, eigenvectors = eigsh(
/home1/sajan_rg/graphormer_eval/new_experiments/graph_exp_new/data.py:138: RuntimeWarning: k >= N for N * N square matrix. Attempting to use scipy.linalg.eigh instead.
  eigenvalues, eigenvectors = eigsh(
/home1/sajan_rg/graphormer_eval/new_experiments/graph_exp_new/data.py:138: RuntimeWarning: k >= N for N * N square matrix. Attempting to use scipy.linalg.eigh instead.
  eigenvalues, eigenvectors = eigsh(
/home1/sajan_rg/graphormer_eval/new_experiments/graph_exp_new/data.py:138: RuntimeWarning: k >= N for N * N square matrix. Attempting to use scipy.linalg.eigh instead.
  eigenvalues, eigenvectors = eigsh(
/home1/sajan_rg/graphormer_eval/new_experiments/graph_exp_new/data.py:138: RuntimeWarning: k >= N for N * N square matrix. Attempting to use scipy.linalg.eigh instead.
  eigenvalues, eigenvectors = eigsh(
/home1/sajan_rg/graphormer_eval/new_experiments/graph_exp_new/data.py:138: RuntimeWarning: k >= N for N * N square matrix. Attempting to use scipy.linalg.eigh instead.
  eigenvalues, eigenvectors = eigsh(
Epoch   3/200 [265.0s mem=23084MB] proxies=ON | train_loss=0.4251 mmd=0.0000 train_AP=0.2168 | val_loss=0.3397 val_AP=0.2568 | test_loss=0.3410 test_AP=0.2558
/home1/sajan_rg/graphormer_eval/new_experiments/graph_exp_new/data.py:138: RuntimeWarning: k >= N for N * N square matrix. Attempting to use scipy.linalg.eigh instead.
  eigenvalues, eigenvectors = eigsh(
/home1/sajan_rg/graphormer_eval/new_experiments/graph_exp_new/data.py:138: RuntimeWarning: k >= N for N * N square matrix. Attempting to use scipy.linalg.eigh instead.
  eigenvalues, eigenvectors = eigsh(
/home1/sajan_rg/graphormer_eval/new_experiments/graph_exp_new/data.py:138: RuntimeWarning: k >= N for N * N square matrix. Attempting to use scipy.linalg.eigh instead.
  eigenvalues, eigenvectors = eigsh(
/home1/sajan_rg/graphormer_eval/new_experiments/graph_exp_new/data.py:138: RuntimeWarning: k >= N for N * N square matrix. Attempting to use scipy.linalg.eigh instead.
  eigenvalues, eigenvectors = eigsh(
/home1/sajan_rg/graphormer_eval/new_experiments/graph_exp_new/data.py:138: RuntimeWarning: k >= N for N * N square matrix. Attempting to use scipy.linalg.eigh instead.
  eigenvalues, eigenvectors = eigsh(
/home1/sajan_rg/graphormer_eval/new_experiments/graph_exp_new/data.py:138: RuntimeWarning: k >= N for N * N square matrix. Attempting to use scipy.linalg.eigh instead.
  eigenvalues, eigenvectors = eigsh(
/home1/sajan_rg/graphormer_eval/new_experiments/graph_exp_new/data.py:138: RuntimeWarning: k >= N for N * N square matrix. Attempting to use scipy.linalg.eigh instead.
  eigenvalues, eigenvectors = eigsh(
/home1/sajan_rg/graphormer_eval/new_experiments/graph_exp_new/data.py:138: RuntimeWarning: k >= N for N * N square matrix. Attempting to use scipy.linalg.eigh instead.
  eigenvalues, eigenvectors = eigsh(
/home1/sajan_rg/graphormer_eval/new_experiments/graph_exp_new/data.py:138: RuntimeWarning: k >= N for N * N square matrix. Attempting to use scipy.linalg.eigh instead.
  eigenvalues, eigenvectors = eigsh(
/home1/sajan_rg/graphormer_eval/new_experiments/graph_exp_new/data.py:138: RuntimeWarning: k >= N for N * N square matrix. Attempting to use scipy.linalg.eigh instead.
  eigenvalues, eigenvectors = eigsh(
/home1/sajan_rg/graphormer_eval/new_experiments/graph_exp_new/data.py:138: RuntimeWarning: k >= N for N * N square matrix. Attempting to use scipy.linalg.eigh instead.
  eigenvalues, eigenvectors = eigsh(
/home1/sajan_rg/graphormer_eval/new_experiments/graph_exp_new/data.py:138: RuntimeWarning: k >= N for N * N square matrix. Attempting to use scipy.linalg.eigh instead.
  eigenvalues, eigenvectors = eigsh(
Epoch   4/200 [263.3s mem=23079MB] proxies=ON | train_loss=0.3828 mmd=0.0000 train_AP=0.2300 | val_loss=0.3356 val_AP=0.2662 | test_loss=0.3359 test_AP=0.2664
  -> New best val AP=0.2662 (test AP=0.2664), saved to checkpoints_three_staged_cross_multipt/best_e2e.pt
/home1/sajan_rg/graphormer_eval/new_experiments/graph_exp_new/data.py:138: RuntimeWarning: k >= N for N * N square matrix. Attempting to use scipy.linalg.eigh instead.
  eigenvalues, eigenvectors = eigsh(
/home1/sajan_rg/graphormer_eval/new_experiments/graph_exp_new/data.py:138: RuntimeWarning: k >= N for N * N square matrix. Attempting to use scipy.linalg.eigh instead.
  eigenvalues, eigenvectors = eigsh(
/home1/sajan_rg/graphormer_eval/new_experiments/graph_exp_new/data.py:138: RuntimeWarning: k >= N for N * N square matrix. Attempting to use scipy.linalg.eigh instead.
  eigenvalues, eigenvectors = eigsh(
/home1/sajan_rg/graphormer_eval/new_experiments/graph_exp_new/data.py:138: RuntimeWarning: k >= N for N * N square matrix. Attempting to use scipy.linalg.eigh instead.
  eigenvalues, eigenvectors = eigsh(
/home1/sajan_rg/graphormer_eval/new_experiments/graph_exp_new/data.py:138: RuntimeWarning: k >= N for N * N square matrix. Attempting to use scipy.linalg.eigh instead.
  eigenvalues, eigenvectors = eigsh(
/home1/sajan_rg/graphormer_eval/new_experiments/graph_exp_new/data.py:138: RuntimeWarning: k >= N for N * N square matrix. Attempting to use scipy.linalg.eigh instead.
  eigenvalues, eigenvectors = eigsh(
/home1/sajan_rg/graphormer_eval/new_experiments/graph_exp_new/data.py:138: RuntimeWarning: k >= N for N * N square matrix. Attempting to use scipy.linalg.eigh instead.
  eigenvalues, eigenvectors = eigsh(
/home1/sajan_rg/graphormer_eval/new_experiments/graph_exp_new/data.py:138: RuntimeWarning: k >= N for N * N square matrix. Attempting to use scipy.linalg.eigh instead.
  eigenvalues, eigenvectors = eigsh(
/home1/sajan_rg/graphormer_eval/new_experiments/graph_exp_new/data.py:138: RuntimeWarning: k >= N for N * N square matrix. Attempting to use scipy.linalg.eigh instead.
  eigenvalues, eigenvectors = eigsh(
/home1/sajan_rg/graphormer_eval/new_experiments/graph_exp_new/data.py:138: RuntimeWarning: k >= N for N * N square matrix. Attempting to use scipy.linalg.eigh instead.
  eigenvalues, eigenvectors = eigsh(
/home1/sajan_rg/graphormer_eval/new_experiments/graph_exp_new/data.py:138: RuntimeWarning: k >= N for N * N square matrix. Attempting to use scipy.linalg.eigh instead.
  eigenvalues, eigenvectors = eigsh(
/home1/sajan_rg/graphormer_eval/new_experiments/graph_exp_new/data.py:138: RuntimeWarning: k >= N for N * N square matrix. Attempting to use scipy.linalg.eigh instead.
  eigenvalues, eigenvectors = eigsh(
Epoch   5/200 [259.8s mem=23087MB] proxies=ON | train_loss=0.3754 mmd=0.0000 train_AP=0.2360 | val_loss=0.3496 val_AP=0.2594 | test_loss=0.3498 test_AP=0.2621
/home1/sajan_rg/graphormer_eval/new_experiments/graph_exp_new/data.py:138: RuntimeWarning: k >= N for N * N square matrix. Attempting to use scipy.linalg.eigh instead.
  eigenvalues, eigenvectors = eigsh(
/home1/sajan_rg/graphormer_eval/new_experiments/graph_exp_new/data.py:138: RuntimeWarning: k >= N for N * N square matrix. Attempting to use scipy.linalg.eigh instead.
  eigenvalues, eigenvectors = eigsh(
/home1/sajan_rg/graphormer_eval/new_experiments/graph_exp_new/data.py:138: RuntimeWarning: k >= N for N * N square matrix. Attempting to use scipy.linalg.eigh instead.
  eigenvalues, eigenvectors = eigsh(
/home1/sajan_rg/graphormer_eval/new_experiments/graph_exp_new/data.py:138: RuntimeWarning: k >= N for N * N square matrix. Attempting to use scipy.linalg.eigh instead.
  eigenvalues, eigenvectors = eigsh(
/home1/sajan_rg/graphormer_eval/new_experiments/graph_exp_new/data.py:138: RuntimeWarning: k >= N for N * N square matrix. Attempting to use scipy.linalg.eigh instead.
  eigenvalues, eigenvectors = eigsh(
/home1/sajan_rg/graphormer_eval/new_experiments/graph_exp_new/data.py:138: RuntimeWarning: k >= N for N * N square matrix. Attempting to use scipy.linalg.eigh instead.
  eigenvalues, eigenvectors = eigsh(
/home1/sajan_rg/graphormer_eval/new_experiments/graph_exp_new/data.py:138: RuntimeWarning: k >= N for N * N square matrix. Attempting to use scipy.linalg.eigh instead.
  eigenvalues, eigenvectors = eigsh(
/home1/sajan_rg/graphormer_eval/new_experiments/graph_exp_new/data.py:138: RuntimeWarning: k >= N for N * N square matrix. Attempting to use scipy.linalg.eigh instead.
  eigenvalues, eigenvectors = eigsh(
/home1/sajan_rg/graphormer_eval/new_experiments/graph_exp_new/data.py:138: RuntimeWarning: k >= N for N * N square matrix. Attempting to use scipy.linalg.eigh instead.
  eigenvalues, eigenvectors = eigsh(
/home1/sajan_rg/graphormer_eval/new_experiments/graph_exp_new/data.py:138: RuntimeWarning: k >= N for N * N square matrix. Attempting to use scipy.linalg.eigh instead.
  eigenvalues, eigenvectors = eigsh(
/home1/sajan_rg/graphormer_eval/new_experiments/graph_exp_new/data.py:138: RuntimeWarning: k >= N for N * N square matrix. Attempting to use scipy.linalg.eigh instead.
  eigenvalues, eigenvectors = eigsh(
/home1/sajan_rg/graphormer_eval/new_experiments/graph_exp_new/data.py:138: RuntimeWarning: k >= N for N * N square matrix. Attempting to use scipy.linalg.eigh instead.
  eigenvalues, eigenvectors = eigsh(
Epoch   6/200 [264.2s mem=23097MB] proxies=ON | train_loss=0.3670 mmd=0.0000 train_AP=0.2321 | val_loss=0.7592 val_AP=0.2064 | test_loss=0.7928 test_AP=0.2053
/home1/sajan_rg/graphormer_eval/new_experiments/graph_exp_new/data.py:138: RuntimeWarning: k >= N for N * N square matrix. Attempting to use scipy.linalg.eigh instead.
  eigenvalues, eigenvectors = eigsh(
/home1/sajan_rg/graphormer_eval/new_experiments/graph_exp_new/data.py:138: RuntimeWarning: k >= N for N * N square matrix. Attempting to use scipy.linalg.eigh instead.
  eigenvalues, eigenvectors = eigsh(
/home1/sajan_rg/graphormer_eval/new_experiments/graph_exp_new/data.py:138: RuntimeWarning: k >= N for N * N square matrix. Attempting to use scipy.linalg.eigh instead.
  eigenvalues, eigenvectors = eigsh(
/home1/sajan_rg/graphormer_eval/new_experiments/graph_exp_new/data.py:138: RuntimeWarning: k >= N for N * N square matrix. Attempting to use scipy.linalg.eigh instead.
  eigenvalues, eigenvectors = eigsh(
/home1/sajan_rg/graphormer_eval/new_experiments/graph_exp_new/data.py:138: RuntimeWarning: k >= N for N * N square matrix. Attempting to use scipy.linalg.eigh instead.
  eigenvalues, eigenvectors = eigsh(
/home1/sajan_rg/graphormer_eval/new_experiments/graph_exp_new/data.py:138: RuntimeWarning: k >= N for N * N square matrix. Attempting to use scipy.linalg.eigh instead.
  eigenvalues, eigenvectors = eigsh(
/home1/sajan_rg/graphormer_eval/new_experiments/graph_exp_new/data.py:138: RuntimeWarning: k >= N for N * N square matrix. Attempting to use scipy.linalg.eigh instead.
  eigenvalues, eigenvectors = eigsh(
/home1/sajan_rg/graphormer_eval/new_experiments/graph_exp_new/data.py:138: RuntimeWarning: k >= N for N * N square matrix. Attempting to use scipy.linalg.eigh instead.
  eigenvalues, eigenvectors = eigsh(
/home1/sajan_rg/graphormer_eval/new_experiments/graph_exp_new/data.py:138: RuntimeWarning: k >= N for N * N square matrix. Attempting to use scipy.linalg.eigh instead.
  eigenvalues, eigenvectors = eigsh(
/home1/sajan_rg/graphormer_eval/new_experiments/graph_exp_new/data.py:138: RuntimeWarning: k >= N for N * N square matrix. Attempting to use scipy.linalg.eigh instead.
  eigenvalues, eigenvectors = eigsh(
/home1/sajan_rg/graphormer_eval/new_experiments/graph_exp_new/data.py:138: RuntimeWarning: k >= N for N * N square matrix. Attempting to use scipy.linalg.eigh instead.
  eigenvalues, eigenvectors = eigsh(
/home1/sajan_rg/graphormer_eval/new_experiments/graph_exp_new/data.py:138: RuntimeWarning: k >= N for N * N square matrix. Attempting to use scipy.linalg.eigh instead.
  eigenvalues, eigenvectors = eigsh(
Epoch   7/200 [263.3s mem=23084MB] proxies=ON | train_loss=0.3607 mmd=0.0000 train_AP=0.2366 | val_loss=0.4255 val_AP=0.2575 | test_loss=0.4265 test_AP=0.2573
/home1/sajan_rg/graphormer_eval/new_experiments/graph_exp_new/data.py:138: RuntimeWarning: k >= N for N * N square matrix. Attempting to use scipy.linalg.eigh instead.
  eigenvalues, eigenvectors = eigsh(
/home1/sajan_rg/graphormer_eval/new_experiments/graph_exp_new/data.py:138: RuntimeWarning: k >= N for N * N square matrix. Attempting to use scipy.linalg.eigh instead.
  eigenvalues, eigenvectors = eigsh(
/home1/sajan_rg/graphormer_eval/new_experiments/graph_exp_new/data.py:138: RuntimeWarning: k >= N for N * N square matrix. Attempting to use scipy.linalg.eigh instead.
  eigenvalues, eigenvectors = eigsh(
/home1/sajan_rg/graphormer_eval/new_experiments/graph_exp_new/data.py:138: RuntimeWarning: k >= N for N * N square matrix. Attempting to use scipy.linalg.eigh instead.
  eigenvalues, eigenvectors = eigsh(
/home1/sajan_rg/graphormer_eval/new_experiments/graph_exp_new/data.py:138: RuntimeWarning: k >= N for N * N square matrix. Attempting to use scipy.linalg.eigh instead.
  eigenvalues, eigenvectors = eigsh(
/home1/sajan_rg/graphormer_eval/new_experiments/graph_exp_new/data.py:138: RuntimeWarning: k >= N for N * N square matrix. Attempting to use scipy.linalg.eigh instead.
  eigenvalues, eigenvectors = eigsh(
/home1/sajan_rg/graphormer_eval/new_experiments/graph_exp_new/data.py:138: RuntimeWarning: k >= N for N * N square matrix. Attempting to use scipy.linalg.eigh instead.
  eigenvalues, eigenvectors = eigsh(
/home1/sajan_rg/graphormer_eval/new_experiments/graph_exp_new/data.py:138: RuntimeWarning: k >= N for N * N square matrix. Attempting to use scipy.linalg.eigh instead.
  eigenvalues, eigenvectors = eigsh(
/home1/sajan_rg/graphormer_eval/new_experiments/graph_exp_new/data.py:138: RuntimeWarning: k >= N for N * N square matrix. Attempting to use scipy.linalg.eigh instead.
  eigenvalues, eigenvectors = eigsh(
/home1/sajan_rg/graphormer_eval/new_experiments/graph_exp_new/data.py:138: RuntimeWarning: k >= N for N * N square matrix. Attempting to use scipy.linalg.eigh instead.
  eigenvalues, eigenvectors = eigsh(
/home1/sajan_rg/graphormer_eval/new_experiments/graph_exp_new/data.py:138: RuntimeWarning: k >= N for N * N square matrix. Attempting to use scipy.linalg.eigh instead.
  eigenvalues, eigenvectors = eigsh(
/home1/sajan_rg/graphormer_eval/new_experiments/graph_exp_new/data.py:138: RuntimeWarning: k >= N for N * N square matrix. Attempting to use scipy.linalg.eigh instead.
  eigenvalues, eigenvectors = eigsh(
Epoch   8/200 [260.6s mem=23080MB] proxies=ON | train_loss=0.3745 mmd=0.0000 train_AP=0.2372 | val_loss=0.3383 val_AP=0.2579 | test_loss=0.3374 test_AP=0.2591
/home1/sajan_rg/graphormer_eval/new_experiments/graph_exp_new/data.py:138: RuntimeWarning: k >= N for N * N square matrix. Attempting to use scipy.linalg.eigh instead.
  eigenvalues, eigenvectors = eigsh(
/home1/sajan_rg/graphormer_eval/new_experiments/graph_exp_new/data.py:138: RuntimeWarning: k >= N for N * N square matrix. Attempting to use scipy.linalg.eigh instead.
  eigenvalues, eigenvectors = eigsh(
/home1/sajan_rg/graphormer_eval/new_experiments/graph_exp_new/data.py:138: RuntimeWarning: k >= N for N * N square matrix. Attempting to use scipy.linalg.eigh instead.
  eigenvalues, eigenvectors = eigsh(
/home1/sajan_rg/graphormer_eval/new_experiments/graph_exp_new/data.py:138: RuntimeWarning: k >= N for N * N square matrix. Attempting to use scipy.linalg.eigh instead.
  eigenvalues, eigenvectors = eigsh(
/home1/sajan_rg/graphormer_eval/new_experiments/graph_exp_new/data.py:138: RuntimeWarning: k >= N for N * N square matrix. Attempting to use scipy.linalg.eigh instead.
  eigenvalues, eigenvectors = eigsh(
/home1/sajan_rg/graphormer_eval/new_experiments/graph_exp_new/data.py:138: RuntimeWarning: k >= N for N * N square matrix. Attempting to use scipy.linalg.eigh instead.
  eigenvalues, eigenvectors = eigsh(
/home1/sajan_rg/graphormer_eval/new_experiments/graph_exp_new/data.py:138: RuntimeWarning: k >= N for N * N square matrix. Attempting to use scipy.linalg.eigh instead.
  eigenvalues, eigenvectors = eigsh(
/home1/sajan_rg/graphormer_eval/new_experiments/graph_exp_new/data.py:138: RuntimeWarning: k >= N for N * N square matrix. Attempting to use scipy.linalg.eigh instead.
  eigenvalues, eigenvectors = eigsh(
/home1/sajan_rg/graphormer_eval/new_experiments/graph_exp_new/data.py:138: RuntimeWarning: k >= N for N * N square matrix. Attempting to use scipy.linalg.eigh instead.
  eigenvalues, eigenvectors = eigsh(
/home1/sajan_rg/graphormer_eval/new_experiments/graph_exp_new/data.py:138: RuntimeWarning: k >= N for N * N square matrix. Attempting to use scipy.linalg.eigh instead.
  eigenvalues, eigenvectors = eigsh(
/home1/sajan_rg/graphormer_eval/new_experiments/graph_exp_new/data.py:138: RuntimeWarning: k >= N for N * N square matrix. Attempting to use scipy.linalg.eigh instead.
  eigenvalues, eigenvectors = eigsh(
/home1/sajan_rg/graphormer_eval/new_experiments/graph_exp_new/data.py:138: RuntimeWarning: k >= N for N * N square matrix. Attempting to use scipy.linalg.eigh instead.
  eigenvalues, eigenvectors = eigsh(
Epoch   9/200 [264.2s mem=23097MB] proxies=ON | train_loss=0.3643 mmd=0.0000 train_AP=0.2362 | val_loss=0.3394 val_AP=0.2883 | test_loss=0.3373 test_AP=0.2865
  -> New best val AP=0.2883 (test AP=0.2865), saved to checkpoints_three_staged_cross_multipt/best_e2e.pt
/home1/sajan_rg/graphormer_eval/new_experiments/graph_exp_new/data.py:138: RuntimeWarning: k >= N for N * N square matrix. Attempting to use scipy.linalg.eigh instead.
  eigenvalues, eigenvectors = eigsh(
/home1/sajan_rg/graphormer_eval/new_experiments/graph_exp_new/data.py:138: RuntimeWarning: k >= N for N * N square matrix. Attempting to use scipy.linalg.eigh instead.
  eigenvalues, eigenvectors = eigsh(
/home1/sajan_rg/graphormer_eval/new_experiments/graph_exp_new/data.py:138: RuntimeWarning: k >= N for N * N square matrix. Attempting to use scipy.linalg.eigh instead.
  eigenvalues, eigenvectors = eigsh(
/home1/sajan_rg/graphormer_eval/new_experiments/graph_exp_new/data.py:138: RuntimeWarning: k >= N for N * N square matrix. Attempting to use scipy.linalg.eigh instead.
  eigenvalues, eigenvectors = eigsh(
/home1/sajan_rg/graphormer_eval/new_experiments/graph_exp_new/data.py:138: RuntimeWarning: k >= N for N * N square matrix. Attempting to use scipy.linalg.eigh instead.
  eigenvalues, eigenvectors = eigsh(
/home1/sajan_rg/graphormer_eval/new_experiments/graph_exp_new/data.py:138: RuntimeWarning: k >= N for N * N square matrix. Attempting to use scipy.linalg.eigh instead.
  eigenvalues, eigenvectors = eigsh(
/home1/sajan_rg/graphormer_eval/new_experiments/graph_exp_new/data.py:138: RuntimeWarning: k >= N for N * N square matrix. Attempting to use scipy.linalg.eigh instead.
  eigenvalues, eigenvectors = eigsh(
/home1/sajan_rg/graphormer_eval/new_experiments/graph_exp_new/data.py:138: RuntimeWarning: k >= N for N * N square matrix. Attempting to use scipy.linalg.eigh instead.
  eigenvalues, eigenvectors = eigsh(
/home1/sajan_rg/graphormer_eval/new_experiments/graph_exp_new/data.py:138: RuntimeWarning: k >= N for N * N square matrix. Attempting to use scipy.linalg.eigh instead.
  eigenvalues, eigenvectors = eigsh(
/home1/sajan_rg/graphormer_eval/new_experiments/graph_exp_new/data.py:138: RuntimeWarning: k >= N for N * N square matrix. Attempting to use scipy.linalg.eigh instead.
  eigenvalues, eigenvectors = eigsh(
/home1/sajan_rg/graphormer_eval/new_experiments/graph_exp_new/data.py:138: RuntimeWarning: k >= N for N * N square matrix. Attempting to use scipy.linalg.eigh instead.
  eigenvalues, eigenvectors = eigsh(
/home1/sajan_rg/graphormer_eval/new_experiments/graph_exp_new/data.py:138: RuntimeWarning: k >= N for N * N square matrix. Attempting to use scipy.linalg.eigh instead.
  eigenvalues, eigenvectors = eigsh(
Epoch  10/200 [262.6s mem=23084MB] proxies=ON | train_loss=0.3634 mmd=0.0000 train_AP=0.2375 | val_loss=0.3270 val_AP=0.2903 | test_loss=0.3273 test_AP=0.2886
  -> New best val AP=0.2903 (test AP=0.2886), saved to checkpoints_three_staged_cross_multipt/best_e2e.pt
/home1/sajan_rg/graphormer_eval/new_experiments/graph_exp_new/data.py:138: RuntimeWarning: k >= N for N * N square matrix. Attempting to use scipy.linalg.eigh instead.
  eigenvalues, eigenvectors = eigsh(
/home1/sajan_rg/graphormer_eval/new_experiments/graph_exp_new/data.py:138: RuntimeWarning: k >= N for N * N square matrix. Attempting to use scipy.linalg.eigh instead.
  eigenvalues, eigenvectors = eigsh(
/home1/sajan_rg/graphormer_eval/new_experiments/graph_exp_new/data.py:138: RuntimeWarning: k >= N for N * N square matrix. Attempting to use scipy.linalg.eigh instead.
  eigenvalues, eigenvectors = eigsh(
/home1/sajan_rg/graphormer_eval/new_experiments/graph_exp_new/data.py:138: RuntimeWarning: k >= N for N * N square matrix. Attempting to use scipy.linalg.eigh instead.
  eigenvalues, eigenvectors = eigsh(
/home1/sajan_rg/graphormer_eval/new_experiments/graph_exp_new/data.py:138: RuntimeWarning: k >= N for N * N square matrix. Attempting to use scipy.linalg.eigh instead.
  eigenvalues, eigenvectors = eigsh(
/home1/sajan_rg/graphormer_eval/new_experiments/graph_exp_new/data.py:138: RuntimeWarning: k >= N for N * N square matrix. Attempting to use scipy.linalg.eigh instead.
  eigenvalues, eigenvectors = eigsh(
/home1/sajan_rg/graphormer_eval/new_experiments/graph_exp_new/data.py:138: RuntimeWarning: k >= N for N * N square matrix. Attempting to use scipy.linalg.eigh instead.
  eigenvalues, eigenvectors = eigsh(
/home1/sajan_rg/graphormer_eval/new_experiments/graph_exp_new/data.py:138: RuntimeWarning: k >= N for N * N square matrix. Attempting to use scipy.linalg.eigh instead.
  eigenvalues, eigenvectors = eigsh(
/home1/sajan_rg/graphormer_eval/new_experiments/graph_exp_new/data.py:138: RuntimeWarning: k >= N for N * N square matrix. Attempting to use scipy.linalg.eigh instead.
  eigenvalues, eigenvectors = eigsh(
/home1/sajan_rg/graphormer_eval/new_experiments/graph_exp_new/data.py:138: RuntimeWarning: k >= N for N * N square matrix. Attempting to use scipy.linalg.eigh instead.
  eigenvalues, eigenvectors = eigsh(
/home1/sajan_rg/graphormer_eval/new_experiments/graph_exp_new/data.py:138: RuntimeWarning: k >= N for N * N square matrix. Attempting to use scipy.linalg.eigh instead.
  eigenvalues, eigenvectors = eigsh(
/home1/sajan_rg/graphormer_eval/new_experiments/graph_exp_new/data.py:138: RuntimeWarning: k >= N for N * N square matrix. Attempting to use scipy.linalg.eigh instead.
  eigenvalues, eigenvectors = eigsh(
Epoch  11/200 [261.0s mem=23095MB] proxies=ON | train_loss=0.3580 mmd=0.0000 train_AP=0.2418 | val_loss=0.3291 val_AP=0.2785 | test_loss=0.3302 test_AP=0.2771
/home1/sajan_rg/graphormer_eval/new_experiments/graph_exp_new/data.py:138: RuntimeWarning: k >= N for N * N square matrix. Attempting to use scipy.linalg.eigh instead.
  eigenvalues, eigenvectors = eigsh(
/home1/sajan_rg/graphormer_eval/new_experiments/graph_exp_new/data.py:138: RuntimeWarning: k >= N for N * N square matrix. Attempting to use scipy.linalg.eigh instead.
  eigenvalues, eigenvectors = eigsh(
/home1/sajan_rg/graphormer_eval/new_experiments/graph_exp_new/data.py:138: RuntimeWarning: k >= N for N * N square matrix. Attempting to use scipy.linalg.eigh instead.
  eigenvalues, eigenvectors = eigsh(
/home1/sajan_rg/graphormer_eval/new_experiments/graph_exp_new/data.py:138: RuntimeWarning: k >= N for N * N square matrix. Attempting to use scipy.linalg.eigh instead.
  eigenvalues, eigenvectors = eigsh(
/home1/sajan_rg/graphormer_eval/new_experiments/graph_exp_new/data.py:138: RuntimeWarning: k >= N for N * N square matrix. Attempting to use scipy.linalg.eigh instead.
  eigenvalues, eigenvectors = eigsh(
/home1/sajan_rg/graphormer_eval/new_experiments/graph_exp_new/data.py:138: RuntimeWarning: k >= N for N * N square matrix. Attempting to use scipy.linalg.eigh instead.
  eigenvalues, eigenvectors = eigsh(
/home1/sajan_rg/graphormer_eval/new_experiments/graph_exp_new/data.py:138: RuntimeWarning: k >= N for N * N square matrix. Attempting to use scipy.linalg.eigh instead.
  eigenvalues, eigenvectors = eigsh(
/home1/sajan_rg/graphormer_eval/new_experiments/graph_exp_new/data.py:138: RuntimeWarning: k >= N for N * N square matrix. Attempting to use scipy.linalg.eigh instead.
  eigenvalues, eigenvectors = eigsh(
/home1/sajan_rg/graphormer_eval/new_experiments/graph_exp_new/data.py:138: RuntimeWarning: k >= N for N * N square matrix. Attempting to use scipy.linalg.eigh instead.
  eigenvalues, eigenvectors = eigsh(
/home1/sajan_rg/graphormer_eval/new_experiments/graph_exp_new/data.py:138: RuntimeWarning: k >= N for N * N square matrix. Attempting to use scipy.linalg.eigh instead.
  eigenvalues, eigenvectors = eigsh(
/home1/sajan_rg/graphormer_eval/new_experiments/graph_exp_new/data.py:138: RuntimeWarning: k >= N for N * N square matrix. Attempting to use scipy.linalg.eigh instead.
  eigenvalues, eigenvectors = eigsh(
/home1/sajan_rg/graphormer_eval/new_experiments/graph_exp_new/data.py:138: RuntimeWarning: k >= N for N * N square matrix. Attempting to use scipy.linalg.eigh instead.
  eigenvalues, eigenvectors = eigsh(
Epoch  12/200 [263.8s mem=23093MB] proxies=ON | train_loss=0.3470 mmd=0.0000 train_AP=0.2457 | val_loss=0.3305 val_AP=0.2824 | test_loss=0.3261 test_AP=0.2824
/home1/sajan_rg/graphormer_eval/new_experiments/graph_exp_new/data.py:138: RuntimeWarning: k >= N for N * N square matrix. Attempting to use scipy.linalg.eigh instead.
  eigenvalues, eigenvectors = eigsh(
/home1/sajan_rg/graphormer_eval/new_experiments/graph_exp_new/data.py:138: RuntimeWarning: k >= N for N * N square matrix. Attempting to use scipy.linalg.eigh instead.
  eigenvalues, eigenvectors = eigsh(
/home1/sajan_rg/graphormer_eval/new_experiments/graph_exp_new/data.py:138: RuntimeWarning: k >= N for N * N square matrix. Attempting to use scipy.linalg.eigh instead.
  eigenvalues, eigenvectors = eigsh(
/home1/sajan_rg/graphormer_eval/new_experiments/graph_exp_new/data.py:138: RuntimeWarning: k >= N for N * N square matrix. Attempting to use scipy.linalg.eigh instead.
  eigenvalues, eigenvectors = eigsh(
/home1/sajan_rg/graphormer_eval/new_experiments/graph_exp_new/data.py:138: RuntimeWarning: k >= N for N * N square matrix. Attempting to use scipy.linalg.eigh instead.
  eigenvalues, eigenvectors = eigsh(
/home1/sajan_rg/graphormer_eval/new_experiments/graph_exp_new/data.py:138: RuntimeWarning: k >= N for N * N square matrix. Attempting to use scipy.linalg.eigh instead.
  eigenvalues, eigenvectors = eigsh(
/home1/sajan_rg/graphormer_eval/new_experiments/graph_exp_new/data.py:138: RuntimeWarning: k >= N for N * N square matrix. Attempting to use scipy.linalg.eigh instead.
  eigenvalues, eigenvectors = eigsh(
/home1/sajan_rg/graphormer_eval/new_experiments/graph_exp_new/data.py:138: RuntimeWarning: k >= N for N * N square matrix. Attempting to use scipy.linalg.eigh instead.
  eigenvalues, eigenvectors = eigsh(
/home1/sajan_rg/graphormer_eval/new_experiments/graph_exp_new/data.py:138: RuntimeWarning: k >= N for N * N square matrix. Attempting to use scipy.linalg.eigh instead.
  eigenvalues, eigenvectors = eigsh(
/home1/sajan_rg/graphormer_eval/new_experiments/graph_exp_new/data.py:138: RuntimeWarning: k >= N for N * N square matrix. Attempting to use scipy.linalg.eigh instead.
  eigenvalues, eigenvectors = eigsh(
/home1/sajan_rg/graphormer_eval/new_experiments/graph_exp_new/data.py:138: RuntimeWarning: k >= N for N * N square matrix. Attempting to use scipy.linalg.eigh instead.
  eigenvalues, eigenvectors = eigsh(
/home1/sajan_rg/graphormer_eval/new_experiments/graph_exp_new/data.py:138: RuntimeWarning: k >= N for N * N square matrix. Attempting to use scipy.linalg.eigh instead.
  eigenvalues, eigenvectors = eigsh(
Epoch  13/200 [264.2s mem=23081MB] proxies=ON | train_loss=0.3395 mmd=0.0000 train_AP=0.2627 | val_loss=0.3311 val_AP=0.3225 | test_loss=0.3277 test_AP=0.3284
  -> New best val AP=0.3225 (test AP=0.3284), saved to checkpoints_three_staged_cross_multipt/best_e2e.pt
/home1/sajan_rg/graphormer_eval/new_experiments/graph_exp_new/data.py:138: RuntimeWarning: k >= N for N * N square matrix. Attempting to use scipy.linalg.eigh instead.
  eigenvalues, eigenvectors = eigsh(
/home1/sajan_rg/graphormer_eval/new_experiments/graph_exp_new/data.py:138: RuntimeWarning: k >= N for N * N square matrix. Attempting to use scipy.linalg.eigh instead.
  eigenvalues, eigenvectors = eigsh(
/home1/sajan_rg/graphormer_eval/new_experiments/graph_exp_new/data.py:138: RuntimeWarning: k >= N for N * N square matrix. Attempting to use scipy.linalg.eigh instead.
  eigenvalues, eigenvectors = eigsh(
/home1/sajan_rg/graphormer_eval/new_experiments/graph_exp_new/data.py:138: RuntimeWarning: k >= N for N * N square matrix. Attempting to use scipy.linalg.eigh instead.
  eigenvalues, eigenvectors = eigsh(
/home1/sajan_rg/graphormer_eval/new_experiments/graph_exp_new/data.py:138: RuntimeWarning: k >= N for N * N square matrix. Attempting to use scipy.linalg.eigh instead.
  eigenvalues, eigenvectors = eigsh(
/home1/sajan_rg/graphormer_eval/new_experiments/graph_exp_new/data.py:138: RuntimeWarning: k >= N for N * N square matrix. Attempting to use scipy.linalg.eigh instead.
  eigenvalues, eigenvectors = eigsh(
/home1/sajan_rg/graphormer_eval/new_experiments/graph_exp_new/data.py:138: RuntimeWarning: k >= N for N * N square matrix. Attempting to use scipy.linalg.eigh instead.
  eigenvalues, eigenvectors = eigsh(
/home1/sajan_rg/graphormer_eval/new_experiments/graph_exp_new/data.py:138: RuntimeWarning: k >= N for N * N square matrix. Attempting to use scipy.linalg.eigh instead.
  eigenvalues, eigenvectors = eigsh(
/home1/sajan_rg/graphormer_eval/new_experiments/graph_exp_new/data.py:138: RuntimeWarning: k >= N for N * N square matrix. Attempting to use scipy.linalg.eigh instead.
  eigenvalues, eigenvectors = eigsh(
/home1/sajan_rg/graphormer_eval/new_experiments/graph_exp_new/data.py:138: RuntimeWarning: k >= N for N * N square matrix. Attempting to use scipy.linalg.eigh instead.
  eigenvalues, eigenvectors = eigsh(
/home1/sajan_rg/graphormer_eval/new_experiments/graph_exp_new/data.py:138: RuntimeWarning: k >= N for N * N square matrix. Attempting to use scipy.linalg.eigh instead.
  eigenvalues, eigenvectors = eigsh(
/home1/sajan_rg/graphormer_eval/new_experiments/graph_exp_new/data.py:138: RuntimeWarning: k >= N for N * N square matrix. Attempting to use scipy.linalg.eigh instead.
  eigenvalues, eigenvectors = eigsh(
Epoch  14/200 [262.5s mem=23094MB] proxies=ON | train_loss=0.3290 mmd=0.0000 train_AP=0.2851 | val_loss=0.3081 val_AP=0.3348 | test_loss=0.3094 test_AP=0.3240
  -> New best val AP=0.3348 (test AP=0.3240), saved to checkpoints_three_staged_cross_multipt/best_e2e.pt
/home1/sajan_rg/graphormer_eval/new_experiments/graph_exp_new/data.py:138: RuntimeWarning: k >= N for N * N square matrix. Attempting to use scipy.linalg.eigh instead.
  eigenvalues, eigenvectors = eigsh(
/home1/sajan_rg/graphormer_eval/new_experiments/graph_exp_new/data.py:138: RuntimeWarning: k >= N for N * N square matrix. Attempting to use scipy.linalg.eigh instead.
  eigenvalues, eigenvectors = eigsh(
/home1/sajan_rg/graphormer_eval/new_experiments/graph_exp_new/data.py:138: RuntimeWarning: k >= N for N * N square matrix. Attempting to use scipy.linalg.eigh instead.
  eigenvalues, eigenvectors = eigsh(
/home1/sajan_rg/graphormer_eval/new_experiments/graph_exp_new/data.py:138: RuntimeWarning: k >= N for N * N square matrix. Attempting to use scipy.linalg.eigh instead.
  eigenvalues, eigenvectors = eigsh(
/home1/sajan_rg/graphormer_eval/new_experiments/graph_exp_new/data.py:138: RuntimeWarning: k >= N for N * N square matrix. Attempting to use scipy.linalg.eigh instead.
  eigenvalues, eigenvectors = eigsh(
/home1/sajan_rg/graphormer_eval/new_experiments/graph_exp_new/data.py:138: RuntimeWarning: k >= N for N * N square matrix. Attempting to use scipy.linalg.eigh instead.
  eigenvalues, eigenvectors = eigsh(
/home1/sajan_rg/graphormer_eval/new_experiments/graph_exp_new/data.py:138: RuntimeWarning: k >= N for N * N square matrix. Attempting to use scipy.linalg.eigh instead.
  eigenvalues, eigenvectors = eigsh(
/home1/sajan_rg/graphormer_eval/new_experiments/graph_exp_new/data.py:138: RuntimeWarning: k >= N for N * N square matrix. Attempting to use scipy.linalg.eigh instead.
  eigenvalues, eigenvectors = eigsh(
/home1/sajan_rg/graphormer_eval/new_experiments/graph_exp_new/data.py:138: RuntimeWarning: k >= N for N * N square matrix. Attempting to use scipy.linalg.eigh instead.
  eigenvalues, eigenvectors = eigsh(
/home1/sajan_rg/graphormer_eval/new_experiments/graph_exp_new/data.py:138: RuntimeWarning: k >= N for N * N square matrix. Attempting to use scipy.linalg.eigh instead.
  eigenvalues, eigenvectors = eigsh(
/home1/sajan_rg/graphormer_eval/new_experiments/graph_exp_new/data.py:138: RuntimeWarning: k >= N for N * N square matrix. Attempting to use scipy.linalg.eigh instead.
  eigenvalues, eigenvectors = eigsh(
/home1/sajan_rg/graphormer_eval/new_experiments/graph_exp_new/data.py:138: RuntimeWarning: k >= N for N * N square matrix. Attempting to use scipy.linalg.eigh instead.
  eigenvalues, eigenvectors = eigsh(
Epoch  15/200 [262.1s mem=23094MB] proxies=ON | train_loss=0.3189 mmd=0.0000 train_AP=0.2965 | val_loss=0.3018 val_AP=0.3555 | test_loss=0.2983 test_AP=0.3499
  -> New best val AP=0.3555 (test AP=0.3499), saved to checkpoints_three_staged_cross_multipt/best_e2e.pt
/home1/sajan_rg/graphormer_eval/new_experiments/graph_exp_new/data.py:138: RuntimeWarning: k >= N for N * N square matrix. Attempting to use scipy.linalg.eigh instead.
  eigenvalues, eigenvectors = eigsh(
/home1/sajan_rg/graphormer_eval/new_experiments/graph_exp_new/data.py:138: RuntimeWarning: k >= N for N * N square matrix. Attempting to use scipy.linalg.eigh instead.
  eigenvalues, eigenvectors = eigsh(
/home1/sajan_rg/graphormer_eval/new_experiments/graph_exp_new/data.py:138: RuntimeWarning: k >= N for N * N square matrix. Attempting to use scipy.linalg.eigh instead.
  eigenvalues, eigenvectors = eigsh(
/home1/sajan_rg/graphormer_eval/new_experiments/graph_exp_new/data.py:138: RuntimeWarning: k >= N for N * N square matrix. Attempting to use scipy.linalg.eigh instead.
  eigenvalues, eigenvectors = eigsh(
/home1/sajan_rg/graphormer_eval/new_experiments/graph_exp_new/data.py:138: RuntimeWarning: k >= N for N * N square matrix. Attempting to use scipy.linalg.eigh instead.
  eigenvalues, eigenvectors = eigsh(
/home1/sajan_rg/graphormer_eval/new_experiments/graph_exp_new/data.py:138: RuntimeWarning: k >= N for N * N square matrix. Attempting to use scipy.linalg.eigh instead.
  eigenvalues, eigenvectors = eigsh(
/home1/sajan_rg/graphormer_eval/new_experiments/graph_exp_new/data.py:138: RuntimeWarning: k >= N for N * N square matrix. Attempting to use scipy.linalg.eigh instead.
  eigenvalues, eigenvectors = eigsh(
/home1/sajan_rg/graphormer_eval/new_experiments/graph_exp_new/data.py:138: RuntimeWarning: k >= N for N * N square matrix. Attempting to use scipy.linalg.eigh instead.
  eigenvalues, eigenvectors = eigsh(
/home1/sajan_rg/graphormer_eval/new_experiments/graph_exp_new/data.py:138: RuntimeWarning: k >= N for N * N square matrix. Attempting to use scipy.linalg.eigh instead.
  eigenvalues, eigenvectors = eigsh(
/home1/sajan_rg/graphormer_eval/new_experiments/graph_exp_new/data.py:138: RuntimeWarning: k >= N for N * N square matrix. Attempting to use scipy.linalg.eigh instead.
  eigenvalues, eigenvectors = eigsh(
/home1/sajan_rg/graphormer_eval/new_experiments/graph_exp_new/data.py:138: RuntimeWarning: k >= N for N * N square matrix. Attempting to use scipy.linalg.eigh instead.
  eigenvalues, eigenvectors = eigsh(
/home1/sajan_rg/graphormer_eval/new_experiments/graph_exp_new/data.py:138: RuntimeWarning: k >= N for N * N square matrix. Attempting to use scipy.linalg.eigh instead.
  eigenvalues, eigenvectors = eigsh(
Epoch  16/200 [277.4s mem=23097MB] proxies=ON | train_loss=0.3133 mmd=0.0000 train_AP=0.3110 | val_loss=0.3211 val_AP=0.3359 | test_loss=0.3167 test_AP=0.3424
/home1/sajan_rg/graphormer_eval/new_experiments/graph_exp_new/data.py:138: RuntimeWarning: k >= N for N * N square matrix. Attempting to use scipy.linalg.eigh instead.
  eigenvalues, eigenvectors = eigsh(
/home1/sajan_rg/graphormer_eval/new_experiments/graph_exp_new/data.py:138: RuntimeWarning: k >= N for N * N square matrix. Attempting to use scipy.linalg.eigh instead.
  eigenvalues, eigenvectors = eigsh(
/home1/sajan_rg/graphormer_eval/new_experiments/graph_exp_new/data.py:138: RuntimeWarning: k >= N for N * N square matrix. Attempting to use scipy.linalg.eigh instead.
  eigenvalues, eigenvectors = eigsh(
/home1/sajan_rg/graphormer_eval/new_experiments/graph_exp_new/data.py:138: RuntimeWarning: k >= N for N * N square matrix. Attempting to use scipy.linalg.eigh instead.
  eigenvalues, eigenvectors = eigsh(
/home1/sajan_rg/graphormer_eval/new_experiments/graph_exp_new/data.py:138: RuntimeWarning: k >= N for N * N square matrix. Attempting to use scipy.linalg.eigh instead.
  eigenvalues, eigenvectors = eigsh(
/home1/sajan_rg/graphormer_eval/new_experiments/graph_exp_new/data.py:138: RuntimeWarning: k >= N for N * N square matrix. Attempting to use scipy.linalg.eigh instead.
  eigenvalues, eigenvectors = eigsh(
/home1/sajan_rg/graphormer_eval/new_experiments/graph_exp_new/data.py:138: RuntimeWarning: k >= N for N * N square matrix. Attempting to use scipy.linalg.eigh instead.
  eigenvalues, eigenvectors = eigsh(
/home1/sajan_rg/graphormer_eval/new_experiments/graph_exp_new/data.py:138: RuntimeWarning: k >= N for N * N square matrix. Attempting to use scipy.linalg.eigh instead.
  eigenvalues, eigenvectors = eigsh(
/home1/sajan_rg/graphormer_eval/new_experiments/graph_exp_new/data.py:138: RuntimeWarning: k >= N for N * N square matrix. Attempting to use scipy.linalg.eigh instead.
  eigenvalues, eigenvectors = eigsh(
/home1/sajan_rg/graphormer_eval/new_experiments/graph_exp_new/data.py:138: RuntimeWarning: k >= N for N * N square matrix. Attempting to use scipy.linalg.eigh instead.
  eigenvalues, eigenvectors = eigsh(
/home1/sajan_rg/graphormer_eval/new_experiments/graph_exp_new/data.py:138: RuntimeWarning: k >= N for N * N square matrix. Attempting to use scipy.linalg.eigh instead.
  eigenvalues, eigenvectors = eigsh(
/home1/sajan_rg/graphormer_eval/new_experiments/graph_exp_new/data.py:138: RuntimeWarning: k >= N for N * N square matrix. Attempting to use scipy.linalg.eigh instead.
  eigenvalues, eigenvectors = eigsh(
Epoch  17/200 [334.9s mem=23100MB] proxies=ON | train_loss=0.3163 mmd=0.0000 train_AP=0.3080 | val_loss=0.2871 val_AP=0.3735 | test_loss=0.2875 test_AP=0.3619
  -> New best val AP=0.3735 (test AP=0.3619), saved to checkpoints_three_staged_cross_multipt/best_e2e.pt
/home1/sajan_rg/graphormer_eval/new_experiments/graph_exp_new/data.py:138: RuntimeWarning: k >= N for N * N square matrix. Attempting to use scipy.linalg.eigh instead.
  eigenvalues, eigenvectors = eigsh(
/home1/sajan_rg/graphormer_eval/new_experiments/graph_exp_new/data.py:138: RuntimeWarning: k >= N for N * N square matrix. Attempting to use scipy.linalg.eigh instead.
  eigenvalues, eigenvectors = eigsh(
/home1/sajan_rg/graphormer_eval/new_experiments/graph_exp_new/data.py:138: RuntimeWarning: k >= N for N * N square matrix. Attempting to use scipy.linalg.eigh instead.
  eigenvalues, eigenvectors = eigsh(
/home1/sajan_rg/graphormer_eval/new_experiments/graph_exp_new/data.py:138: RuntimeWarning: k >= N for N * N square matrix. Attempting to use scipy.linalg.eigh instead.
  eigenvalues, eigenvectors = eigsh(
/home1/sajan_rg/graphormer_eval/new_experiments/graph_exp_new/data.py:138: RuntimeWarning: k >= N for N * N square matrix. Attempting to use scipy.linalg.eigh instead.
  eigenvalues, eigenvectors = eigsh(
/home1/sajan_rg/graphormer_eval/new_experiments/graph_exp_new/data.py:138: RuntimeWarning: k >= N for N * N square matrix. Attempting to use scipy.linalg.eigh instead.
  eigenvalues, eigenvectors = eigsh(
/home1/sajan_rg/graphormer_eval/new_experiments/graph_exp_new/data.py:138: RuntimeWarning: k >= N for N * N square matrix. Attempting to use scipy.linalg.eigh instead.
  eigenvalues, eigenvectors = eigsh(
/home1/sajan_rg/graphormer_eval/new_experiments/graph_exp_new/data.py:138: RuntimeWarning: k >= N for N * N square matrix. Attempting to use scipy.linalg.eigh instead.
  eigenvalues, eigenvectors = eigsh(
/home1/sajan_rg/graphormer_eval/new_experiments/graph_exp_new/data.py:138: RuntimeWarning: k >= N for N * N square matrix. Attempting to use scipy.linalg.eigh instead.
  eigenvalues, eigenvectors = eigsh(
/home1/sajan_rg/graphormer_eval/new_experiments/graph_exp_new/data.py:138: RuntimeWarning: k >= N for N * N square matrix. Attempting to use scipy.linalg.eigh instead.
  eigenvalues, eigenvectors = eigsh(
/home1/sajan_rg/graphormer_eval/new_experiments/graph_exp_new/data.py:138: RuntimeWarning: k >= N for N * N square matrix. Attempting to use scipy.linalg.eigh instead.
  eigenvalues, eigenvectors = eigsh(
/home1/sajan_rg/graphormer_eval/new_experiments/graph_exp_new/data.py:138: RuntimeWarning: k >= N for N * N square matrix. Attempting to use scipy.linalg.eigh instead.
  eigenvalues, eigenvectors = eigsh(
Epoch  18/200 [264.2s mem=23095MB] proxies=ON | train_loss=0.3073 mmd=0.0000 train_AP=0.3203 | val_loss=0.3151 val_AP=0.3786 | test_loss=0.3160 test_AP=0.3651
  -> New best val AP=0.3786 (test AP=0.3651), saved to checkpoints_three_staged_cross_multipt/best_e2e.pt
/home1/sajan_rg/graphormer_eval/new_experiments/graph_exp_new/data.py:138: RuntimeWarning: k >= N for N * N square matrix. Attempting to use scipy.linalg.eigh instead.
  eigenvalues, eigenvectors = eigsh(
/home1/sajan_rg/graphormer_eval/new_experiments/graph_exp_new/data.py:138: RuntimeWarning: k >= N for N * N square matrix. Attempting to use scipy.linalg.eigh instead.
  eigenvalues, eigenvectors = eigsh(
/home1/sajan_rg/graphormer_eval/new_experiments/graph_exp_new/data.py:138: RuntimeWarning: k >= N for N * N square matrix. Attempting to use scipy.linalg.eigh instead.
  eigenvalues, eigenvectors = eigsh(
/home1/sajan_rg/graphormer_eval/new_experiments/graph_exp_new/data.py:138: RuntimeWarning: k >= N for N * N square matrix. Attempting to use scipy.linalg.eigh instead.
  eigenvalues, eigenvectors = eigsh(
/home1/sajan_rg/graphormer_eval/new_experiments/graph_exp_new/data.py:138: RuntimeWarning: k >= N for N * N square matrix. Attempting to use scipy.linalg.eigh instead.
  eigenvalues, eigenvectors = eigsh(
/home1/sajan_rg/graphormer_eval/new_experiments/graph_exp_new/data.py:138: RuntimeWarning: k >= N for N * N square matrix. Attempting to use scipy.linalg.eigh instead.
  eigenvalues, eigenvectors = eigsh(
/home1/sajan_rg/graphormer_eval/new_experiments/graph_exp_new/data.py:138: RuntimeWarning: k >= N for N * N square matrix. Attempting to use scipy.linalg.eigh instead.
  eigenvalues, eigenvectors = eigsh(
/home1/sajan_rg/graphormer_eval/new_experiments/graph_exp_new/data.py:138: RuntimeWarning: k >= N for N * N square matrix. Attempting to use scipy.linalg.eigh instead.
  eigenvalues, eigenvectors = eigsh(
/home1/sajan_rg/graphormer_eval/new_experiments/graph_exp_new/data.py:138: RuntimeWarning: k >= N for N * N square matrix. Attempting to use scipy.linalg.eigh instead.
  eigenvalues, eigenvectors = eigsh(
/home1/sajan_rg/graphormer_eval/new_experiments/graph_exp_new/data.py:138: RuntimeWarning: k >= N for N * N square matrix. Attempting to use scipy.linalg.eigh instead.
  eigenvalues, eigenvectors = eigsh(
/home1/sajan_rg/graphormer_eval/new_experiments/graph_exp_new/data.py:138: RuntimeWarning: k >= N for N * N square matrix. Attempting to use scipy.linalg.eigh instead.
  eigenvalues, eigenvectors = eigsh(
/home1/sajan_rg/graphormer_eval/new_experiments/graph_exp_new/data.py:138: RuntimeWarning: k >= N for N * N square matrix. Attempting to use scipy.linalg.eigh instead.
  eigenvalues, eigenvectors = eigsh(
Epoch  19/200 [263.2s mem=23081MB] proxies=ON | train_loss=0.3050 mmd=0.0000 train_AP=0.3248 | val_loss=0.2944 val_AP=0.3839 | test_loss=0.2955 test_AP=0.3721
  -> New best val AP=0.3839 (test AP=0.3721), saved to checkpoints_three_staged_cross_multipt/best_e2e.pt
/home1/sajan_rg/graphormer_eval/new_experiments/graph_exp_new/data.py:138: RuntimeWarning: k >= N for N * N square matrix. Attempting to use scipy.linalg.eigh instead.
  eigenvalues, eigenvectors = eigsh(
/home1/sajan_rg/graphormer_eval/new_experiments/graph_exp_new/data.py:138: RuntimeWarning: k >= N for N * N square matrix. Attempting to use scipy.linalg.eigh instead.
  eigenvalues, eigenvectors = eigsh(
/home1/sajan_rg/graphormer_eval/new_experiments/graph_exp_new/data.py:138: RuntimeWarning: k >= N for N * N square matrix. Attempting to use scipy.linalg.eigh instead.
  eigenvalues, eigenvectors = eigsh(
/home1/sajan_rg/graphormer_eval/new_experiments/graph_exp_new/data.py:138: RuntimeWarning: k >= N for N * N square matrix. Attempting to use scipy.linalg.eigh instead.
  eigenvalues, eigenvectors = eigsh(
/home1/sajan_rg/graphormer_eval/new_experiments/graph_exp_new/data.py:138: RuntimeWarning: k >= N for N * N square matrix. Attempting to use scipy.linalg.eigh instead.
  eigenvalues, eigenvectors = eigsh(
/home1/sajan_rg/graphormer_eval/new_experiments/graph_exp_new/data.py:138: RuntimeWarning: k >= N for N * N square matrix. Attempting to use scipy.linalg.eigh instead.
  eigenvalues, eigenvectors = eigsh(
/home1/sajan_rg/graphormer_eval/new_experiments/graph_exp_new/data.py:138: RuntimeWarning: k >= N for N * N square matrix. Attempting to use scipy.linalg.eigh instead.
  eigenvalues, eigenvectors = eigsh(
/home1/sajan_rg/graphormer_eval/new_experiments/graph_exp_new/data.py:138: RuntimeWarning: k >= N for N * N square matrix. Attempting to use scipy.linalg.eigh instead.
  eigenvalues, eigenvectors = eigsh(
/home1/sajan_rg/graphormer_eval/new_experiments/graph_exp_new/data.py:138: RuntimeWarning: k >= N for N * N square matrix. Attempting to use scipy.linalg.eigh instead.
  eigenvalues, eigenvectors = eigsh(
/home1/sajan_rg/graphormer_eval/new_experiments/graph_exp_new/data.py:138: RuntimeWarning: k >= N for N * N square matrix. Attempting to use scipy.linalg.eigh instead.
  eigenvalues, eigenvectors = eigsh(
/home1/sajan_rg/graphormer_eval/new_experiments/graph_exp_new/data.py:138: RuntimeWarning: k >= N for N * N square matrix. Attempting to use scipy.linalg.eigh instead.
  eigenvalues, eigenvectors = eigsh(
/home1/sajan_rg/graphormer_eval/new_experiments/graph_exp_new/data.py:138: RuntimeWarning: k >= N for N * N square matrix. Attempting to use scipy.linalg.eigh instead.
  eigenvalues, eigenvectors = eigsh(
Epoch  20/200 [305.4s mem=23088MB] proxies=ON | train_loss=0.2977 mmd=0.0000 train_AP=0.3397 | val_loss=0.3065 val_AP=0.3762 | test_loss=0.3071 test_AP=0.3715
/home1/sajan_rg/graphormer_eval/new_experiments/graph_exp_new/data.py:138: RuntimeWarning: k >= N for N * N square matrix. Attempting to use scipy.linalg.eigh instead.
  eigenvalues, eigenvectors = eigsh(
/home1/sajan_rg/graphormer_eval/new_experiments/graph_exp_new/data.py:138: RuntimeWarning: k >= N for N * N square matrix. Attempting to use scipy.linalg.eigh instead.
  eigenvalues, eigenvectors = eigsh(
/home1/sajan_rg/graphormer_eval/new_experiments/graph_exp_new/data.py:138: RuntimeWarning: k >= N for N * N square matrix. Attempting to use scipy.linalg.eigh instead.
  eigenvalues, eigenvectors = eigsh(
/home1/sajan_rg/graphormer_eval/new_experiments/graph_exp_new/data.py:138: RuntimeWarning: k >= N for N * N square matrix. Attempting to use scipy.linalg.eigh instead.
  eigenvalues, eigenvectors = eigsh(
/home1/sajan_rg/graphormer_eval/new_experiments/graph_exp_new/data.py:138: RuntimeWarning: k >= N for N * N square matrix. Attempting to use scipy.linalg.eigh instead.
  eigenvalues, eigenvectors = eigsh(
/home1/sajan_rg/graphormer_eval/new_experiments/graph_exp_new/data.py:138: RuntimeWarning: k >= N for N * N square matrix. Attempting to use scipy.linalg.eigh instead.
  eigenvalues, eigenvectors = eigsh(
/home1/sajan_rg/graphormer_eval/new_experiments/graph_exp_new/data.py:138: RuntimeWarning: k >= N for N * N square matrix. Attempting to use scipy.linalg.eigh instead.
  eigenvalues, eigenvectors = eigsh(
/home1/sajan_rg/graphormer_eval/new_experiments/graph_exp_new/data.py:138: RuntimeWarning: k >= N for N * N square matrix. Attempting to use scipy.linalg.eigh instead.
  eigenvalues, eigenvectors = eigsh(
/home1/sajan_rg/graphormer_eval/new_experiments/graph_exp_new/data.py:138: RuntimeWarning: k >= N for N * N square matrix. Attempting to use scipy.linalg.eigh instead.
  eigenvalues, eigenvectors = eigsh(
/home1/sajan_rg/graphormer_eval/new_experiments/graph_exp_new/data.py:138: RuntimeWarning: k >= N for N * N square matrix. Attempting to use scipy.linalg.eigh instead.
  eigenvalues, eigenvectors = eigsh(
/home1/sajan_rg/graphormer_eval/new_experiments/graph_exp_new/data.py:138: RuntimeWarning: k >= N for N * N square matrix. Attempting to use scipy.linalg.eigh instead.
  eigenvalues, eigenvectors = eigsh(
/home1/sajan_rg/graphormer_eval/new_experiments/graph_exp_new/data.py:138: RuntimeWarning: k >= N for N * N square matrix. Attempting to use scipy.linalg.eigh instead.
  eigenvalues, eigenvectors = eigsh(
Epoch  21/200 [318.3s mem=23096MB] proxies=ON | train_loss=0.2984 mmd=0.0000 train_AP=0.3433 | val_loss=0.2712 val_AP=0.3942 | test_loss=0.2755 test_AP=0.3844
  -> New best val AP=0.3942 (test AP=0.3844), saved to checkpoints_three_staged_cross_multipt/best_e2e.pt
/home1/sajan_rg/graphormer_eval/new_experiments/graph_exp_new/data.py:138: RuntimeWarning: k >= N for N * N square matrix. Attempting to use scipy.linalg.eigh instead.
  eigenvalues, eigenvectors = eigsh(
/home1/sajan_rg/graphormer_eval/new_experiments/graph_exp_new/data.py:138: RuntimeWarning: k >= N for N * N square matrix. Attempting to use scipy.linalg.eigh instead.
  eigenvalues, eigenvectors = eigsh(
/home1/sajan_rg/graphormer_eval/new_experiments/graph_exp_new/data.py:138: RuntimeWarning: k >= N for N * N square matrix. Attempting to use scipy.linalg.eigh instead.
  eigenvalues, eigenvectors = eigsh(
/home1/sajan_rg/graphormer_eval/new_experiments/graph_exp_new/data.py:138: RuntimeWarning: k >= N for N * N square matrix. Attempting to use scipy.linalg.eigh instead.
  eigenvalues, eigenvectors = eigsh(
/home1/sajan_rg/graphormer_eval/new_experiments/graph_exp_new/data.py:138: RuntimeWarning: k >= N for N * N square matrix. Attempting to use scipy.linalg.eigh instead.
  eigenvalues, eigenvectors = eigsh(
/home1/sajan_rg/graphormer_eval/new_experiments/graph_exp_new/data.py:138: RuntimeWarning: k >= N for N * N square matrix. Attempting to use scipy.linalg.eigh instead.
  eigenvalues, eigenvectors = eigsh(
/home1/sajan_rg/graphormer_eval/new_experiments/graph_exp_new/data.py:138: RuntimeWarning: k >= N for N * N square matrix. Attempting to use scipy.linalg.eigh instead.
  eigenvalues, eigenvectors = eigsh(
/home1/sajan_rg/graphormer_eval/new_experiments/graph_exp_new/data.py:138: RuntimeWarning: k >= N for N * N square matrix. Attempting to use scipy.linalg.eigh instead.
  eigenvalues, eigenvectors = eigsh(
/home1/sajan_rg/graphormer_eval/new_experiments/graph_exp_new/data.py:138: RuntimeWarning: k >= N for N * N square matrix. Attempting to use scipy.linalg.eigh instead.
  eigenvalues, eigenvectors = eigsh(
/home1/sajan_rg/graphormer_eval/new_experiments/graph_exp_new/data.py:138: RuntimeWarning: k >= N for N * N square matrix. Attempting to use scipy.linalg.eigh instead.
  eigenvalues, eigenvectors = eigsh(
/home1/sajan_rg/graphormer_eval/new_experiments/graph_exp_new/data.py:138: RuntimeWarning: k >= N for N * N square matrix. Attempting to use scipy.linalg.eigh instead.
  eigenvalues, eigenvectors = eigsh(
/home1/sajan_rg/graphormer_eval/new_experiments/graph_exp_new/data.py:138: RuntimeWarning: k >= N for N * N square matrix. Attempting to use scipy.linalg.eigh instead.
  eigenvalues, eigenvectors = eigsh(
Epoch  22/200 [286.9s mem=23097MB] proxies=ON | train_loss=0.2926 mmd=0.0000 train_AP=0.3506 | val_loss=0.2736 val_AP=0.3957 | test_loss=0.2769 test_AP=0.3778
  -> New best val AP=0.3957 (test AP=0.3778), saved to checkpoints_three_staged_cross_multipt/best_e2e.pt
/home1/sajan_rg/graphormer_eval/new_experiments/graph_exp_new/data.py:138: RuntimeWarning: k >= N for N * N square matrix. Attempting to use scipy.linalg.eigh instead.
  eigenvalues, eigenvectors = eigsh(
/home1/sajan_rg/graphormer_eval/new_experiments/graph_exp_new/data.py:138: RuntimeWarning: k >= N for N * N square matrix. Attempting to use scipy.linalg.eigh instead.
  eigenvalues, eigenvectors = eigsh(
/home1/sajan_rg/graphormer_eval/new_experiments/graph_exp_new/data.py:138: RuntimeWarning: k >= N for N * N square matrix. Attempting to use scipy.linalg.eigh instead.
  eigenvalues, eigenvectors = eigsh(
/home1/sajan_rg/graphormer_eval/new_experiments/graph_exp_new/data.py:138: RuntimeWarning: k >= N for N * N square matrix. Attempting to use scipy.linalg.eigh instead.
  eigenvalues, eigenvectors = eigsh(
/home1/sajan_rg/graphormer_eval/new_experiments/graph_exp_new/data.py:138: RuntimeWarning: k >= N for N * N square matrix. Attempting to use scipy.linalg.eigh instead.
  eigenvalues, eigenvectors = eigsh(
/home1/sajan_rg/graphormer_eval/new_experiments/graph_exp_new/data.py:138: RuntimeWarning: k >= N for N * N square matrix. Attempting to use scipy.linalg.eigh instead.
  eigenvalues, eigenvectors = eigsh(
/home1/sajan_rg/graphormer_eval/new_experiments/graph_exp_new/data.py:138: RuntimeWarning: k >= N for N * N square matrix. Attempting to use scipy.linalg.eigh instead.
  eigenvalues, eigenvectors = eigsh(
/home1/sajan_rg/graphormer_eval/new_experiments/graph_exp_new/data.py:138: RuntimeWarning: k >= N for N * N square matrix. Attempting to use scipy.linalg.eigh instead.
  eigenvalues, eigenvectors = eigsh(
/home1/sajan_rg/graphormer_eval/new_experiments/graph_exp_new/data.py:138: RuntimeWarning: k >= N for N * N square matrix. Attempting to use scipy.linalg.eigh instead.
  eigenvalues, eigenvectors = eigsh(
/home1/sajan_rg/graphormer_eval/new_experiments/graph_exp_new/data.py:138: RuntimeWarning: k >= N for N * N square matrix. Attempting to use scipy.linalg.eigh instead.
  eigenvalues, eigenvectors = eigsh(
/home1/sajan_rg/graphormer_eval/new_experiments/graph_exp_new/data.py:138: RuntimeWarning: k >= N for N * N square matrix. Attempting to use scipy.linalg.eigh instead.
  eigenvalues, eigenvectors = eigsh(
/home1/sajan_rg/graphormer_eval/new_experiments/graph_exp_new/data.py:138: RuntimeWarning: k >= N for N * N square matrix. Attempting to use scipy.linalg.eigh instead.
  eigenvalues, eigenvectors = eigsh(
Epoch  23/200 [397.8s mem=23082MB] proxies=ON | train_loss=0.2849 mmd=0.0000 train_AP=0.3597 | val_loss=0.3261 val_AP=0.3279 | test_loss=0.3246 test_AP=0.3249
/home1/sajan_rg/graphormer_eval/new_experiments/graph_exp_new/data.py:138: RuntimeWarning: k >= N for N * N square matrix. Attempting to use scipy.linalg.eigh instead.
  eigenvalues, eigenvectors = eigsh(
/home1/sajan_rg/graphormer_eval/new_experiments/graph_exp_new/data.py:138: RuntimeWarning: k >= N for N * N square matrix. Attempting to use scipy.linalg.eigh instead.
  eigenvalues, eigenvectors = eigsh(
/home1/sajan_rg/graphormer_eval/new_experiments/graph_exp_new/data.py:138: RuntimeWarning: k >= N for N * N square matrix. Attempting to use scipy.linalg.eigh instead.
  eigenvalues, eigenvectors = eigsh(
/home1/sajan_rg/graphormer_eval/new_experiments/graph_exp_new/data.py:138: RuntimeWarning: k >= N for N * N square matrix. Attempting to use scipy.linalg.eigh instead.
  eigenvalues, eigenvectors = eigsh(
/home1/sajan_rg/graphormer_eval/new_experiments/graph_exp_new/data.py:138: RuntimeWarning: k >= N for N * N square matrix. Attempting to use scipy.linalg.eigh instead.
  eigenvalues, eigenvectors = eigsh(
/home1/sajan_rg/graphormer_eval/new_experiments/graph_exp_new/data.py:138: RuntimeWarning: k >= N for N * N square matrix. Attempting to use scipy.linalg.eigh instead.
  eigenvalues, eigenvectors = eigsh(
/home1/sajan_rg/graphormer_eval/new_experiments/graph_exp_new/data.py:138: RuntimeWarning: k >= N for N * N square matrix. Attempting to use scipy.linalg.eigh instead.
  eigenvalues, eigenvectors = eigsh(
/home1/sajan_rg/graphormer_eval/new_experiments/graph_exp_new/data.py:138: RuntimeWarning: k >= N for N * N square matrix. Attempting to use scipy.linalg.eigh instead.
  eigenvalues, eigenvectors = eigsh(
/home1/sajan_rg/graphormer_eval/new_experiments/graph_exp_new/data.py:138: RuntimeWarning: k >= N for N * N square matrix. Attempting to use scipy.linalg.eigh instead.
  eigenvalues, eigenvectors = eigsh(
/home1/sajan_rg/graphormer_eval/new_experiments/graph_exp_new/data.py:138: RuntimeWarning: k >= N for N * N square matrix. Attempting to use scipy.linalg.eigh instead.
  eigenvalues, eigenvectors = eigsh(
/home1/sajan_rg/graphormer_eval/new_experiments/graph_exp_new/data.py:138: RuntimeWarning: k >= N for N * N square matrix. Attempting to use scipy.linalg.eigh instead.
  eigenvalues, eigenvectors = eigsh(
/home1/sajan_rg/graphormer_eval/new_experiments/graph_exp_new/data.py:138: RuntimeWarning: k >= N for N * N square matrix. Attempting to use scipy.linalg.eigh instead.
  eigenvalues, eigenvectors = eigsh(
Epoch  24/200 [382.5s mem=23095MB] proxies=ON | train_loss=0.2956 mmd=0.0000 train_AP=0.3481 | val_loss=0.2715 val_AP=0.4021 | test_loss=0.2777 test_AP=0.3910
  -> New best val AP=0.4021 (test AP=0.3910), saved to checkpoints_three_staged_cross_multipt/best_e2e.pt
/home1/sajan_rg/graphormer_eval/new_experiments/graph_exp_new/data.py:138: RuntimeWarning: k >= N for N * N square matrix. Attempting to use scipy.linalg.eigh instead.
  eigenvalues, eigenvectors = eigsh(
/home1/sajan_rg/graphormer_eval/new_experiments/graph_exp_new/data.py:138: RuntimeWarning: k >= N for N * N square matrix. Attempting to use scipy.linalg.eigh instead.
  eigenvalues, eigenvectors = eigsh(
/home1/sajan_rg/graphormer_eval/new_experiments/graph_exp_new/data.py:138: RuntimeWarning: k >= N for N * N square matrix. Attempting to use scipy.linalg.eigh instead.
  eigenvalues, eigenvectors = eigsh(
/home1/sajan_rg/graphormer_eval/new_experiments/graph_exp_new/data.py:138: RuntimeWarning: k >= N for N * N square matrix. Attempting to use scipy.linalg.eigh instead.
  eigenvalues, eigenvectors = eigsh(
/home1/sajan_rg/graphormer_eval/new_experiments/graph_exp_new/data.py:138: RuntimeWarning: k >= N for N * N square matrix. Attempting to use scipy.linalg.eigh instead.
  eigenvalues, eigenvectors = eigsh(
/home1/sajan_rg/graphormer_eval/new_experiments/graph_exp_new/data.py:138: RuntimeWarning: k >= N for N * N square matrix. Attempting to use scipy.linalg.eigh instead.
  eigenvalues, eigenvectors = eigsh(
/home1/sajan_rg/graphormer_eval/new_experiments/graph_exp_new/data.py:138: RuntimeWarning: k >= N for N * N square matrix. Attempting to use scipy.linalg.eigh instead.
  eigenvalues, eigenvectors = eigsh(
/home1/sajan_rg/graphormer_eval/new_experiments/graph_exp_new/data.py:138: RuntimeWarning: k >= N for N * N square matrix. Attempting to use scipy.linalg.eigh instead.
  eigenvalues, eigenvectors = eigsh(
/home1/sajan_rg/graphormer_eval/new_experiments/graph_exp_new/data.py:138: RuntimeWarning: k >= N for N * N square matrix. Attempting to use scipy.linalg.eigh instead.
  eigenvalues, eigenvectors = eigsh(
/home1/sajan_rg/graphormer_eval/new_experiments/graph_exp_new/data.py:138: RuntimeWarning: k >= N for N * N square matrix. Attempting to use scipy.linalg.eigh instead.
  eigenvalues, eigenvectors = eigsh(
/home1/sajan_rg/graphormer_eval/new_experiments/graph_exp_new/data.py:138: RuntimeWarning: k >= N for N * N square matrix. Attempting to use scipy.linalg.eigh instead.
  eigenvalues, eigenvectors = eigsh(
/home1/sajan_rg/graphormer_eval/new_experiments/graph_exp_new/data.py:138: RuntimeWarning: k >= N for N * N square matrix. Attempting to use scipy.linalg.eigh instead.
  eigenvalues, eigenvectors = eigsh(
Epoch  25/200 [390.3s mem=23086MB] proxies=ON | train_loss=0.2828 mmd=0.0000 train_AP=0.3652 | val_loss=0.2945 val_AP=0.3972 | test_loss=0.3020 test_AP=0.3908
/home1/sajan_rg/graphormer_eval/new_experiments/graph_exp_new/data.py:138: RuntimeWarning: k >= N for N * N square matrix. Attempting to use scipy.linalg.eigh instead.
  eigenvalues, eigenvectors = eigsh(
/home1/sajan_rg/graphormer_eval/new_experiments/graph_exp_new/data.py:138: RuntimeWarning: k >= N for N * N square matrix. Attempting to use scipy.linalg.eigh instead.
  eigenvalues, eigenvectors = eigsh(
/home1/sajan_rg/graphormer_eval/new_experiments/graph_exp_new/data.py:138: RuntimeWarning: k >= N for N * N square matrix. Attempting to use scipy.linalg.eigh instead.
  eigenvalues, eigenvectors = eigsh(
/home1/sajan_rg/graphormer_eval/new_experiments/graph_exp_new/data.py:138: RuntimeWarning: k >= N for N * N square matrix. Attempting to use scipy.linalg.eigh instead.
  eigenvalues, eigenvectors = eigsh(
/home1/sajan_rg/graphormer_eval/new_experiments/graph_exp_new/data.py:138: RuntimeWarning: k >= N for N * N square matrix. Attempting to use scipy.linalg.eigh instead.
  eigenvalues, eigenvectors = eigsh(
/home1/sajan_rg/graphormer_eval/new_experiments/graph_exp_new/data.py:138: RuntimeWarning: k >= N for N * N square matrix. Attempting to use scipy.linalg.eigh instead.
  eigenvalues, eigenvectors = eigsh(
/home1/sajan_rg/graphormer_eval/new_experiments/graph_exp_new/data.py:138: RuntimeWarning: k >= N for N * N square matrix. Attempting to use scipy.linalg.eigh instead.
  eigenvalues, eigenvectors = eigsh(
/home1/sajan_rg/graphormer_eval/new_experiments/graph_exp_new/data.py:138: RuntimeWarning: k >= N for N * N square matrix. Attempting to use scipy.linalg.eigh instead.
  eigenvalues, eigenvectors = eigsh(
/home1/sajan_rg/graphormer_eval/new_experiments/graph_exp_new/data.py:138: RuntimeWarning: k >= N for N * N square matrix. Attempting to use scipy.linalg.eigh instead.
  eigenvalues, eigenvectors = eigsh(
/home1/sajan_rg/graphormer_eval/new_experiments/graph_exp_new/data.py:138: RuntimeWarning: k >= N for N * N square matrix. Attempting to use scipy.linalg.eigh instead.
  eigenvalues, eigenvectors = eigsh(
/home1/sajan_rg/graphormer_eval/new_experiments/graph_exp_new/data.py:138: RuntimeWarning: k >= N for N * N square matrix. Attempting to use scipy.linalg.eigh instead.
  eigenvalues, eigenvectors = eigsh(
/home1/sajan_rg/graphormer_eval/new_experiments/graph_exp_new/data.py:138: RuntimeWarning: k >= N for N * N square matrix. Attempting to use scipy.linalg.eigh instead.
  eigenvalues, eigenvectors = eigsh(
Epoch  26/200 [389.0s mem=23095MB] proxies=ON | train_loss=0.2815 mmd=0.0000 train_AP=0.3694 | val_loss=0.2863 val_AP=0.4053 | test_loss=0.2899 test_AP=0.3966
  -> New best val AP=0.4053 (test AP=0.3966), saved to checkpoints_three_staged_cross_multipt/best_e2e.pt
/home1/sajan_rg/graphormer_eval/new_experiments/graph_exp_new/data.py:138: RuntimeWarning: k >= N for N * N square matrix. Attempting to use scipy.linalg.eigh instead.
  eigenvalues, eigenvectors = eigsh(
/home1/sajan_rg/graphormer_eval/new_experiments/graph_exp_new/data.py:138: RuntimeWarning: k >= N for N * N square matrix. Attempting to use scipy.linalg.eigh instead.
  eigenvalues, eigenvectors = eigsh(
/home1/sajan_rg/graphormer_eval/new_experiments/graph_exp_new/data.py:138: RuntimeWarning: k >= N for N * N square matrix. Attempting to use scipy.linalg.eigh instead.
  eigenvalues, eigenvectors = eigsh(
/home1/sajan_rg/graphormer_eval/new_experiments/graph_exp_new/data.py:138: RuntimeWarning: k >= N for N * N square matrix. Attempting to use scipy.linalg.eigh instead.
  eigenvalues, eigenvectors = eigsh(
/home1/sajan_rg/graphormer_eval/new_experiments/graph_exp_new/data.py:138: RuntimeWarning: k >= N for N * N square matrix. Attempting to use scipy.linalg.eigh instead.
  eigenvalues, eigenvectors = eigsh(
/home1/sajan_rg/graphormer_eval/new_experiments/graph_exp_new/data.py:138: RuntimeWarning: k >= N for N * N square matrix. Attempting to use scipy.linalg.eigh instead.
  eigenvalues, eigenvectors = eigsh(
/home1/sajan_rg/graphormer_eval/new_experiments/graph_exp_new/data.py:138: RuntimeWarning: k >= N for N * N square matrix. Attempting to use scipy.linalg.eigh instead.
  eigenvalues, eigenvectors = eigsh(
/home1/sajan_rg/graphormer_eval/new_experiments/graph_exp_new/data.py:138: RuntimeWarning: k >= N for N * N square matrix. Attempting to use scipy.linalg.eigh instead.
  eigenvalues, eigenvectors = eigsh(
/home1/sajan_rg/graphormer_eval/new_experiments/graph_exp_new/data.py:138: RuntimeWarning: k >= N for N * N square matrix. Attempting to use scipy.linalg.eigh instead.
  eigenvalues, eigenvectors = eigsh(
/home1/sajan_rg/graphormer_eval/new_experiments/graph_exp_new/data.py:138: RuntimeWarning: k >= N for N * N square matrix. Attempting to use scipy.linalg.eigh instead.
  eigenvalues, eigenvectors = eigsh(
/home1/sajan_rg/graphormer_eval/new_experiments/graph_exp_new/data.py:138: RuntimeWarning: k >= N for N * N square matrix. Attempting to use scipy.linalg.eigh instead.
  eigenvalues, eigenvectors = eigsh(
/home1/sajan_rg/graphormer_eval/new_experiments/graph_exp_new/data.py:138: RuntimeWarning: k >= N for N * N square matrix. Attempting to use scipy.linalg.eigh instead.
  eigenvalues, eigenvectors = eigsh(
Epoch  27/200 [386.1s mem=23083MB] proxies=ON | train_loss=0.2822 mmd=0.0000 train_AP=0.3713 | val_loss=0.2781 val_AP=0.4187 | test_loss=0.2822 test_AP=0.3954
  -> New best val AP=0.4187 (test AP=0.3954), saved to checkpoints_three_staged_cross_multipt/best_e2e.pt
/home1/sajan_rg/graphormer_eval/new_experiments/graph_exp_new/data.py:138: RuntimeWarning: k >= N for N * N square matrix. Attempting to use scipy.linalg.eigh instead.
  eigenvalues, eigenvectors = eigsh(
/home1/sajan_rg/graphormer_eval/new_experiments/graph_exp_new/data.py:138: RuntimeWarning: k >= N for N * N square matrix. Attempting to use scipy.linalg.eigh instead.
  eigenvalues, eigenvectors = eigsh(
/home1/sajan_rg/graphormer_eval/new_experiments/graph_exp_new/data.py:138: RuntimeWarning: k >= N for N * N square matrix. Attempting to use scipy.linalg.eigh instead.
  eigenvalues, eigenvectors = eigsh(
/home1/sajan_rg/graphormer_eval/new_experiments/graph_exp_new/data.py:138: RuntimeWarning: k >= N for N * N square matrix. Attempting to use scipy.linalg.eigh instead.
  eigenvalues, eigenvectors = eigsh(
/home1/sajan_rg/graphormer_eval/new_experiments/graph_exp_new/data.py:138: RuntimeWarning: k >= N for N * N square matrix. Attempting to use scipy.linalg.eigh instead.
  eigenvalues, eigenvectors = eigsh(
/home1/sajan_rg/graphormer_eval/new_experiments/graph_exp_new/data.py:138: RuntimeWarning: k >= N for N * N square matrix. Attempting to use scipy.linalg.eigh instead.
  eigenvalues, eigenvectors = eigsh(
/home1/sajan_rg/graphormer_eval/new_experiments/graph_exp_new/data.py:138: RuntimeWarning: k >= N for N * N square matrix. Attempting to use scipy.linalg.eigh instead.
  eigenvalues, eigenvectors = eigsh(
/home1/sajan_rg/graphormer_eval/new_experiments/graph_exp_new/data.py:138: RuntimeWarning: k >= N for N * N square matrix. Attempting to use scipy.linalg.eigh instead.
  eigenvalues, eigenvectors = eigsh(
/home1/sajan_rg/graphormer_eval/new_experiments/graph_exp_new/data.py:138: RuntimeWarning: k >= N for N * N square matrix. Attempting to use scipy.linalg.eigh instead.
  eigenvalues, eigenvectors = eigsh(
/home1/sajan_rg/graphormer_eval/new_experiments/graph_exp_new/data.py:138: RuntimeWarning: k >= N for N * N square matrix. Attempting to use scipy.linalg.eigh instead.
  eigenvalues, eigenvectors = eigsh(
/home1/sajan_rg/graphormer_eval/new_experiments/graph_exp_new/data.py:138: RuntimeWarning: k >= N for N * N square matrix. Attempting to use scipy.linalg.eigh instead.
  eigenvalues, eigenvectors = eigsh(
/home1/sajan_rg/graphormer_eval/new_experiments/graph_exp_new/data.py:138: RuntimeWarning: k >= N for N * N square matrix. Attempting to use scipy.linalg.eigh instead.
  eigenvalues, eigenvectors = eigsh(
Epoch  28/200 [393.4s mem=23094MB] proxies=ON | train_loss=0.2956 mmd=0.0000 train_AP=0.3504 | val_loss=0.2639 val_AP=0.4121 | test_loss=0.2746 test_AP=0.4033
/home1/sajan_rg/graphormer_eval/new_experiments/graph_exp_new/data.py:138: RuntimeWarning: k >= N for N * N square matrix. Attempting to use scipy.linalg.eigh instead.
  eigenvalues, eigenvectors = eigsh(
/home1/sajan_rg/graphormer_eval/new_experiments/graph_exp_new/data.py:138: RuntimeWarning: k >= N for N * N square matrix. Attempting to use scipy.linalg.eigh instead.
  eigenvalues, eigenvectors = eigsh(
/home1/sajan_rg/graphormer_eval/new_experiments/graph_exp_new/data.py:138: RuntimeWarning: k >= N for N * N square matrix. Attempting to use scipy.linalg.eigh instead.
  eigenvalues, eigenvectors = eigsh(
/home1/sajan_rg/graphormer_eval/new_experiments/graph_exp_new/data.py:138: RuntimeWarning: k >= N for N * N square matrix. Attempting to use scipy.linalg.eigh instead.
  eigenvalues, eigenvectors = eigsh(
/home1/sajan_rg/graphormer_eval/new_experiments/graph_exp_new/data.py:138: RuntimeWarning: k >= N for N * N square matrix. Attempting to use scipy.linalg.eigh instead.
  eigenvalues, eigenvectors = eigsh(
/home1/sajan_rg/graphormer_eval/new_experiments/graph_exp_new/data.py:138: RuntimeWarning: k >= N for N * N square matrix. Attempting to use scipy.linalg.eigh instead.
  eigenvalues, eigenvectors = eigsh(
/home1/sajan_rg/graphormer_eval/new_experiments/graph_exp_new/data.py:138: RuntimeWarning: k >= N for N * N square matrix. Attempting to use scipy.linalg.eigh instead.
  eigenvalues, eigenvectors = eigsh(
/home1/sajan_rg/graphormer_eval/new_experiments/graph_exp_new/data.py:138: RuntimeWarning: k >= N for N * N square matrix. Attempting to use scipy.linalg.eigh instead.
  eigenvalues, eigenvectors = eigsh(
/home1/sajan_rg/graphormer_eval/new_experiments/graph_exp_new/data.py:138: RuntimeWarning: k >= N for N * N square matrix. Attempting to use scipy.linalg.eigh instead.
  eigenvalues, eigenvectors = eigsh(
/home1/sajan_rg/graphormer_eval/new_experiments/graph_exp_new/data.py:138: RuntimeWarning: k >= N for N * N square matrix. Attempting to use scipy.linalg.eigh instead.
  eigenvalues, eigenvectors = eigsh(
/home1/sajan_rg/graphormer_eval/new_experiments/graph_exp_new/data.py:138: RuntimeWarning: k >= N for N * N square matrix. Attempting to use scipy.linalg.eigh instead.
  eigenvalues, eigenvectors = eigsh(
/home1/sajan_rg/graphormer_eval/new_experiments/graph_exp_new/data.py:138: RuntimeWarning: k >= N for N * N square matrix. Attempting to use scipy.linalg.eigh instead.
  eigenvalues, eigenvectors = eigsh(
Epoch  29/200 [390.2s mem=23085MB] proxies=ON | train_loss=0.2780 mmd=0.0000 train_AP=0.3769 | val_loss=0.2697 val_AP=0.4054 | test_loss=0.2777 test_AP=0.3973
/home1/sajan_rg/graphormer_eval/new_experiments/graph_exp_new/data.py:138: RuntimeWarning: k >= N for N * N square matrix. Attempting to use scipy.linalg.eigh instead.
  eigenvalues, eigenvectors = eigsh(
/home1/sajan_rg/graphormer_eval/new_experiments/graph_exp_new/data.py:138: RuntimeWarning: k >= N for N * N square matrix. Attempting to use scipy.linalg.eigh instead.
  eigenvalues, eigenvectors = eigsh(
/home1/sajan_rg/graphormer_eval/new_experiments/graph_exp_new/data.py:138: RuntimeWarning: k >= N for N * N square matrix. Attempting to use scipy.linalg.eigh instead.
  eigenvalues, eigenvectors = eigsh(
/home1/sajan_rg/graphormer_eval/new_experiments/graph_exp_new/data.py:138: RuntimeWarning: k >= N for N * N square matrix. Attempting to use scipy.linalg.eigh instead.
  eigenvalues, eigenvectors = eigsh(
/home1/sajan_rg/graphormer_eval/new_experiments/graph_exp_new/data.py:138: RuntimeWarning: k >= N for N * N square matrix. Attempting to use scipy.linalg.eigh instead.
  eigenvalues, eigenvectors = eigsh(
/home1/sajan_rg/graphormer_eval/new_experiments/graph_exp_new/data.py:138: RuntimeWarning: k >= N for N * N square matrix. Attempting to use scipy.linalg.eigh instead.
  eigenvalues, eigenvectors = eigsh(
/home1/sajan_rg/graphormer_eval/new_experiments/graph_exp_new/data.py:138: RuntimeWarning: k >= N for N * N square matrix. Attempting to use scipy.linalg.eigh instead.
  eigenvalues, eigenvectors = eigsh(
/home1/sajan_rg/graphormer_eval/new_experiments/graph_exp_new/data.py:138: RuntimeWarning: k >= N for N * N square matrix. Attempting to use scipy.linalg.eigh instead.
  eigenvalues, eigenvectors = eigsh(
/home1/sajan_rg/graphormer_eval/new_experiments/graph_exp_new/data.py:138: RuntimeWarning: k >= N for N * N square matrix. Attempting to use scipy.linalg.eigh instead.
  eigenvalues, eigenvectors = eigsh(
/home1/sajan_rg/graphormer_eval/new_experiments/graph_exp_new/data.py:138: RuntimeWarning: k >= N for N * N square matrix. Attempting to use scipy.linalg.eigh instead.
  eigenvalues, eigenvectors = eigsh(
/home1/sajan_rg/graphormer_eval/new_experiments/graph_exp_new/data.py:138: RuntimeWarning: k >= N for N * N square matrix. Attempting to use scipy.linalg.eigh instead.
  eigenvalues, eigenvectors = eigsh(
/home1/sajan_rg/graphormer_eval/new_experiments/graph_exp_new/data.py:138: RuntimeWarning: k >= N for N * N square matrix. Attempting to use scipy.linalg.eigh instead.
  eigenvalues, eigenvectors = eigsh(
Epoch  30/200 [390.0s mem=23083MB] proxies=ON | train_loss=0.2774 mmd=0.0000 train_AP=0.3782 | val_loss=0.2896 val_AP=0.4285 | test_loss=0.2947 test_AP=0.4217
  -> New best val AP=0.4285 (test AP=0.4217), saved to checkpoints_three_staged_cross_multipt/best_e2e.pt
/home1/sajan_rg/graphormer_eval/new_experiments/graph_exp_new/data.py:138: RuntimeWarning: k >= N for N * N square matrix. Attempting to use scipy.linalg.eigh instead.
  eigenvalues, eigenvectors = eigsh(
/home1/sajan_rg/graphormer_eval/new_experiments/graph_exp_new/data.py:138: RuntimeWarning: k >= N for N * N square matrix. Attempting to use scipy.linalg.eigh instead.
  eigenvalues, eigenvectors = eigsh(
/home1/sajan_rg/graphormer_eval/new_experiments/graph_exp_new/data.py:138: RuntimeWarning: k >= N for N * N square matrix. Attempting to use scipy.linalg.eigh instead.
  eigenvalues, eigenvectors = eigsh(
/home1/sajan_rg/graphormer_eval/new_experiments/graph_exp_new/data.py:138: RuntimeWarning: k >= N for N * N square matrix. Attempting to use scipy.linalg.eigh instead.
  eigenvalues, eigenvectors = eigsh(
/home1/sajan_rg/graphormer_eval/new_experiments/graph_exp_new/data.py:138: RuntimeWarning: k >= N for N * N square matrix. Attempting to use scipy.linalg.eigh instead.
  eigenvalues, eigenvectors = eigsh(
/home1/sajan_rg/graphormer_eval/new_experiments/graph_exp_new/data.py:138: RuntimeWarning: k >= N for N * N square matrix. Attempting to use scipy.linalg.eigh instead.
  eigenvalues, eigenvectors = eigsh(
/home1/sajan_rg/graphormer_eval/new_experiments/graph_exp_new/data.py:138: RuntimeWarning: k >= N for N * N square matrix. Attempting to use scipy.linalg.eigh instead.
  eigenvalues, eigenvectors = eigsh(
/home1/sajan_rg/graphormer_eval/new_experiments/graph_exp_new/data.py:138: RuntimeWarning: k >= N for N * N square matrix. Attempting to use scipy.linalg.eigh instead.
  eigenvalues, eigenvectors = eigsh(
/home1/sajan_rg/graphormer_eval/new_experiments/graph_exp_new/data.py:138: RuntimeWarning: k >= N for N * N square matrix. Attempting to use scipy.linalg.eigh instead.
  eigenvalues, eigenvectors = eigsh(
/home1/sajan_rg/graphormer_eval/new_experiments/graph_exp_new/data.py:138: RuntimeWarning: k >= N for N * N square matrix. Attempting to use scipy.linalg.eigh instead.
  eigenvalues, eigenvectors = eigsh(
/home1/sajan_rg/graphormer_eval/new_experiments/graph_exp_new/data.py:138: RuntimeWarning: k >= N for N * N square matrix. Attempting to use scipy.linalg.eigh instead.
  eigenvalues, eigenvectors = eigsh(
/home1/sajan_rg/graphormer_eval/new_experiments/graph_exp_new/data.py:138: RuntimeWarning: k >= N for N * N square matrix. Attempting to use scipy.linalg.eigh instead.
  eigenvalues, eigenvectors = eigsh(
Epoch  31/200 [475.2s mem=23085MB] proxies=ON | train_loss=0.2835 mmd=0.0000 train_AP=0.3699 | val_loss=0.2748 val_AP=0.4144 | test_loss=0.2813 test_AP=0.4085
/home1/sajan_rg/graphormer_eval/new_experiments/graph_exp_new/data.py:138: RuntimeWarning: k >= N for N * N square matrix. Attempting to use scipy.linalg.eigh instead.
  eigenvalues, eigenvectors = eigsh(
/home1/sajan_rg/graphormer_eval/new_experiments/graph_exp_new/data.py:138: RuntimeWarning: k >= N for N * N square matrix. Attempting to use scipy.linalg.eigh instead.
  eigenvalues, eigenvectors = eigsh(
/home1/sajan_rg/graphormer_eval/new_experiments/graph_exp_new/data.py:138: RuntimeWarning: k >= N for N * N square matrix. Attempting to use scipy.linalg.eigh instead.
  eigenvalues, eigenvectors = eigsh(
/home1/sajan_rg/graphormer_eval/new_experiments/graph_exp_new/data.py:138: RuntimeWarning: k >= N for N * N square matrix. Attempting to use scipy.linalg.eigh instead.
  eigenvalues, eigenvectors = eigsh(
/home1/sajan_rg/graphormer_eval/new_experiments/graph_exp_new/data.py:138: RuntimeWarning: k >= N for N * N square matrix. Attempting to use scipy.linalg.eigh instead.
  eigenvalues, eigenvectors = eigsh(
/home1/sajan_rg/graphormer_eval/new_experiments/graph_exp_new/data.py:138: RuntimeWarning: k >= N for N * N square matrix. Attempting to use scipy.linalg.eigh instead.
  eigenvalues, eigenvectors = eigsh(
/home1/sajan_rg/graphormer_eval/new_experiments/graph_exp_new/data.py:138: RuntimeWarning: k >= N for N * N square matrix. Attempting to use scipy.linalg.eigh instead.
  eigenvalues, eigenvectors = eigsh(
/home1/sajan_rg/graphormer_eval/new_experiments/graph_exp_new/data.py:138: RuntimeWarning: k >= N for N * N square matrix. Attempting to use scipy.linalg.eigh instead.
  eigenvalues, eigenvectors = eigsh(
/home1/sajan_rg/graphormer_eval/new_experiments/graph_exp_new/data.py:138: RuntimeWarning: k >= N for N * N square matrix. Attempting to use scipy.linalg.eigh instead.
  eigenvalues, eigenvectors = eigsh(
/home1/sajan_rg/graphormer_eval/new_experiments/graph_exp_new/data.py:138: RuntimeWarning: k >= N for N * N square matrix. Attempting to use scipy.linalg.eigh instead.
  eigenvalues, eigenvectors = eigsh(
/home1/sajan_rg/graphormer_eval/new_experiments/graph_exp_new/data.py:138: RuntimeWarning: k >= N for N * N square matrix. Attempting to use scipy.linalg.eigh instead.
  eigenvalues, eigenvectors = eigsh(
/home1/sajan_rg/graphormer_eval/new_experiments/graph_exp_new/data.py:138: RuntimeWarning: k >= N for N * N square matrix. Attempting to use scipy.linalg.eigh instead.
  eigenvalues, eigenvectors = eigsh(
Epoch  32/200 [560.6s mem=23089MB] proxies=ON | train_loss=0.2739 mmd=0.0000 train_AP=0.3849 | val_loss=0.2675 val_AP=0.4414 | test_loss=0.2802 test_AP=0.4263
  -> New best val AP=0.4414 (test AP=0.4263), saved to checkpoints_three_staged_cross_multipt/best_e2e.pt
/home1/sajan_rg/graphormer_eval/new_experiments/graph_exp_new/data.py:138: RuntimeWarning: k >= N for N * N square matrix. Attempting to use scipy.linalg.eigh instead.
  eigenvalues, eigenvectors = eigsh(
/home1/sajan_rg/graphormer_eval/new_experiments/graph_exp_new/data.py:138: RuntimeWarning: k >= N for N * N square matrix. Attempting to use scipy.linalg.eigh instead.
  eigenvalues, eigenvectors = eigsh(
/home1/sajan_rg/graphormer_eval/new_experiments/graph_exp_new/data.py:138: RuntimeWarning: k >= N for N * N square matrix. Attempting to use scipy.linalg.eigh instead.
  eigenvalues, eigenvectors = eigsh(
/home1/sajan_rg/graphormer_eval/new_experiments/graph_exp_new/data.py:138: RuntimeWarning: k >= N for N * N square matrix. Attempting to use scipy.linalg.eigh instead.
  eigenvalues, eigenvectors = eigsh(
/home1/sajan_rg/graphormer_eval/new_experiments/graph_exp_new/data.py:138: RuntimeWarning: k >= N for N * N square matrix. Attempting to use scipy.linalg.eigh instead.
  eigenvalues, eigenvectors = eigsh(
/home1/sajan_rg/graphormer_eval/new_experiments/graph_exp_new/data.py:138: RuntimeWarning: k >= N for N * N square matrix. Attempting to use scipy.linalg.eigh instead.
  eigenvalues, eigenvectors = eigsh(
/home1/sajan_rg/graphormer_eval/new_experiments/graph_exp_new/data.py:138: RuntimeWarning: k >= N for N * N square matrix. Attempting to use scipy.linalg.eigh instead.
  eigenvalues, eigenvectors = eigsh(
/home1/sajan_rg/graphormer_eval/new_experiments/graph_exp_new/data.py:138: RuntimeWarning: k >= N for N * N square matrix. Attempting to use scipy.linalg.eigh instead.
  eigenvalues, eigenvectors = eigsh(
/home1/sajan_rg/graphormer_eval/new_experiments/graph_exp_new/data.py:138: RuntimeWarning: k >= N for N * N square matrix. Attempting to use scipy.linalg.eigh instead.
  eigenvalues, eigenvectors = eigsh(
/home1/sajan_rg/graphormer_eval/new_experiments/graph_exp_new/data.py:138: RuntimeWarning: k >= N for N * N square matrix. Attempting to use scipy.linalg.eigh instead.
  eigenvalues, eigenvectors = eigsh(
/home1/sajan_rg/graphormer_eval/new_experiments/graph_exp_new/data.py:138: RuntimeWarning: k >= N for N * N square matrix. Attempting to use scipy.linalg.eigh instead.
  eigenvalues, eigenvectors = eigsh(
/home1/sajan_rg/graphormer_eval/new_experiments/graph_exp_new/data.py:138: RuntimeWarning: k >= N for N * N square matrix. Attempting to use scipy.linalg.eigh instead.
  eigenvalues, eigenvectors = eigsh(
Epoch  33/200 [559.3s mem=23089MB] proxies=ON | train_loss=0.2764 mmd=0.0000 train_AP=0.3831 | val_loss=0.2560 val_AP=0.4385 | test_loss=0.2650 test_AP=0.4243
/home1/sajan_rg/graphormer_eval/new_experiments/graph_exp_new/data.py:138: RuntimeWarning: k >= N for N * N square matrix. Attempting to use scipy.linalg.eigh instead.
  eigenvalues, eigenvectors = eigsh(
/home1/sajan_rg/graphormer_eval/new_experiments/graph_exp_new/data.py:138: RuntimeWarning: k >= N for N * N square matrix. Attempting to use scipy.linalg.eigh instead.
  eigenvalues, eigenvectors = eigsh(
/home1/sajan_rg/graphormer_eval/new_experiments/graph_exp_new/data.py:138: RuntimeWarning: k >= N for N * N square matrix. Attempting to use scipy.linalg.eigh instead.
  eigenvalues, eigenvectors = eigsh(
/home1/sajan_rg/graphormer_eval/new_experiments/graph_exp_new/data.py:138: RuntimeWarning: k >= N for N * N square matrix. Attempting to use scipy.linalg.eigh instead.
  eigenvalues, eigenvectors = eigsh(
/home1/sajan_rg/graphormer_eval/new_experiments/graph_exp_new/data.py:138: RuntimeWarning: k >= N for N * N square matrix. Attempting to use scipy.linalg.eigh instead.
  eigenvalues, eigenvectors = eigsh(
/home1/sajan_rg/graphormer_eval/new_experiments/graph_exp_new/data.py:138: RuntimeWarning: k >= N for N * N square matrix. Attempting to use scipy.linalg.eigh instead.
  eigenvalues, eigenvectors = eigsh(
/home1/sajan_rg/graphormer_eval/new_experiments/graph_exp_new/data.py:138: RuntimeWarning: k >= N for N * N square matrix. Attempting to use scipy.linalg.eigh instead.
  eigenvalues, eigenvectors = eigsh(
/home1/sajan_rg/graphormer_eval/new_experiments/graph_exp_new/data.py:138: RuntimeWarning: k >= N for N * N square matrix. Attempting to use scipy.linalg.eigh instead.
  eigenvalues, eigenvectors = eigsh(
/home1/sajan_rg/graphormer_eval/new_experiments/graph_exp_new/data.py:138: RuntimeWarning: k >= N for N * N square matrix. Attempting to use scipy.linalg.eigh instead.
  eigenvalues, eigenvectors = eigsh(
/home1/sajan_rg/graphormer_eval/new_experiments/graph_exp_new/data.py:138: RuntimeWarning: k >= N for N * N square matrix. Attempting to use scipy.linalg.eigh instead.
  eigenvalues, eigenvectors = eigsh(
/home1/sajan_rg/graphormer_eval/new_experiments/graph_exp_new/data.py:138: RuntimeWarning: k >= N for N * N square matrix. Attempting to use scipy.linalg.eigh instead.
  eigenvalues, eigenvectors = eigsh(
/home1/sajan_rg/graphormer_eval/new_experiments/graph_exp_new/data.py:138: RuntimeWarning: k >= N for N * N square matrix. Attempting to use scipy.linalg.eigh instead.
  eigenvalues, eigenvectors = eigsh(
Epoch  34/200 [557.8s mem=23084MB] proxies=ON | train_loss=0.2696 mmd=0.0000 train_AP=0.3971 | val_loss=0.2699 val_AP=0.4338 | test_loss=0.2787 test_AP=0.4159
/home1/sajan_rg/graphormer_eval/new_experiments/graph_exp_new/data.py:138: RuntimeWarning: k >= N for N * N square matrix. Attempting to use scipy.linalg.eigh instead.
  eigenvalues, eigenvectors = eigsh(
/home1/sajan_rg/graphormer_eval/new_experiments/graph_exp_new/data.py:138: RuntimeWarning: k >= N for N * N square matrix. Attempting to use scipy.linalg.eigh instead.
  eigenvalues, eigenvectors = eigsh(
/home1/sajan_rg/graphormer_eval/new_experiments/graph_exp_new/data.py:138: RuntimeWarning: k >= N for N * N square matrix. Attempting to use scipy.linalg.eigh instead.
  eigenvalues, eigenvectors = eigsh(
/home1/sajan_rg/graphormer_eval/new_experiments/graph_exp_new/data.py:138: RuntimeWarning: k >= N for N * N square matrix. Attempting to use scipy.linalg.eigh instead.
  eigenvalues, eigenvectors = eigsh(
/home1/sajan_rg/graphormer_eval/new_experiments/graph_exp_new/data.py:138: RuntimeWarning: k >= N for N * N square matrix. Attempting to use scipy.linalg.eigh instead.
  eigenvalues, eigenvectors = eigsh(
/home1/sajan_rg/graphormer_eval/new_experiments/graph_exp_new/data.py:138: RuntimeWarning: k >= N for N * N square matrix. Attempting to use scipy.linalg.eigh instead.
  eigenvalues, eigenvectors = eigsh(
/home1/sajan_rg/graphormer_eval/new_experiments/graph_exp_new/data.py:138: RuntimeWarning: k >= N for N * N square matrix. Attempting to use scipy.linalg.eigh instead.
  eigenvalues, eigenvectors = eigsh(
/home1/sajan_rg/graphormer_eval/new_experiments/graph_exp_new/data.py:138: RuntimeWarning: k >= N for N * N square matrix. Attempting to use scipy.linalg.eigh instead.
  eigenvalues, eigenvectors = eigsh(
/home1/sajan_rg/graphormer_eval/new_experiments/graph_exp_new/data.py:138: RuntimeWarning: k >= N for N * N square matrix. Attempting to use scipy.linalg.eigh instead.
  eigenvalues, eigenvectors = eigsh(
/home1/sajan_rg/graphormer_eval/new_experiments/graph_exp_new/data.py:138: RuntimeWarning: k >= N for N * N square matrix. Attempting to use scipy.linalg.eigh instead.
  eigenvalues, eigenvectors = eigsh(
/home1/sajan_rg/graphormer_eval/new_experiments/graph_exp_new/data.py:138: RuntimeWarning: k >= N for N * N square matrix. Attempting to use scipy.linalg.eigh instead.
  eigenvalues, eigenvectors = eigsh(
/home1/sajan_rg/graphormer_eval/new_experiments/graph_exp_new/data.py:138: RuntimeWarning: k >= N for N * N square matrix. Attempting to use scipy.linalg.eigh instead.
  eigenvalues, eigenvectors = eigsh(
Epoch  35/200 [563.0s mem=23085MB] proxies=ON | train_loss=0.2690 mmd=0.0000 train_AP=0.3939 | val_loss=0.3298 val_AP=0.4242 | test_loss=0.3280 test_AP=0.4117
/home1/sajan_rg/graphormer_eval/new_experiments/graph_exp_new/data.py:138: RuntimeWarning: k >= N for N * N square matrix. Attempting to use scipy.linalg.eigh instead.
  eigenvalues, eigenvectors = eigsh(
/home1/sajan_rg/graphormer_eval/new_experiments/graph_exp_new/data.py:138: RuntimeWarning: k >= N for N * N square matrix. Attempting to use scipy.linalg.eigh instead.
  eigenvalues, eigenvectors = eigsh(
/home1/sajan_rg/graphormer_eval/new_experiments/graph_exp_new/data.py:138: RuntimeWarning: k >= N for N * N square matrix. Attempting to use scipy.linalg.eigh instead.
  eigenvalues, eigenvectors = eigsh(
/home1/sajan_rg/graphormer_eval/new_experiments/graph_exp_new/data.py:138: RuntimeWarning: k >= N for N * N square matrix. Attempting to use scipy.linalg.eigh instead.
  eigenvalues, eigenvectors = eigsh(
/home1/sajan_rg/graphormer_eval/new_experiments/graph_exp_new/data.py:138: RuntimeWarning: k >= N for N * N square matrix. Attempting to use scipy.linalg.eigh instead.
  eigenvalues, eigenvectors = eigsh(
/home1/sajan_rg/graphormer_eval/new_experiments/graph_exp_new/data.py:138: RuntimeWarning: k >= N for N * N square matrix. Attempting to use scipy.linalg.eigh instead.
  eigenvalues, eigenvectors = eigsh(
/home1/sajan_rg/graphormer_eval/new_experiments/graph_exp_new/data.py:138: RuntimeWarning: k >= N for N * N square matrix. Attempting to use scipy.linalg.eigh instead.
  eigenvalues, eigenvectors = eigsh(
/home1/sajan_rg/graphormer_eval/new_experiments/graph_exp_new/data.py:138: RuntimeWarning: k >= N for N * N square matrix. Attempting to use scipy.linalg.eigh instead.
  eigenvalues, eigenvectors = eigsh(
/home1/sajan_rg/graphormer_eval/new_experiments/graph_exp_new/data.py:138: RuntimeWarning: k >= N for N * N square matrix. Attempting to use scipy.linalg.eigh instead.
  eigenvalues, eigenvectors = eigsh(
/home1/sajan_rg/graphormer_eval/new_experiments/graph_exp_new/data.py:138: RuntimeWarning: k >= N for N * N square matrix. Attempting to use scipy.linalg.eigh instead.
  eigenvalues, eigenvectors = eigsh(
/home1/sajan_rg/graphormer_eval/new_experiments/graph_exp_new/data.py:138: RuntimeWarning: k >= N for N * N square matrix. Attempting to use scipy.linalg.eigh instead.
  eigenvalues, eigenvectors = eigsh(
/home1/sajan_rg/graphormer_eval/new_experiments/graph_exp_new/data.py:138: RuntimeWarning: k >= N for N * N square matrix. Attempting to use scipy.linalg.eigh instead.
  eigenvalues, eigenvectors = eigsh(
Epoch  36/200 [556.9s mem=23091MB] proxies=ON | train_loss=0.2691 mmd=0.0000 train_AP=0.3955 | val_loss=0.2995 val_AP=0.4297 | test_loss=0.3088 test_AP=0.4173
/home1/sajan_rg/graphormer_eval/new_experiments/graph_exp_new/data.py:138: RuntimeWarning: k >= N for N * N square matrix. Attempting to use scipy.linalg.eigh instead.
  eigenvalues, eigenvectors = eigsh(
/home1/sajan_rg/graphormer_eval/new_experiments/graph_exp_new/data.py:138: RuntimeWarning: k >= N for N * N square matrix. Attempting to use scipy.linalg.eigh instead.
  eigenvalues, eigenvectors = eigsh(
/home1/sajan_rg/graphormer_eval/new_experiments/graph_exp_new/data.py:138: RuntimeWarning: k >= N for N * N square matrix. Attempting to use scipy.linalg.eigh instead.
  eigenvalues, eigenvectors = eigsh(
/home1/sajan_rg/graphormer_eval/new_experiments/graph_exp_new/data.py:138: RuntimeWarning: k >= N for N * N square matrix. Attempting to use scipy.linalg.eigh instead.
  eigenvalues, eigenvectors = eigsh(
/home1/sajan_rg/graphormer_eval/new_experiments/graph_exp_new/data.py:138: RuntimeWarning: k >= N for N * N square matrix. Attempting to use scipy.linalg.eigh instead.
  eigenvalues, eigenvectors = eigsh(
/home1/sajan_rg/graphormer_eval/new_experiments/graph_exp_new/data.py:138: RuntimeWarning: k >= N for N * N square matrix. Attempting to use scipy.linalg.eigh instead.
  eigenvalues, eigenvectors = eigsh(
/home1/sajan_rg/graphormer_eval/new_experiments/graph_exp_new/data.py:138: RuntimeWarning: k >= N for N * N square matrix. Attempting to use scipy.linalg.eigh instead.
  eigenvalues, eigenvectors = eigsh(
/home1/sajan_rg/graphormer_eval/new_experiments/graph_exp_new/data.py:138: RuntimeWarning: k >= N for N * N square matrix. Attempting to use scipy.linalg.eigh instead.
  eigenvalues, eigenvectors = eigsh(
/home1/sajan_rg/graphormer_eval/new_experiments/graph_exp_new/data.py:138: RuntimeWarning: k >= N for N * N square matrix. Attempting to use scipy.linalg.eigh instead.
  eigenvalues, eigenvectors = eigsh(
/home1/sajan_rg/graphormer_eval/new_experiments/graph_exp_new/data.py:138: RuntimeWarning: k >= N for N * N square matrix. Attempting to use scipy.linalg.eigh instead.
  eigenvalues, eigenvectors = eigsh(
/home1/sajan_rg/graphormer_eval/new_experiments/graph_exp_new/data.py:138: RuntimeWarning: k >= N for N * N square matrix. Attempting to use scipy.linalg.eigh instead.
  eigenvalues, eigenvectors = eigsh(
/home1/sajan_rg/graphormer_eval/new_experiments/graph_exp_new/data.py:138: RuntimeWarning: k >= N for N * N square matrix. Attempting to use scipy.linalg.eigh instead.
  eigenvalues, eigenvectors = eigsh(
Epoch  37/200 [639.2s mem=23086MB] proxies=ON | train_loss=0.2642 mmd=0.0000 train_AP=0.4038 | val_loss=0.2725 val_AP=0.4345 | test_loss=0.2816 test_AP=0.4332
/home1/sajan_rg/graphormer_eval/new_experiments/graph_exp_new/data.py:138: RuntimeWarning: k >= N for N * N square matrix. Attempting to use scipy.linalg.eigh instead.
  eigenvalues, eigenvectors = eigsh(
/home1/sajan_rg/graphormer_eval/new_experiments/graph_exp_new/data.py:138: RuntimeWarning: k >= N for N * N square matrix. Attempting to use scipy.linalg.eigh instead.
  eigenvalues, eigenvectors = eigsh(
/home1/sajan_rg/graphormer_eval/new_experiments/graph_exp_new/data.py:138: RuntimeWarning: k >= N for N * N square matrix. Attempting to use scipy.linalg.eigh instead.
  eigenvalues, eigenvectors = eigsh(
/home1/sajan_rg/graphormer_eval/new_experiments/graph_exp_new/data.py:138: RuntimeWarning: k >= N for N * N square matrix. Attempting to use scipy.linalg.eigh instead.
  eigenvalues, eigenvectors = eigsh(
/home1/sajan_rg/graphormer_eval/new_experiments/graph_exp_new/data.py:138: RuntimeWarning: k >= N for N * N square matrix. Attempting to use scipy.linalg.eigh instead.
  eigenvalues, eigenvectors = eigsh(
/home1/sajan_rg/graphormer_eval/new_experiments/graph_exp_new/data.py:138: RuntimeWarning: k >= N for N * N square matrix. Attempting to use scipy.linalg.eigh instead.
  eigenvalues, eigenvectors = eigsh(
/home1/sajan_rg/graphormer_eval/new_experiments/graph_exp_new/data.py:138: RuntimeWarning: k >= N for N * N square matrix. Attempting to use scipy.linalg.eigh instead.
  eigenvalues, eigenvectors = eigsh(
/home1/sajan_rg/graphormer_eval/new_experiments/graph_exp_new/data.py:138: RuntimeWarning: k >= N for N * N square matrix. Attempting to use scipy.linalg.eigh instead.
  eigenvalues, eigenvectors = eigsh(
/home1/sajan_rg/graphormer_eval/new_experiments/graph_exp_new/data.py:138: RuntimeWarning: k >= N for N * N square matrix. Attempting to use scipy.linalg.eigh instead.
  eigenvalues, eigenvectors = eigsh(
/home1/sajan_rg/graphormer_eval/new_experiments/graph_exp_new/data.py:138: RuntimeWarning: k >= N for N * N square matrix. Attempting to use scipy.linalg.eigh instead.
  eigenvalues, eigenvectors = eigsh(
/home1/sajan_rg/graphormer_eval/new_experiments/graph_exp_new/data.py:138: RuntimeWarning: k >= N for N * N square matrix. Attempting to use scipy.linalg.eigh instead.
  eigenvalues, eigenvectors = eigsh(
/home1/sajan_rg/graphormer_eval/new_experiments/graph_exp_new/data.py:138: RuntimeWarning: k >= N for N * N square matrix. Attempting to use scipy.linalg.eigh instead.
  eigenvalues, eigenvectors = eigsh(
Epoch  38/200 [624.4s mem=23094MB] proxies=ON | train_loss=0.2669 mmd=0.0000 train_AP=0.4000 | val_loss=0.2855 val_AP=0.4552 | test_loss=0.2917 test_AP=0.4503
  -> New best val AP=0.4552 (test AP=0.4503), saved to checkpoints_three_staged_cross_multipt/best_e2e.pt
/home1/sajan_rg/graphormer_eval/new_experiments/graph_exp_new/data.py:138: RuntimeWarning: k >= N for N * N square matrix. Attempting to use scipy.linalg.eigh instead.
  eigenvalues, eigenvectors = eigsh(
/home1/sajan_rg/graphormer_eval/new_experiments/graph_exp_new/data.py:138: RuntimeWarning: k >= N for N * N square matrix. Attempting to use scipy.linalg.eigh instead.
  eigenvalues, eigenvectors = eigsh(
/home1/sajan_rg/graphormer_eval/new_experiments/graph_exp_new/data.py:138: RuntimeWarning: k >= N for N * N square matrix. Attempting to use scipy.linalg.eigh instead.
  eigenvalues, eigenvectors = eigsh(
/home1/sajan_rg/graphormer_eval/new_experiments/graph_exp_new/data.py:138: RuntimeWarning: k >= N for N * N square matrix. Attempting to use scipy.linalg.eigh instead.
  eigenvalues, eigenvectors = eigsh(
/home1/sajan_rg/graphormer_eval/new_experiments/graph_exp_new/data.py:138: RuntimeWarning: k >= N for N * N square matrix. Attempting to use scipy.linalg.eigh instead.
  eigenvalues, eigenvectors = eigsh(
/home1/sajan_rg/graphormer_eval/new_experiments/graph_exp_new/data.py:138: RuntimeWarning: k >= N for N * N square matrix. Attempting to use scipy.linalg.eigh instead.
  eigenvalues, eigenvectors = eigsh(
/home1/sajan_rg/graphormer_eval/new_experiments/graph_exp_new/data.py:138: RuntimeWarning: k >= N for N * N square matrix. Attempting to use scipy.linalg.eigh instead.
  eigenvalues, eigenvectors = eigsh(
/home1/sajan_rg/graphormer_eval/new_experiments/graph_exp_new/data.py:138: RuntimeWarning: k >= N for N * N square matrix. Attempting to use scipy.linalg.eigh instead.
  eigenvalues, eigenvectors = eigsh(
/home1/sajan_rg/graphormer_eval/new_experiments/graph_exp_new/data.py:138: RuntimeWarning: k >= N for N * N square matrix. Attempting to use scipy.linalg.eigh instead.
  eigenvalues, eigenvectors = eigsh(
/home1/sajan_rg/graphormer_eval/new_experiments/graph_exp_new/data.py:138: RuntimeWarning: k >= N for N * N square matrix. Attempting to use scipy.linalg.eigh instead.
  eigenvalues, eigenvectors = eigsh(
/home1/sajan_rg/graphormer_eval/new_experiments/graph_exp_new/data.py:138: RuntimeWarning: k >= N for N * N square matrix. Attempting to use scipy.linalg.eigh instead.
  eigenvalues, eigenvectors = eigsh(
/home1/sajan_rg/graphormer_eval/new_experiments/graph_exp_new/data.py:138: RuntimeWarning: k >= N for N * N square matrix. Attempting to use scipy.linalg.eigh instead.
  eigenvalues, eigenvectors = eigsh(
Epoch  39/200 [517.9s mem=23086MB] proxies=ON | train_loss=0.2622 mmd=0.0000 train_AP=0.4087 | val_loss=0.2720 val_AP=0.4230 | test_loss=0.2841 test_AP=0.4131
/home1/sajan_rg/graphormer_eval/new_experiments/graph_exp_new/data.py:138: RuntimeWarning: k >= N for N * N square matrix. Attempting to use scipy.linalg.eigh instead.
  eigenvalues, eigenvectors = eigsh(
/home1/sajan_rg/graphormer_eval/new_experiments/graph_exp_new/data.py:138: RuntimeWarning: k >= N for N * N square matrix. Attempting to use scipy.linalg.eigh instead.
  eigenvalues, eigenvectors = eigsh(
/home1/sajan_rg/graphormer_eval/new_experiments/graph_exp_new/data.py:138: RuntimeWarning: k >= N for N * N square matrix. Attempting to use scipy.linalg.eigh instead.
  eigenvalues, eigenvectors = eigsh(
/home1/sajan_rg/graphormer_eval/new_experiments/graph_exp_new/data.py:138: RuntimeWarning: k >= N for N * N square matrix. Attempting to use scipy.linalg.eigh instead.
  eigenvalues, eigenvectors = eigsh(
/home1/sajan_rg/graphormer_eval/new_experiments/graph_exp_new/data.py:138: RuntimeWarning: k >= N for N * N square matrix. Attempting to use scipy.linalg.eigh instead.
  eigenvalues, eigenvectors = eigsh(
/home1/sajan_rg/graphormer_eval/new_experiments/graph_exp_new/data.py:138: RuntimeWarning: k >= N for N * N square matrix. Attempting to use scipy.linalg.eigh instead.
  eigenvalues, eigenvectors = eigsh(
/home1/sajan_rg/graphormer_eval/new_experiments/graph_exp_new/data.py:138: RuntimeWarning: k >= N for N * N square matrix. Attempting to use scipy.linalg.eigh instead.
  eigenvalues, eigenvectors = eigsh(
/home1/sajan_rg/graphormer_eval/new_experiments/graph_exp_new/data.py:138: RuntimeWarning: k >= N for N * N square matrix. Attempting to use scipy.linalg.eigh instead.
  eigenvalues, eigenvectors = eigsh(
/home1/sajan_rg/graphormer_eval/new_experiments/graph_exp_new/data.py:138: RuntimeWarning: k >= N for N * N square matrix. Attempting to use scipy.linalg.eigh instead.
  eigenvalues, eigenvectors = eigsh(
/home1/sajan_rg/graphormer_eval/new_experiments/graph_exp_new/data.py:138: RuntimeWarning: k >= N for N * N square matrix. Attempting to use scipy.linalg.eigh instead.
  eigenvalues, eigenvectors = eigsh(
/home1/sajan_rg/graphormer_eval/new_experiments/graph_exp_new/data.py:138: RuntimeWarning: k >= N for N * N square matrix. Attempting to use scipy.linalg.eigh instead.
  eigenvalues, eigenvectors = eigsh(
/home1/sajan_rg/graphormer_eval/new_experiments/graph_exp_new/data.py:138: RuntimeWarning: k >= N for N * N square matrix. Attempting to use scipy.linalg.eigh instead.
  eigenvalues, eigenvectors = eigsh(
Epoch  40/200 [524.6s mem=23093MB] proxies=ON | train_loss=0.2629 mmd=0.0000 train_AP=0.4111 | val_loss=0.2740 val_AP=0.4432 | test_loss=0.2810 test_AP=0.4327
/home1/sajan_rg/graphormer_eval/new_experiments/graph_exp_new/data.py:138: RuntimeWarning: k >= N for N * N square matrix. Attempting to use scipy.linalg.eigh instead.
  eigenvalues, eigenvectors = eigsh(
/home1/sajan_rg/graphormer_eval/new_experiments/graph_exp_new/data.py:138: RuntimeWarning: k >= N for N * N square matrix. Attempting to use scipy.linalg.eigh instead.
  eigenvalues, eigenvectors = eigsh(
/home1/sajan_rg/graphormer_eval/new_experiments/graph_exp_new/data.py:138: RuntimeWarning: k >= N for N * N square matrix. Attempting to use scipy.linalg.eigh instead.
  eigenvalues, eigenvectors = eigsh(
/home1/sajan_rg/graphormer_eval/new_experiments/graph_exp_new/data.py:138: RuntimeWarning: k >= N for N * N square matrix. Attempting to use scipy.linalg.eigh instead.
  eigenvalues, eigenvectors = eigsh(
/home1/sajan_rg/graphormer_eval/new_experiments/graph_exp_new/data.py:138: RuntimeWarning: k >= N for N * N square matrix. Attempting to use scipy.linalg.eigh instead.
  eigenvalues, eigenvectors = eigsh(
/home1/sajan_rg/graphormer_eval/new_experiments/graph_exp_new/data.py:138: RuntimeWarning: k >= N for N * N square matrix. Attempting to use scipy.linalg.eigh instead.
  eigenvalues, eigenvectors = eigsh(
/home1/sajan_rg/graphormer_eval/new_experiments/graph_exp_new/data.py:138: RuntimeWarning: k >= N for N * N square matrix. Attempting to use scipy.linalg.eigh instead.
  eigenvalues, eigenvectors = eigsh(
/home1/sajan_rg/graphormer_eval/new_experiments/graph_exp_new/data.py:138: RuntimeWarning: k >= N for N * N square matrix. Attempting to use scipy.linalg.eigh instead.
  eigenvalues, eigenvectors = eigsh(
/home1/sajan_rg/graphormer_eval/new_experiments/graph_exp_new/data.py:138: RuntimeWarning: k >= N for N * N square matrix. Attempting to use scipy.linalg.eigh instead.
  eigenvalues, eigenvectors = eigsh(
/home1/sajan_rg/graphormer_eval/new_experiments/graph_exp_new/data.py:138: RuntimeWarning: k >= N for N * N square matrix. Attempting to use scipy.linalg.eigh instead.
  eigenvalues, eigenvectors = eigsh(
/home1/sajan_rg/graphormer_eval/new_experiments/graph_exp_new/data.py:138: RuntimeWarning: k >= N for N * N square matrix. Attempting to use scipy.linalg.eigh instead.
  eigenvalues, eigenvectors = eigsh(
/home1/sajan_rg/graphormer_eval/new_experiments/graph_exp_new/data.py:138: RuntimeWarning: k >= N for N * N square matrix. Attempting to use scipy.linalg.eigh instead.
  eigenvalues, eigenvectors = eigsh(
Epoch  41/200 [521.7s mem=23086MB] proxies=ON | train_loss=0.2615 mmd=0.0000 train_AP=0.4092 | val_loss=0.2574 val_AP=0.4502 | test_loss=0.2716 test_AP=0.4358
/home1/sajan_rg/graphormer_eval/new_experiments/graph_exp_new/data.py:138: RuntimeWarning: k >= N for N * N square matrix. Attempting to use scipy.linalg.eigh instead.
  eigenvalues, eigenvectors = eigsh(
/home1/sajan_rg/graphormer_eval/new_experiments/graph_exp_new/data.py:138: RuntimeWarning: k >= N for N * N square matrix. Attempting to use scipy.linalg.eigh instead.
  eigenvalues, eigenvectors = eigsh(
/home1/sajan_rg/graphormer_eval/new_experiments/graph_exp_new/data.py:138: RuntimeWarning: k >= N for N * N square matrix. Attempting to use scipy.linalg.eigh instead.
  eigenvalues, eigenvectors = eigsh(
/home1/sajan_rg/graphormer_eval/new_experiments/graph_exp_new/data.py:138: RuntimeWarning: k >= N for N * N square matrix. Attempting to use scipy.linalg.eigh instead.
  eigenvalues, eigenvectors = eigsh(
/home1/sajan_rg/graphormer_eval/new_experiments/graph_exp_new/data.py:138: RuntimeWarning: k >= N for N * N square matrix. Attempting to use scipy.linalg.eigh instead.
  eigenvalues, eigenvectors = eigsh(
/home1/sajan_rg/graphormer_eval/new_experiments/graph_exp_new/data.py:138: RuntimeWarning: k >= N for N * N square matrix. Attempting to use scipy.linalg.eigh instead.
  eigenvalues, eigenvectors = eigsh(
/home1/sajan_rg/graphormer_eval/new_experiments/graph_exp_new/data.py:138: RuntimeWarning: k >= N for N * N square matrix. Attempting to use scipy.linalg.eigh instead.
  eigenvalues, eigenvectors = eigsh(
/home1/sajan_rg/graphormer_eval/new_experiments/graph_exp_new/data.py:138: RuntimeWarning: k >= N for N * N square matrix. Attempting to use scipy.linalg.eigh instead.
  eigenvalues, eigenvectors = eigsh(
/home1/sajan_rg/graphormer_eval/new_experiments/graph_exp_new/data.py:138: RuntimeWarning: k >= N for N * N square matrix. Attempting to use scipy.linalg.eigh instead.
  eigenvalues, eigenvectors = eigsh(
/home1/sajan_rg/graphormer_eval/new_experiments/graph_exp_new/data.py:138: RuntimeWarning: k >= N for N * N square matrix. Attempting to use scipy.linalg.eigh instead.
  eigenvalues, eigenvectors = eigsh(
/home1/sajan_rg/graphormer_eval/new_experiments/graph_exp_new/data.py:138: RuntimeWarning: k >= N for N * N square matrix. Attempting to use scipy.linalg.eigh instead.
  eigenvalues, eigenvectors = eigsh(
/home1/sajan_rg/graphormer_eval/new_experiments/graph_exp_new/data.py:138: RuntimeWarning: k >= N for N * N square matrix. Attempting to use scipy.linalg.eigh instead.
  eigenvalues, eigenvectors = eigsh(
Epoch  42/200 [522.5s mem=23089MB] proxies=ON | train_loss=0.2587 mmd=0.0000 train_AP=0.4134 | val_loss=0.2796 val_AP=0.4416 | test_loss=0.2970 test_AP=0.4279
/home1/sajan_rg/graphormer_eval/new_experiments/graph_exp_new/data.py:138: RuntimeWarning: k >= N for N * N square matrix. Attempting to use scipy.linalg.eigh instead.
  eigenvalues, eigenvectors = eigsh(
/home1/sajan_rg/graphormer_eval/new_experiments/graph_exp_new/data.py:138: RuntimeWarning: k >= N for N * N square matrix. Attempting to use scipy.linalg.eigh instead.
  eigenvalues, eigenvectors = eigsh(
/home1/sajan_rg/graphormer_eval/new_experiments/graph_exp_new/data.py:138: RuntimeWarning: k >= N for N * N square matrix. Attempting to use scipy.linalg.eigh instead.
  eigenvalues, eigenvectors = eigsh(
/home1/sajan_rg/graphormer_eval/new_experiments/graph_exp_new/data.py:138: RuntimeWarning: k >= N for N * N square matrix. Attempting to use scipy.linalg.eigh instead.
  eigenvalues, eigenvectors = eigsh(
/home1/sajan_rg/graphormer_eval/new_experiments/graph_exp_new/data.py:138: RuntimeWarning: k >= N for N * N square matrix. Attempting to use scipy.linalg.eigh instead.
  eigenvalues, eigenvectors = eigsh(
/home1/sajan_rg/graphormer_eval/new_experiments/graph_exp_new/data.py:138: RuntimeWarning: k >= N for N * N square matrix. Attempting to use scipy.linalg.eigh instead.
  eigenvalues, eigenvectors = eigsh(
/home1/sajan_rg/graphormer_eval/new_experiments/graph_exp_new/data.py:138: RuntimeWarning: k >= N for N * N square matrix. Attempting to use scipy.linalg.eigh instead.
  eigenvalues, eigenvectors = eigsh(
/home1/sajan_rg/graphormer_eval/new_experiments/graph_exp_new/data.py:138: RuntimeWarning: k >= N for N * N square matrix. Attempting to use scipy.linalg.eigh instead.
  eigenvalues, eigenvectors = eigsh(
/home1/sajan_rg/graphormer_eval/new_experiments/graph_exp_new/data.py:138: RuntimeWarning: k >= N for N * N square matrix. Attempting to use scipy.linalg.eigh instead.
  eigenvalues, eigenvectors = eigsh(
/home1/sajan_rg/graphormer_eval/new_experiments/graph_exp_new/data.py:138: RuntimeWarning: k >= N for N * N square matrix. Attempting to use scipy.linalg.eigh instead.
  eigenvalues, eigenvectors = eigsh(
/home1/sajan_rg/graphormer_eval/new_experiments/graph_exp_new/data.py:138: RuntimeWarning: k >= N for N * N square matrix. Attempting to use scipy.linalg.eigh instead.
  eigenvalues, eigenvectors = eigsh(
/home1/sajan_rg/graphormer_eval/new_experiments/graph_exp_new/data.py:138: RuntimeWarning: k >= N for N * N square matrix. Attempting to use scipy.linalg.eigh instead.
  eigenvalues, eigenvectors = eigsh(
Epoch  43/200 [524.2s mem=23093MB] proxies=ON | train_loss=0.2613 mmd=0.0000 train_AP=0.4142 | val_loss=0.2535 val_AP=0.4455 | test_loss=0.2702 test_AP=0.4282
/home1/sajan_rg/graphormer_eval/new_experiments/graph_exp_new/data.py:138: RuntimeWarning: k >= N for N * N square matrix. Attempting to use scipy.linalg.eigh instead.
  eigenvalues, eigenvectors = eigsh(
/home1/sajan_rg/graphormer_eval/new_experiments/graph_exp_new/data.py:138: RuntimeWarning: k >= N for N * N square matrix. Attempting to use scipy.linalg.eigh instead.
  eigenvalues, eigenvectors = eigsh(
/home1/sajan_rg/graphormer_eval/new_experiments/graph_exp_new/data.py:138: RuntimeWarning: k >= N for N * N square matrix. Attempting to use scipy.linalg.eigh instead.
  eigenvalues, eigenvectors = eigsh(
/home1/sajan_rg/graphormer_eval/new_experiments/graph_exp_new/data.py:138: RuntimeWarning: k >= N for N * N square matrix. Attempting to use scipy.linalg.eigh instead.
  eigenvalues, eigenvectors = eigsh(
/home1/sajan_rg/graphormer_eval/new_experiments/graph_exp_new/data.py:138: RuntimeWarning: k >= N for N * N square matrix. Attempting to use scipy.linalg.eigh instead.
  eigenvalues, eigenvectors = eigsh(
/home1/sajan_rg/graphormer_eval/new_experiments/graph_exp_new/data.py:138: RuntimeWarning: k >= N for N * N square matrix. Attempting to use scipy.linalg.eigh instead.
  eigenvalues, eigenvectors = eigsh(
/home1/sajan_rg/graphormer_eval/new_experiments/graph_exp_new/data.py:138: RuntimeWarning: k >= N for N * N square matrix. Attempting to use scipy.linalg.eigh instead.
  eigenvalues, eigenvectors = eigsh(
/home1/sajan_rg/graphormer_eval/new_experiments/graph_exp_new/data.py:138: RuntimeWarning: k >= N for N * N square matrix. Attempting to use scipy.linalg.eigh instead.
  eigenvalues, eigenvectors = eigsh(
/home1/sajan_rg/graphormer_eval/new_experiments/graph_exp_new/data.py:138: RuntimeWarning: k >= N for N * N square matrix. Attempting to use scipy.linalg.eigh instead.
  eigenvalues, eigenvectors = eigsh(
/home1/sajan_rg/graphormer_eval/new_experiments/graph_exp_new/data.py:138: RuntimeWarning: k >= N for N * N square matrix. Attempting to use scipy.linalg.eigh instead.
  eigenvalues, eigenvectors = eigsh(
/home1/sajan_rg/graphormer_eval/new_experiments/graph_exp_new/data.py:138: RuntimeWarning: k >= N for N * N square matrix. Attempting to use scipy.linalg.eigh instead.
  eigenvalues, eigenvectors = eigsh(
/home1/sajan_rg/graphormer_eval/new_experiments/graph_exp_new/data.py:138: RuntimeWarning: k >= N for N * N square matrix. Attempting to use scipy.linalg.eigh instead.
  eigenvalues, eigenvectors = eigsh(
Epoch  44/200 [521.1s mem=23098MB] proxies=ON | train_loss=0.2550 mmd=0.0000 train_AP=0.4220 | val_loss=0.2539 val_AP=0.4626 | test_loss=0.2704 test_AP=0.4470
  -> New best val AP=0.4626 (test AP=0.4470), saved to checkpoints_three_staged_cross_multipt/best_e2e.pt
/home1/sajan_rg/graphormer_eval/new_experiments/graph_exp_new/data.py:138: RuntimeWarning: k >= N for N * N square matrix. Attempting to use scipy.linalg.eigh instead.
  eigenvalues, eigenvectors = eigsh(
/home1/sajan_rg/graphormer_eval/new_experiments/graph_exp_new/data.py:138: RuntimeWarning: k >= N for N * N square matrix. Attempting to use scipy.linalg.eigh instead.
  eigenvalues, eigenvectors = eigsh(
/home1/sajan_rg/graphormer_eval/new_experiments/graph_exp_new/data.py:138: RuntimeWarning: k >= N for N * N square matrix. Attempting to use scipy.linalg.eigh instead.
  eigenvalues, eigenvectors = eigsh(
/home1/sajan_rg/graphormer_eval/new_experiments/graph_exp_new/data.py:138: RuntimeWarning: k >= N for N * N square matrix. Attempting to use scipy.linalg.eigh instead.
  eigenvalues, eigenvectors = eigsh(
/home1/sajan_rg/graphormer_eval/new_experiments/graph_exp_new/data.py:138: RuntimeWarning: k >= N for N * N square matrix. Attempting to use scipy.linalg.eigh instead.
  eigenvalues, eigenvectors = eigsh(
/home1/sajan_rg/graphormer_eval/new_experiments/graph_exp_new/data.py:138: RuntimeWarning: k >= N for N * N square matrix. Attempting to use scipy.linalg.eigh instead.
  eigenvalues, eigenvectors = eigsh(
/home1/sajan_rg/graphormer_eval/new_experiments/graph_exp_new/data.py:138: RuntimeWarning: k >= N for N * N square matrix. Attempting to use scipy.linalg.eigh instead.
  eigenvalues, eigenvectors = eigsh(
/home1/sajan_rg/graphormer_eval/new_experiments/graph_exp_new/data.py:138: RuntimeWarning: k >= N for N * N square matrix. Attempting to use scipy.linalg.eigh instead.
  eigenvalues, eigenvectors = eigsh(
/home1/sajan_rg/graphormer_eval/new_experiments/graph_exp_new/data.py:138: RuntimeWarning: k >= N for N * N square matrix. Attempting to use scipy.linalg.eigh instead.
  eigenvalues, eigenvectors = eigsh(
/home1/sajan_rg/graphormer_eval/new_experiments/graph_exp_new/data.py:138: RuntimeWarning: k >= N for N * N square matrix. Attempting to use scipy.linalg.eigh instead.
  eigenvalues, eigenvectors = eigsh(
/home1/sajan_rg/graphormer_eval/new_experiments/graph_exp_new/data.py:138: RuntimeWarning: k >= N for N * N square matrix. Attempting to use scipy.linalg.eigh instead.
  eigenvalues, eigenvectors = eigsh(
/home1/sajan_rg/graphormer_eval/new_experiments/graph_exp_new/data.py:138: RuntimeWarning: k >= N for N * N square matrix. Attempting to use scipy.linalg.eigh instead.
  eigenvalues, eigenvectors = eigsh(
Epoch  45/200 [515.7s mem=23084MB] proxies=ON | train_loss=0.2547 mmd=0.0000 train_AP=0.4244 | val_loss=0.2869 val_AP=0.4722 | test_loss=0.3068 test_AP=0.4562
  -> New best val AP=0.4722 (test AP=0.4562), saved to checkpoints_three_staged_cross_multipt/best_e2e.pt
/home1/sajan_rg/graphormer_eval/new_experiments/graph_exp_new/data.py:138: RuntimeWarning: k >= N for N * N square matrix. Attempting to use scipy.linalg.eigh instead.
  eigenvalues, eigenvectors = eigsh(
/home1/sajan_rg/graphormer_eval/new_experiments/graph_exp_new/data.py:138: RuntimeWarning: k >= N for N * N square matrix. Attempting to use scipy.linalg.eigh instead.
  eigenvalues, eigenvectors = eigsh(
/home1/sajan_rg/graphormer_eval/new_experiments/graph_exp_new/data.py:138: RuntimeWarning: k >= N for N * N square matrix. Attempting to use scipy.linalg.eigh instead.
  eigenvalues, eigenvectors = eigsh(
/home1/sajan_rg/graphormer_eval/new_experiments/graph_exp_new/data.py:138: RuntimeWarning: k >= N for N * N square matrix. Attempting to use scipy.linalg.eigh instead.
  eigenvalues, eigenvectors = eigsh(
/home1/sajan_rg/graphormer_eval/new_experiments/graph_exp_new/data.py:138: RuntimeWarning: k >= N for N * N square matrix. Attempting to use scipy.linalg.eigh instead.
  eigenvalues, eigenvectors = eigsh(
/home1/sajan_rg/graphormer_eval/new_experiments/graph_exp_new/data.py:138: RuntimeWarning: k >= N for N * N square matrix. Attempting to use scipy.linalg.eigh instead.
  eigenvalues, eigenvectors = eigsh(
/home1/sajan_rg/graphormer_eval/new_experiments/graph_exp_new/data.py:138: RuntimeWarning: k >= N for N * N square matrix. Attempting to use scipy.linalg.eigh instead.
  eigenvalues, eigenvectors = eigsh(
/home1/sajan_rg/graphormer_eval/new_experiments/graph_exp_new/data.py:138: RuntimeWarning: k >= N for N * N square matrix. Attempting to use scipy.linalg.eigh instead.
  eigenvalues, eigenvectors = eigsh(
/home1/sajan_rg/graphormer_eval/new_experiments/graph_exp_new/data.py:138: RuntimeWarning: k >= N for N * N square matrix. Attempting to use scipy.linalg.eigh instead.
  eigenvalues, eigenvectors = eigsh(
/home1/sajan_rg/graphormer_eval/new_experiments/graph_exp_new/data.py:138: RuntimeWarning: k >= N for N * N square matrix. Attempting to use scipy.linalg.eigh instead.
  eigenvalues, eigenvectors = eigsh(
/home1/sajan_rg/graphormer_eval/new_experiments/graph_exp_new/data.py:138: RuntimeWarning: k >= N for N * N square matrix. Attempting to use scipy.linalg.eigh instead.
  eigenvalues, eigenvectors = eigsh(
/home1/sajan_rg/graphormer_eval/new_experiments/graph_exp_new/data.py:138: RuntimeWarning: k >= N for N * N square matrix. Attempting to use scipy.linalg.eigh instead.
  eigenvalues, eigenvectors = eigsh(
Epoch  46/200 [517.9s mem=23098MB] proxies=ON | train_loss=0.2562 mmd=0.0000 train_AP=0.4282 | val_loss=0.2643 val_AP=0.4764 | test_loss=0.2774 test_AP=0.4572
  -> New best val AP=0.4764 (test AP=0.4572), saved to checkpoints_three_staged_cross_multipt/best_e2e.pt
/home1/sajan_rg/graphormer_eval/new_experiments/graph_exp_new/data.py:138: RuntimeWarning: k >= N for N * N square matrix. Attempting to use scipy.linalg.eigh instead.
  eigenvalues, eigenvectors = eigsh(
/home1/sajan_rg/graphormer_eval/new_experiments/graph_exp_new/data.py:138: RuntimeWarning: k >= N for N * N square matrix. Attempting to use scipy.linalg.eigh instead.
  eigenvalues, eigenvectors = eigsh(
/home1/sajan_rg/graphormer_eval/new_experiments/graph_exp_new/data.py:138: RuntimeWarning: k >= N for N * N square matrix. Attempting to use scipy.linalg.eigh instead.
  eigenvalues, eigenvectors = eigsh(
/home1/sajan_rg/graphormer_eval/new_experiments/graph_exp_new/data.py:138: RuntimeWarning: k >= N for N * N square matrix. Attempting to use scipy.linalg.eigh instead.
  eigenvalues, eigenvectors = eigsh(
/home1/sajan_rg/graphormer_eval/new_experiments/graph_exp_new/data.py:138: RuntimeWarning: k >= N for N * N square matrix. Attempting to use scipy.linalg.eigh instead.
  eigenvalues, eigenvectors = eigsh(
/home1/sajan_rg/graphormer_eval/new_experiments/graph_exp_new/data.py:138: RuntimeWarning: k >= N for N * N square matrix. Attempting to use scipy.linalg.eigh instead.
  eigenvalues, eigenvectors = eigsh(
/home1/sajan_rg/graphormer_eval/new_experiments/graph_exp_new/data.py:138: RuntimeWarning: k >= N for N * N square matrix. Attempting to use scipy.linalg.eigh instead.
  eigenvalues, eigenvectors = eigsh(
/home1/sajan_rg/graphormer_eval/new_experiments/graph_exp_new/data.py:138: RuntimeWarning: k >= N for N * N square matrix. Attempting to use scipy.linalg.eigh instead.
  eigenvalues, eigenvectors = eigsh(
/home1/sajan_rg/graphormer_eval/new_experiments/graph_exp_new/data.py:138: RuntimeWarning: k >= N for N * N square matrix. Attempting to use scipy.linalg.eigh instead.
  eigenvalues, eigenvectors = eigsh(
/home1/sajan_rg/graphormer_eval/new_experiments/graph_exp_new/data.py:138: RuntimeWarning: k >= N for N * N square matrix. Attempting to use scipy.linalg.eigh instead.
  eigenvalues, eigenvectors = eigsh(
/home1/sajan_rg/graphormer_eval/new_experiments/graph_exp_new/data.py:138: RuntimeWarning: k >= N for N * N square matrix. Attempting to use scipy.linalg.eigh instead.
  eigenvalues, eigenvectors = eigsh(
/home1/sajan_rg/graphormer_eval/new_experiments/graph_exp_new/data.py:138: RuntimeWarning: k >= N for N * N square matrix. Attempting to use scipy.linalg.eigh instead.
  eigenvalues, eigenvectors = eigsh(
Epoch  47/200 [511.6s mem=23080MB] proxies=ON | train_loss=0.2532 mmd=0.0000 train_AP=0.4284 | val_loss=0.2780 val_AP=0.4740 | test_loss=0.2918 test_AP=0.4446
/home1/sajan_rg/graphormer_eval/new_experiments/graph_exp_new/data.py:138: RuntimeWarning: k >= N for N * N square matrix. Attempting to use scipy.linalg.eigh instead.
  eigenvalues, eigenvectors = eigsh(
/home1/sajan_rg/graphormer_eval/new_experiments/graph_exp_new/data.py:138: RuntimeWarning: k >= N for N * N square matrix. Attempting to use scipy.linalg.eigh instead.
  eigenvalues, eigenvectors = eigsh(
/home1/sajan_rg/graphormer_eval/new_experiments/graph_exp_new/data.py:138: RuntimeWarning: k >= N for N * N square matrix. Attempting to use scipy.linalg.eigh instead.
  eigenvalues, eigenvectors = eigsh(
/home1/sajan_rg/graphormer_eval/new_experiments/graph_exp_new/data.py:138: RuntimeWarning: k >= N for N * N square matrix. Attempting to use scipy.linalg.eigh instead.
  eigenvalues, eigenvectors = eigsh(
/home1/sajan_rg/graphormer_eval/new_experiments/graph_exp_new/data.py:138: RuntimeWarning: k >= N for N * N square matrix. Attempting to use scipy.linalg.eigh instead.
  eigenvalues, eigenvectors = eigsh(
/home1/sajan_rg/graphormer_eval/new_experiments/graph_exp_new/data.py:138: RuntimeWarning: k >= N for N * N square matrix. Attempting to use scipy.linalg.eigh instead.
  eigenvalues, eigenvectors = eigsh(
/home1/sajan_rg/graphormer_eval/new_experiments/graph_exp_new/data.py:138: RuntimeWarning: k >= N for N * N square matrix. Attempting to use scipy.linalg.eigh instead.
  eigenvalues, eigenvectors = eigsh(
/home1/sajan_rg/graphormer_eval/new_experiments/graph_exp_new/data.py:138: RuntimeWarning: k >= N for N * N square matrix. Attempting to use scipy.linalg.eigh instead.
  eigenvalues, eigenvectors = eigsh(
/home1/sajan_rg/graphormer_eval/new_experiments/graph_exp_new/data.py:138: RuntimeWarning: k >= N for N * N square matrix. Attempting to use scipy.linalg.eigh instead.
  eigenvalues, eigenvectors = eigsh(
/home1/sajan_rg/graphormer_eval/new_experiments/graph_exp_new/data.py:138: RuntimeWarning: k >= N for N * N square matrix. Attempting to use scipy.linalg.eigh instead.
  eigenvalues, eigenvectors = eigsh(
/home1/sajan_rg/graphormer_eval/new_experiments/graph_exp_new/data.py:138: RuntimeWarning: k >= N for N * N square matrix. Attempting to use scipy.linalg.eigh instead.
  eigenvalues, eigenvectors = eigsh(
/home1/sajan_rg/graphormer_eval/new_experiments/graph_exp_new/data.py:138: RuntimeWarning: k >= N for N * N square matrix. Attempting to use scipy.linalg.eigh instead.
  eigenvalues, eigenvectors = eigsh(
Epoch  48/200 [423.7s mem=23085MB] proxies=ON | train_loss=0.2532 mmd=0.0000 train_AP=0.4320 | val_loss=0.2597 val_AP=0.4628 | test_loss=0.2734 test_AP=0.4488
/home1/sajan_rg/graphormer_eval/new_experiments/graph_exp_new/data.py:138: RuntimeWarning: k >= N for N * N square matrix. Attempting to use scipy.linalg.eigh instead.
  eigenvalues, eigenvectors = eigsh(
/home1/sajan_rg/graphormer_eval/new_experiments/graph_exp_new/data.py:138: RuntimeWarning: k >= N for N * N square matrix. Attempting to use scipy.linalg.eigh instead.
  eigenvalues, eigenvectors = eigsh(
/home1/sajan_rg/graphormer_eval/new_experiments/graph_exp_new/data.py:138: RuntimeWarning: k >= N for N * N square matrix. Attempting to use scipy.linalg.eigh instead.
  eigenvalues, eigenvectors = eigsh(
/home1/sajan_rg/graphormer_eval/new_experiments/graph_exp_new/data.py:138: RuntimeWarning: k >= N for N * N square matrix. Attempting to use scipy.linalg.eigh instead.
  eigenvalues, eigenvectors = eigsh(
/home1/sajan_rg/graphormer_eval/new_experiments/graph_exp_new/data.py:138: RuntimeWarning: k >= N for N * N square matrix. Attempting to use scipy.linalg.eigh instead.
  eigenvalues, eigenvectors = eigsh(
/home1/sajan_rg/graphormer_eval/new_experiments/graph_exp_new/data.py:138: RuntimeWarning: k >= N for N * N square matrix. Attempting to use scipy.linalg.eigh instead.
  eigenvalues, eigenvectors = eigsh(
/home1/sajan_rg/graphormer_eval/new_experiments/graph_exp_new/data.py:138: RuntimeWarning: k >= N for N * N square matrix. Attempting to use scipy.linalg.eigh instead.
  eigenvalues, eigenvectors = eigsh(
/home1/sajan_rg/graphormer_eval/new_experiments/graph_exp_new/data.py:138: RuntimeWarning: k >= N for N * N square matrix. Attempting to use scipy.linalg.eigh instead.
  eigenvalues, eigenvectors = eigsh(
/home1/sajan_rg/graphormer_eval/new_experiments/graph_exp_new/data.py:138: RuntimeWarning: k >= N for N * N square matrix. Attempting to use scipy.linalg.eigh instead.
  eigenvalues, eigenvectors = eigsh(
/home1/sajan_rg/graphormer_eval/new_experiments/graph_exp_new/data.py:138: RuntimeWarning: k >= N for N * N square matrix. Attempting to use scipy.linalg.eigh instead.
  eigenvalues, eigenvectors = eigsh(
/home1/sajan_rg/graphormer_eval/new_experiments/graph_exp_new/data.py:138: RuntimeWarning: k >= N for N * N square matrix. Attempting to use scipy.linalg.eigh instead.
  eigenvalues, eigenvectors = eigsh(
/home1/sajan_rg/graphormer_eval/new_experiments/graph_exp_new/data.py:138: RuntimeWarning: k >= N for N * N square matrix. Attempting to use scipy.linalg.eigh instead.
  eigenvalues, eigenvectors = eigsh(
Epoch  49/200 [423.7s mem=23086MB] proxies=ON | train_loss=0.2517 mmd=0.0000 train_AP=0.4290 | val_loss=0.2711 val_AP=0.4703 | test_loss=0.2837 test_AP=0.4481
/home1/sajan_rg/graphormer_eval/new_experiments/graph_exp_new/data.py:138: RuntimeWarning: k >= N for N * N square matrix. Attempting to use scipy.linalg.eigh instead.
  eigenvalues, eigenvectors = eigsh(
/home1/sajan_rg/graphormer_eval/new_experiments/graph_exp_new/data.py:138: RuntimeWarning: k >= N for N * N square matrix. Attempting to use scipy.linalg.eigh instead.
  eigenvalues, eigenvectors = eigsh(
/home1/sajan_rg/graphormer_eval/new_experiments/graph_exp_new/data.py:138: RuntimeWarning: k >= N for N * N square matrix. Attempting to use scipy.linalg.eigh instead.
  eigenvalues, eigenvectors = eigsh(
/home1/sajan_rg/graphormer_eval/new_experiments/graph_exp_new/data.py:138: RuntimeWarning: k >= N for N * N square matrix. Attempting to use scipy.linalg.eigh instead.
  eigenvalues, eigenvectors = eigsh(
/home1/sajan_rg/graphormer_eval/new_experiments/graph_exp_new/data.py:138: RuntimeWarning: k >= N for N * N square matrix. Attempting to use scipy.linalg.eigh instead.
  eigenvalues, eigenvectors = eigsh(
/home1/sajan_rg/graphormer_eval/new_experiments/graph_exp_new/data.py:138: RuntimeWarning: k >= N for N * N square matrix. Attempting to use scipy.linalg.eigh instead.
  eigenvalues, eigenvectors = eigsh(
/home1/sajan_rg/graphormer_eval/new_experiments/graph_exp_new/data.py:138: RuntimeWarning: k >= N for N * N square matrix. Attempting to use scipy.linalg.eigh instead.
  eigenvalues, eigenvectors = eigsh(
/home1/sajan_rg/graphormer_eval/new_experiments/graph_exp_new/data.py:138: RuntimeWarning: k >= N for N * N square matrix. Attempting to use scipy.linalg.eigh instead.
  eigenvalues, eigenvectors = eigsh(
/home1/sajan_rg/graphormer_eval/new_experiments/graph_exp_new/data.py:138: RuntimeWarning: k >= N for N * N square matrix. Attempting to use scipy.linalg.eigh instead.
  eigenvalues, eigenvectors = eigsh(
/home1/sajan_rg/graphormer_eval/new_experiments/graph_exp_new/data.py:138: RuntimeWarning: k >= N for N * N square matrix. Attempting to use scipy.linalg.eigh instead.
  eigenvalues, eigenvectors = eigsh(
/home1/sajan_rg/graphormer_eval/new_experiments/graph_exp_new/data.py:138: RuntimeWarning: k >= N for N * N square matrix. Attempting to use scipy.linalg.eigh instead.
  eigenvalues, eigenvectors = eigsh(
/home1/sajan_rg/graphormer_eval/new_experiments/graph_exp_new/data.py:138: RuntimeWarning: k >= N for N * N square matrix. Attempting to use scipy.linalg.eigh instead.
  eigenvalues, eigenvectors = eigsh(
Epoch  50/200 [425.7s mem=23085MB] proxies=ON | train_loss=0.2506 mmd=0.0000 train_AP=0.4357 | val_loss=0.2676 val_AP=0.4731 | test_loss=0.2758 test_AP=0.4560
/home1/sajan_rg/graphormer_eval/new_experiments/graph_exp_new/data.py:138: RuntimeWarning: k >= N for N * N square matrix. Attempting to use scipy.linalg.eigh instead.
  eigenvalues, eigenvectors = eigsh(
/home1/sajan_rg/graphormer_eval/new_experiments/graph_exp_new/data.py:138: RuntimeWarning: k >= N for N * N square matrix. Attempting to use scipy.linalg.eigh instead.
  eigenvalues, eigenvectors = eigsh(
/home1/sajan_rg/graphormer_eval/new_experiments/graph_exp_new/data.py:138: RuntimeWarning: k >= N for N * N square matrix. Attempting to use scipy.linalg.eigh instead.
  eigenvalues, eigenvectors = eigsh(
/home1/sajan_rg/graphormer_eval/new_experiments/graph_exp_new/data.py:138: RuntimeWarning: k >= N for N * N square matrix. Attempting to use scipy.linalg.eigh instead.
  eigenvalues, eigenvectors = eigsh(
/home1/sajan_rg/graphormer_eval/new_experiments/graph_exp_new/data.py:138: RuntimeWarning: k >= N for N * N square matrix. Attempting to use scipy.linalg.eigh instead.
  eigenvalues, eigenvectors = eigsh(
/home1/sajan_rg/graphormer_eval/new_experiments/graph_exp_new/data.py:138: RuntimeWarning: k >= N for N * N square matrix. Attempting to use scipy.linalg.eigh instead.
  eigenvalues, eigenvectors = eigsh(
/home1/sajan_rg/graphormer_eval/new_experiments/graph_exp_new/data.py:138: RuntimeWarning: k >= N for N * N square matrix. Attempting to use scipy.linalg.eigh instead.
  eigenvalues, eigenvectors = eigsh(
/home1/sajan_rg/graphormer_eval/new_experiments/graph_exp_new/data.py:138: RuntimeWarning: k >= N for N * N square matrix. Attempting to use scipy.linalg.eigh instead.
  eigenvalues, eigenvectors = eigsh(
/home1/sajan_rg/graphormer_eval/new_experiments/graph_exp_new/data.py:138: RuntimeWarning: k >= N for N * N square matrix. Attempting to use scipy.linalg.eigh instead.
  eigenvalues, eigenvectors = eigsh(
/home1/sajan_rg/graphormer_eval/new_experiments/graph_exp_new/data.py:138: RuntimeWarning: k >= N for N * N square matrix. Attempting to use scipy.linalg.eigh instead.
  eigenvalues, eigenvectors = eigsh(
/home1/sajan_rg/graphormer_eval/new_experiments/graph_exp_new/data.py:138: RuntimeWarning: k >= N for N * N square matrix. Attempting to use scipy.linalg.eigh instead.
  eigenvalues, eigenvectors = eigsh(
/home1/sajan_rg/graphormer_eval/new_experiments/graph_exp_new/data.py:138: RuntimeWarning: k >= N for N * N square matrix. Attempting to use scipy.linalg.eigh instead.
  eigenvalues, eigenvectors = eigsh(
Epoch  51/200 [422.9s mem=23086MB] proxies=ON | train_loss=0.2508 mmd=0.0000 train_AP=0.4371 | val_loss=0.2835 val_AP=0.4763 | test_loss=0.2972 test_AP=0.4629
/home1/sajan_rg/graphormer_eval/new_experiments/graph_exp_new/data.py:138: RuntimeWarning: k >= N for N * N square matrix. Attempting to use scipy.linalg.eigh instead.
  eigenvalues, eigenvectors = eigsh(
/home1/sajan_rg/graphormer_eval/new_experiments/graph_exp_new/data.py:138: RuntimeWarning: k >= N for N * N square matrix. Attempting to use scipy.linalg.eigh instead.
  eigenvalues, eigenvectors = eigsh(
/home1/sajan_rg/graphormer_eval/new_experiments/graph_exp_new/data.py:138: RuntimeWarning: k >= N for N * N square matrix. Attempting to use scipy.linalg.eigh instead.
  eigenvalues, eigenvectors = eigsh(
/home1/sajan_rg/graphormer_eval/new_experiments/graph_exp_new/data.py:138: RuntimeWarning: k >= N for N * N square matrix. Attempting to use scipy.linalg.eigh instead.
  eigenvalues, eigenvectors = eigsh(
/home1/sajan_rg/graphormer_eval/new_experiments/graph_exp_new/data.py:138: RuntimeWarning: k >= N for N * N square matrix. Attempting to use scipy.linalg.eigh instead.
  eigenvalues, eigenvectors = eigsh(
/home1/sajan_rg/graphormer_eval/new_experiments/graph_exp_new/data.py:138: RuntimeWarning: k >= N for N * N square matrix. Attempting to use scipy.linalg.eigh instead.
  eigenvalues, eigenvectors = eigsh(
/home1/sajan_rg/graphormer_eval/new_experiments/graph_exp_new/data.py:138: RuntimeWarning: k >= N for N * N square matrix. Attempting to use scipy.linalg.eigh instead.
  eigenvalues, eigenvectors = eigsh(
/home1/sajan_rg/graphormer_eval/new_experiments/graph_exp_new/data.py:138: RuntimeWarning: k >= N for N * N square matrix. Attempting to use scipy.linalg.eigh instead.
  eigenvalues, eigenvectors = eigsh(
/home1/sajan_rg/graphormer_eval/new_experiments/graph_exp_new/data.py:138: RuntimeWarning: k >= N for N * N square matrix. Attempting to use scipy.linalg.eigh instead.
  eigenvalues, eigenvectors = eigsh(
/home1/sajan_rg/graphormer_eval/new_experiments/graph_exp_new/data.py:138: RuntimeWarning: k >= N for N * N square matrix. Attempting to use scipy.linalg.eigh instead.
  eigenvalues, eigenvectors = eigsh(
/home1/sajan_rg/graphormer_eval/new_experiments/graph_exp_new/data.py:138: RuntimeWarning: k >= N for N * N square matrix. Attempting to use scipy.linalg.eigh instead.
  eigenvalues, eigenvectors = eigsh(
/home1/sajan_rg/graphormer_eval/new_experiments/graph_exp_new/data.py:138: RuntimeWarning: k >= N for N * N square matrix. Attempting to use scipy.linalg.eigh instead.
  eigenvalues, eigenvectors = eigsh(
Epoch  52/200 [420.9s mem=23085MB] proxies=ON | train_loss=0.2480 mmd=0.0000 train_AP=0.4397 | val_loss=0.2776 val_AP=0.4788 | test_loss=0.2763 test_AP=0.4629
  -> New best val AP=0.4788 (test AP=0.4629), saved to checkpoints_three_staged_cross_multipt/best_e2e.pt
/home1/sajan_rg/graphormer_eval/new_experiments/graph_exp_new/data.py:138: RuntimeWarning: k >= N for N * N square matrix. Attempting to use scipy.linalg.eigh instead.
  eigenvalues, eigenvectors = eigsh(
/home1/sajan_rg/graphormer_eval/new_experiments/graph_exp_new/data.py:138: RuntimeWarning: k >= N for N * N square matrix. Attempting to use scipy.linalg.eigh instead.
  eigenvalues, eigenvectors = eigsh(
/home1/sajan_rg/graphormer_eval/new_experiments/graph_exp_new/data.py:138: RuntimeWarning: k >= N for N * N square matrix. Attempting to use scipy.linalg.eigh instead.
  eigenvalues, eigenvectors = eigsh(
/home1/sajan_rg/graphormer_eval/new_experiments/graph_exp_new/data.py:138: RuntimeWarning: k >= N for N * N square matrix. Attempting to use scipy.linalg.eigh instead.
  eigenvalues, eigenvectors = eigsh(
/home1/sajan_rg/graphormer_eval/new_experiments/graph_exp_new/data.py:138: RuntimeWarning: k >= N for N * N square matrix. Attempting to use scipy.linalg.eigh instead.
  eigenvalues, eigenvectors = eigsh(
/home1/sajan_rg/graphormer_eval/new_experiments/graph_exp_new/data.py:138: RuntimeWarning: k >= N for N * N square matrix. Attempting to use scipy.linalg.eigh instead.
  eigenvalues, eigenvectors = eigsh(
/home1/sajan_rg/graphormer_eval/new_experiments/graph_exp_new/data.py:138: RuntimeWarning: k >= N for N * N square matrix. Attempting to use scipy.linalg.eigh instead.
  eigenvalues, eigenvectors = eigsh(
/home1/sajan_rg/graphormer_eval/new_experiments/graph_exp_new/data.py:138: RuntimeWarning: k >= N for N * N square matrix. Attempting to use scipy.linalg.eigh instead.
  eigenvalues, eigenvectors = eigsh(
/home1/sajan_rg/graphormer_eval/new_experiments/graph_exp_new/data.py:138: RuntimeWarning: k >= N for N * N square matrix. Attempting to use scipy.linalg.eigh instead.
  eigenvalues, eigenvectors = eigsh(
/home1/sajan_rg/graphormer_eval/new_experiments/graph_exp_new/data.py:138: RuntimeWarning: k >= N for N * N square matrix. Attempting to use scipy.linalg.eigh instead.
  eigenvalues, eigenvectors = eigsh(
/home1/sajan_rg/graphormer_eval/new_experiments/graph_exp_new/data.py:138: RuntimeWarning: k >= N for N * N square matrix. Attempting to use scipy.linalg.eigh instead.
  eigenvalues, eigenvectors = eigsh(
/home1/sajan_rg/graphormer_eval/new_experiments/graph_exp_new/data.py:138: RuntimeWarning: k >= N for N * N square matrix. Attempting to use scipy.linalg.eigh instead.
  eigenvalues, eigenvectors = eigsh(
Epoch  53/200 [425.3s mem=23084MB] proxies=ON | train_loss=0.2477 mmd=0.0000 train_AP=0.4442 | val_loss=0.3069 val_AP=0.4738 | test_loss=0.3219 test_AP=0.4666
/home1/sajan_rg/graphormer_eval/new_experiments/graph_exp_new/data.py:138: RuntimeWarning: k >= N for N * N square matrix. Attempting to use scipy.linalg.eigh instead.
  eigenvalues, eigenvectors = eigsh(
/home1/sajan_rg/graphormer_eval/new_experiments/graph_exp_new/data.py:138: RuntimeWarning: k >= N for N * N square matrix. Attempting to use scipy.linalg.eigh instead.
  eigenvalues, eigenvectors = eigsh(
/home1/sajan_rg/graphormer_eval/new_experiments/graph_exp_new/data.py:138: RuntimeWarning: k >= N for N * N square matrix. Attempting to use scipy.linalg.eigh instead.
  eigenvalues, eigenvectors = eigsh(
/home1/sajan_rg/graphormer_eval/new_experiments/graph_exp_new/data.py:138: RuntimeWarning: k >= N for N * N square matrix. Attempting to use scipy.linalg.eigh instead.
  eigenvalues, eigenvectors = eigsh(
/home1/sajan_rg/graphormer_eval/new_experiments/graph_exp_new/data.py:138: RuntimeWarning: k >= N for N * N square matrix. Attempting to use scipy.linalg.eigh instead.
  eigenvalues, eigenvectors = eigsh(
/home1/sajan_rg/graphormer_eval/new_experiments/graph_exp_new/data.py:138: RuntimeWarning: k >= N for N * N square matrix. Attempting to use scipy.linalg.eigh instead.
  eigenvalues, eigenvectors = eigsh(
/home1/sajan_rg/graphormer_eval/new_experiments/graph_exp_new/data.py:138: RuntimeWarning: k >= N for N * N square matrix. Attempting to use scipy.linalg.eigh instead.
  eigenvalues, eigenvectors = eigsh(
/home1/sajan_rg/graphormer_eval/new_experiments/graph_exp_new/data.py:138: RuntimeWarning: k >= N for N * N square matrix. Attempting to use scipy.linalg.eigh instead.
  eigenvalues, eigenvectors = eigsh(
/home1/sajan_rg/graphormer_eval/new_experiments/graph_exp_new/data.py:138: RuntimeWarning: k >= N for N * N square matrix. Attempting to use scipy.linalg.eigh instead.
  eigenvalues, eigenvectors = eigsh(
/home1/sajan_rg/graphormer_eval/new_experiments/graph_exp_new/data.py:138: RuntimeWarning: k >= N for N * N square matrix. Attempting to use scipy.linalg.eigh instead.
  eigenvalues, eigenvectors = eigsh(
/home1/sajan_rg/graphormer_eval/new_experiments/graph_exp_new/data.py:138: RuntimeWarning: k >= N for N * N square matrix. Attempting to use scipy.linalg.eigh instead.
  eigenvalues, eigenvectors = eigsh(
/home1/sajan_rg/graphormer_eval/new_experiments/graph_exp_new/data.py:138: RuntimeWarning: k >= N for N * N square matrix. Attempting to use scipy.linalg.eigh instead.
  eigenvalues, eigenvectors = eigsh(
Epoch  54/200 [421.4s mem=23086MB] proxies=ON | train_loss=0.2490 mmd=0.0000 train_AP=0.4444 | val_loss=0.2758 val_AP=0.4661 | test_loss=0.2785 test_AP=0.4523
/home1/sajan_rg/graphormer_eval/new_experiments/graph_exp_new/data.py:138: RuntimeWarning: k >= N for N * N square matrix. Attempting to use scipy.linalg.eigh instead.
  eigenvalues, eigenvectors = eigsh(
/home1/sajan_rg/graphormer_eval/new_experiments/graph_exp_new/data.py:138: RuntimeWarning: k >= N for N * N square matrix. Attempting to use scipy.linalg.eigh instead.
  eigenvalues, eigenvectors = eigsh(
/home1/sajan_rg/graphormer_eval/new_experiments/graph_exp_new/data.py:138: RuntimeWarning: k >= N for N * N square matrix. Attempting to use scipy.linalg.eigh instead.
  eigenvalues, eigenvectors = eigsh(
/home1/sajan_rg/graphormer_eval/new_experiments/graph_exp_new/data.py:138: RuntimeWarning: k >= N for N * N square matrix. Attempting to use scipy.linalg.eigh instead.
  eigenvalues, eigenvectors = eigsh(
/home1/sajan_rg/graphormer_eval/new_experiments/graph_exp_new/data.py:138: RuntimeWarning: k >= N for N * N square matrix. Attempting to use scipy.linalg.eigh instead.
  eigenvalues, eigenvectors = eigsh(
/home1/sajan_rg/graphormer_eval/new_experiments/graph_exp_new/data.py:138: RuntimeWarning: k >= N for N * N square matrix. Attempting to use scipy.linalg.eigh instead.
  eigenvalues, eigenvectors = eigsh(
/home1/sajan_rg/graphormer_eval/new_experiments/graph_exp_new/data.py:138: RuntimeWarning: k >= N for N * N square matrix. Attempting to use scipy.linalg.eigh instead.
  eigenvalues, eigenvectors = eigsh(
/home1/sajan_rg/graphormer_eval/new_experiments/graph_exp_new/data.py:138: RuntimeWarning: k >= N for N * N square matrix. Attempting to use scipy.linalg.eigh instead.
  eigenvalues, eigenvectors = eigsh(
/home1/sajan_rg/graphormer_eval/new_experiments/graph_exp_new/data.py:138: RuntimeWarning: k >= N for N * N square matrix. Attempting to use scipy.linalg.eigh instead.
  eigenvalues, eigenvectors = eigsh(
/home1/sajan_rg/graphormer_eval/new_experiments/graph_exp_new/data.py:138: RuntimeWarning: k >= N for N * N square matrix. Attempting to use scipy.linalg.eigh instead.
  eigenvalues, eigenvectors = eigsh(
/home1/sajan_rg/graphormer_eval/new_experiments/graph_exp_new/data.py:138: RuntimeWarning: k >= N for N * N square matrix. Attempting to use scipy.linalg.eigh instead.
  eigenvalues, eigenvectors = eigsh(
/home1/sajan_rg/graphormer_eval/new_experiments/graph_exp_new/data.py:138: RuntimeWarning: k >= N for N * N square matrix. Attempting to use scipy.linalg.eigh instead.
  eigenvalues, eigenvectors = eigsh(
Epoch  55/200 [420.4s mem=23083MB] proxies=ON | train_loss=0.2447 mmd=0.0000 train_AP=0.4466 | val_loss=0.3361 val_AP=0.4671 | test_loss=0.3469 test_AP=0.4567
/home1/sajan_rg/graphormer_eval/new_experiments/graph_exp_new/data.py:138: RuntimeWarning: k >= N for N * N square matrix. Attempting to use scipy.linalg.eigh instead.
  eigenvalues, eigenvectors = eigsh(
/home1/sajan_rg/graphormer_eval/new_experiments/graph_exp_new/data.py:138: RuntimeWarning: k >= N for N * N square matrix. Attempting to use scipy.linalg.eigh instead.
  eigenvalues, eigenvectors = eigsh(
/home1/sajan_rg/graphormer_eval/new_experiments/graph_exp_new/data.py:138: RuntimeWarning: k >= N for N * N square matrix. Attempting to use scipy.linalg.eigh instead.
  eigenvalues, eigenvectors = eigsh(
/home1/sajan_rg/graphormer_eval/new_experiments/graph_exp_new/data.py:138: RuntimeWarning: k >= N for N * N square matrix. Attempting to use scipy.linalg.eigh instead.
  eigenvalues, eigenvectors = eigsh(
/home1/sajan_rg/graphormer_eval/new_experiments/graph_exp_new/data.py:138: RuntimeWarning: k >= N for N * N square matrix. Attempting to use scipy.linalg.eigh instead.
  eigenvalues, eigenvectors = eigsh(
/home1/sajan_rg/graphormer_eval/new_experiments/graph_exp_new/data.py:138: RuntimeWarning: k >= N for N * N square matrix. Attempting to use scipy.linalg.eigh instead.
  eigenvalues, eigenvectors = eigsh(
/home1/sajan_rg/graphormer_eval/new_experiments/graph_exp_new/data.py:138: RuntimeWarning: k >= N for N * N square matrix. Attempting to use scipy.linalg.eigh instead.
  eigenvalues, eigenvectors = eigsh(
/home1/sajan_rg/graphormer_eval/new_experiments/graph_exp_new/data.py:138: RuntimeWarning: k >= N for N * N square matrix. Attempting to use scipy.linalg.eigh instead.
  eigenvalues, eigenvectors = eigsh(
/home1/sajan_rg/graphormer_eval/new_experiments/graph_exp_new/data.py:138: RuntimeWarning: k >= N for N * N square matrix. Attempting to use scipy.linalg.eigh instead.
  eigenvalues, eigenvectors = eigsh(
/home1/sajan_rg/graphormer_eval/new_experiments/graph_exp_new/data.py:138: RuntimeWarning: k >= N for N * N square matrix. Attempting to use scipy.linalg.eigh instead.
  eigenvalues, eigenvectors = eigsh(
/home1/sajan_rg/graphormer_eval/new_experiments/graph_exp_new/data.py:138: RuntimeWarning: k >= N for N * N square matrix. Attempting to use scipy.linalg.eigh instead.
  eigenvalues, eigenvectors = eigsh(
/home1/sajan_rg/graphormer_eval/new_experiments/graph_exp_new/data.py:138: RuntimeWarning: k >= N for N * N square matrix. Attempting to use scipy.linalg.eigh instead.
  eigenvalues, eigenvectors = eigsh(
Epoch  56/200 [423.5s mem=23095MB] proxies=ON | train_loss=0.2412 mmd=0.0000 train_AP=0.4553 | val_loss=0.2945 val_AP=0.4667 | test_loss=0.2940 test_AP=0.4536
/home1/sajan_rg/graphormer_eval/new_experiments/graph_exp_new/data.py:138: RuntimeWarning: k >= N for N * N square matrix. Attempting to use scipy.linalg.eigh instead.
  eigenvalues, eigenvectors = eigsh(
/home1/sajan_rg/graphormer_eval/new_experiments/graph_exp_new/data.py:138: RuntimeWarning: k >= N for N * N square matrix. Attempting to use scipy.linalg.eigh instead.
  eigenvalues, eigenvectors = eigsh(
/home1/sajan_rg/graphormer_eval/new_experiments/graph_exp_new/data.py:138: RuntimeWarning: k >= N for N * N square matrix. Attempting to use scipy.linalg.eigh instead.
  eigenvalues, eigenvectors = eigsh(
/home1/sajan_rg/graphormer_eval/new_experiments/graph_exp_new/data.py:138: RuntimeWarning: k >= N for N * N square matrix. Attempting to use scipy.linalg.eigh instead.
  eigenvalues, eigenvectors = eigsh(
/home1/sajan_rg/graphormer_eval/new_experiments/graph_exp_new/data.py:138: RuntimeWarning: k >= N for N * N square matrix. Attempting to use scipy.linalg.eigh instead.
  eigenvalues, eigenvectors = eigsh(
/home1/sajan_rg/graphormer_eval/new_experiments/graph_exp_new/data.py:138: RuntimeWarning: k >= N for N * N square matrix. Attempting to use scipy.linalg.eigh instead.
  eigenvalues, eigenvectors = eigsh(
/home1/sajan_rg/graphormer_eval/new_experiments/graph_exp_new/data.py:138: RuntimeWarning: k >= N for N * N square matrix. Attempting to use scipy.linalg.eigh instead.
  eigenvalues, eigenvectors = eigsh(
/home1/sajan_rg/graphormer_eval/new_experiments/graph_exp_new/data.py:138: RuntimeWarning: k >= N for N * N square matrix. Attempting to use scipy.linalg.eigh instead.
  eigenvalues, eigenvectors = eigsh(
/home1/sajan_rg/graphormer_eval/new_experiments/graph_exp_new/data.py:138: RuntimeWarning: k >= N for N * N square matrix. Attempting to use scipy.linalg.eigh instead.
  eigenvalues, eigenvectors = eigsh(
/home1/sajan_rg/graphormer_eval/new_experiments/graph_exp_new/data.py:138: RuntimeWarning: k >= N for N * N square matrix. Attempting to use scipy.linalg.eigh instead.
  eigenvalues, eigenvectors = eigsh(
/home1/sajan_rg/graphormer_eval/new_experiments/graph_exp_new/data.py:138: RuntimeWarning: k >= N for N * N square matrix. Attempting to use scipy.linalg.eigh instead.
  eigenvalues, eigenvectors = eigsh(
/home1/sajan_rg/graphormer_eval/new_experiments/graph_exp_new/data.py:138: RuntimeWarning: k >= N for N * N square matrix. Attempting to use scipy.linalg.eigh instead.
  eigenvalues, eigenvectors = eigsh(
Epoch  57/200 [422.2s mem=23094MB] proxies=ON | train_loss=0.2420 mmd=0.0000 train_AP=0.4557 | val_loss=0.3016 val_AP=0.4554 | test_loss=0.2963 test_AP=0.4614
/home1/sajan_rg/graphormer_eval/new_experiments/graph_exp_new/data.py:138: RuntimeWarning: k >= N for N * N square matrix. Attempting to use scipy.linalg.eigh instead.
  eigenvalues, eigenvectors = eigsh(
/home1/sajan_rg/graphormer_eval/new_experiments/graph_exp_new/data.py:138: RuntimeWarning: k >= N for N * N square matrix. Attempting to use scipy.linalg.eigh instead.
  eigenvalues, eigenvectors = eigsh(
/home1/sajan_rg/graphormer_eval/new_experiments/graph_exp_new/data.py:138: RuntimeWarning: k >= N for N * N square matrix. Attempting to use scipy.linalg.eigh instead.
  eigenvalues, eigenvectors = eigsh(
/home1/sajan_rg/graphormer_eval/new_experiments/graph_exp_new/data.py:138: RuntimeWarning: k >= N for N * N square matrix. Attempting to use scipy.linalg.eigh instead.
  eigenvalues, eigenvectors = eigsh(
/home1/sajan_rg/graphormer_eval/new_experiments/graph_exp_new/data.py:138: RuntimeWarning: k >= N for N * N square matrix. Attempting to use scipy.linalg.eigh instead.
  eigenvalues, eigenvectors = eigsh(
/home1/sajan_rg/graphormer_eval/new_experiments/graph_exp_new/data.py:138: RuntimeWarning: k >= N for N * N square matrix. Attempting to use scipy.linalg.eigh instead.
  eigenvalues, eigenvectors = eigsh(
/home1/sajan_rg/graphormer_eval/new_experiments/graph_exp_new/data.py:138: RuntimeWarning: k >= N for N * N square matrix. Attempting to use scipy.linalg.eigh instead.
  eigenvalues, eigenvectors = eigsh(
/home1/sajan_rg/graphormer_eval/new_experiments/graph_exp_new/data.py:138: RuntimeWarning: k >= N for N * N square matrix. Attempting to use scipy.linalg.eigh instead.
  eigenvalues, eigenvectors = eigsh(
/home1/sajan_rg/graphormer_eval/new_experiments/graph_exp_new/data.py:138: RuntimeWarning: k >= N for N * N square matrix. Attempting to use scipy.linalg.eigh instead.
  eigenvalues, eigenvectors = eigsh(
/home1/sajan_rg/graphormer_eval/new_experiments/graph_exp_new/data.py:138: RuntimeWarning: k >= N for N * N square matrix. Attempting to use scipy.linalg.eigh instead.
  eigenvalues, eigenvectors = eigsh(
/home1/sajan_rg/graphormer_eval/new_experiments/graph_exp_new/data.py:138: RuntimeWarning: k >= N for N * N square matrix. Attempting to use scipy.linalg.eigh instead.
  eigenvalues, eigenvectors = eigsh(
/home1/sajan_rg/graphormer_eval/new_experiments/graph_exp_new/data.py:138: RuntimeWarning: k >= N for N * N square matrix. Attempting to use scipy.linalg.eigh instead.
  eigenvalues, eigenvectors = eigsh(
Epoch  58/200 [424.0s mem=23082MB] proxies=ON | train_loss=0.2428 mmd=0.0000 train_AP=0.4541 | val_loss=0.2742 val_AP=0.4772 | test_loss=0.2805 test_AP=0.4674
/home1/sajan_rg/graphormer_eval/new_experiments/graph_exp_new/data.py:138: RuntimeWarning: k >= N for N * N square matrix. Attempting to use scipy.linalg.eigh instead.
  eigenvalues, eigenvectors = eigsh(
/home1/sajan_rg/graphormer_eval/new_experiments/graph_exp_new/data.py:138: RuntimeWarning: k >= N for N * N square matrix. Attempting to use scipy.linalg.eigh instead.
  eigenvalues, eigenvectors = eigsh(
/home1/sajan_rg/graphormer_eval/new_experiments/graph_exp_new/data.py:138: RuntimeWarning: k >= N for N * N square matrix. Attempting to use scipy.linalg.eigh instead.
  eigenvalues, eigenvectors = eigsh(
/home1/sajan_rg/graphormer_eval/new_experiments/graph_exp_new/data.py:138: RuntimeWarning: k >= N for N * N square matrix. Attempting to use scipy.linalg.eigh instead.
  eigenvalues, eigenvectors = eigsh(
/home1/sajan_rg/graphormer_eval/new_experiments/graph_exp_new/data.py:138: RuntimeWarning: k >= N for N * N square matrix. Attempting to use scipy.linalg.eigh instead.
  eigenvalues, eigenvectors = eigsh(
/home1/sajan_rg/graphormer_eval/new_experiments/graph_exp_new/data.py:138: RuntimeWarning: k >= N for N * N square matrix. Attempting to use scipy.linalg.eigh instead.
  eigenvalues, eigenvectors = eigsh(
/home1/sajan_rg/graphormer_eval/new_experiments/graph_exp_new/data.py:138: RuntimeWarning: k >= N for N * N square matrix. Attempting to use scipy.linalg.eigh instead.
  eigenvalues, eigenvectors = eigsh(
/home1/sajan_rg/graphormer_eval/new_experiments/graph_exp_new/data.py:138: RuntimeWarning: k >= N for N * N square matrix. Attempting to use scipy.linalg.eigh instead.
  eigenvalues, eigenvectors = eigsh(
/home1/sajan_rg/graphormer_eval/new_experiments/graph_exp_new/data.py:138: RuntimeWarning: k >= N for N * N square matrix. Attempting to use scipy.linalg.eigh instead.
  eigenvalues, eigenvectors = eigsh(
/home1/sajan_rg/graphormer_eval/new_experiments/graph_exp_new/data.py:138: RuntimeWarning: k >= N for N * N square matrix. Attempting to use scipy.linalg.eigh instead.
  eigenvalues, eigenvectors = eigsh(
/home1/sajan_rg/graphormer_eval/new_experiments/graph_exp_new/data.py:138: RuntimeWarning: k >= N for N * N square matrix. Attempting to use scipy.linalg.eigh instead.
  eigenvalues, eigenvectors = eigsh(
/home1/sajan_rg/graphormer_eval/new_experiments/graph_exp_new/data.py:138: RuntimeWarning: k >= N for N * N square matrix. Attempting to use scipy.linalg.eigh instead.
  eigenvalues, eigenvectors = eigsh(
Epoch  59/200 [342.1s mem=23078MB] proxies=ON | train_loss=0.2383 mmd=0.0000 train_AP=0.4574 | val_loss=0.3163 val_AP=0.4855 | test_loss=0.3220 test_AP=0.4688
  -> New best val AP=0.4855 (test AP=0.4688), saved to checkpoints_three_staged_cross_multipt/best_e2e.pt
/home1/sajan_rg/graphormer_eval/new_experiments/graph_exp_new/data.py:138: RuntimeWarning: k >= N for N * N square matrix. Attempting to use scipy.linalg.eigh instead.
  eigenvalues, eigenvectors = eigsh(
/home1/sajan_rg/graphormer_eval/new_experiments/graph_exp_new/data.py:138: RuntimeWarning: k >= N for N * N square matrix. Attempting to use scipy.linalg.eigh instead.
  eigenvalues, eigenvectors = eigsh(
/home1/sajan_rg/graphormer_eval/new_experiments/graph_exp_new/data.py:138: RuntimeWarning: k >= N for N * N square matrix. Attempting to use scipy.linalg.eigh instead.
  eigenvalues, eigenvectors = eigsh(
/home1/sajan_rg/graphormer_eval/new_experiments/graph_exp_new/data.py:138: RuntimeWarning: k >= N for N * N square matrix. Attempting to use scipy.linalg.eigh instead.
  eigenvalues, eigenvectors = eigsh(
/home1/sajan_rg/graphormer_eval/new_experiments/graph_exp_new/data.py:138: RuntimeWarning: k >= N for N * N square matrix. Attempting to use scipy.linalg.eigh instead.
  eigenvalues, eigenvectors = eigsh(
/home1/sajan_rg/graphormer_eval/new_experiments/graph_exp_new/data.py:138: RuntimeWarning: k >= N for N * N square matrix. Attempting to use scipy.linalg.eigh instead.
  eigenvalues, eigenvectors = eigsh(
/home1/sajan_rg/graphormer_eval/new_experiments/graph_exp_new/data.py:138: RuntimeWarning: k >= N for N * N square matrix. Attempting to use scipy.linalg.eigh instead.
  eigenvalues, eigenvectors = eigsh(
/home1/sajan_rg/graphormer_eval/new_experiments/graph_exp_new/data.py:138: RuntimeWarning: k >= N for N * N square matrix. Attempting to use scipy.linalg.eigh instead.
  eigenvalues, eigenvectors = eigsh(
/home1/sajan_rg/graphormer_eval/new_experiments/graph_exp_new/data.py:138: RuntimeWarning: k >= N for N * N square matrix. Attempting to use scipy.linalg.eigh instead.
  eigenvalues, eigenvectors = eigsh(
/home1/sajan_rg/graphormer_eval/new_experiments/graph_exp_new/data.py:138: RuntimeWarning: k >= N for N * N square matrix. Attempting to use scipy.linalg.eigh instead.
  eigenvalues, eigenvectors = eigsh(
/home1/sajan_rg/graphormer_eval/new_experiments/graph_exp_new/data.py:138: RuntimeWarning: k >= N for N * N square matrix. Attempting to use scipy.linalg.eigh instead.
  eigenvalues, eigenvectors = eigsh(
/home1/sajan_rg/graphormer_eval/new_experiments/graph_exp_new/data.py:138: RuntimeWarning: k >= N for N * N square matrix. Attempting to use scipy.linalg.eigh instead.
  eigenvalues, eigenvectors = eigsh(
Epoch  60/200 [300.7s mem=23090MB] proxies=ON | train_loss=0.2378 mmd=0.0000 train_AP=0.4587 | val_loss=0.2817 val_AP=0.4783 | test_loss=0.2887 test_AP=0.4688
/home1/sajan_rg/graphormer_eval/new_experiments/graph_exp_new/data.py:138: RuntimeWarning: k >= N for N * N square matrix. Attempting to use scipy.linalg.eigh instead.
  eigenvalues, eigenvectors = eigsh(
/home1/sajan_rg/graphormer_eval/new_experiments/graph_exp_new/data.py:138: RuntimeWarning: k >= N for N * N square matrix. Attempting to use scipy.linalg.eigh instead.
  eigenvalues, eigenvectors = eigsh(
/home1/sajan_rg/graphormer_eval/new_experiments/graph_exp_new/data.py:138: RuntimeWarning: k >= N for N * N square matrix. Attempting to use scipy.linalg.eigh instead.
  eigenvalues, eigenvectors = eigsh(
/home1/sajan_rg/graphormer_eval/new_experiments/graph_exp_new/data.py:138: RuntimeWarning: k >= N for N * N square matrix. Attempting to use scipy.linalg.eigh instead.
  eigenvalues, eigenvectors = eigsh(
/home1/sajan_rg/graphormer_eval/new_experiments/graph_exp_new/data.py:138: RuntimeWarning: k >= N for N * N square matrix. Attempting to use scipy.linalg.eigh instead.
  eigenvalues, eigenvectors = eigsh(
/home1/sajan_rg/graphormer_eval/new_experiments/graph_exp_new/data.py:138: RuntimeWarning: k >= N for N * N square matrix. Attempting to use scipy.linalg.eigh instead.
  eigenvalues, eigenvectors = eigsh(
/home1/sajan_rg/graphormer_eval/new_experiments/graph_exp_new/data.py:138: RuntimeWarning: k >= N for N * N square matrix. Attempting to use scipy.linalg.eigh instead.
  eigenvalues, eigenvectors = eigsh(
/home1/sajan_rg/graphormer_eval/new_experiments/graph_exp_new/data.py:138: RuntimeWarning: k >= N for N * N square matrix. Attempting to use scipy.linalg.eigh instead.
  eigenvalues, eigenvectors = eigsh(
/home1/sajan_rg/graphormer_eval/new_experiments/graph_exp_new/data.py:138: RuntimeWarning: k >= N for N * N square matrix. Attempting to use scipy.linalg.eigh instead.
  eigenvalues, eigenvectors = eigsh(
/home1/sajan_rg/graphormer_eval/new_experiments/graph_exp_new/data.py:138: RuntimeWarning: k >= N for N * N square matrix. Attempting to use scipy.linalg.eigh instead.
  eigenvalues, eigenvectors = eigsh(
/home1/sajan_rg/graphormer_eval/new_experiments/graph_exp_new/data.py:138: RuntimeWarning: k >= N for N * N square matrix. Attempting to use scipy.linalg.eigh instead.
  eigenvalues, eigenvectors = eigsh(
/home1/sajan_rg/graphormer_eval/new_experiments/graph_exp_new/data.py:138: RuntimeWarning: k >= N for N * N square matrix. Attempting to use scipy.linalg.eigh instead.
  eigenvalues, eigenvectors = eigsh(
Epoch  61/200 [311.6s mem=23097MB] proxies=ON | train_loss=0.2374 mmd=0.0000 train_AP=0.4638 | val_loss=0.3085 val_AP=0.4823 | test_loss=0.3040 test_AP=0.4684
/home1/sajan_rg/graphormer_eval/new_experiments/graph_exp_new/data.py:138: RuntimeWarning: k >= N for N * N square matrix. Attempting to use scipy.linalg.eigh instead.
  eigenvalues, eigenvectors = eigsh(
/home1/sajan_rg/graphormer_eval/new_experiments/graph_exp_new/data.py:138: RuntimeWarning: k >= N for N * N square matrix. Attempting to use scipy.linalg.eigh instead.
  eigenvalues, eigenvectors = eigsh(
/home1/sajan_rg/graphormer_eval/new_experiments/graph_exp_new/data.py:138: RuntimeWarning: k >= N for N * N square matrix. Attempting to use scipy.linalg.eigh instead.
  eigenvalues, eigenvectors = eigsh(
/home1/sajan_rg/graphormer_eval/new_experiments/graph_exp_new/data.py:138: RuntimeWarning: k >= N for N * N square matrix. Attempting to use scipy.linalg.eigh instead.
  eigenvalues, eigenvectors = eigsh(
/home1/sajan_rg/graphormer_eval/new_experiments/graph_exp_new/data.py:138: RuntimeWarning: k >= N for N * N square matrix. Attempting to use scipy.linalg.eigh instead.
  eigenvalues, eigenvectors = eigsh(
/home1/sajan_rg/graphormer_eval/new_experiments/graph_exp_new/data.py:138: RuntimeWarning: k >= N for N * N square matrix. Attempting to use scipy.linalg.eigh instead.
  eigenvalues, eigenvectors = eigsh(
/home1/sajan_rg/graphormer_eval/new_experiments/graph_exp_new/data.py:138: RuntimeWarning: k >= N for N * N square matrix. Attempting to use scipy.linalg.eigh instead.
  eigenvalues, eigenvectors = eigsh(
/home1/sajan_rg/graphormer_eval/new_experiments/graph_exp_new/data.py:138: RuntimeWarning: k >= N for N * N square matrix. Attempting to use scipy.linalg.eigh instead.
  eigenvalues, eigenvectors = eigsh(
/home1/sajan_rg/graphormer_eval/new_experiments/graph_exp_new/data.py:138: RuntimeWarning: k >= N for N * N square matrix. Attempting to use scipy.linalg.eigh instead.
  eigenvalues, eigenvectors = eigsh(
/home1/sajan_rg/graphormer_eval/new_experiments/graph_exp_new/data.py:138: RuntimeWarning: k >= N for N * N square matrix. Attempting to use scipy.linalg.eigh instead.
  eigenvalues, eigenvectors = eigsh(
/home1/sajan_rg/graphormer_eval/new_experiments/graph_exp_new/data.py:138: RuntimeWarning: k >= N for N * N square matrix. Attempting to use scipy.linalg.eigh instead.
  eigenvalues, eigenvectors = eigsh(
/home1/sajan_rg/graphormer_eval/new_experiments/graph_exp_new/data.py:138: RuntimeWarning: k >= N for N * N square matrix. Attempting to use scipy.linalg.eigh instead.
  eigenvalues, eigenvectors = eigsh(
Epoch  62/200 [305.0s mem=23092MB] proxies=ON | train_loss=0.2356 mmd=0.0000 train_AP=0.4600 | val_loss=0.2928 val_AP=0.4654 | test_loss=0.3139 test_AP=0.4577
/home1/sajan_rg/graphormer_eval/new_experiments/graph_exp_new/data.py:138: RuntimeWarning: k >= N for N * N square matrix. Attempting to use scipy.linalg.eigh instead.
  eigenvalues, eigenvectors = eigsh(
/home1/sajan_rg/graphormer_eval/new_experiments/graph_exp_new/data.py:138: RuntimeWarning: k >= N for N * N square matrix. Attempting to use scipy.linalg.eigh instead.
  eigenvalues, eigenvectors = eigsh(
/home1/sajan_rg/graphormer_eval/new_experiments/graph_exp_new/data.py:138: RuntimeWarning: k >= N for N * N square matrix. Attempting to use scipy.linalg.eigh instead.
  eigenvalues, eigenvectors = eigsh(
/home1/sajan_rg/graphormer_eval/new_experiments/graph_exp_new/data.py:138: RuntimeWarning: k >= N for N * N square matrix. Attempting to use scipy.linalg.eigh instead.
  eigenvalues, eigenvectors = eigsh(
/home1/sajan_rg/graphormer_eval/new_experiments/graph_exp_new/data.py:138: RuntimeWarning: k >= N for N * N square matrix. Attempting to use scipy.linalg.eigh instead.
  eigenvalues, eigenvectors = eigsh(
/home1/sajan_rg/graphormer_eval/new_experiments/graph_exp_new/data.py:138: RuntimeWarning: k >= N for N * N square matrix. Attempting to use scipy.linalg.eigh instead.
  eigenvalues, eigenvectors = eigsh(
/home1/sajan_rg/graphormer_eval/new_experiments/graph_exp_new/data.py:138: RuntimeWarning: k >= N for N * N square matrix. Attempting to use scipy.linalg.eigh instead.
  eigenvalues, eigenvectors = eigsh(
/home1/sajan_rg/graphormer_eval/new_experiments/graph_exp_new/data.py:138: RuntimeWarning: k >= N for N * N square matrix. Attempting to use scipy.linalg.eigh instead.
  eigenvalues, eigenvectors = eigsh(
/home1/sajan_rg/graphormer_eval/new_experiments/graph_exp_new/data.py:138: RuntimeWarning: k >= N for N * N square matrix. Attempting to use scipy.linalg.eigh instead.
  eigenvalues, eigenvectors = eigsh(
/home1/sajan_rg/graphormer_eval/new_experiments/graph_exp_new/data.py:138: RuntimeWarning: k >= N for N * N square matrix. Attempting to use scipy.linalg.eigh instead.
  eigenvalues, eigenvectors = eigsh(
/home1/sajan_rg/graphormer_eval/new_experiments/graph_exp_new/data.py:138: RuntimeWarning: k >= N for N * N square matrix. Attempting to use scipy.linalg.eigh instead.
  eigenvalues, eigenvectors = eigsh(
/home1/sajan_rg/graphormer_eval/new_experiments/graph_exp_new/data.py:138: RuntimeWarning: k >= N for N * N square matrix. Attempting to use scipy.linalg.eigh instead.
  eigenvalues, eigenvectors = eigsh(
Epoch  63/200 [308.6s mem=23097MB] proxies=ON | train_loss=0.2386 mmd=0.0000 train_AP=0.4619 | val_loss=0.3425 val_AP=0.4696 | test_loss=0.3749 test_AP=0.4579
/home1/sajan_rg/graphormer_eval/new_experiments/graph_exp_new/data.py:138: RuntimeWarning: k >= N for N * N square matrix. Attempting to use scipy.linalg.eigh instead.
  eigenvalues, eigenvectors = eigsh(
/home1/sajan_rg/graphormer_eval/new_experiments/graph_exp_new/data.py:138: RuntimeWarning: k >= N for N * N square matrix. Attempting to use scipy.linalg.eigh instead.
  eigenvalues, eigenvectors = eigsh(
/home1/sajan_rg/graphormer_eval/new_experiments/graph_exp_new/data.py:138: RuntimeWarning: k >= N for N * N square matrix. Attempting to use scipy.linalg.eigh instead.
  eigenvalues, eigenvectors = eigsh(
/home1/sajan_rg/graphormer_eval/new_experiments/graph_exp_new/data.py:138: RuntimeWarning: k >= N for N * N square matrix. Attempting to use scipy.linalg.eigh instead.
  eigenvalues, eigenvectors = eigsh(
/home1/sajan_rg/graphormer_eval/new_experiments/graph_exp_new/data.py:138: RuntimeWarning: k >= N for N * N square matrix. Attempting to use scipy.linalg.eigh instead.
  eigenvalues, eigenvectors = eigsh(
/home1/sajan_rg/graphormer_eval/new_experiments/graph_exp_new/data.py:138: RuntimeWarning: k >= N for N * N square matrix. Attempting to use scipy.linalg.eigh instead.
  eigenvalues, eigenvectors = eigsh(
/home1/sajan_rg/graphormer_eval/new_experiments/graph_exp_new/data.py:138: RuntimeWarning: k >= N for N * N square matrix. Attempting to use scipy.linalg.eigh instead.
  eigenvalues, eigenvectors = eigsh(
/home1/sajan_rg/graphormer_eval/new_experiments/graph_exp_new/data.py:138: RuntimeWarning: k >= N for N * N square matrix. Attempting to use scipy.linalg.eigh instead.
  eigenvalues, eigenvectors = eigsh(
/home1/sajan_rg/graphormer_eval/new_experiments/graph_exp_new/data.py:138: RuntimeWarning: k >= N for N * N square matrix. Attempting to use scipy.linalg.eigh instead.
  eigenvalues, eigenvectors = eigsh(
/home1/sajan_rg/graphormer_eval/new_experiments/graph_exp_new/data.py:138: RuntimeWarning: k >= N for N * N square matrix. Attempting to use scipy.linalg.eigh instead.
  eigenvalues, eigenvectors = eigsh(
/home1/sajan_rg/graphormer_eval/new_experiments/graph_exp_new/data.py:138: RuntimeWarning: k >= N for N * N square matrix. Attempting to use scipy.linalg.eigh instead.
  eigenvalues, eigenvectors = eigsh(
/home1/sajan_rg/graphormer_eval/new_experiments/graph_exp_new/data.py:138: RuntimeWarning: k >= N for N * N square matrix. Attempting to use scipy.linalg.eigh instead.
  eigenvalues, eigenvectors = eigsh(
Epoch  64/200 [313.8s mem=23093MB] proxies=ON | train_loss=0.2376 mmd=0.0000 train_AP=0.4700 | val_loss=0.3536 val_AP=0.4781 | test_loss=0.3727 test_AP=0.4533
/home1/sajan_rg/graphormer_eval/new_experiments/graph_exp_new/data.py:138: RuntimeWarning: k >= N for N * N square matrix. Attempting to use scipy.linalg.eigh instead.
  eigenvalues, eigenvectors = eigsh(
/home1/sajan_rg/graphormer_eval/new_experiments/graph_exp_new/data.py:138: RuntimeWarning: k >= N for N * N square matrix. Attempting to use scipy.linalg.eigh instead.
  eigenvalues, eigenvectors = eigsh(
/home1/sajan_rg/graphormer_eval/new_experiments/graph_exp_new/data.py:138: RuntimeWarning: k >= N for N * N square matrix. Attempting to use scipy.linalg.eigh instead.
  eigenvalues, eigenvectors = eigsh(
/home1/sajan_rg/graphormer_eval/new_experiments/graph_exp_new/data.py:138: RuntimeWarning: k >= N for N * N square matrix. Attempting to use scipy.linalg.eigh instead.
  eigenvalues, eigenvectors = eigsh(
/home1/sajan_rg/graphormer_eval/new_experiments/graph_exp_new/data.py:138: RuntimeWarning: k >= N for N * N square matrix. Attempting to use scipy.linalg.eigh instead.
  eigenvalues, eigenvectors = eigsh(
/home1/sajan_rg/graphormer_eval/new_experiments/graph_exp_new/data.py:138: RuntimeWarning: k >= N for N * N square matrix. Attempting to use scipy.linalg.eigh instead.
  eigenvalues, eigenvectors = eigsh(
/home1/sajan_rg/graphormer_eval/new_experiments/graph_exp_new/data.py:138: RuntimeWarning: k >= N for N * N square matrix. Attempting to use scipy.linalg.eigh instead.
  eigenvalues, eigenvectors = eigsh(
/home1/sajan_rg/graphormer_eval/new_experiments/graph_exp_new/data.py:138: RuntimeWarning: k >= N for N * N square matrix. Attempting to use scipy.linalg.eigh instead.
  eigenvalues, eigenvectors = eigsh(
/home1/sajan_rg/graphormer_eval/new_experiments/graph_exp_new/data.py:138: RuntimeWarning: k >= N for N * N square matrix. Attempting to use scipy.linalg.eigh instead.
  eigenvalues, eigenvectors = eigsh(
/home1/sajan_rg/graphormer_eval/new_experiments/graph_exp_new/data.py:138: RuntimeWarning: k >= N for N * N square matrix. Attempting to use scipy.linalg.eigh instead.
  eigenvalues, eigenvectors = eigsh(
/home1/sajan_rg/graphormer_eval/new_experiments/graph_exp_new/data.py:138: RuntimeWarning: k >= N for N * N square matrix. Attempting to use scipy.linalg.eigh instead.
  eigenvalues, eigenvectors = eigsh(
/home1/sajan_rg/graphormer_eval/new_experiments/graph_exp_new/data.py:138: RuntimeWarning: k >= N for N * N square matrix. Attempting to use scipy.linalg.eigh instead.
  eigenvalues, eigenvectors = eigsh(
Epoch  65/200 [306.8s mem=23079MB] proxies=ON | train_loss=0.2340 mmd=0.0000 train_AP=0.4695 | val_loss=0.2758 val_AP=0.4911 | test_loss=0.2911 test_AP=0.4736
  -> New best val AP=0.4911 (test AP=0.4736), saved to checkpoints_three_staged_cross_multipt/best_e2e.pt
/home1/sajan_rg/graphormer_eval/new_experiments/graph_exp_new/data.py:138: RuntimeWarning: k >= N for N * N square matrix. Attempting to use scipy.linalg.eigh instead.
  eigenvalues, eigenvectors = eigsh(
/home1/sajan_rg/graphormer_eval/new_experiments/graph_exp_new/data.py:138: RuntimeWarning: k >= N for N * N square matrix. Attempting to use scipy.linalg.eigh instead.
  eigenvalues, eigenvectors = eigsh(
/home1/sajan_rg/graphormer_eval/new_experiments/graph_exp_new/data.py:138: RuntimeWarning: k >= N for N * N square matrix. Attempting to use scipy.linalg.eigh instead.
  eigenvalues, eigenvectors = eigsh(
/home1/sajan_rg/graphormer_eval/new_experiments/graph_exp_new/data.py:138: RuntimeWarning: k >= N for N * N square matrix. Attempting to use scipy.linalg.eigh instead.
  eigenvalues, eigenvectors = eigsh(
/home1/sajan_rg/graphormer_eval/new_experiments/graph_exp_new/data.py:138: RuntimeWarning: k >= N for N * N square matrix. Attempting to use scipy.linalg.eigh instead.
  eigenvalues, eigenvectors = eigsh(
/home1/sajan_rg/graphormer_eval/new_experiments/graph_exp_new/data.py:138: RuntimeWarning: k >= N for N * N square matrix. Attempting to use scipy.linalg.eigh instead.
  eigenvalues, eigenvectors = eigsh(
/home1/sajan_rg/graphormer_eval/new_experiments/graph_exp_new/data.py:138: RuntimeWarning: k >= N for N * N square matrix. Attempting to use scipy.linalg.eigh instead.
  eigenvalues, eigenvectors = eigsh(
/home1/sajan_rg/graphormer_eval/new_experiments/graph_exp_new/data.py:138: RuntimeWarning: k >= N for N * N square matrix. Attempting to use scipy.linalg.eigh instead.
  eigenvalues, eigenvectors = eigsh(
/home1/sajan_rg/graphormer_eval/new_experiments/graph_exp_new/data.py:138: RuntimeWarning: k >= N for N * N square matrix. Attempting to use scipy.linalg.eigh instead.
  eigenvalues, eigenvectors = eigsh(
/home1/sajan_rg/graphormer_eval/new_experiments/graph_exp_new/data.py:138: RuntimeWarning: k >= N for N * N square matrix. Attempting to use scipy.linalg.eigh instead.
  eigenvalues, eigenvectors = eigsh(
/home1/sajan_rg/graphormer_eval/new_experiments/graph_exp_new/data.py:138: RuntimeWarning: k >= N for N * N square matrix. Attempting to use scipy.linalg.eigh instead.
  eigenvalues, eigenvectors = eigsh(
/home1/sajan_rg/graphormer_eval/new_experiments/graph_exp_new/data.py:138: RuntimeWarning: k >= N for N * N square matrix. Attempting to use scipy.linalg.eigh instead.
  eigenvalues, eigenvectors = eigsh(
Epoch  66/200 [298.9s mem=23086MB] proxies=ON | train_loss=0.2304 mmd=0.0000 train_AP=0.4733 | val_loss=0.3370 val_AP=0.4785 | test_loss=0.3532 test_AP=0.4622
/home1/sajan_rg/graphormer_eval/new_experiments/graph_exp_new/data.py:138: RuntimeWarning: k >= N for N * N square matrix. Attempting to use scipy.linalg.eigh instead.
  eigenvalues, eigenvectors = eigsh(
/home1/sajan_rg/graphormer_eval/new_experiments/graph_exp_new/data.py:138: RuntimeWarning: k >= N for N * N square matrix. Attempting to use scipy.linalg.eigh instead.
  eigenvalues, eigenvectors = eigsh(
/home1/sajan_rg/graphormer_eval/new_experiments/graph_exp_new/data.py:138: RuntimeWarning: k >= N for N * N square matrix. Attempting to use scipy.linalg.eigh instead.
  eigenvalues, eigenvectors = eigsh(
/home1/sajan_rg/graphormer_eval/new_experiments/graph_exp_new/data.py:138: RuntimeWarning: k >= N for N * N square matrix. Attempting to use scipy.linalg.eigh instead.
  eigenvalues, eigenvectors = eigsh(
/home1/sajan_rg/graphormer_eval/new_experiments/graph_exp_new/data.py:138: RuntimeWarning: k >= N for N * N square matrix. Attempting to use scipy.linalg.eigh instead.
  eigenvalues, eigenvectors = eigsh(
/home1/sajan_rg/graphormer_eval/new_experiments/graph_exp_new/data.py:138: RuntimeWarning: k >= N for N * N square matrix. Attempting to use scipy.linalg.eigh instead.
  eigenvalues, eigenvectors = eigsh(
/home1/sajan_rg/graphormer_eval/new_experiments/graph_exp_new/data.py:138: RuntimeWarning: k >= N for N * N square matrix. Attempting to use scipy.linalg.eigh instead.
  eigenvalues, eigenvectors = eigsh(
/home1/sajan_rg/graphormer_eval/new_experiments/graph_exp_new/data.py:138: RuntimeWarning: k >= N for N * N square matrix. Attempting to use scipy.linalg.eigh instead.
  eigenvalues, eigenvectors = eigsh(
/home1/sajan_rg/graphormer_eval/new_experiments/graph_exp_new/data.py:138: RuntimeWarning: k >= N for N * N square matrix. Attempting to use scipy.linalg.eigh instead.
  eigenvalues, eigenvectors = eigsh(
/home1/sajan_rg/graphormer_eval/new_experiments/graph_exp_new/data.py:138: RuntimeWarning: k >= N for N * N square matrix. Attempting to use scipy.linalg.eigh instead.
  eigenvalues, eigenvectors = eigsh(
/home1/sajan_rg/graphormer_eval/new_experiments/graph_exp_new/data.py:138: RuntimeWarning: k >= N for N * N square matrix. Attempting to use scipy.linalg.eigh instead.
  eigenvalues, eigenvectors = eigsh(
/home1/sajan_rg/graphormer_eval/new_experiments/graph_exp_new/data.py:138: RuntimeWarning: k >= N for N * N square matrix. Attempting to use scipy.linalg.eigh instead.
  eigenvalues, eigenvectors = eigsh(
Epoch  67/200 [304.8s mem=23090MB] proxies=ON | train_loss=0.2375 mmd=0.0000 train_AP=0.4683 | val_loss=0.2700 val_AP=0.4886 | test_loss=0.2876 test_AP=0.4705
/home1/sajan_rg/graphormer_eval/new_experiments/graph_exp_new/data.py:138: RuntimeWarning: k >= N for N * N square matrix. Attempting to use scipy.linalg.eigh instead.
  eigenvalues, eigenvectors = eigsh(
/home1/sajan_rg/graphormer_eval/new_experiments/graph_exp_new/data.py:138: RuntimeWarning: k >= N for N * N square matrix. Attempting to use scipy.linalg.eigh instead.
  eigenvalues, eigenvectors = eigsh(
/home1/sajan_rg/graphormer_eval/new_experiments/graph_exp_new/data.py:138: RuntimeWarning: k >= N for N * N square matrix. Attempting to use scipy.linalg.eigh instead.
  eigenvalues, eigenvectors = eigsh(
/home1/sajan_rg/graphormer_eval/new_experiments/graph_exp_new/data.py:138: RuntimeWarning: k >= N for N * N square matrix. Attempting to use scipy.linalg.eigh instead.
  eigenvalues, eigenvectors = eigsh(
/home1/sajan_rg/graphormer_eval/new_experiments/graph_exp_new/data.py:138: RuntimeWarning: k >= N for N * N square matrix. Attempting to use scipy.linalg.eigh instead.
  eigenvalues, eigenvectors = eigsh(
/home1/sajan_rg/graphormer_eval/new_experiments/graph_exp_new/data.py:138: RuntimeWarning: k >= N for N * N square matrix. Attempting to use scipy.linalg.eigh instead.
  eigenvalues, eigenvectors = eigsh(
/home1/sajan_rg/graphormer_eval/new_experiments/graph_exp_new/data.py:138: RuntimeWarning: k >= N for N * N square matrix. Attempting to use scipy.linalg.eigh instead.
  eigenvalues, eigenvectors = eigsh(
/home1/sajan_rg/graphormer_eval/new_experiments/graph_exp_new/data.py:138: RuntimeWarning: k >= N for N * N square matrix. Attempting to use scipy.linalg.eigh instead.
  eigenvalues, eigenvectors = eigsh(
/home1/sajan_rg/graphormer_eval/new_experiments/graph_exp_new/data.py:138: RuntimeWarning: k >= N for N * N square matrix. Attempting to use scipy.linalg.eigh instead.
  eigenvalues, eigenvectors = eigsh(
/home1/sajan_rg/graphormer_eval/new_experiments/graph_exp_new/data.py:138: RuntimeWarning: k >= N for N * N square matrix. Attempting to use scipy.linalg.eigh instead.
  eigenvalues, eigenvectors = eigsh(
/home1/sajan_rg/graphormer_eval/new_experiments/graph_exp_new/data.py:138: RuntimeWarning: k >= N for N * N square matrix. Attempting to use scipy.linalg.eigh instead.
  eigenvalues, eigenvectors = eigsh(
/home1/sajan_rg/graphormer_eval/new_experiments/graph_exp_new/data.py:138: RuntimeWarning: k >= N for N * N square matrix. Attempting to use scipy.linalg.eigh instead.
  eigenvalues, eigenvectors = eigsh(
Epoch  68/200 [254.0s mem=23102MB] proxies=ON | train_loss=0.2322 mmd=0.0000 train_AP=0.4754 | val_loss=0.3281 val_AP=0.4632 | test_loss=0.3405 test_AP=0.4557
/home1/sajan_rg/graphormer_eval/new_experiments/graph_exp_new/data.py:138: RuntimeWarning: k >= N for N * N square matrix. Attempting to use scipy.linalg.eigh instead.
  eigenvalues, eigenvectors = eigsh(
/home1/sajan_rg/graphormer_eval/new_experiments/graph_exp_new/data.py:138: RuntimeWarning: k >= N for N * N square matrix. Attempting to use scipy.linalg.eigh instead.
  eigenvalues, eigenvectors = eigsh(
/home1/sajan_rg/graphormer_eval/new_experiments/graph_exp_new/data.py:138: RuntimeWarning: k >= N for N * N square matrix. Attempting to use scipy.linalg.eigh instead.
  eigenvalues, eigenvectors = eigsh(
/home1/sajan_rg/graphormer_eval/new_experiments/graph_exp_new/data.py:138: RuntimeWarning: k >= N for N * N square matrix. Attempting to use scipy.linalg.eigh instead.
  eigenvalues, eigenvectors = eigsh(
/home1/sajan_rg/graphormer_eval/new_experiments/graph_exp_new/data.py:138: RuntimeWarning: k >= N for N * N square matrix. Attempting to use scipy.linalg.eigh instead.
  eigenvalues, eigenvectors = eigsh(
/home1/sajan_rg/graphormer_eval/new_experiments/graph_exp_new/data.py:138: RuntimeWarning: k >= N for N * N square matrix. Attempting to use scipy.linalg.eigh instead.
  eigenvalues, eigenvectors = eigsh(
/home1/sajan_rg/graphormer_eval/new_experiments/graph_exp_new/data.py:138: RuntimeWarning: k >= N for N * N square matrix. Attempting to use scipy.linalg.eigh instead.
  eigenvalues, eigenvectors = eigsh(
/home1/sajan_rg/graphormer_eval/new_experiments/graph_exp_new/data.py:138: RuntimeWarning: k >= N for N * N square matrix. Attempting to use scipy.linalg.eigh instead.
  eigenvalues, eigenvectors = eigsh(
/home1/sajan_rg/graphormer_eval/new_experiments/graph_exp_new/data.py:138: RuntimeWarning: k >= N for N * N square matrix. Attempting to use scipy.linalg.eigh instead.
  eigenvalues, eigenvectors = eigsh(
/home1/sajan_rg/graphormer_eval/new_experiments/graph_exp_new/data.py:138: RuntimeWarning: k >= N for N * N square matrix. Attempting to use scipy.linalg.eigh instead.
  eigenvalues, eigenvectors = eigsh(
/home1/sajan_rg/graphormer_eval/new_experiments/graph_exp_new/data.py:138: RuntimeWarning: k >= N for N * N square matrix. Attempting to use scipy.linalg.eigh instead.
  eigenvalues, eigenvectors = eigsh(
/home1/sajan_rg/graphormer_eval/new_experiments/graph_exp_new/data.py:138: RuntimeWarning: k >= N for N * N square matrix. Attempting to use scipy.linalg.eigh instead.
  eigenvalues, eigenvectors = eigsh(
Epoch  69/200 [223.1s mem=23091MB] proxies=ON | train_loss=0.2310 mmd=0.0000 train_AP=0.4741 | val_loss=0.3014 val_AP=0.4825 | test_loss=0.3352 test_AP=0.4683
/home1/sajan_rg/graphormer_eval/new_experiments/graph_exp_new/data.py:138: RuntimeWarning: k >= N for N * N square matrix. Attempting to use scipy.linalg.eigh instead.
  eigenvalues, eigenvectors = eigsh(
/home1/sajan_rg/graphormer_eval/new_experiments/graph_exp_new/data.py:138: RuntimeWarning: k >= N for N * N square matrix. Attempting to use scipy.linalg.eigh instead.
  eigenvalues, eigenvectors = eigsh(
/home1/sajan_rg/graphormer_eval/new_experiments/graph_exp_new/data.py:138: RuntimeWarning: k >= N for N * N square matrix. Attempting to use scipy.linalg.eigh instead.
  eigenvalues, eigenvectors = eigsh(
/home1/sajan_rg/graphormer_eval/new_experiments/graph_exp_new/data.py:138: RuntimeWarning: k >= N for N * N square matrix. Attempting to use scipy.linalg.eigh instead.
  eigenvalues, eigenvectors = eigsh(
/home1/sajan_rg/graphormer_eval/new_experiments/graph_exp_new/data.py:138: RuntimeWarning: k >= N for N * N square matrix. Attempting to use scipy.linalg.eigh instead.
  eigenvalues, eigenvectors = eigsh(
/home1/sajan_rg/graphormer_eval/new_experiments/graph_exp_new/data.py:138: RuntimeWarning: k >= N for N * N square matrix. Attempting to use scipy.linalg.eigh instead.
  eigenvalues, eigenvectors = eigsh(
/home1/sajan_rg/graphormer_eval/new_experiments/graph_exp_new/data.py:138: RuntimeWarning: k >= N for N * N square matrix. Attempting to use scipy.linalg.eigh instead.
  eigenvalues, eigenvectors = eigsh(
/home1/sajan_rg/graphormer_eval/new_experiments/graph_exp_new/data.py:138: RuntimeWarning: k >= N for N * N square matrix. Attempting to use scipy.linalg.eigh instead.
  eigenvalues, eigenvectors = eigsh(
/home1/sajan_rg/graphormer_eval/new_experiments/graph_exp_new/data.py:138: RuntimeWarning: k >= N for N * N square matrix. Attempting to use scipy.linalg.eigh instead.
  eigenvalues, eigenvectors = eigsh(
/home1/sajan_rg/graphormer_eval/new_experiments/graph_exp_new/data.py:138: RuntimeWarning: k >= N for N * N square matrix. Attempting to use scipy.linalg.eigh instead.
  eigenvalues, eigenvectors = eigsh(
/home1/sajan_rg/graphormer_eval/new_experiments/graph_exp_new/data.py:138: RuntimeWarning: k >= N for N * N square matrix. Attempting to use scipy.linalg.eigh instead.
  eigenvalues, eigenvectors = eigsh(
/home1/sajan_rg/graphormer_eval/new_experiments/graph_exp_new/data.py:138: RuntimeWarning: k >= N for N * N square matrix. Attempting to use scipy.linalg.eigh instead.
  eigenvalues, eigenvectors = eigsh(
Epoch  70/200 [222.9s mem=23078MB] proxies=ON | train_loss=0.2259 mmd=0.0000 train_AP=0.4803 | val_loss=0.3356 val_AP=0.4751 | test_loss=0.3283 test_AP=0.4693
/home1/sajan_rg/graphormer_eval/new_experiments/graph_exp_new/data.py:138: RuntimeWarning: k >= N for N * N square matrix. Attempting to use scipy.linalg.eigh instead.
  eigenvalues, eigenvectors = eigsh(
/home1/sajan_rg/graphormer_eval/new_experiments/graph_exp_new/data.py:138: RuntimeWarning: k >= N for N * N square matrix. Attempting to use scipy.linalg.eigh instead.
  eigenvalues, eigenvectors = eigsh(
/home1/sajan_rg/graphormer_eval/new_experiments/graph_exp_new/data.py:138: RuntimeWarning: k >= N for N * N square matrix. Attempting to use scipy.linalg.eigh instead.
  eigenvalues, eigenvectors = eigsh(
/home1/sajan_rg/graphormer_eval/new_experiments/graph_exp_new/data.py:138: RuntimeWarning: k >= N for N * N square matrix. Attempting to use scipy.linalg.eigh instead.
  eigenvalues, eigenvectors = eigsh(
/home1/sajan_rg/graphormer_eval/new_experiments/graph_exp_new/data.py:138: RuntimeWarning: k >= N for N * N square matrix. Attempting to use scipy.linalg.eigh instead.
  eigenvalues, eigenvectors = eigsh(
/home1/sajan_rg/graphormer_eval/new_experiments/graph_exp_new/data.py:138: RuntimeWarning: k >= N for N * N square matrix. Attempting to use scipy.linalg.eigh instead.
  eigenvalues, eigenvectors = eigsh(
/home1/sajan_rg/graphormer_eval/new_experiments/graph_exp_new/data.py:138: RuntimeWarning: k >= N for N * N square matrix. Attempting to use scipy.linalg.eigh instead.
  eigenvalues, eigenvectors = eigsh(
/home1/sajan_rg/graphormer_eval/new_experiments/graph_exp_new/data.py:138: RuntimeWarning: k >= N for N * N square matrix. Attempting to use scipy.linalg.eigh instead.
  eigenvalues, eigenvectors = eigsh(
/home1/sajan_rg/graphormer_eval/new_experiments/graph_exp_new/data.py:138: RuntimeWarning: k >= N for N * N square matrix. Attempting to use scipy.linalg.eigh instead.
  eigenvalues, eigenvectors = eigsh(
/home1/sajan_rg/graphormer_eval/new_experiments/graph_exp_new/data.py:138: RuntimeWarning: k >= N for N * N square matrix. Attempting to use scipy.linalg.eigh instead.
  eigenvalues, eigenvectors = eigsh(
/home1/sajan_rg/graphormer_eval/new_experiments/graph_exp_new/data.py:138: RuntimeWarning: k >= N for N * N square matrix. Attempting to use scipy.linalg.eigh instead.
  eigenvalues, eigenvectors = eigsh(
/home1/sajan_rg/graphormer_eval/new_experiments/graph_exp_new/data.py:138: RuntimeWarning: k >= N for N * N square matrix. Attempting to use scipy.linalg.eigh instead.
  eigenvalues, eigenvectors = eigsh(
Epoch  71/200 [221.3s mem=23084MB] proxies=ON | train_loss=0.2257 mmd=0.0000 train_AP=0.4868 | val_loss=0.3012 val_AP=0.4973 | test_loss=0.3153 test_AP=0.4810
  -> New best val AP=0.4973 (test AP=0.4810), saved to checkpoints_three_staged_cross_multipt/best_e2e.pt
/home1/sajan_rg/graphormer_eval/new_experiments/graph_exp_new/data.py:138: RuntimeWarning: k >= N for N * N square matrix. Attempting to use scipy.linalg.eigh instead.
  eigenvalues, eigenvectors = eigsh(
/home1/sajan_rg/graphormer_eval/new_experiments/graph_exp_new/data.py:138: RuntimeWarning: k >= N for N * N square matrix. Attempting to use scipy.linalg.eigh instead.
  eigenvalues, eigenvectors = eigsh(
/home1/sajan_rg/graphormer_eval/new_experiments/graph_exp_new/data.py:138: RuntimeWarning: k >= N for N * N square matrix. Attempting to use scipy.linalg.eigh instead.
  eigenvalues, eigenvectors = eigsh(
/home1/sajan_rg/graphormer_eval/new_experiments/graph_exp_new/data.py:138: RuntimeWarning: k >= N for N * N square matrix. Attempting to use scipy.linalg.eigh instead.
  eigenvalues, eigenvectors = eigsh(
/home1/sajan_rg/graphormer_eval/new_experiments/graph_exp_new/data.py:138: RuntimeWarning: k >= N for N * N square matrix. Attempting to use scipy.linalg.eigh instead.
  eigenvalues, eigenvectors = eigsh(
/home1/sajan_rg/graphormer_eval/new_experiments/graph_exp_new/data.py:138: RuntimeWarning: k >= N for N * N square matrix. Attempting to use scipy.linalg.eigh instead.
  eigenvalues, eigenvectors = eigsh(
/home1/sajan_rg/graphormer_eval/new_experiments/graph_exp_new/data.py:138: RuntimeWarning: k >= N for N * N square matrix. Attempting to use scipy.linalg.eigh instead.
  eigenvalues, eigenvectors = eigsh(
/home1/sajan_rg/graphormer_eval/new_experiments/graph_exp_new/data.py:138: RuntimeWarning: k >= N for N * N square matrix. Attempting to use scipy.linalg.eigh instead.
  eigenvalues, eigenvectors = eigsh(
/home1/sajan_rg/graphormer_eval/new_experiments/graph_exp_new/data.py:138: RuntimeWarning: k >= N for N * N square matrix. Attempting to use scipy.linalg.eigh instead.
  eigenvalues, eigenvectors = eigsh(
/home1/sajan_rg/graphormer_eval/new_experiments/graph_exp_new/data.py:138: RuntimeWarning: k >= N for N * N square matrix. Attempting to use scipy.linalg.eigh instead.
  eigenvalues, eigenvectors = eigsh(
/home1/sajan_rg/graphormer_eval/new_experiments/graph_exp_new/data.py:138: RuntimeWarning: k >= N for N * N square matrix. Attempting to use scipy.linalg.eigh instead.
  eigenvalues, eigenvectors = eigsh(
/home1/sajan_rg/graphormer_eval/new_experiments/graph_exp_new/data.py:138: RuntimeWarning: k >= N for N * N square matrix. Attempting to use scipy.linalg.eigh instead.
  eigenvalues, eigenvectors = eigsh(
Epoch  72/200 [221.9s mem=23093MB] proxies=ON | train_loss=0.2282 mmd=0.0000 train_AP=0.4860 | val_loss=0.3288 val_AP=0.4856 | test_loss=0.3236 test_AP=0.4807
/home1/sajan_rg/graphormer_eval/new_experiments/graph_exp_new/data.py:138: RuntimeWarning: k >= N for N * N square matrix. Attempting to use scipy.linalg.eigh instead.
  eigenvalues, eigenvectors = eigsh(
/home1/sajan_rg/graphormer_eval/new_experiments/graph_exp_new/data.py:138: RuntimeWarning: k >= N for N * N square matrix. Attempting to use scipy.linalg.eigh instead.
  eigenvalues, eigenvectors = eigsh(
/home1/sajan_rg/graphormer_eval/new_experiments/graph_exp_new/data.py:138: RuntimeWarning: k >= N for N * N square matrix. Attempting to use scipy.linalg.eigh instead.
  eigenvalues, eigenvectors = eigsh(
/home1/sajan_rg/graphormer_eval/new_experiments/graph_exp_new/data.py:138: RuntimeWarning: k >= N for N * N square matrix. Attempting to use scipy.linalg.eigh instead.
  eigenvalues, eigenvectors = eigsh(
/home1/sajan_rg/graphormer_eval/new_experiments/graph_exp_new/data.py:138: RuntimeWarning: k >= N for N * N square matrix. Attempting to use scipy.linalg.eigh instead.
  eigenvalues, eigenvectors = eigsh(
/home1/sajan_rg/graphormer_eval/new_experiments/graph_exp_new/data.py:138: RuntimeWarning: k >= N for N * N square matrix. Attempting to use scipy.linalg.eigh instead.
  eigenvalues, eigenvectors = eigsh(
/home1/sajan_rg/graphormer_eval/new_experiments/graph_exp_new/data.py:138: RuntimeWarning: k >= N for N * N square matrix. Attempting to use scipy.linalg.eigh instead.
  eigenvalues, eigenvectors = eigsh(
/home1/sajan_rg/graphormer_eval/new_experiments/graph_exp_new/data.py:138: RuntimeWarning: k >= N for N * N square matrix. Attempting to use scipy.linalg.eigh instead.
  eigenvalues, eigenvectors = eigsh(
/home1/sajan_rg/graphormer_eval/new_experiments/graph_exp_new/data.py:138: RuntimeWarning: k >= N for N * N square matrix. Attempting to use scipy.linalg.eigh instead.
  eigenvalues, eigenvectors = eigsh(
/home1/sajan_rg/graphormer_eval/new_experiments/graph_exp_new/data.py:138: RuntimeWarning: k >= N for N * N square matrix. Attempting to use scipy.linalg.eigh instead.
  eigenvalues, eigenvectors = eigsh(
/home1/sajan_rg/graphormer_eval/new_experiments/graph_exp_new/data.py:138: RuntimeWarning: k >= N for N * N square matrix. Attempting to use scipy.linalg.eigh instead.
  eigenvalues, eigenvectors = eigsh(
/home1/sajan_rg/graphormer_eval/new_experiments/graph_exp_new/data.py:138: RuntimeWarning: k >= N for N * N square matrix. Attempting to use scipy.linalg.eigh instead.
  eigenvalues, eigenvectors = eigsh(
Epoch  73/200 [222.0s mem=23099MB] proxies=ON | train_loss=0.2264 mmd=0.0000 train_AP=0.4868 | val_loss=0.3164 val_AP=0.5150 | test_loss=0.3418 test_AP=0.4989
  -> New best val AP=0.5150 (test AP=0.4989), saved to checkpoints_three_staged_cross_multipt/best_e2e.pt
/home1/sajan_rg/graphormer_eval/new_experiments/graph_exp_new/data.py:138: RuntimeWarning: k >= N for N * N square matrix. Attempting to use scipy.linalg.eigh instead.
  eigenvalues, eigenvectors = eigsh(
/home1/sajan_rg/graphormer_eval/new_experiments/graph_exp_new/data.py:138: RuntimeWarning: k >= N for N * N square matrix. Attempting to use scipy.linalg.eigh instead.
  eigenvalues, eigenvectors = eigsh(
/home1/sajan_rg/graphormer_eval/new_experiments/graph_exp_new/data.py:138: RuntimeWarning: k >= N for N * N square matrix. Attempting to use scipy.linalg.eigh instead.
  eigenvalues, eigenvectors = eigsh(
/home1/sajan_rg/graphormer_eval/new_experiments/graph_exp_new/data.py:138: RuntimeWarning: k >= N for N * N square matrix. Attempting to use scipy.linalg.eigh instead.
  eigenvalues, eigenvectors = eigsh(
/home1/sajan_rg/graphormer_eval/new_experiments/graph_exp_new/data.py:138: RuntimeWarning: k >= N for N * N square matrix. Attempting to use scipy.linalg.eigh instead.
  eigenvalues, eigenvectors = eigsh(
/home1/sajan_rg/graphormer_eval/new_experiments/graph_exp_new/data.py:138: RuntimeWarning: k >= N for N * N square matrix. Attempting to use scipy.linalg.eigh instead.
  eigenvalues, eigenvectors = eigsh(
/home1/sajan_rg/graphormer_eval/new_experiments/graph_exp_new/data.py:138: RuntimeWarning: k >= N for N * N square matrix. Attempting to use scipy.linalg.eigh instead.
  eigenvalues, eigenvectors = eigsh(
/home1/sajan_rg/graphormer_eval/new_experiments/graph_exp_new/data.py:138: RuntimeWarning: k >= N for N * N square matrix. Attempting to use scipy.linalg.eigh instead.
  eigenvalues, eigenvectors = eigsh(
/home1/sajan_rg/graphormer_eval/new_experiments/graph_exp_new/data.py:138: RuntimeWarning: k >= N for N * N square matrix. Attempting to use scipy.linalg.eigh instead.
  eigenvalues, eigenvectors = eigsh(
/home1/sajan_rg/graphormer_eval/new_experiments/graph_exp_new/data.py:138: RuntimeWarning: k >= N for N * N square matrix. Attempting to use scipy.linalg.eigh instead.
  eigenvalues, eigenvectors = eigsh(
/home1/sajan_rg/graphormer_eval/new_experiments/graph_exp_new/data.py:138: RuntimeWarning: k >= N for N * N square matrix. Attempting to use scipy.linalg.eigh instead.
  eigenvalues, eigenvectors = eigsh(
/home1/sajan_rg/graphormer_eval/new_experiments/graph_exp_new/data.py:138: RuntimeWarning: k >= N for N * N square matrix. Attempting to use scipy.linalg.eigh instead.
  eigenvalues, eigenvectors = eigsh(
Epoch  74/200 [222.2s mem=23078MB] proxies=ON | train_loss=0.2216 mmd=0.0000 train_AP=0.4883 | val_loss=0.4030 val_AP=0.4950 | test_loss=0.4308 test_AP=0.4689
/home1/sajan_rg/graphormer_eval/new_experiments/graph_exp_new/data.py:138: RuntimeWarning: k >= N for N * N square matrix. Attempting to use scipy.linalg.eigh instead.
  eigenvalues, eigenvectors = eigsh(
/home1/sajan_rg/graphormer_eval/new_experiments/graph_exp_new/data.py:138: RuntimeWarning: k >= N for N * N square matrix. Attempting to use scipy.linalg.eigh instead.
  eigenvalues, eigenvectors = eigsh(
/home1/sajan_rg/graphormer_eval/new_experiments/graph_exp_new/data.py:138: RuntimeWarning: k >= N for N * N square matrix. Attempting to use scipy.linalg.eigh instead.
  eigenvalues, eigenvectors = eigsh(
/home1/sajan_rg/graphormer_eval/new_experiments/graph_exp_new/data.py:138: RuntimeWarning: k >= N for N * N square matrix. Attempting to use scipy.linalg.eigh instead.
  eigenvalues, eigenvectors = eigsh(
/home1/sajan_rg/graphormer_eval/new_experiments/graph_exp_new/data.py:138: RuntimeWarning: k >= N for N * N square matrix. Attempting to use scipy.linalg.eigh instead.
  eigenvalues, eigenvectors = eigsh(
/home1/sajan_rg/graphormer_eval/new_experiments/graph_exp_new/data.py:138: RuntimeWarning: k >= N for N * N square matrix. Attempting to use scipy.linalg.eigh instead.
  eigenvalues, eigenvectors = eigsh(
/home1/sajan_rg/graphormer_eval/new_experiments/graph_exp_new/data.py:138: RuntimeWarning: k >= N for N * N square matrix. Attempting to use scipy.linalg.eigh instead.
  eigenvalues, eigenvectors = eigsh(
/home1/sajan_rg/graphormer_eval/new_experiments/graph_exp_new/data.py:138: RuntimeWarning: k >= N for N * N square matrix. Attempting to use scipy.linalg.eigh instead.
  eigenvalues, eigenvectors = eigsh(
/home1/sajan_rg/graphormer_eval/new_experiments/graph_exp_new/data.py:138: RuntimeWarning: k >= N for N * N square matrix. Attempting to use scipy.linalg.eigh instead.
  eigenvalues, eigenvectors = eigsh(
/home1/sajan_rg/graphormer_eval/new_experiments/graph_exp_new/data.py:138: RuntimeWarning: k >= N for N * N square matrix. Attempting to use scipy.linalg.eigh instead.
  eigenvalues, eigenvectors = eigsh(
/home1/sajan_rg/graphormer_eval/new_experiments/graph_exp_new/data.py:138: RuntimeWarning: k >= N for N * N square matrix. Attempting to use scipy.linalg.eigh instead.
  eigenvalues, eigenvectors = eigsh(
/home1/sajan_rg/graphormer_eval/new_experiments/graph_exp_new/data.py:138: RuntimeWarning: k >= N for N * N square matrix. Attempting to use scipy.linalg.eigh instead.
  eigenvalues, eigenvectors = eigsh(
Epoch  75/200 [222.2s mem=23100MB] proxies=ON | train_loss=0.2236 mmd=0.0000 train_AP=0.4973 | val_loss=0.3564 val_AP=0.4896 | test_loss=0.3542 test_AP=0.4901
/home1/sajan_rg/graphormer_eval/new_experiments/graph_exp_new/data.py:138: RuntimeWarning: k >= N for N * N square matrix. Attempting to use scipy.linalg.eigh instead.
  eigenvalues, eigenvectors = eigsh(
/home1/sajan_rg/graphormer_eval/new_experiments/graph_exp_new/data.py:138: RuntimeWarning: k >= N for N * N square matrix. Attempting to use scipy.linalg.eigh instead.
  eigenvalues, eigenvectors = eigsh(
/home1/sajan_rg/graphormer_eval/new_experiments/graph_exp_new/data.py:138: RuntimeWarning: k >= N for N * N square matrix. Attempting to use scipy.linalg.eigh instead.
  eigenvalues, eigenvectors = eigsh(
/home1/sajan_rg/graphormer_eval/new_experiments/graph_exp_new/data.py:138: RuntimeWarning: k >= N for N * N square matrix. Attempting to use scipy.linalg.eigh instead.
  eigenvalues, eigenvectors = eigsh(
/home1/sajan_rg/graphormer_eval/new_experiments/graph_exp_new/data.py:138: RuntimeWarning: k >= N for N * N square matrix. Attempting to use scipy.linalg.eigh instead.
  eigenvalues, eigenvectors = eigsh(
/home1/sajan_rg/graphormer_eval/new_experiments/graph_exp_new/data.py:138: RuntimeWarning: k >= N for N * N square matrix. Attempting to use scipy.linalg.eigh instead.
  eigenvalues, eigenvectors = eigsh(
/home1/sajan_rg/graphormer_eval/new_experiments/graph_exp_new/data.py:138: RuntimeWarning: k >= N for N * N square matrix. Attempting to use scipy.linalg.eigh instead.
  eigenvalues, eigenvectors = eigsh(
/home1/sajan_rg/graphormer_eval/new_experiments/graph_exp_new/data.py:138: RuntimeWarning: k >= N for N * N square matrix. Attempting to use scipy.linalg.eigh instead.
  eigenvalues, eigenvectors = eigsh(
/home1/sajan_rg/graphormer_eval/new_experiments/graph_exp_new/data.py:138: RuntimeWarning: k >= N for N * N square matrix. Attempting to use scipy.linalg.eigh instead.
  eigenvalues, eigenvectors = eigsh(
/home1/sajan_rg/graphormer_eval/new_experiments/graph_exp_new/data.py:138: RuntimeWarning: k >= N for N * N square matrix. Attempting to use scipy.linalg.eigh instead.
  eigenvalues, eigenvectors = eigsh(
/home1/sajan_rg/graphormer_eval/new_experiments/graph_exp_new/data.py:138: RuntimeWarning: k >= N for N * N square matrix. Attempting to use scipy.linalg.eigh instead.
  eigenvalues, eigenvectors = eigsh(
/home1/sajan_rg/graphormer_eval/new_experiments/graph_exp_new/data.py:138: RuntimeWarning: k >= N for N * N square matrix. Attempting to use scipy.linalg.eigh instead.
  eigenvalues, eigenvectors = eigsh(
Epoch  76/200 [221.7s mem=23081MB] proxies=ON | train_loss=0.2193 mmd=0.0000 train_AP=0.5000 | val_loss=0.3148 val_AP=0.4975 | test_loss=0.3367 test_AP=0.4904
/home1/sajan_rg/graphormer_eval/new_experiments/graph_exp_new/data.py:138: RuntimeWarning: k >= N for N * N square matrix. Attempting to use scipy.linalg.eigh instead.
  eigenvalues, eigenvectors = eigsh(
/home1/sajan_rg/graphormer_eval/new_experiments/graph_exp_new/data.py:138: RuntimeWarning: k >= N for N * N square matrix. Attempting to use scipy.linalg.eigh instead.
  eigenvalues, eigenvectors = eigsh(
/home1/sajan_rg/graphormer_eval/new_experiments/graph_exp_new/data.py:138: RuntimeWarning: k >= N for N * N square matrix. Attempting to use scipy.linalg.eigh instead.
  eigenvalues, eigenvectors = eigsh(
/home1/sajan_rg/graphormer_eval/new_experiments/graph_exp_new/data.py:138: RuntimeWarning: k >= N for N * N square matrix. Attempting to use scipy.linalg.eigh instead.
  eigenvalues, eigenvectors = eigsh(
/home1/sajan_rg/graphormer_eval/new_experiments/graph_exp_new/data.py:138: RuntimeWarning: k >= N for N * N square matrix. Attempting to use scipy.linalg.eigh instead.
  eigenvalues, eigenvectors = eigsh(
/home1/sajan_rg/graphormer_eval/new_experiments/graph_exp_new/data.py:138: RuntimeWarning: k >= N for N * N square matrix. Attempting to use scipy.linalg.eigh instead.
  eigenvalues, eigenvectors = eigsh(
/home1/sajan_rg/graphormer_eval/new_experiments/graph_exp_new/data.py:138: RuntimeWarning: k >= N for N * N square matrix. Attempting to use scipy.linalg.eigh instead.
  eigenvalues, eigenvectors = eigsh(
/home1/sajan_rg/graphormer_eval/new_experiments/graph_exp_new/data.py:138: RuntimeWarning: k >= N for N * N square matrix. Attempting to use scipy.linalg.eigh instead.
  eigenvalues, eigenvectors = eigsh(
/home1/sajan_rg/graphormer_eval/new_experiments/graph_exp_new/data.py:138: RuntimeWarning: k >= N for N * N square matrix. Attempting to use scipy.linalg.eigh instead.
  eigenvalues, eigenvectors = eigsh(
/home1/sajan_rg/graphormer_eval/new_experiments/graph_exp_new/data.py:138: RuntimeWarning: k >= N for N * N square matrix. Attempting to use scipy.linalg.eigh instead.
  eigenvalues, eigenvectors = eigsh(
/home1/sajan_rg/graphormer_eval/new_experiments/graph_exp_new/data.py:138: RuntimeWarning: k >= N for N * N square matrix. Attempting to use scipy.linalg.eigh instead.
  eigenvalues, eigenvectors = eigsh(
/home1/sajan_rg/graphormer_eval/new_experiments/graph_exp_new/data.py:138: RuntimeWarning: k >= N for N * N square matrix. Attempting to use scipy.linalg.eigh instead.
  eigenvalues, eigenvectors = eigsh(
Epoch  77/200 [222.3s mem=23084MB] proxies=ON | train_loss=0.2190 mmd=0.0000 train_AP=0.4979 | val_loss=0.3943 val_AP=0.5047 | test_loss=0.4262 test_AP=0.4839
/home1/sajan_rg/graphormer_eval/new_experiments/graph_exp_new/data.py:138: RuntimeWarning: k >= N for N * N square matrix. Attempting to use scipy.linalg.eigh instead.
  eigenvalues, eigenvectors = eigsh(
/home1/sajan_rg/graphormer_eval/new_experiments/graph_exp_new/data.py:138: RuntimeWarning: k >= N for N * N square matrix. Attempting to use scipy.linalg.eigh instead.
  eigenvalues, eigenvectors = eigsh(
/home1/sajan_rg/graphormer_eval/new_experiments/graph_exp_new/data.py:138: RuntimeWarning: k >= N for N * N square matrix. Attempting to use scipy.linalg.eigh instead.
  eigenvalues, eigenvectors = eigsh(
/home1/sajan_rg/graphormer_eval/new_experiments/graph_exp_new/data.py:138: RuntimeWarning: k >= N for N * N square matrix. Attempting to use scipy.linalg.eigh instead.
  eigenvalues, eigenvectors = eigsh(
/home1/sajan_rg/graphormer_eval/new_experiments/graph_exp_new/data.py:138: RuntimeWarning: k >= N for N * N square matrix. Attempting to use scipy.linalg.eigh instead.
  eigenvalues, eigenvectors = eigsh(
/home1/sajan_rg/graphormer_eval/new_experiments/graph_exp_new/data.py:138: RuntimeWarning: k >= N for N * N square matrix. Attempting to use scipy.linalg.eigh instead.
  eigenvalues, eigenvectors = eigsh(
/home1/sajan_rg/graphormer_eval/new_experiments/graph_exp_new/data.py:138: RuntimeWarning: k >= N for N * N square matrix. Attempting to use scipy.linalg.eigh instead.
  eigenvalues, eigenvectors = eigsh(
/home1/sajan_rg/graphormer_eval/new_experiments/graph_exp_new/data.py:138: RuntimeWarning: k >= N for N * N square matrix. Attempting to use scipy.linalg.eigh instead.
  eigenvalues, eigenvectors = eigsh(
/home1/sajan_rg/graphormer_eval/new_experiments/graph_exp_new/data.py:138: RuntimeWarning: k >= N for N * N square matrix. Attempting to use scipy.linalg.eigh instead.
  eigenvalues, eigenvectors = eigsh(
/home1/sajan_rg/graphormer_eval/new_experiments/graph_exp_new/data.py:138: RuntimeWarning: k >= N for N * N square matrix. Attempting to use scipy.linalg.eigh instead.
  eigenvalues, eigenvectors = eigsh(
/home1/sajan_rg/graphormer_eval/new_experiments/graph_exp_new/data.py:138: RuntimeWarning: k >= N for N * N square matrix. Attempting to use scipy.linalg.eigh instead.
  eigenvalues, eigenvectors = eigsh(
/home1/sajan_rg/graphormer_eval/new_experiments/graph_exp_new/data.py:138: RuntimeWarning: k >= N for N * N square matrix. Attempting to use scipy.linalg.eigh instead.
  eigenvalues, eigenvectors = eigsh(
Epoch  78/200 [220.8s mem=23086MB] proxies=ON | train_loss=0.2166 mmd=0.0000 train_AP=0.5002 | val_loss=0.3262 val_AP=0.5016 | test_loss=0.3510 test_AP=0.4908
/home1/sajan_rg/graphormer_eval/new_experiments/graph_exp_new/data.py:138: RuntimeWarning: k >= N for N * N square matrix. Attempting to use scipy.linalg.eigh instead.
  eigenvalues, eigenvectors = eigsh(
/home1/sajan_rg/graphormer_eval/new_experiments/graph_exp_new/data.py:138: RuntimeWarning: k >= N for N * N square matrix. Attempting to use scipy.linalg.eigh instead.
  eigenvalues, eigenvectors = eigsh(
/home1/sajan_rg/graphormer_eval/new_experiments/graph_exp_new/data.py:138: RuntimeWarning: k >= N for N * N square matrix. Attempting to use scipy.linalg.eigh instead.
  eigenvalues, eigenvectors = eigsh(
/home1/sajan_rg/graphormer_eval/new_experiments/graph_exp_new/data.py:138: RuntimeWarning: k >= N for N * N square matrix. Attempting to use scipy.linalg.eigh instead.
  eigenvalues, eigenvectors = eigsh(
/home1/sajan_rg/graphormer_eval/new_experiments/graph_exp_new/data.py:138: RuntimeWarning: k >= N for N * N square matrix. Attempting to use scipy.linalg.eigh instead.
  eigenvalues, eigenvectors = eigsh(
/home1/sajan_rg/graphormer_eval/new_experiments/graph_exp_new/data.py:138: RuntimeWarning: k >= N for N * N square matrix. Attempting to use scipy.linalg.eigh instead.
  eigenvalues, eigenvectors = eigsh(
/home1/sajan_rg/graphormer_eval/new_experiments/graph_exp_new/data.py:138: RuntimeWarning: k >= N for N * N square matrix. Attempting to use scipy.linalg.eigh instead.
  eigenvalues, eigenvectors = eigsh(
/home1/sajan_rg/graphormer_eval/new_experiments/graph_exp_new/data.py:138: RuntimeWarning: k >= N for N * N square matrix. Attempting to use scipy.linalg.eigh instead.
  eigenvalues, eigenvectors = eigsh(
/home1/sajan_rg/graphormer_eval/new_experiments/graph_exp_new/data.py:138: RuntimeWarning: k >= N for N * N square matrix. Attempting to use scipy.linalg.eigh instead.
  eigenvalues, eigenvectors = eigsh(
/home1/sajan_rg/graphormer_eval/new_experiments/graph_exp_new/data.py:138: RuntimeWarning: k >= N for N * N square matrix. Attempting to use scipy.linalg.eigh instead.
  eigenvalues, eigenvectors = eigsh(
/home1/sajan_rg/graphormer_eval/new_experiments/graph_exp_new/data.py:138: RuntimeWarning: k >= N for N * N square matrix. Attempting to use scipy.linalg.eigh instead.
  eigenvalues, eigenvectors = eigsh(
/home1/sajan_rg/graphormer_eval/new_experiments/graph_exp_new/data.py:138: RuntimeWarning: k >= N for N * N square matrix. Attempting to use scipy.linalg.eigh instead.
  eigenvalues, eigenvectors = eigsh(
Epoch  79/200 [221.8s mem=23084MB] proxies=ON | train_loss=0.2182 mmd=0.0000 train_AP=0.5015 | val_loss=0.3720 val_AP=0.4966 | test_loss=0.3932 test_AP=0.4848
/home1/sajan_rg/graphormer_eval/new_experiments/graph_exp_new/data.py:138: RuntimeWarning: k >= N for N * N square matrix. Attempting to use scipy.linalg.eigh instead.
  eigenvalues, eigenvectors = eigsh(
/home1/sajan_rg/graphormer_eval/new_experiments/graph_exp_new/data.py:138: RuntimeWarning: k >= N for N * N square matrix. Attempting to use scipy.linalg.eigh instead.
  eigenvalues, eigenvectors = eigsh(
/home1/sajan_rg/graphormer_eval/new_experiments/graph_exp_new/data.py:138: RuntimeWarning: k >= N for N * N square matrix. Attempting to use scipy.linalg.eigh instead.
  eigenvalues, eigenvectors = eigsh(
/home1/sajan_rg/graphormer_eval/new_experiments/graph_exp_new/data.py:138: RuntimeWarning: k >= N for N * N square matrix. Attempting to use scipy.linalg.eigh instead.
  eigenvalues, eigenvectors = eigsh(
/home1/sajan_rg/graphormer_eval/new_experiments/graph_exp_new/data.py:138: RuntimeWarning: k >= N for N * N square matrix. Attempting to use scipy.linalg.eigh instead.
  eigenvalues, eigenvectors = eigsh(
/home1/sajan_rg/graphormer_eval/new_experiments/graph_exp_new/data.py:138: RuntimeWarning: k >= N for N * N square matrix. Attempting to use scipy.linalg.eigh instead.
  eigenvalues, eigenvectors = eigsh(
/home1/sajan_rg/graphormer_eval/new_experiments/graph_exp_new/data.py:138: RuntimeWarning: k >= N for N * N square matrix. Attempting to use scipy.linalg.eigh instead.
  eigenvalues, eigenvectors = eigsh(
/home1/sajan_rg/graphormer_eval/new_experiments/graph_exp_new/data.py:138: RuntimeWarning: k >= N for N * N square matrix. Attempting to use scipy.linalg.eigh instead.
  eigenvalues, eigenvectors = eigsh(
/home1/sajan_rg/graphormer_eval/new_experiments/graph_exp_new/data.py:138: RuntimeWarning: k >= N for N * N square matrix. Attempting to use scipy.linalg.eigh instead.
  eigenvalues, eigenvectors = eigsh(
/home1/sajan_rg/graphormer_eval/new_experiments/graph_exp_new/data.py:138: RuntimeWarning: k >= N for N * N square matrix. Attempting to use scipy.linalg.eigh instead.
  eigenvalues, eigenvectors = eigsh(
/home1/sajan_rg/graphormer_eval/new_experiments/graph_exp_new/data.py:138: RuntimeWarning: k >= N for N * N square matrix. Attempting to use scipy.linalg.eigh instead.
  eigenvalues, eigenvectors = eigsh(
/home1/sajan_rg/graphormer_eval/new_experiments/graph_exp_new/data.py:138: RuntimeWarning: k >= N for N * N square matrix. Attempting to use scipy.linalg.eigh instead.
  eigenvalues, eigenvectors = eigsh(
Epoch  80/200 [223.2s mem=23083MB] proxies=ON | train_loss=0.2187 mmd=0.0000 train_AP=0.5028 | val_loss=0.3842 val_AP=0.4974 | test_loss=0.4118 test_AP=0.4681
/home1/sajan_rg/graphormer_eval/new_experiments/graph_exp_new/data.py:138: RuntimeWarning: k >= N for N * N square matrix. Attempting to use scipy.linalg.eigh instead.
  eigenvalues, eigenvectors = eigsh(
/home1/sajan_rg/graphormer_eval/new_experiments/graph_exp_new/data.py:138: RuntimeWarning: k >= N for N * N square matrix. Attempting to use scipy.linalg.eigh instead.
  eigenvalues, eigenvectors = eigsh(
/home1/sajan_rg/graphormer_eval/new_experiments/graph_exp_new/data.py:138: RuntimeWarning: k >= N for N * N square matrix. Attempting to use scipy.linalg.eigh instead.
  eigenvalues, eigenvectors = eigsh(
/home1/sajan_rg/graphormer_eval/new_experiments/graph_exp_new/data.py:138: RuntimeWarning: k >= N for N * N square matrix. Attempting to use scipy.linalg.eigh instead.
  eigenvalues, eigenvectors = eigsh(
/home1/sajan_rg/graphormer_eval/new_experiments/graph_exp_new/data.py:138: RuntimeWarning: k >= N for N * N square matrix. Attempting to use scipy.linalg.eigh instead.
  eigenvalues, eigenvectors = eigsh(
/home1/sajan_rg/graphormer_eval/new_experiments/graph_exp_new/data.py:138: RuntimeWarning: k >= N for N * N square matrix. Attempting to use scipy.linalg.eigh instead.
  eigenvalues, eigenvectors = eigsh(
/home1/sajan_rg/graphormer_eval/new_experiments/graph_exp_new/data.py:138: RuntimeWarning: k >= N for N * N square matrix. Attempting to use scipy.linalg.eigh instead.
  eigenvalues, eigenvectors = eigsh(
/home1/sajan_rg/graphormer_eval/new_experiments/graph_exp_new/data.py:138: RuntimeWarning: k >= N for N * N square matrix. Attempting to use scipy.linalg.eigh instead.
  eigenvalues, eigenvectors = eigsh(
/home1/sajan_rg/graphormer_eval/new_experiments/graph_exp_new/data.py:138: RuntimeWarning: k >= N for N * N square matrix. Attempting to use scipy.linalg.eigh instead.
  eigenvalues, eigenvectors = eigsh(
/home1/sajan_rg/graphormer_eval/new_experiments/graph_exp_new/data.py:138: RuntimeWarning: k >= N for N * N square matrix. Attempting to use scipy.linalg.eigh instead.
  eigenvalues, eigenvectors = eigsh(
/home1/sajan_rg/graphormer_eval/new_experiments/graph_exp_new/data.py:138: RuntimeWarning: k >= N for N * N square matrix. Attempting to use scipy.linalg.eigh instead.
  eigenvalues, eigenvectors = eigsh(
/home1/sajan_rg/graphormer_eval/new_experiments/graph_exp_new/data.py:138: RuntimeWarning: k >= N for N * N square matrix. Attempting to use scipy.linalg.eigh instead.
  eigenvalues, eigenvectors = eigsh(
Epoch  81/200 [221.7s mem=23086MB] proxies=ON | train_loss=0.2155 mmd=0.0000 train_AP=0.5088 | val_loss=0.3813 val_AP=0.5081 | test_loss=0.4401 test_AP=0.4823
/home1/sajan_rg/graphormer_eval/new_experiments/graph_exp_new/data.py:138: RuntimeWarning: k >= N for N * N square matrix. Attempting to use scipy.linalg.eigh instead.
  eigenvalues, eigenvectors = eigsh(
/home1/sajan_rg/graphormer_eval/new_experiments/graph_exp_new/data.py:138: RuntimeWarning: k >= N for N * N square matrix. Attempting to use scipy.linalg.eigh instead.
  eigenvalues, eigenvectors = eigsh(
/home1/sajan_rg/graphormer_eval/new_experiments/graph_exp_new/data.py:138: RuntimeWarning: k >= N for N * N square matrix. Attempting to use scipy.linalg.eigh instead.
  eigenvalues, eigenvectors = eigsh(
/home1/sajan_rg/graphormer_eval/new_experiments/graph_exp_new/data.py:138: RuntimeWarning: k >= N for N * N square matrix. Attempting to use scipy.linalg.eigh instead.
  eigenvalues, eigenvectors = eigsh(
/home1/sajan_rg/graphormer_eval/new_experiments/graph_exp_new/data.py:138: RuntimeWarning: k >= N for N * N square matrix. Attempting to use scipy.linalg.eigh instead.
  eigenvalues, eigenvectors = eigsh(
/home1/sajan_rg/graphormer_eval/new_experiments/graph_exp_new/data.py:138: RuntimeWarning: k >= N for N * N square matrix. Attempting to use scipy.linalg.eigh instead.
  eigenvalues, eigenvectors = eigsh(
/home1/sajan_rg/graphormer_eval/new_experiments/graph_exp_new/data.py:138: RuntimeWarning: k >= N for N * N square matrix. Attempting to use scipy.linalg.eigh instead.
  eigenvalues, eigenvectors = eigsh(
/home1/sajan_rg/graphormer_eval/new_experiments/graph_exp_new/data.py:138: RuntimeWarning: k >= N for N * N square matrix. Attempting to use scipy.linalg.eigh instead.
  eigenvalues, eigenvectors = eigsh(
/home1/sajan_rg/graphormer_eval/new_experiments/graph_exp_new/data.py:138: RuntimeWarning: k >= N for N * N square matrix. Attempting to use scipy.linalg.eigh instead.
  eigenvalues, eigenvectors = eigsh(
/home1/sajan_rg/graphormer_eval/new_experiments/graph_exp_new/data.py:138: RuntimeWarning: k >= N for N * N square matrix. Attempting to use scipy.linalg.eigh instead.
  eigenvalues, eigenvectors = eigsh(
/home1/sajan_rg/graphormer_eval/new_experiments/graph_exp_new/data.py:138: RuntimeWarning: k >= N for N * N square matrix. Attempting to use scipy.linalg.eigh instead.
  eigenvalues, eigenvectors = eigsh(
/home1/sajan_rg/graphormer_eval/new_experiments/graph_exp_new/data.py:138: RuntimeWarning: k >= N for N * N square matrix. Attempting to use scipy.linalg.eigh instead.
  eigenvalues, eigenvectors = eigsh(
Epoch  82/200 [223.6s mem=23082MB] proxies=ON | train_loss=0.2163 mmd=0.0000 train_AP=0.5079 | val_loss=0.3371 val_AP=0.5033 | test_loss=0.3815 test_AP=0.4814
/home1/sajan_rg/graphormer_eval/new_experiments/graph_exp_new/data.py:138: RuntimeWarning: k >= N for N * N square matrix. Attempting to use scipy.linalg.eigh instead.
  eigenvalues, eigenvectors = eigsh(
/home1/sajan_rg/graphormer_eval/new_experiments/graph_exp_new/data.py:138: RuntimeWarning: k >= N for N * N square matrix. Attempting to use scipy.linalg.eigh instead.
  eigenvalues, eigenvectors = eigsh(
/home1/sajan_rg/graphormer_eval/new_experiments/graph_exp_new/data.py:138: RuntimeWarning: k >= N for N * N square matrix. Attempting to use scipy.linalg.eigh instead.
  eigenvalues, eigenvectors = eigsh(
/home1/sajan_rg/graphormer_eval/new_experiments/graph_exp_new/data.py:138: RuntimeWarning: k >= N for N * N square matrix. Attempting to use scipy.linalg.eigh instead.
  eigenvalues, eigenvectors = eigsh(
/home1/sajan_rg/graphormer_eval/new_experiments/graph_exp_new/data.py:138: RuntimeWarning: k >= N for N * N square matrix. Attempting to use scipy.linalg.eigh instead.
  eigenvalues, eigenvectors = eigsh(
/home1/sajan_rg/graphormer_eval/new_experiments/graph_exp_new/data.py:138: RuntimeWarning: k >= N for N * N square matrix. Attempting to use scipy.linalg.eigh instead.
  eigenvalues, eigenvectors = eigsh(
/home1/sajan_rg/graphormer_eval/new_experiments/graph_exp_new/data.py:138: RuntimeWarning: k >= N for N * N square matrix. Attempting to use scipy.linalg.eigh instead.
  eigenvalues, eigenvectors = eigsh(
/home1/sajan_rg/graphormer_eval/new_experiments/graph_exp_new/data.py:138: RuntimeWarning: k >= N for N * N square matrix. Attempting to use scipy.linalg.eigh instead.
  eigenvalues, eigenvectors = eigsh(
/home1/sajan_rg/graphormer_eval/new_experiments/graph_exp_new/data.py:138: RuntimeWarning: k >= N for N * N square matrix. Attempting to use scipy.linalg.eigh instead.
  eigenvalues, eigenvectors = eigsh(
/home1/sajan_rg/graphormer_eval/new_experiments/graph_exp_new/data.py:138: RuntimeWarning: k >= N for N * N square matrix. Attempting to use scipy.linalg.eigh instead.
  eigenvalues, eigenvectors = eigsh(
/home1/sajan_rg/graphormer_eval/new_experiments/graph_exp_new/data.py:138: RuntimeWarning: k >= N for N * N square matrix. Attempting to use scipy.linalg.eigh instead.
  eigenvalues, eigenvectors = eigsh(
/home1/sajan_rg/graphormer_eval/new_experiments/graph_exp_new/data.py:138: RuntimeWarning: k >= N for N * N square matrix. Attempting to use scipy.linalg.eigh instead.
  eigenvalues, eigenvectors = eigsh(
Epoch  83/200 [221.9s mem=23086MB] proxies=ON | train_loss=0.2147 mmd=0.0000 train_AP=0.5143 | val_loss=0.3159 val_AP=0.5131 | test_loss=0.3491 test_AP=0.4930
/home1/sajan_rg/graphormer_eval/new_experiments/graph_exp_new/data.py:138: RuntimeWarning: k >= N for N * N square matrix. Attempting to use scipy.linalg.eigh instead.
  eigenvalues, eigenvectors = eigsh(
/home1/sajan_rg/graphormer_eval/new_experiments/graph_exp_new/data.py:138: RuntimeWarning: k >= N for N * N square matrix. Attempting to use scipy.linalg.eigh instead.
  eigenvalues, eigenvectors = eigsh(
/home1/sajan_rg/graphormer_eval/new_experiments/graph_exp_new/data.py:138: RuntimeWarning: k >= N for N * N square matrix. Attempting to use scipy.linalg.eigh instead.
  eigenvalues, eigenvectors = eigsh(
/home1/sajan_rg/graphormer_eval/new_experiments/graph_exp_new/data.py:138: RuntimeWarning: k >= N for N * N square matrix. Attempting to use scipy.linalg.eigh instead.
  eigenvalues, eigenvectors = eigsh(
/home1/sajan_rg/graphormer_eval/new_experiments/graph_exp_new/data.py:138: RuntimeWarning: k >= N for N * N square matrix. Attempting to use scipy.linalg.eigh instead.
  eigenvalues, eigenvectors = eigsh(
/home1/sajan_rg/graphormer_eval/new_experiments/graph_exp_new/data.py:138: RuntimeWarning: k >= N for N * N square matrix. Attempting to use scipy.linalg.eigh instead.
  eigenvalues, eigenvectors = eigsh(
/home1/sajan_rg/graphormer_eval/new_experiments/graph_exp_new/data.py:138: RuntimeWarning: k >= N for N * N square matrix. Attempting to use scipy.linalg.eigh instead.
  eigenvalues, eigenvectors = eigsh(
/home1/sajan_rg/graphormer_eval/new_experiments/graph_exp_new/data.py:138: RuntimeWarning: k >= N for N * N square matrix. Attempting to use scipy.linalg.eigh instead.
  eigenvalues, eigenvectors = eigsh(
/home1/sajan_rg/graphormer_eval/new_experiments/graph_exp_new/data.py:138: RuntimeWarning: k >= N for N * N square matrix. Attempting to use scipy.linalg.eigh instead.
  eigenvalues, eigenvectors = eigsh(
/home1/sajan_rg/graphormer_eval/new_experiments/graph_exp_new/data.py:138: RuntimeWarning: k >= N for N * N square matrix. Attempting to use scipy.linalg.eigh instead.
  eigenvalues, eigenvectors = eigsh(
/home1/sajan_rg/graphormer_eval/new_experiments/graph_exp_new/data.py:138: RuntimeWarning: k >= N for N * N square matrix. Attempting to use scipy.linalg.eigh instead.
  eigenvalues, eigenvectors = eigsh(
/home1/sajan_rg/graphormer_eval/new_experiments/graph_exp_new/data.py:138: RuntimeWarning: k >= N for N * N square matrix. Attempting to use scipy.linalg.eigh instead.
  eigenvalues, eigenvectors = eigsh(
Epoch  84/200 [222.3s mem=23083MB] proxies=ON | train_loss=0.2102 mmd=0.0000 train_AP=0.5180 | val_loss=0.4029 val_AP=0.5158 | test_loss=0.4516 test_AP=0.4927
  -> New best val AP=0.5158 (test AP=0.4927), saved to checkpoints_three_staged_cross_multipt/best_e2e.pt
/home1/sajan_rg/graphormer_eval/new_experiments/graph_exp_new/data.py:138: RuntimeWarning: k >= N for N * N square matrix. Attempting to use scipy.linalg.eigh instead.
  eigenvalues, eigenvectors = eigsh(
/home1/sajan_rg/graphormer_eval/new_experiments/graph_exp_new/data.py:138: RuntimeWarning: k >= N for N * N square matrix. Attempting to use scipy.linalg.eigh instead.
  eigenvalues, eigenvectors = eigsh(
/home1/sajan_rg/graphormer_eval/new_experiments/graph_exp_new/data.py:138: RuntimeWarning: k >= N for N * N square matrix. Attempting to use scipy.linalg.eigh instead.
  eigenvalues, eigenvectors = eigsh(
/home1/sajan_rg/graphormer_eval/new_experiments/graph_exp_new/data.py:138: RuntimeWarning: k >= N for N * N square matrix. Attempting to use scipy.linalg.eigh instead.
  eigenvalues, eigenvectors = eigsh(
/home1/sajan_rg/graphormer_eval/new_experiments/graph_exp_new/data.py:138: RuntimeWarning: k >= N for N * N square matrix. Attempting to use scipy.linalg.eigh instead.
  eigenvalues, eigenvectors = eigsh(
/home1/sajan_rg/graphormer_eval/new_experiments/graph_exp_new/data.py:138: RuntimeWarning: k >= N for N * N square matrix. Attempting to use scipy.linalg.eigh instead.
  eigenvalues, eigenvectors = eigsh(
/home1/sajan_rg/graphormer_eval/new_experiments/graph_exp_new/data.py:138: RuntimeWarning: k >= N for N * N square matrix. Attempting to use scipy.linalg.eigh instead.
  eigenvalues, eigenvectors = eigsh(
/home1/sajan_rg/graphormer_eval/new_experiments/graph_exp_new/data.py:138: RuntimeWarning: k >= N for N * N square matrix. Attempting to use scipy.linalg.eigh instead.
  eigenvalues, eigenvectors = eigsh(
/home1/sajan_rg/graphormer_eval/new_experiments/graph_exp_new/data.py:138: RuntimeWarning: k >= N for N * N square matrix. Attempting to use scipy.linalg.eigh instead.
  eigenvalues, eigenvectors = eigsh(
/home1/sajan_rg/graphormer_eval/new_experiments/graph_exp_new/data.py:138: RuntimeWarning: k >= N for N * N square matrix. Attempting to use scipy.linalg.eigh instead.
  eigenvalues, eigenvectors = eigsh(
/home1/sajan_rg/graphormer_eval/new_experiments/graph_exp_new/data.py:138: RuntimeWarning: k >= N for N * N square matrix. Attempting to use scipy.linalg.eigh instead.
  eigenvalues, eigenvectors = eigsh(
/home1/sajan_rg/graphormer_eval/new_experiments/graph_exp_new/data.py:138: RuntimeWarning: k >= N for N * N square matrix. Attempting to use scipy.linalg.eigh instead.
  eigenvalues, eigenvectors = eigsh(
Epoch  85/200 [223.0s mem=23083MB] proxies=ON | train_loss=0.2100 mmd=0.0000 train_AP=0.5204 | val_loss=0.4290 val_AP=0.5128 | test_loss=0.4835 test_AP=0.4878
/home1/sajan_rg/graphormer_eval/new_experiments/graph_exp_new/data.py:138: RuntimeWarning: k >= N for N * N square matrix. Attempting to use scipy.linalg.eigh instead.
  eigenvalues, eigenvectors = eigsh(
/home1/sajan_rg/graphormer_eval/new_experiments/graph_exp_new/data.py:138: RuntimeWarning: k >= N for N * N square matrix. Attempting to use scipy.linalg.eigh instead.
  eigenvalues, eigenvectors = eigsh(
/home1/sajan_rg/graphormer_eval/new_experiments/graph_exp_new/data.py:138: RuntimeWarning: k >= N for N * N square matrix. Attempting to use scipy.linalg.eigh instead.
  eigenvalues, eigenvectors = eigsh(
/home1/sajan_rg/graphormer_eval/new_experiments/graph_exp_new/data.py:138: RuntimeWarning: k >= N for N * N square matrix. Attempting to use scipy.linalg.eigh instead.
  eigenvalues, eigenvectors = eigsh(
/home1/sajan_rg/graphormer_eval/new_experiments/graph_exp_new/data.py:138: RuntimeWarning: k >= N for N * N square matrix. Attempting to use scipy.linalg.eigh instead.
  eigenvalues, eigenvectors = eigsh(
/home1/sajan_rg/graphormer_eval/new_experiments/graph_exp_new/data.py:138: RuntimeWarning: k >= N for N * N square matrix. Attempting to use scipy.linalg.eigh instead.
  eigenvalues, eigenvectors = eigsh(
/home1/sajan_rg/graphormer_eval/new_experiments/graph_exp_new/data.py:138: RuntimeWarning: k >= N for N * N square matrix. Attempting to use scipy.linalg.eigh instead.
  eigenvalues, eigenvectors = eigsh(
/home1/sajan_rg/graphormer_eval/new_experiments/graph_exp_new/data.py:138: RuntimeWarning: k >= N for N * N square matrix. Attempting to use scipy.linalg.eigh instead.
  eigenvalues, eigenvectors = eigsh(
/home1/sajan_rg/graphormer_eval/new_experiments/graph_exp_new/data.py:138: RuntimeWarning: k >= N for N * N square matrix. Attempting to use scipy.linalg.eigh instead.
  eigenvalues, eigenvectors = eigsh(
/home1/sajan_rg/graphormer_eval/new_experiments/graph_exp_new/data.py:138: RuntimeWarning: k >= N for N * N square matrix. Attempting to use scipy.linalg.eigh instead.
  eigenvalues, eigenvectors = eigsh(
/home1/sajan_rg/graphormer_eval/new_experiments/graph_exp_new/data.py:138: RuntimeWarning: k >= N for N * N square matrix. Attempting to use scipy.linalg.eigh instead.
  eigenvalues, eigenvectors = eigsh(
/home1/sajan_rg/graphormer_eval/new_experiments/graph_exp_new/data.py:138: RuntimeWarning: k >= N for N * N square matrix. Attempting to use scipy.linalg.eigh instead.
  eigenvalues, eigenvectors = eigsh(
Epoch  86/200 [220.9s mem=23086MB] proxies=ON | train_loss=0.2102 mmd=0.0000 train_AP=0.5180 | val_loss=0.3322 val_AP=0.5202 | test_loss=0.3690 test_AP=0.4971
  -> New best val AP=0.5202 (test AP=0.4971), saved to checkpoints_three_staged_cross_multipt/best_e2e.pt
/home1/sajan_rg/graphormer_eval/new_experiments/graph_exp_new/data.py:138: RuntimeWarning: k >= N for N * N square matrix. Attempting to use scipy.linalg.eigh instead.
  eigenvalues, eigenvectors = eigsh(
/home1/sajan_rg/graphormer_eval/new_experiments/graph_exp_new/data.py:138: RuntimeWarning: k >= N for N * N square matrix. Attempting to use scipy.linalg.eigh instead.
  eigenvalues, eigenvectors = eigsh(
/home1/sajan_rg/graphormer_eval/new_experiments/graph_exp_new/data.py:138: RuntimeWarning: k >= N for N * N square matrix. Attempting to use scipy.linalg.eigh instead.
  eigenvalues, eigenvectors = eigsh(
/home1/sajan_rg/graphormer_eval/new_experiments/graph_exp_new/data.py:138: RuntimeWarning: k >= N for N * N square matrix. Attempting to use scipy.linalg.eigh instead.
  eigenvalues, eigenvectors = eigsh(
/home1/sajan_rg/graphormer_eval/new_experiments/graph_exp_new/data.py:138: RuntimeWarning: k >= N for N * N square matrix. Attempting to use scipy.linalg.eigh instead.
  eigenvalues, eigenvectors = eigsh(
/home1/sajan_rg/graphormer_eval/new_experiments/graph_exp_new/data.py:138: RuntimeWarning: k >= N for N * N square matrix. Attempting to use scipy.linalg.eigh instead.
  eigenvalues, eigenvectors = eigsh(
/home1/sajan_rg/graphormer_eval/new_experiments/graph_exp_new/data.py:138: RuntimeWarning: k >= N for N * N square matrix. Attempting to use scipy.linalg.eigh instead.
  eigenvalues, eigenvectors = eigsh(
/home1/sajan_rg/graphormer_eval/new_experiments/graph_exp_new/data.py:138: RuntimeWarning: k >= N for N * N square matrix. Attempting to use scipy.linalg.eigh instead.
  eigenvalues, eigenvectors = eigsh(
/home1/sajan_rg/graphormer_eval/new_experiments/graph_exp_new/data.py:138: RuntimeWarning: k >= N for N * N square matrix. Attempting to use scipy.linalg.eigh instead.
  eigenvalues, eigenvectors = eigsh(
/home1/sajan_rg/graphormer_eval/new_experiments/graph_exp_new/data.py:138: RuntimeWarning: k >= N for N * N square matrix. Attempting to use scipy.linalg.eigh instead.
  eigenvalues, eigenvectors = eigsh(
/home1/sajan_rg/graphormer_eval/new_experiments/graph_exp_new/data.py:138: RuntimeWarning: k >= N for N * N square matrix. Attempting to use scipy.linalg.eigh instead.
  eigenvalues, eigenvectors = eigsh(
/home1/sajan_rg/graphormer_eval/new_experiments/graph_exp_new/data.py:138: RuntimeWarning: k >= N for N * N square matrix. Attempting to use scipy.linalg.eigh instead.
  eigenvalues, eigenvectors = eigsh(
Epoch  87/200 [223.6s mem=23094MB] proxies=ON | train_loss=0.2100 mmd=0.0000 train_AP=0.5187 | val_loss=0.3691 val_AP=0.5122 | test_loss=0.4136 test_AP=0.4955
/home1/sajan_rg/graphormer_eval/new_experiments/graph_exp_new/data.py:138: RuntimeWarning: k >= N for N * N square matrix. Attempting to use scipy.linalg.eigh instead.
  eigenvalues, eigenvectors = eigsh(
/home1/sajan_rg/graphormer_eval/new_experiments/graph_exp_new/data.py:138: RuntimeWarning: k >= N for N * N square matrix. Attempting to use scipy.linalg.eigh instead.
  eigenvalues, eigenvectors = eigsh(
/home1/sajan_rg/graphormer_eval/new_experiments/graph_exp_new/data.py:138: RuntimeWarning: k >= N for N * N square matrix. Attempting to use scipy.linalg.eigh instead.
  eigenvalues, eigenvectors = eigsh(
/home1/sajan_rg/graphormer_eval/new_experiments/graph_exp_new/data.py:138: RuntimeWarning: k >= N for N * N square matrix. Attempting to use scipy.linalg.eigh instead.
  eigenvalues, eigenvectors = eigsh(
/home1/sajan_rg/graphormer_eval/new_experiments/graph_exp_new/data.py:138: RuntimeWarning: k >= N for N * N square matrix. Attempting to use scipy.linalg.eigh instead.
  eigenvalues, eigenvectors = eigsh(
/home1/sajan_rg/graphormer_eval/new_experiments/graph_exp_new/data.py:138: RuntimeWarning: k >= N for N * N square matrix. Attempting to use scipy.linalg.eigh instead.
  eigenvalues, eigenvectors = eigsh(
/home1/sajan_rg/graphormer_eval/new_experiments/graph_exp_new/data.py:138: RuntimeWarning: k >= N for N * N square matrix. Attempting to use scipy.linalg.eigh instead.
  eigenvalues, eigenvectors = eigsh(
/home1/sajan_rg/graphormer_eval/new_experiments/graph_exp_new/data.py:138: RuntimeWarning: k >= N for N * N square matrix. Attempting to use scipy.linalg.eigh instead.
  eigenvalues, eigenvectors = eigsh(
/home1/sajan_rg/graphormer_eval/new_experiments/graph_exp_new/data.py:138: RuntimeWarning: k >= N for N * N square matrix. Attempting to use scipy.linalg.eigh instead.
  eigenvalues, eigenvectors = eigsh(
/home1/sajan_rg/graphormer_eval/new_experiments/graph_exp_new/data.py:138: RuntimeWarning: k >= N for N * N square matrix. Attempting to use scipy.linalg.eigh instead.
  eigenvalues, eigenvectors = eigsh(
/home1/sajan_rg/graphormer_eval/new_experiments/graph_exp_new/data.py:138: RuntimeWarning: k >= N for N * N square matrix. Attempting to use scipy.linalg.eigh instead.
  eigenvalues, eigenvectors = eigsh(
/home1/sajan_rg/graphormer_eval/new_experiments/graph_exp_new/data.py:138: RuntimeWarning: k >= N for N * N square matrix. Attempting to use scipy.linalg.eigh instead.
  eigenvalues, eigenvectors = eigsh(
Epoch  88/200 [221.7s mem=23088MB] proxies=ON | train_loss=0.2058 mmd=0.0000 train_AP=0.5207 | val_loss=0.3727 val_AP=0.5195 | test_loss=0.4068 test_AP=0.4984
/home1/sajan_rg/graphormer_eval/new_experiments/graph_exp_new/data.py:138: RuntimeWarning: k >= N for N * N square matrix. Attempting to use scipy.linalg.eigh instead.
  eigenvalues, eigenvectors = eigsh(
/home1/sajan_rg/graphormer_eval/new_experiments/graph_exp_new/data.py:138: RuntimeWarning: k >= N for N * N square matrix. Attempting to use scipy.linalg.eigh instead.
  eigenvalues, eigenvectors = eigsh(
/home1/sajan_rg/graphormer_eval/new_experiments/graph_exp_new/data.py:138: RuntimeWarning: k >= N for N * N square matrix. Attempting to use scipy.linalg.eigh instead.
  eigenvalues, eigenvectors = eigsh(
/home1/sajan_rg/graphormer_eval/new_experiments/graph_exp_new/data.py:138: RuntimeWarning: k >= N for N * N square matrix. Attempting to use scipy.linalg.eigh instead.
  eigenvalues, eigenvectors = eigsh(
/home1/sajan_rg/graphormer_eval/new_experiments/graph_exp_new/data.py:138: RuntimeWarning: k >= N for N * N square matrix. Attempting to use scipy.linalg.eigh instead.
  eigenvalues, eigenvectors = eigsh(
/home1/sajan_rg/graphormer_eval/new_experiments/graph_exp_new/data.py:138: RuntimeWarning: k >= N for N * N square matrix. Attempting to use scipy.linalg.eigh instead.
  eigenvalues, eigenvectors = eigsh(
/home1/sajan_rg/graphormer_eval/new_experiments/graph_exp_new/data.py:138: RuntimeWarning: k >= N for N * N square matrix. Attempting to use scipy.linalg.eigh instead.
  eigenvalues, eigenvectors = eigsh(
/home1/sajan_rg/graphormer_eval/new_experiments/graph_exp_new/data.py:138: RuntimeWarning: k >= N for N * N square matrix. Attempting to use scipy.linalg.eigh instead.
  eigenvalues, eigenvectors = eigsh(
/home1/sajan_rg/graphormer_eval/new_experiments/graph_exp_new/data.py:138: RuntimeWarning: k >= N for N * N square matrix. Attempting to use scipy.linalg.eigh instead.
  eigenvalues, eigenvectors = eigsh(
/home1/sajan_rg/graphormer_eval/new_experiments/graph_exp_new/data.py:138: RuntimeWarning: k >= N for N * N square matrix. Attempting to use scipy.linalg.eigh instead.
  eigenvalues, eigenvectors = eigsh(
/home1/sajan_rg/graphormer_eval/new_experiments/graph_exp_new/data.py:138: RuntimeWarning: k >= N for N * N square matrix. Attempting to use scipy.linalg.eigh instead.
  eigenvalues, eigenvectors = eigsh(
/home1/sajan_rg/graphormer_eval/new_experiments/graph_exp_new/data.py:138: RuntimeWarning: k >= N for N * N square matrix. Attempting to use scipy.linalg.eigh instead.
  eigenvalues, eigenvectors = eigsh(
Epoch  89/200 [221.5s mem=23083MB] proxies=ON | train_loss=0.2085 mmd=0.0000 train_AP=0.5240 | val_loss=0.3590 val_AP=0.5179 | test_loss=0.3959 test_AP=0.4988
/home1/sajan_rg/graphormer_eval/new_experiments/graph_exp_new/data.py:138: RuntimeWarning: k >= N for N * N square matrix. Attempting to use scipy.linalg.eigh instead.
  eigenvalues, eigenvectors = eigsh(
/home1/sajan_rg/graphormer_eval/new_experiments/graph_exp_new/data.py:138: RuntimeWarning: k >= N for N * N square matrix. Attempting to use scipy.linalg.eigh instead.
  eigenvalues, eigenvectors = eigsh(
/home1/sajan_rg/graphormer_eval/new_experiments/graph_exp_new/data.py:138: RuntimeWarning: k >= N for N * N square matrix. Attempting to use scipy.linalg.eigh instead.
  eigenvalues, eigenvectors = eigsh(
/home1/sajan_rg/graphormer_eval/new_experiments/graph_exp_new/data.py:138: RuntimeWarning: k >= N for N * N square matrix. Attempting to use scipy.linalg.eigh instead.
  eigenvalues, eigenvectors = eigsh(
/home1/sajan_rg/graphormer_eval/new_experiments/graph_exp_new/data.py:138: RuntimeWarning: k >= N for N * N square matrix. Attempting to use scipy.linalg.eigh instead.
  eigenvalues, eigenvectors = eigsh(
/home1/sajan_rg/graphormer_eval/new_experiments/graph_exp_new/data.py:138: RuntimeWarning: k >= N for N * N square matrix. Attempting to use scipy.linalg.eigh instead.
  eigenvalues, eigenvectors = eigsh(
/home1/sajan_rg/graphormer_eval/new_experiments/graph_exp_new/data.py:138: RuntimeWarning: k >= N for N * N square matrix. Attempting to use scipy.linalg.eigh instead.
  eigenvalues, eigenvectors = eigsh(
/home1/sajan_rg/graphormer_eval/new_experiments/graph_exp_new/data.py:138: RuntimeWarning: k >= N for N * N square matrix. Attempting to use scipy.linalg.eigh instead.
  eigenvalues, eigenvectors = eigsh(
/home1/sajan_rg/graphormer_eval/new_experiments/graph_exp_new/data.py:138: RuntimeWarning: k >= N for N * N square matrix. Attempting to use scipy.linalg.eigh instead.
  eigenvalues, eigenvectors = eigsh(
/home1/sajan_rg/graphormer_eval/new_experiments/graph_exp_new/data.py:138: RuntimeWarning: k >= N for N * N square matrix. Attempting to use scipy.linalg.eigh instead.
  eigenvalues, eigenvectors = eigsh(
/home1/sajan_rg/graphormer_eval/new_experiments/graph_exp_new/data.py:138: RuntimeWarning: k >= N for N * N square matrix. Attempting to use scipy.linalg.eigh instead.
  eigenvalues, eigenvectors = eigsh(
/home1/sajan_rg/graphormer_eval/new_experiments/graph_exp_new/data.py:138: RuntimeWarning: k >= N for N * N square matrix. Attempting to use scipy.linalg.eigh instead.
  eigenvalues, eigenvectors = eigsh(
Epoch  90/200 [220.6s mem=23086MB] proxies=ON | train_loss=0.2065 mmd=0.0000 train_AP=0.5273 | val_loss=0.4122 val_AP=0.5054 | test_loss=0.4438 test_AP=0.4830
/home1/sajan_rg/graphormer_eval/new_experiments/graph_exp_new/data.py:138: RuntimeWarning: k >= N for N * N square matrix. Attempting to use scipy.linalg.eigh instead.
  eigenvalues, eigenvectors = eigsh(
/home1/sajan_rg/graphormer_eval/new_experiments/graph_exp_new/data.py:138: RuntimeWarning: k >= N for N * N square matrix. Attempting to use scipy.linalg.eigh instead.
  eigenvalues, eigenvectors = eigsh(
/home1/sajan_rg/graphormer_eval/new_experiments/graph_exp_new/data.py:138: RuntimeWarning: k >= N for N * N square matrix. Attempting to use scipy.linalg.eigh instead.
  eigenvalues, eigenvectors = eigsh(
/home1/sajan_rg/graphormer_eval/new_experiments/graph_exp_new/data.py:138: RuntimeWarning: k >= N for N * N square matrix. Attempting to use scipy.linalg.eigh instead.
  eigenvalues, eigenvectors = eigsh(
/home1/sajan_rg/graphormer_eval/new_experiments/graph_exp_new/data.py:138: RuntimeWarning: k >= N for N * N square matrix. Attempting to use scipy.linalg.eigh instead.
  eigenvalues, eigenvectors = eigsh(
/home1/sajan_rg/graphormer_eval/new_experiments/graph_exp_new/data.py:138: RuntimeWarning: k >= N for N * N square matrix. Attempting to use scipy.linalg.eigh instead.
  eigenvalues, eigenvectors = eigsh(
/home1/sajan_rg/graphormer_eval/new_experiments/graph_exp_new/data.py:138: RuntimeWarning: k >= N for N * N square matrix. Attempting to use scipy.linalg.eigh instead.
  eigenvalues, eigenvectors = eigsh(
/home1/sajan_rg/graphormer_eval/new_experiments/graph_exp_new/data.py:138: RuntimeWarning: k >= N for N * N square matrix. Attempting to use scipy.linalg.eigh instead.
  eigenvalues, eigenvectors = eigsh(
/home1/sajan_rg/graphormer_eval/new_experiments/graph_exp_new/data.py:138: RuntimeWarning: k >= N for N * N square matrix. Attempting to use scipy.linalg.eigh instead.
  eigenvalues, eigenvectors = eigsh(
/home1/sajan_rg/graphormer_eval/new_experiments/graph_exp_new/data.py:138: RuntimeWarning: k >= N for N * N square matrix. Attempting to use scipy.linalg.eigh instead.
  eigenvalues, eigenvectors = eigsh(
/home1/sajan_rg/graphormer_eval/new_experiments/graph_exp_new/data.py:138: RuntimeWarning: k >= N for N * N square matrix. Attempting to use scipy.linalg.eigh instead.
  eigenvalues, eigenvectors = eigsh(
/home1/sajan_rg/graphormer_eval/new_experiments/graph_exp_new/data.py:138: RuntimeWarning: k >= N for N * N square matrix. Attempting to use scipy.linalg.eigh instead.
  eigenvalues, eigenvectors = eigsh(
Epoch  91/200 [222.1s mem=23097MB] proxies=ON | train_loss=0.2066 mmd=0.0000 train_AP=0.5245 | val_loss=0.4565 val_AP=0.5034 | test_loss=0.4960 test_AP=0.4912
/home1/sajan_rg/graphormer_eval/new_experiments/graph_exp_new/data.py:138: RuntimeWarning: k >= N for N * N square matrix. Attempting to use scipy.linalg.eigh instead.
  eigenvalues, eigenvectors = eigsh(
/home1/sajan_rg/graphormer_eval/new_experiments/graph_exp_new/data.py:138: RuntimeWarning: k >= N for N * N square matrix. Attempting to use scipy.linalg.eigh instead.
  eigenvalues, eigenvectors = eigsh(
/home1/sajan_rg/graphormer_eval/new_experiments/graph_exp_new/data.py:138: RuntimeWarning: k >= N for N * N square matrix. Attempting to use scipy.linalg.eigh instead.
  eigenvalues, eigenvectors = eigsh(
/home1/sajan_rg/graphormer_eval/new_experiments/graph_exp_new/data.py:138: RuntimeWarning: k >= N for N * N square matrix. Attempting to use scipy.linalg.eigh instead.
  eigenvalues, eigenvectors = eigsh(
/home1/sajan_rg/graphormer_eval/new_experiments/graph_exp_new/data.py:138: RuntimeWarning: k >= N for N * N square matrix. Attempting to use scipy.linalg.eigh instead.
  eigenvalues, eigenvectors = eigsh(
/home1/sajan_rg/graphormer_eval/new_experiments/graph_exp_new/data.py:138: RuntimeWarning: k >= N for N * N square matrix. Attempting to use scipy.linalg.eigh instead.
  eigenvalues, eigenvectors = eigsh(
/home1/sajan_rg/graphormer_eval/new_experiments/graph_exp_new/data.py:138: RuntimeWarning: k >= N for N * N square matrix. Attempting to use scipy.linalg.eigh instead.
  eigenvalues, eigenvectors = eigsh(
/home1/sajan_rg/graphormer_eval/new_experiments/graph_exp_new/data.py:138: RuntimeWarning: k >= N for N * N square matrix. Attempting to use scipy.linalg.eigh instead.
  eigenvalues, eigenvectors = eigsh(
/home1/sajan_rg/graphormer_eval/new_experiments/graph_exp_new/data.py:138: RuntimeWarning: k >= N for N * N square matrix. Attempting to use scipy.linalg.eigh instead.
  eigenvalues, eigenvectors = eigsh(
/home1/sajan_rg/graphormer_eval/new_experiments/graph_exp_new/data.py:138: RuntimeWarning: k >= N for N * N square matrix. Attempting to use scipy.linalg.eigh instead.
  eigenvalues, eigenvectors = eigsh(
/home1/sajan_rg/graphormer_eval/new_experiments/graph_exp_new/data.py:138: RuntimeWarning: k >= N for N * N square matrix. Attempting to use scipy.linalg.eigh instead.
  eigenvalues, eigenvectors = eigsh(
/home1/sajan_rg/graphormer_eval/new_experiments/graph_exp_new/data.py:138: RuntimeWarning: k >= N for N * N square matrix. Attempting to use scipy.linalg.eigh instead.
  eigenvalues, eigenvectors = eigsh(
Epoch  92/200 [222.0s mem=23088MB] proxies=ON | train_loss=0.2046 mmd=0.0000 train_AP=0.5304 | val_loss=0.4544 val_AP=0.5099 | test_loss=0.5408 test_AP=0.4936
/home1/sajan_rg/graphormer_eval/new_experiments/graph_exp_new/data.py:138: RuntimeWarning: k >= N for N * N square matrix. Attempting to use scipy.linalg.eigh instead.
  eigenvalues, eigenvectors = eigsh(
/home1/sajan_rg/graphormer_eval/new_experiments/graph_exp_new/data.py:138: RuntimeWarning: k >= N for N * N square matrix. Attempting to use scipy.linalg.eigh instead.
  eigenvalues, eigenvectors = eigsh(
/home1/sajan_rg/graphormer_eval/new_experiments/graph_exp_new/data.py:138: RuntimeWarning: k >= N for N * N square matrix. Attempting to use scipy.linalg.eigh instead.
  eigenvalues, eigenvectors = eigsh(
/home1/sajan_rg/graphormer_eval/new_experiments/graph_exp_new/data.py:138: RuntimeWarning: k >= N for N * N square matrix. Attempting to use scipy.linalg.eigh instead.
  eigenvalues, eigenvectors = eigsh(
/home1/sajan_rg/graphormer_eval/new_experiments/graph_exp_new/data.py:138: RuntimeWarning: k >= N for N * N square matrix. Attempting to use scipy.linalg.eigh instead.
  eigenvalues, eigenvectors = eigsh(
/home1/sajan_rg/graphormer_eval/new_experiments/graph_exp_new/data.py:138: RuntimeWarning: k >= N for N * N square matrix. Attempting to use scipy.linalg.eigh instead.
  eigenvalues, eigenvectors = eigsh(
/home1/sajan_rg/graphormer_eval/new_experiments/graph_exp_new/data.py:138: RuntimeWarning: k >= N for N * N square matrix. Attempting to use scipy.linalg.eigh instead.
  eigenvalues, eigenvectors = eigsh(
/home1/sajan_rg/graphormer_eval/new_experiments/graph_exp_new/data.py:138: RuntimeWarning: k >= N for N * N square matrix. Attempting to use scipy.linalg.eigh instead.
  eigenvalues, eigenvectors = eigsh(
/home1/sajan_rg/graphormer_eval/new_experiments/graph_exp_new/data.py:138: RuntimeWarning: k >= N for N * N square matrix. Attempting to use scipy.linalg.eigh instead.
  eigenvalues, eigenvectors = eigsh(
/home1/sajan_rg/graphormer_eval/new_experiments/graph_exp_new/data.py:138: RuntimeWarning: k >= N for N * N square matrix. Attempting to use scipy.linalg.eigh instead.
  eigenvalues, eigenvectors = eigsh(
/home1/sajan_rg/graphormer_eval/new_experiments/graph_exp_new/data.py:138: RuntimeWarning: k >= N for N * N square matrix. Attempting to use scipy.linalg.eigh instead.
  eigenvalues, eigenvectors = eigsh(
/home1/sajan_rg/graphormer_eval/new_experiments/graph_exp_new/data.py:138: RuntimeWarning: k >= N for N * N square matrix. Attempting to use scipy.linalg.eigh instead.
  eigenvalues, eigenvectors = eigsh(
Epoch  93/200 [219.9s mem=23097MB] proxies=ON | train_loss=0.2035 mmd=0.0000 train_AP=0.5383 | val_loss=0.4057 val_AP=0.5144 | test_loss=0.4142 test_AP=0.5079
/home1/sajan_rg/graphormer_eval/new_experiments/graph_exp_new/data.py:138: RuntimeWarning: k >= N for N * N square matrix. Attempting to use scipy.linalg.eigh instead.
  eigenvalues, eigenvectors = eigsh(
/home1/sajan_rg/graphormer_eval/new_experiments/graph_exp_new/data.py:138: RuntimeWarning: k >= N for N * N square matrix. Attempting to use scipy.linalg.eigh instead.
  eigenvalues, eigenvectors = eigsh(
/home1/sajan_rg/graphormer_eval/new_experiments/graph_exp_new/data.py:138: RuntimeWarning: k >= N for N * N square matrix. Attempting to use scipy.linalg.eigh instead.
  eigenvalues, eigenvectors = eigsh(
/home1/sajan_rg/graphormer_eval/new_experiments/graph_exp_new/data.py:138: RuntimeWarning: k >= N for N * N square matrix. Attempting to use scipy.linalg.eigh instead.
  eigenvalues, eigenvectors = eigsh(
/home1/sajan_rg/graphormer_eval/new_experiments/graph_exp_new/data.py:138: RuntimeWarning: k >= N for N * N square matrix. Attempting to use scipy.linalg.eigh instead.
  eigenvalues, eigenvectors = eigsh(
/home1/sajan_rg/graphormer_eval/new_experiments/graph_exp_new/data.py:138: RuntimeWarning: k >= N for N * N square matrix. Attempting to use scipy.linalg.eigh instead.
  eigenvalues, eigenvectors = eigsh(
/home1/sajan_rg/graphormer_eval/new_experiments/graph_exp_new/data.py:138: RuntimeWarning: k >= N for N * N square matrix. Attempting to use scipy.linalg.eigh instead.
  eigenvalues, eigenvectors = eigsh(
/home1/sajan_rg/graphormer_eval/new_experiments/graph_exp_new/data.py:138: RuntimeWarning: k >= N for N * N square matrix. Attempting to use scipy.linalg.eigh instead.
  eigenvalues, eigenvectors = eigsh(
/home1/sajan_rg/graphormer_eval/new_experiments/graph_exp_new/data.py:138: RuntimeWarning: k >= N for N * N square matrix. Attempting to use scipy.linalg.eigh instead.
  eigenvalues, eigenvectors = eigsh(
/home1/sajan_rg/graphormer_eval/new_experiments/graph_exp_new/data.py:138: RuntimeWarning: k >= N for N * N square matrix. Attempting to use scipy.linalg.eigh instead.
  eigenvalues, eigenvectors = eigsh(
/home1/sajan_rg/graphormer_eval/new_experiments/graph_exp_new/data.py:138: RuntimeWarning: k >= N for N * N square matrix. Attempting to use scipy.linalg.eigh instead.
  eigenvalues, eigenvectors = eigsh(
/home1/sajan_rg/graphormer_eval/new_experiments/graph_exp_new/data.py:138: RuntimeWarning: k >= N for N * N square matrix. Attempting to use scipy.linalg.eigh instead.
  eigenvalues, eigenvectors = eigsh(
Epoch  94/200 [221.2s mem=23085MB] proxies=ON | train_loss=0.2020 mmd=0.0000 train_AP=0.5346 | val_loss=0.4347 val_AP=0.5070 | test_loss=0.4663 test_AP=0.4931
/home1/sajan_rg/graphormer_eval/new_experiments/graph_exp_new/data.py:138: RuntimeWarning: k >= N for N * N square matrix. Attempting to use scipy.linalg.eigh instead.
  eigenvalues, eigenvectors = eigsh(
/home1/sajan_rg/graphormer_eval/new_experiments/graph_exp_new/data.py:138: RuntimeWarning: k >= N for N * N square matrix. Attempting to use scipy.linalg.eigh instead.
  eigenvalues, eigenvectors = eigsh(
/home1/sajan_rg/graphormer_eval/new_experiments/graph_exp_new/data.py:138: RuntimeWarning: k >= N for N * N square matrix. Attempting to use scipy.linalg.eigh instead.
  eigenvalues, eigenvectors = eigsh(
/home1/sajan_rg/graphormer_eval/new_experiments/graph_exp_new/data.py:138: RuntimeWarning: k >= N for N * N square matrix. Attempting to use scipy.linalg.eigh instead.
  eigenvalues, eigenvectors = eigsh(
/home1/sajan_rg/graphormer_eval/new_experiments/graph_exp_new/data.py:138: RuntimeWarning: k >= N for N * N square matrix. Attempting to use scipy.linalg.eigh instead.
  eigenvalues, eigenvectors = eigsh(
/home1/sajan_rg/graphormer_eval/new_experiments/graph_exp_new/data.py:138: RuntimeWarning: k >= N for N * N square matrix. Attempting to use scipy.linalg.eigh instead.
  eigenvalues, eigenvectors = eigsh(
/home1/sajan_rg/graphormer_eval/new_experiments/graph_exp_new/data.py:138: RuntimeWarning: k >= N for N * N square matrix. Attempting to use scipy.linalg.eigh instead.
  eigenvalues, eigenvectors = eigsh(
/home1/sajan_rg/graphormer_eval/new_experiments/graph_exp_new/data.py:138: RuntimeWarning: k >= N for N * N square matrix. Attempting to use scipy.linalg.eigh instead.
  eigenvalues, eigenvectors = eigsh(
/home1/sajan_rg/graphormer_eval/new_experiments/graph_exp_new/data.py:138: RuntimeWarning: k >= N for N * N square matrix. Attempting to use scipy.linalg.eigh instead.
  eigenvalues, eigenvectors = eigsh(
/home1/sajan_rg/graphormer_eval/new_experiments/graph_exp_new/data.py:138: RuntimeWarning: k >= N for N * N square matrix. Attempting to use scipy.linalg.eigh instead.
  eigenvalues, eigenvectors = eigsh(
/home1/sajan_rg/graphormer_eval/new_experiments/graph_exp_new/data.py:138: RuntimeWarning: k >= N for N * N square matrix. Attempting to use scipy.linalg.eigh instead.
  eigenvalues, eigenvectors = eigsh(
/home1/sajan_rg/graphormer_eval/new_experiments/graph_exp_new/data.py:138: RuntimeWarning: k >= N for N * N square matrix. Attempting to use scipy.linalg.eigh instead.
  eigenvalues, eigenvectors = eigsh(
Epoch  95/200 [222.8s mem=23084MB] proxies=ON | train_loss=0.2004 mmd=0.0000 train_AP=0.5380 | val_loss=0.4075 val_AP=0.5224 | test_loss=0.4571 test_AP=0.5032
  -> New best val AP=0.5224 (test AP=0.5032), saved to checkpoints_three_staged_cross_multipt/best_e2e.pt
/home1/sajan_rg/graphormer_eval/new_experiments/graph_exp_new/data.py:138: RuntimeWarning: k >= N for N * N square matrix. Attempting to use scipy.linalg.eigh instead.
  eigenvalues, eigenvectors = eigsh(
/home1/sajan_rg/graphormer_eval/new_experiments/graph_exp_new/data.py:138: RuntimeWarning: k >= N for N * N square matrix. Attempting to use scipy.linalg.eigh instead.
  eigenvalues, eigenvectors = eigsh(
/home1/sajan_rg/graphormer_eval/new_experiments/graph_exp_new/data.py:138: RuntimeWarning: k >= N for N * N square matrix. Attempting to use scipy.linalg.eigh instead.
  eigenvalues, eigenvectors = eigsh(
/home1/sajan_rg/graphormer_eval/new_experiments/graph_exp_new/data.py:138: RuntimeWarning: k >= N for N * N square matrix. Attempting to use scipy.linalg.eigh instead.
  eigenvalues, eigenvectors = eigsh(
/home1/sajan_rg/graphormer_eval/new_experiments/graph_exp_new/data.py:138: RuntimeWarning: k >= N for N * N square matrix. Attempting to use scipy.linalg.eigh instead.
  eigenvalues, eigenvectors = eigsh(
/home1/sajan_rg/graphormer_eval/new_experiments/graph_exp_new/data.py:138: RuntimeWarning: k >= N for N * N square matrix. Attempting to use scipy.linalg.eigh instead.
  eigenvalues, eigenvectors = eigsh(
/home1/sajan_rg/graphormer_eval/new_experiments/graph_exp_new/data.py:138: RuntimeWarning: k >= N for N * N square matrix. Attempting to use scipy.linalg.eigh instead.
  eigenvalues, eigenvectors = eigsh(
/home1/sajan_rg/graphormer_eval/new_experiments/graph_exp_new/data.py:138: RuntimeWarning: k >= N for N * N square matrix. Attempting to use scipy.linalg.eigh instead.
  eigenvalues, eigenvectors = eigsh(
/home1/sajan_rg/graphormer_eval/new_experiments/graph_exp_new/data.py:138: RuntimeWarning: k >= N for N * N square matrix. Attempting to use scipy.linalg.eigh instead.
  eigenvalues, eigenvectors = eigsh(
/home1/sajan_rg/graphormer_eval/new_experiments/graph_exp_new/data.py:138: RuntimeWarning: k >= N for N * N square matrix. Attempting to use scipy.linalg.eigh instead.
  eigenvalues, eigenvectors = eigsh(
/home1/sajan_rg/graphormer_eval/new_experiments/graph_exp_new/data.py:138: RuntimeWarning: k >= N for N * N square matrix. Attempting to use scipy.linalg.eigh instead.
  eigenvalues, eigenvectors = eigsh(
/home1/sajan_rg/graphormer_eval/new_experiments/graph_exp_new/data.py:138: RuntimeWarning: k >= N for N * N square matrix. Attempting to use scipy.linalg.eigh instead.
  eigenvalues, eigenvectors = eigsh(
Epoch  96/200 [222.3s mem=23078MB] proxies=ON | train_loss=0.1991 mmd=0.0000 train_AP=0.5453 | val_loss=0.3901 val_AP=0.5249 | test_loss=0.4406 test_AP=0.5128
  -> New best val AP=0.5249 (test AP=0.5128), saved to checkpoints_three_staged_cross_multipt/best_e2e.pt
/home1/sajan_rg/graphormer_eval/new_experiments/graph_exp_new/data.py:138: RuntimeWarning: k >= N for N * N square matrix. Attempting to use scipy.linalg.eigh instead.
  eigenvalues, eigenvectors = eigsh(
/home1/sajan_rg/graphormer_eval/new_experiments/graph_exp_new/data.py:138: RuntimeWarning: k >= N for N * N square matrix. Attempting to use scipy.linalg.eigh instead.
  eigenvalues, eigenvectors = eigsh(
/home1/sajan_rg/graphormer_eval/new_experiments/graph_exp_new/data.py:138: RuntimeWarning: k >= N for N * N square matrix. Attempting to use scipy.linalg.eigh instead.
  eigenvalues, eigenvectors = eigsh(
/home1/sajan_rg/graphormer_eval/new_experiments/graph_exp_new/data.py:138: RuntimeWarning: k >= N for N * N square matrix. Attempting to use scipy.linalg.eigh instead.
  eigenvalues, eigenvectors = eigsh(
/home1/sajan_rg/graphormer_eval/new_experiments/graph_exp_new/data.py:138: RuntimeWarning: k >= N for N * N square matrix. Attempting to use scipy.linalg.eigh instead.
  eigenvalues, eigenvectors = eigsh(
/home1/sajan_rg/graphormer_eval/new_experiments/graph_exp_new/data.py:138: RuntimeWarning: k >= N for N * N square matrix. Attempting to use scipy.linalg.eigh instead.
  eigenvalues, eigenvectors = eigsh(
/home1/sajan_rg/graphormer_eval/new_experiments/graph_exp_new/data.py:138: RuntimeWarning: k >= N for N * N square matrix. Attempting to use scipy.linalg.eigh instead.
  eigenvalues, eigenvectors = eigsh(
/home1/sajan_rg/graphormer_eval/new_experiments/graph_exp_new/data.py:138: RuntimeWarning: k >= N for N * N square matrix. Attempting to use scipy.linalg.eigh instead.
  eigenvalues, eigenvectors = eigsh(
/home1/sajan_rg/graphormer_eval/new_experiments/graph_exp_new/data.py:138: RuntimeWarning: k >= N for N * N square matrix. Attempting to use scipy.linalg.eigh instead.
  eigenvalues, eigenvectors = eigsh(
/home1/sajan_rg/graphormer_eval/new_experiments/graph_exp_new/data.py:138: RuntimeWarning: k >= N for N * N square matrix. Attempting to use scipy.linalg.eigh instead.
  eigenvalues, eigenvectors = eigsh(
/home1/sajan_rg/graphormer_eval/new_experiments/graph_exp_new/data.py:138: RuntimeWarning: k >= N for N * N square matrix. Attempting to use scipy.linalg.eigh instead.
  eigenvalues, eigenvectors = eigsh(
/home1/sajan_rg/graphormer_eval/new_experiments/graph_exp_new/data.py:138: RuntimeWarning: k >= N for N * N square matrix. Attempting to use scipy.linalg.eigh instead.
  eigenvalues, eigenvectors = eigsh(
Epoch  97/200 [222.3s mem=23084MB] proxies=ON | train_loss=0.2002 mmd=0.0000 train_AP=0.5451 | val_loss=0.4162 val_AP=0.5341 | test_loss=0.4581 test_AP=0.5141
  -> New best val AP=0.5341 (test AP=0.5141), saved to checkpoints_three_staged_cross_multipt/best_e2e.pt
/home1/sajan_rg/graphormer_eval/new_experiments/graph_exp_new/data.py:138: RuntimeWarning: k >= N for N * N square matrix. Attempting to use scipy.linalg.eigh instead.
  eigenvalues, eigenvectors = eigsh(
/home1/sajan_rg/graphormer_eval/new_experiments/graph_exp_new/data.py:138: RuntimeWarning: k >= N for N * N square matrix. Attempting to use scipy.linalg.eigh instead.
  eigenvalues, eigenvectors = eigsh(
/home1/sajan_rg/graphormer_eval/new_experiments/graph_exp_new/data.py:138: RuntimeWarning: k >= N for N * N square matrix. Attempting to use scipy.linalg.eigh instead.
  eigenvalues, eigenvectors = eigsh(
/home1/sajan_rg/graphormer_eval/new_experiments/graph_exp_new/data.py:138: RuntimeWarning: k >= N for N * N square matrix. Attempting to use scipy.linalg.eigh instead.
  eigenvalues, eigenvectors = eigsh(
/home1/sajan_rg/graphormer_eval/new_experiments/graph_exp_new/data.py:138: RuntimeWarning: k >= N for N * N square matrix. Attempting to use scipy.linalg.eigh instead.
  eigenvalues, eigenvectors = eigsh(
/home1/sajan_rg/graphormer_eval/new_experiments/graph_exp_new/data.py:138: RuntimeWarning: k >= N for N * N square matrix. Attempting to use scipy.linalg.eigh instead.
  eigenvalues, eigenvectors = eigsh(
/home1/sajan_rg/graphormer_eval/new_experiments/graph_exp_new/data.py:138: RuntimeWarning: k >= N for N * N square matrix. Attempting to use scipy.linalg.eigh instead.
  eigenvalues, eigenvectors = eigsh(
/home1/sajan_rg/graphormer_eval/new_experiments/graph_exp_new/data.py:138: RuntimeWarning: k >= N for N * N square matrix. Attempting to use scipy.linalg.eigh instead.
  eigenvalues, eigenvectors = eigsh(
/home1/sajan_rg/graphormer_eval/new_experiments/graph_exp_new/data.py:138: RuntimeWarning: k >= N for N * N square matrix. Attempting to use scipy.linalg.eigh instead.
  eigenvalues, eigenvectors = eigsh(
/home1/sajan_rg/graphormer_eval/new_experiments/graph_exp_new/data.py:138: RuntimeWarning: k >= N for N * N square matrix. Attempting to use scipy.linalg.eigh instead.
  eigenvalues, eigenvectors = eigsh(
/home1/sajan_rg/graphormer_eval/new_experiments/graph_exp_new/data.py:138: RuntimeWarning: k >= N for N * N square matrix. Attempting to use scipy.linalg.eigh instead.
  eigenvalues, eigenvectors = eigsh(
/home1/sajan_rg/graphormer_eval/new_experiments/graph_exp_new/data.py:138: RuntimeWarning: k >= N for N * N square matrix. Attempting to use scipy.linalg.eigh instead.
  eigenvalues, eigenvectors = eigsh(
Epoch  98/200 [221.9s mem=23085MB] proxies=ON | train_loss=0.1978 mmd=0.0000 train_AP=0.5412 | val_loss=0.3518 val_AP=0.5200 | test_loss=0.3783 test_AP=0.5147
/home1/sajan_rg/graphormer_eval/new_experiments/graph_exp_new/data.py:138: RuntimeWarning: k >= N for N * N square matrix. Attempting to use scipy.linalg.eigh instead.
  eigenvalues, eigenvectors = eigsh(
/home1/sajan_rg/graphormer_eval/new_experiments/graph_exp_new/data.py:138: RuntimeWarning: k >= N for N * N square matrix. Attempting to use scipy.linalg.eigh instead.
  eigenvalues, eigenvectors = eigsh(
/home1/sajan_rg/graphormer_eval/new_experiments/graph_exp_new/data.py:138: RuntimeWarning: k >= N for N * N square matrix. Attempting to use scipy.linalg.eigh instead.
  eigenvalues, eigenvectors = eigsh(
/home1/sajan_rg/graphormer_eval/new_experiments/graph_exp_new/data.py:138: RuntimeWarning: k >= N for N * N square matrix. Attempting to use scipy.linalg.eigh instead.
  eigenvalues, eigenvectors = eigsh(
/home1/sajan_rg/graphormer_eval/new_experiments/graph_exp_new/data.py:138: RuntimeWarning: k >= N for N * N square matrix. Attempting to use scipy.linalg.eigh instead.
  eigenvalues, eigenvectors = eigsh(
/home1/sajan_rg/graphormer_eval/new_experiments/graph_exp_new/data.py:138: RuntimeWarning: k >= N for N * N square matrix. Attempting to use scipy.linalg.eigh instead.
  eigenvalues, eigenvectors = eigsh(
/home1/sajan_rg/graphormer_eval/new_experiments/graph_exp_new/data.py:138: RuntimeWarning: k >= N for N * N square matrix. Attempting to use scipy.linalg.eigh instead.
  eigenvalues, eigenvectors = eigsh(
/home1/sajan_rg/graphormer_eval/new_experiments/graph_exp_new/data.py:138: RuntimeWarning: k >= N for N * N square matrix. Attempting to use scipy.linalg.eigh instead.
  eigenvalues, eigenvectors = eigsh(
/home1/sajan_rg/graphormer_eval/new_experiments/graph_exp_new/data.py:138: RuntimeWarning: k >= N for N * N square matrix. Attempting to use scipy.linalg.eigh instead.
  eigenvalues, eigenvectors = eigsh(
/home1/sajan_rg/graphormer_eval/new_experiments/graph_exp_new/data.py:138: RuntimeWarning: k >= N for N * N square matrix. Attempting to use scipy.linalg.eigh instead.
  eigenvalues, eigenvectors = eigsh(
/home1/sajan_rg/graphormer_eval/new_experiments/graph_exp_new/data.py:138: RuntimeWarning: k >= N for N * N square matrix. Attempting to use scipy.linalg.eigh instead.
  eigenvalues, eigenvectors = eigsh(
/home1/sajan_rg/graphormer_eval/new_experiments/graph_exp_new/data.py:138: RuntimeWarning: k >= N for N * N square matrix. Attempting to use scipy.linalg.eigh instead.
  eigenvalues, eigenvectors = eigsh(
Epoch  99/200 [221.9s mem=23084MB] proxies=ON | train_loss=0.1971 mmd=0.0000 train_AP=0.5487 | val_loss=0.3484 val_AP=0.5345 | test_loss=0.4368 test_AP=0.5188
  -> New best val AP=0.5345 (test AP=0.5188), saved to checkpoints_three_staged_cross_multipt/best_e2e.pt
/home1/sajan_rg/graphormer_eval/new_experiments/graph_exp_new/data.py:138: RuntimeWarning: k >= N for N * N square matrix. Attempting to use scipy.linalg.eigh instead.
  eigenvalues, eigenvectors = eigsh(
/home1/sajan_rg/graphormer_eval/new_experiments/graph_exp_new/data.py:138: RuntimeWarning: k >= N for N * N square matrix. Attempting to use scipy.linalg.eigh instead.
  eigenvalues, eigenvectors = eigsh(
/home1/sajan_rg/graphormer_eval/new_experiments/graph_exp_new/data.py:138: RuntimeWarning: k >= N for N * N square matrix. Attempting to use scipy.linalg.eigh instead.
  eigenvalues, eigenvectors = eigsh(
/home1/sajan_rg/graphormer_eval/new_experiments/graph_exp_new/data.py:138: RuntimeWarning: k >= N for N * N square matrix. Attempting to use scipy.linalg.eigh instead.
  eigenvalues, eigenvectors = eigsh(
/home1/sajan_rg/graphormer_eval/new_experiments/graph_exp_new/data.py:138: RuntimeWarning: k >= N for N * N square matrix. Attempting to use scipy.linalg.eigh instead.
  eigenvalues, eigenvectors = eigsh(
/home1/sajan_rg/graphormer_eval/new_experiments/graph_exp_new/data.py:138: RuntimeWarning: k >= N for N * N square matrix. Attempting to use scipy.linalg.eigh instead.
  eigenvalues, eigenvectors = eigsh(
/home1/sajan_rg/graphormer_eval/new_experiments/graph_exp_new/data.py:138: RuntimeWarning: k >= N for N * N square matrix. Attempting to use scipy.linalg.eigh instead.
  eigenvalues, eigenvectors = eigsh(
/home1/sajan_rg/graphormer_eval/new_experiments/graph_exp_new/data.py:138: RuntimeWarning: k >= N for N * N square matrix. Attempting to use scipy.linalg.eigh instead.
  eigenvalues, eigenvectors = eigsh(
/home1/sajan_rg/graphormer_eval/new_experiments/graph_exp_new/data.py:138: RuntimeWarning: k >= N for N * N square matrix. Attempting to use scipy.linalg.eigh instead.
  eigenvalues, eigenvectors = eigsh(
/home1/sajan_rg/graphormer_eval/new_experiments/graph_exp_new/data.py:138: RuntimeWarning: k >= N for N * N square matrix. Attempting to use scipy.linalg.eigh instead.
  eigenvalues, eigenvectors = eigsh(
/home1/sajan_rg/graphormer_eval/new_experiments/graph_exp_new/data.py:138: RuntimeWarning: k >= N for N * N square matrix. Attempting to use scipy.linalg.eigh instead.
  eigenvalues, eigenvectors = eigsh(
/home1/sajan_rg/graphormer_eval/new_experiments/graph_exp_new/data.py:138: RuntimeWarning: k >= N for N * N square matrix. Attempting to use scipy.linalg.eigh instead.
  eigenvalues, eigenvectors = eigsh(
Epoch 100/200 [222.3s mem=23086MB] proxies=ON | train_loss=0.1966 mmd=0.0000 train_AP=0.5493 | val_loss=0.3858 val_AP=0.5247 | test_loss=0.4185 test_AP=0.5095
/home1/sajan_rg/graphormer_eval/new_experiments/graph_exp_new/data.py:138: RuntimeWarning: k >= N for N * N square matrix. Attempting to use scipy.linalg.eigh instead.
  eigenvalues, eigenvectors = eigsh(
/home1/sajan_rg/graphormer_eval/new_experiments/graph_exp_new/data.py:138: RuntimeWarning: k >= N for N * N square matrix. Attempting to use scipy.linalg.eigh instead.
  eigenvalues, eigenvectors = eigsh(
/home1/sajan_rg/graphormer_eval/new_experiments/graph_exp_new/data.py:138: RuntimeWarning: k >= N for N * N square matrix. Attempting to use scipy.linalg.eigh instead.
  eigenvalues, eigenvectors = eigsh(
/home1/sajan_rg/graphormer_eval/new_experiments/graph_exp_new/data.py:138: RuntimeWarning: k >= N for N * N square matrix. Attempting to use scipy.linalg.eigh instead.
  eigenvalues, eigenvectors = eigsh(
/home1/sajan_rg/graphormer_eval/new_experiments/graph_exp_new/data.py:138: RuntimeWarning: k >= N for N * N square matrix. Attempting to use scipy.linalg.eigh instead.
  eigenvalues, eigenvectors = eigsh(
/home1/sajan_rg/graphormer_eval/new_experiments/graph_exp_new/data.py:138: RuntimeWarning: k >= N for N * N square matrix. Attempting to use scipy.linalg.eigh instead.
  eigenvalues, eigenvectors = eigsh(
/home1/sajan_rg/graphormer_eval/new_experiments/graph_exp_new/data.py:138: RuntimeWarning: k >= N for N * N square matrix. Attempting to use scipy.linalg.eigh instead.
  eigenvalues, eigenvectors = eigsh(
/home1/sajan_rg/graphormer_eval/new_experiments/graph_exp_new/data.py:138: RuntimeWarning: k >= N for N * N square matrix. Attempting to use scipy.linalg.eigh instead.
  eigenvalues, eigenvectors = eigsh(
/home1/sajan_rg/graphormer_eval/new_experiments/graph_exp_new/data.py:138: RuntimeWarning: k >= N for N * N square matrix. Attempting to use scipy.linalg.eigh instead.
  eigenvalues, eigenvectors = eigsh(
/home1/sajan_rg/graphormer_eval/new_experiments/graph_exp_new/data.py:138: RuntimeWarning: k >= N for N * N square matrix. Attempting to use scipy.linalg.eigh instead.
  eigenvalues, eigenvectors = eigsh(
/home1/sajan_rg/graphormer_eval/new_experiments/graph_exp_new/data.py:138: RuntimeWarning: k >= N for N * N square matrix. Attempting to use scipy.linalg.eigh instead.
  eigenvalues, eigenvectors = eigsh(
/home1/sajan_rg/graphormer_eval/new_experiments/graph_exp_new/data.py:138: RuntimeWarning: k >= N for N * N square matrix. Attempting to use scipy.linalg.eigh instead.
  eigenvalues, eigenvectors = eigsh(
Epoch 101/200 [221.3s mem=23085MB] proxies=ON | train_loss=0.1952 mmd=0.0000 train_AP=0.5536 | val_loss=0.3812 val_AP=0.5387 | test_loss=0.3911 test_AP=0.5287
  -> New best val AP=0.5387 (test AP=0.5287), saved to checkpoints_three_staged_cross_multipt/best_e2e.pt
/home1/sajan_rg/graphormer_eval/new_experiments/graph_exp_new/data.py:138: RuntimeWarning: k >= N for N * N square matrix. Attempting to use scipy.linalg.eigh instead.
  eigenvalues, eigenvectors = eigsh(
/home1/sajan_rg/graphormer_eval/new_experiments/graph_exp_new/data.py:138: RuntimeWarning: k >= N for N * N square matrix. Attempting to use scipy.linalg.eigh instead.
  eigenvalues, eigenvectors = eigsh(
/home1/sajan_rg/graphormer_eval/new_experiments/graph_exp_new/data.py:138: RuntimeWarning: k >= N for N * N square matrix. Attempting to use scipy.linalg.eigh instead.
  eigenvalues, eigenvectors = eigsh(
/home1/sajan_rg/graphormer_eval/new_experiments/graph_exp_new/data.py:138: RuntimeWarning: k >= N for N * N square matrix. Attempting to use scipy.linalg.eigh instead.
  eigenvalues, eigenvectors = eigsh(
/home1/sajan_rg/graphormer_eval/new_experiments/graph_exp_new/data.py:138: RuntimeWarning: k >= N for N * N square matrix. Attempting to use scipy.linalg.eigh instead.
  eigenvalues, eigenvectors = eigsh(
/home1/sajan_rg/graphormer_eval/new_experiments/graph_exp_new/data.py:138: RuntimeWarning: k >= N for N * N square matrix. Attempting to use scipy.linalg.eigh instead.
  eigenvalues, eigenvectors = eigsh(
/home1/sajan_rg/graphormer_eval/new_experiments/graph_exp_new/data.py:138: RuntimeWarning: k >= N for N * N square matrix. Attempting to use scipy.linalg.eigh instead.
  eigenvalues, eigenvectors = eigsh(
/home1/sajan_rg/graphormer_eval/new_experiments/graph_exp_new/data.py:138: RuntimeWarning: k >= N for N * N square matrix. Attempting to use scipy.linalg.eigh instead.
  eigenvalues, eigenvectors = eigsh(
/home1/sajan_rg/graphormer_eval/new_experiments/graph_exp_new/data.py:138: RuntimeWarning: k >= N for N * N square matrix. Attempting to use scipy.linalg.eigh instead.
  eigenvalues, eigenvectors = eigsh(
/home1/sajan_rg/graphormer_eval/new_experiments/graph_exp_new/data.py:138: RuntimeWarning: k >= N for N * N square matrix. Attempting to use scipy.linalg.eigh instead.
  eigenvalues, eigenvectors = eigsh(
/home1/sajan_rg/graphormer_eval/new_experiments/graph_exp_new/data.py:138: RuntimeWarning: k >= N for N * N square matrix. Attempting to use scipy.linalg.eigh instead.
  eigenvalues, eigenvectors = eigsh(
/home1/sajan_rg/graphormer_eval/new_experiments/graph_exp_new/data.py:138: RuntimeWarning: k >= N for N * N square matrix. Attempting to use scipy.linalg.eigh instead.
  eigenvalues, eigenvectors = eigsh(
Epoch 102/200 [221.1s mem=23080MB] proxies=ON | train_loss=0.1910 mmd=0.0000 train_AP=0.5704 | val_loss=0.5038 val_AP=0.5306 | test_loss=0.5371 test_AP=0.5107
/home1/sajan_rg/graphormer_eval/new_experiments/graph_exp_new/data.py:138: RuntimeWarning: k >= N for N * N square matrix. Attempting to use scipy.linalg.eigh instead.
  eigenvalues, eigenvectors = eigsh(
/home1/sajan_rg/graphormer_eval/new_experiments/graph_exp_new/data.py:138: RuntimeWarning: k >= N for N * N square matrix. Attempting to use scipy.linalg.eigh instead.
  eigenvalues, eigenvectors = eigsh(
/home1/sajan_rg/graphormer_eval/new_experiments/graph_exp_new/data.py:138: RuntimeWarning: k >= N for N * N square matrix. Attempting to use scipy.linalg.eigh instead.
  eigenvalues, eigenvectors = eigsh(
/home1/sajan_rg/graphormer_eval/new_experiments/graph_exp_new/data.py:138: RuntimeWarning: k >= N for N * N square matrix. Attempting to use scipy.linalg.eigh instead.
  eigenvalues, eigenvectors = eigsh(
/home1/sajan_rg/graphormer_eval/new_experiments/graph_exp_new/data.py:138: RuntimeWarning: k >= N for N * N square matrix. Attempting to use scipy.linalg.eigh instead.
  eigenvalues, eigenvectors = eigsh(
/home1/sajan_rg/graphormer_eval/new_experiments/graph_exp_new/data.py:138: RuntimeWarning: k >= N for N * N square matrix. Attempting to use scipy.linalg.eigh instead.
  eigenvalues, eigenvectors = eigsh(
/home1/sajan_rg/graphormer_eval/new_experiments/graph_exp_new/data.py:138: RuntimeWarning: k >= N for N * N square matrix. Attempting to use scipy.linalg.eigh instead.
  eigenvalues, eigenvectors = eigsh(
/home1/sajan_rg/graphormer_eval/new_experiments/graph_exp_new/data.py:138: RuntimeWarning: k >= N for N * N square matrix. Attempting to use scipy.linalg.eigh instead.
  eigenvalues, eigenvectors = eigsh(
/home1/sajan_rg/graphormer_eval/new_experiments/graph_exp_new/data.py:138: RuntimeWarning: k >= N for N * N square matrix. Attempting to use scipy.linalg.eigh instead.
  eigenvalues, eigenvectors = eigsh(
/home1/sajan_rg/graphormer_eval/new_experiments/graph_exp_new/data.py:138: RuntimeWarning: k >= N for N * N square matrix. Attempting to use scipy.linalg.eigh instead.
  eigenvalues, eigenvectors = eigsh(
/home1/sajan_rg/graphormer_eval/new_experiments/graph_exp_new/data.py:138: RuntimeWarning: k >= N for N * N square matrix. Attempting to use scipy.linalg.eigh instead.
  eigenvalues, eigenvectors = eigsh(
/home1/sajan_rg/graphormer_eval/new_experiments/graph_exp_new/data.py:138: RuntimeWarning: k >= N for N * N square matrix. Attempting to use scipy.linalg.eigh instead.
  eigenvalues, eigenvectors = eigsh(
Epoch 103/200 [222.3s mem=23081MB] proxies=ON | train_loss=0.1930 mmd=0.0000 train_AP=0.5712 | val_loss=0.4356 val_AP=0.5237 | test_loss=0.4700 test_AP=0.5105
/home1/sajan_rg/graphormer_eval/new_experiments/graph_exp_new/data.py:138: RuntimeWarning: k >= N for N * N square matrix. Attempting to use scipy.linalg.eigh instead.
  eigenvalues, eigenvectors = eigsh(
/home1/sajan_rg/graphormer_eval/new_experiments/graph_exp_new/data.py:138: RuntimeWarning: k >= N for N * N square matrix. Attempting to use scipy.linalg.eigh instead.
  eigenvalues, eigenvectors = eigsh(
/home1/sajan_rg/graphormer_eval/new_experiments/graph_exp_new/data.py:138: RuntimeWarning: k >= N for N * N square matrix. Attempting to use scipy.linalg.eigh instead.
  eigenvalues, eigenvectors = eigsh(
/home1/sajan_rg/graphormer_eval/new_experiments/graph_exp_new/data.py:138: RuntimeWarning: k >= N for N * N square matrix. Attempting to use scipy.linalg.eigh instead.
  eigenvalues, eigenvectors = eigsh(
/home1/sajan_rg/graphormer_eval/new_experiments/graph_exp_new/data.py:138: RuntimeWarning: k >= N for N * N square matrix. Attempting to use scipy.linalg.eigh instead.
  eigenvalues, eigenvectors = eigsh(
/home1/sajan_rg/graphormer_eval/new_experiments/graph_exp_new/data.py:138: RuntimeWarning: k >= N for N * N square matrix. Attempting to use scipy.linalg.eigh instead.
  eigenvalues, eigenvectors = eigsh(
/home1/sajan_rg/graphormer_eval/new_experiments/graph_exp_new/data.py:138: RuntimeWarning: k >= N for N * N square matrix. Attempting to use scipy.linalg.eigh instead.
  eigenvalues, eigenvectors = eigsh(
/home1/sajan_rg/graphormer_eval/new_experiments/graph_exp_new/data.py:138: RuntimeWarning: k >= N for N * N square matrix. Attempting to use scipy.linalg.eigh instead.
  eigenvalues, eigenvectors = eigsh(
/home1/sajan_rg/graphormer_eval/new_experiments/graph_exp_new/data.py:138: RuntimeWarning: k >= N for N * N square matrix. Attempting to use scipy.linalg.eigh instead.
  eigenvalues, eigenvectors = eigsh(
/home1/sajan_rg/graphormer_eval/new_experiments/graph_exp_new/data.py:138: RuntimeWarning: k >= N for N * N square matrix. Attempting to use scipy.linalg.eigh instead.
  eigenvalues, eigenvectors = eigsh(
/home1/sajan_rg/graphormer_eval/new_experiments/graph_exp_new/data.py:138: RuntimeWarning: k >= N for N * N square matrix. Attempting to use scipy.linalg.eigh instead.
  eigenvalues, eigenvectors = eigsh(
/home1/sajan_rg/graphormer_eval/new_experiments/graph_exp_new/data.py:138: RuntimeWarning: k >= N for N * N square matrix. Attempting to use scipy.linalg.eigh instead.
  eigenvalues, eigenvectors = eigsh(
Epoch 104/200 [222.6s mem=23096MB] proxies=ON | train_loss=0.1910 mmd=0.0000 train_AP=0.5661 | val_loss=0.3944 val_AP=0.5302 | test_loss=0.4590 test_AP=0.5168
/home1/sajan_rg/graphormer_eval/new_experiments/graph_exp_new/data.py:138: RuntimeWarning: k >= N for N * N square matrix. Attempting to use scipy.linalg.eigh instead.
  eigenvalues, eigenvectors = eigsh(
/home1/sajan_rg/graphormer_eval/new_experiments/graph_exp_new/data.py:138: RuntimeWarning: k >= N for N * N square matrix. Attempting to use scipy.linalg.eigh instead.
  eigenvalues, eigenvectors = eigsh(
/home1/sajan_rg/graphormer_eval/new_experiments/graph_exp_new/data.py:138: RuntimeWarning: k >= N for N * N square matrix. Attempting to use scipy.linalg.eigh instead.
  eigenvalues, eigenvectors = eigsh(
/home1/sajan_rg/graphormer_eval/new_experiments/graph_exp_new/data.py:138: RuntimeWarning: k >= N for N * N square matrix. Attempting to use scipy.linalg.eigh instead.
  eigenvalues, eigenvectors = eigsh(
/home1/sajan_rg/graphormer_eval/new_experiments/graph_exp_new/data.py:138: RuntimeWarning: k >= N for N * N square matrix. Attempting to use scipy.linalg.eigh instead.
  eigenvalues, eigenvectors = eigsh(
/home1/sajan_rg/graphormer_eval/new_experiments/graph_exp_new/data.py:138: RuntimeWarning: k >= N for N * N square matrix. Attempting to use scipy.linalg.eigh instead.
  eigenvalues, eigenvectors = eigsh(
/home1/sajan_rg/graphormer_eval/new_experiments/graph_exp_new/data.py:138: RuntimeWarning: k >= N for N * N square matrix. Attempting to use scipy.linalg.eigh instead.
  eigenvalues, eigenvectors = eigsh(
/home1/sajan_rg/graphormer_eval/new_experiments/graph_exp_new/data.py:138: RuntimeWarning: k >= N for N * N square matrix. Attempting to use scipy.linalg.eigh instead.
  eigenvalues, eigenvectors = eigsh(
/home1/sajan_rg/graphormer_eval/new_experiments/graph_exp_new/data.py:138: RuntimeWarning: k >= N for N * N square matrix. Attempting to use scipy.linalg.eigh instead.
  eigenvalues, eigenvectors = eigsh(
/home1/sajan_rg/graphormer_eval/new_experiments/graph_exp_new/data.py:138: RuntimeWarning: k >= N for N * N square matrix. Attempting to use scipy.linalg.eigh instead.
  eigenvalues, eigenvectors = eigsh(
/home1/sajan_rg/graphormer_eval/new_experiments/graph_exp_new/data.py:138: RuntimeWarning: k >= N for N * N square matrix. Attempting to use scipy.linalg.eigh instead.
  eigenvalues, eigenvectors = eigsh(
/home1/sajan_rg/graphormer_eval/new_experiments/graph_exp_new/data.py:138: RuntimeWarning: k >= N for N * N square matrix. Attempting to use scipy.linalg.eigh instead.
  eigenvalues, eigenvectors = eigsh(
Epoch 105/200 [221.1s mem=23095MB] proxies=ON | train_loss=0.1933 mmd=0.0000 train_AP=0.5668 | val_loss=0.3384 val_AP=0.5525 | test_loss=0.3704 test_AP=0.5342
  -> New best val AP=0.5525 (test AP=0.5342), saved to checkpoints_three_staged_cross_multipt/best_e2e.pt
/home1/sajan_rg/graphormer_eval/new_experiments/graph_exp_new/data.py:138: RuntimeWarning: k >= N for N * N square matrix. Attempting to use scipy.linalg.eigh instead.
  eigenvalues, eigenvectors = eigsh(
/home1/sajan_rg/graphormer_eval/new_experiments/graph_exp_new/data.py:138: RuntimeWarning: k >= N for N * N square matrix. Attempting to use scipy.linalg.eigh instead.
  eigenvalues, eigenvectors = eigsh(
/home1/sajan_rg/graphormer_eval/new_experiments/graph_exp_new/data.py:138: RuntimeWarning: k >= N for N * N square matrix. Attempting to use scipy.linalg.eigh instead.
  eigenvalues, eigenvectors = eigsh(
/home1/sajan_rg/graphormer_eval/new_experiments/graph_exp_new/data.py:138: RuntimeWarning: k >= N for N * N square matrix. Attempting to use scipy.linalg.eigh instead.
  eigenvalues, eigenvectors = eigsh(
/home1/sajan_rg/graphormer_eval/new_experiments/graph_exp_new/data.py:138: RuntimeWarning: k >= N for N * N square matrix. Attempting to use scipy.linalg.eigh instead.
  eigenvalues, eigenvectors = eigsh(
/home1/sajan_rg/graphormer_eval/new_experiments/graph_exp_new/data.py:138: RuntimeWarning: k >= N for N * N square matrix. Attempting to use scipy.linalg.eigh instead.
  eigenvalues, eigenvectors = eigsh(
/home1/sajan_rg/graphormer_eval/new_experiments/graph_exp_new/data.py:138: RuntimeWarning: k >= N for N * N square matrix. Attempting to use scipy.linalg.eigh instead.
  eigenvalues, eigenvectors = eigsh(
/home1/sajan_rg/graphormer_eval/new_experiments/graph_exp_new/data.py:138: RuntimeWarning: k >= N for N * N square matrix. Attempting to use scipy.linalg.eigh instead.
  eigenvalues, eigenvectors = eigsh(
/home1/sajan_rg/graphormer_eval/new_experiments/graph_exp_new/data.py:138: RuntimeWarning: k >= N for N * N square matrix. Attempting to use scipy.linalg.eigh instead.
  eigenvalues, eigenvectors = eigsh(
/home1/sajan_rg/graphormer_eval/new_experiments/graph_exp_new/data.py:138: RuntimeWarning: k >= N for N * N square matrix. Attempting to use scipy.linalg.eigh instead.
  eigenvalues, eigenvectors = eigsh(
/home1/sajan_rg/graphormer_eval/new_experiments/graph_exp_new/data.py:138: RuntimeWarning: k >= N for N * N square matrix. Attempting to use scipy.linalg.eigh instead.
  eigenvalues, eigenvectors = eigsh(
/home1/sajan_rg/graphormer_eval/new_experiments/graph_exp_new/data.py:138: RuntimeWarning: k >= N for N * N square matrix. Attempting to use scipy.linalg.eigh instead.
  eigenvalues, eigenvectors = eigsh(
Epoch 106/200 [221.5s mem=23086MB] proxies=ON | train_loss=0.1904 mmd=0.0000 train_AP=0.5681 | val_loss=0.5003 val_AP=0.5340 | test_loss=0.4839 test_AP=0.5128
/home1/sajan_rg/graphormer_eval/new_experiments/graph_exp_new/data.py:138: RuntimeWarning: k >= N for N * N square matrix. Attempting to use scipy.linalg.eigh instead.
  eigenvalues, eigenvectors = eigsh(
/home1/sajan_rg/graphormer_eval/new_experiments/graph_exp_new/data.py:138: RuntimeWarning: k >= N for N * N square matrix. Attempting to use scipy.linalg.eigh instead.
  eigenvalues, eigenvectors = eigsh(
/home1/sajan_rg/graphormer_eval/new_experiments/graph_exp_new/data.py:138: RuntimeWarning: k >= N for N * N square matrix. Attempting to use scipy.linalg.eigh instead.
  eigenvalues, eigenvectors = eigsh(
/home1/sajan_rg/graphormer_eval/new_experiments/graph_exp_new/data.py:138: RuntimeWarning: k >= N for N * N square matrix. Attempting to use scipy.linalg.eigh instead.
  eigenvalues, eigenvectors = eigsh(
/home1/sajan_rg/graphormer_eval/new_experiments/graph_exp_new/data.py:138: RuntimeWarning: k >= N for N * N square matrix. Attempting to use scipy.linalg.eigh instead.
  eigenvalues, eigenvectors = eigsh(
/home1/sajan_rg/graphormer_eval/new_experiments/graph_exp_new/data.py:138: RuntimeWarning: k >= N for N * N square matrix. Attempting to use scipy.linalg.eigh instead.
  eigenvalues, eigenvectors = eigsh(
/home1/sajan_rg/graphormer_eval/new_experiments/graph_exp_new/data.py:138: RuntimeWarning: k >= N for N * N square matrix. Attempting to use scipy.linalg.eigh instead.
  eigenvalues, eigenvectors = eigsh(
/home1/sajan_rg/graphormer_eval/new_experiments/graph_exp_new/data.py:138: RuntimeWarning: k >= N for N * N square matrix. Attempting to use scipy.linalg.eigh instead.
  eigenvalues, eigenvectors = eigsh(
/home1/sajan_rg/graphormer_eval/new_experiments/graph_exp_new/data.py:138: RuntimeWarning: k >= N for N * N square matrix. Attempting to use scipy.linalg.eigh instead.
  eigenvalues, eigenvectors = eigsh(
/home1/sajan_rg/graphormer_eval/new_experiments/graph_exp_new/data.py:138: RuntimeWarning: k >= N for N * N square matrix. Attempting to use scipy.linalg.eigh instead.
  eigenvalues, eigenvectors = eigsh(
/home1/sajan_rg/graphormer_eval/new_experiments/graph_exp_new/data.py:138: RuntimeWarning: k >= N for N * N square matrix. Attempting to use scipy.linalg.eigh instead.
  eigenvalues, eigenvectors = eigsh(
/home1/sajan_rg/graphormer_eval/new_experiments/graph_exp_new/data.py:138: RuntimeWarning: k >= N for N * N square matrix. Attempting to use scipy.linalg.eigh instead.
  eigenvalues, eigenvectors = eigsh(
Epoch 107/200 [220.3s mem=23079MB] proxies=ON | train_loss=0.1882 mmd=0.0000 train_AP=0.5748 | val_loss=0.5587 val_AP=0.5368 | test_loss=0.5815 test_AP=0.5220
/home1/sajan_rg/graphormer_eval/new_experiments/graph_exp_new/data.py:138: RuntimeWarning: k >= N for N * N square matrix. Attempting to use scipy.linalg.eigh instead.
  eigenvalues, eigenvectors = eigsh(
/home1/sajan_rg/graphormer_eval/new_experiments/graph_exp_new/data.py:138: RuntimeWarning: k >= N for N * N square matrix. Attempting to use scipy.linalg.eigh instead.
  eigenvalues, eigenvectors = eigsh(
/home1/sajan_rg/graphormer_eval/new_experiments/graph_exp_new/data.py:138: RuntimeWarning: k >= N for N * N square matrix. Attempting to use scipy.linalg.eigh instead.
  eigenvalues, eigenvectors = eigsh(
/home1/sajan_rg/graphormer_eval/new_experiments/graph_exp_new/data.py:138: RuntimeWarning: k >= N for N * N square matrix. Attempting to use scipy.linalg.eigh instead.
  eigenvalues, eigenvectors = eigsh(
/home1/sajan_rg/graphormer_eval/new_experiments/graph_exp_new/data.py:138: RuntimeWarning: k >= N for N * N square matrix. Attempting to use scipy.linalg.eigh instead.
  eigenvalues, eigenvectors = eigsh(
/home1/sajan_rg/graphormer_eval/new_experiments/graph_exp_new/data.py:138: RuntimeWarning: k >= N for N * N square matrix. Attempting to use scipy.linalg.eigh instead.
  eigenvalues, eigenvectors = eigsh(
/home1/sajan_rg/graphormer_eval/new_experiments/graph_exp_new/data.py:138: RuntimeWarning: k >= N for N * N square matrix. Attempting to use scipy.linalg.eigh instead.
  eigenvalues, eigenvectors = eigsh(
/home1/sajan_rg/graphormer_eval/new_experiments/graph_exp_new/data.py:138: RuntimeWarning: k >= N for N * N square matrix. Attempting to use scipy.linalg.eigh instead.
  eigenvalues, eigenvectors = eigsh(
/home1/sajan_rg/graphormer_eval/new_experiments/graph_exp_new/data.py:138: RuntimeWarning: k >= N for N * N square matrix. Attempting to use scipy.linalg.eigh instead.
  eigenvalues, eigenvectors = eigsh(
/home1/sajan_rg/graphormer_eval/new_experiments/graph_exp_new/data.py:138: RuntimeWarning: k >= N for N * N square matrix. Attempting to use scipy.linalg.eigh instead.
  eigenvalues, eigenvectors = eigsh(
/home1/sajan_rg/graphormer_eval/new_experiments/graph_exp_new/data.py:138: RuntimeWarning: k >= N for N * N square matrix. Attempting to use scipy.linalg.eigh instead.
  eigenvalues, eigenvectors = eigsh(
/home1/sajan_rg/graphormer_eval/new_experiments/graph_exp_new/data.py:138: RuntimeWarning: k >= N for N * N square matrix. Attempting to use scipy.linalg.eigh instead.
  eigenvalues, eigenvectors = eigsh(
Epoch 108/200 [222.5s mem=23081MB] proxies=ON | train_loss=0.1879 mmd=0.0000 train_AP=0.5733 | val_loss=0.3597 val_AP=0.5637 | test_loss=0.4013 test_AP=0.5401
  -> New best val AP=0.5637 (test AP=0.5401), saved to checkpoints_three_staged_cross_multipt/best_e2e.pt
/home1/sajan_rg/graphormer_eval/new_experiments/graph_exp_new/data.py:138: RuntimeWarning: k >= N for N * N square matrix. Attempting to use scipy.linalg.eigh instead.
  eigenvalues, eigenvectors = eigsh(
/home1/sajan_rg/graphormer_eval/new_experiments/graph_exp_new/data.py:138: RuntimeWarning: k >= N for N * N square matrix. Attempting to use scipy.linalg.eigh instead.
  eigenvalues, eigenvectors = eigsh(
/home1/sajan_rg/graphormer_eval/new_experiments/graph_exp_new/data.py:138: RuntimeWarning: k >= N for N * N square matrix. Attempting to use scipy.linalg.eigh instead.
  eigenvalues, eigenvectors = eigsh(
/home1/sajan_rg/graphormer_eval/new_experiments/graph_exp_new/data.py:138: RuntimeWarning: k >= N for N * N square matrix. Attempting to use scipy.linalg.eigh instead.
  eigenvalues, eigenvectors = eigsh(
/home1/sajan_rg/graphormer_eval/new_experiments/graph_exp_new/data.py:138: RuntimeWarning: k >= N for N * N square matrix. Attempting to use scipy.linalg.eigh instead.
  eigenvalues, eigenvectors = eigsh(
/home1/sajan_rg/graphormer_eval/new_experiments/graph_exp_new/data.py:138: RuntimeWarning: k >= N for N * N square matrix. Attempting to use scipy.linalg.eigh instead.
  eigenvalues, eigenvectors = eigsh(
/home1/sajan_rg/graphormer_eval/new_experiments/graph_exp_new/data.py:138: RuntimeWarning: k >= N for N * N square matrix. Attempting to use scipy.linalg.eigh instead.
  eigenvalues, eigenvectors = eigsh(
/home1/sajan_rg/graphormer_eval/new_experiments/graph_exp_new/data.py:138: RuntimeWarning: k >= N for N * N square matrix. Attempting to use scipy.linalg.eigh instead.
  eigenvalues, eigenvectors = eigsh(
/home1/sajan_rg/graphormer_eval/new_experiments/graph_exp_new/data.py:138: RuntimeWarning: k >= N for N * N square matrix. Attempting to use scipy.linalg.eigh instead.
  eigenvalues, eigenvectors = eigsh(
/home1/sajan_rg/graphormer_eval/new_experiments/graph_exp_new/data.py:138: RuntimeWarning: k >= N for N * N square matrix. Attempting to use scipy.linalg.eigh instead.
  eigenvalues, eigenvectors = eigsh(
/home1/sajan_rg/graphormer_eval/new_experiments/graph_exp_new/data.py:138: RuntimeWarning: k >= N for N * N square matrix. Attempting to use scipy.linalg.eigh instead.
  eigenvalues, eigenvectors = eigsh(
/home1/sajan_rg/graphormer_eval/new_experiments/graph_exp_new/data.py:138: RuntimeWarning: k >= N for N * N square matrix. Attempting to use scipy.linalg.eigh instead.
  eigenvalues, eigenvectors = eigsh(
Epoch 109/200 [221.8s mem=23086MB] proxies=ON | train_loss=0.1848 mmd=0.0000 train_AP=0.5789 | val_loss=0.4219 val_AP=0.5533 | test_loss=0.4776 test_AP=0.5318
/home1/sajan_rg/graphormer_eval/new_experiments/graph_exp_new/data.py:138: RuntimeWarning: k >= N for N * N square matrix. Attempting to use scipy.linalg.eigh instead.
  eigenvalues, eigenvectors = eigsh(
/home1/sajan_rg/graphormer_eval/new_experiments/graph_exp_new/data.py:138: RuntimeWarning: k >= N for N * N square matrix. Attempting to use scipy.linalg.eigh instead.
  eigenvalues, eigenvectors = eigsh(
/home1/sajan_rg/graphormer_eval/new_experiments/graph_exp_new/data.py:138: RuntimeWarning: k >= N for N * N square matrix. Attempting to use scipy.linalg.eigh instead.
  eigenvalues, eigenvectors = eigsh(
/home1/sajan_rg/graphormer_eval/new_experiments/graph_exp_new/data.py:138: RuntimeWarning: k >= N for N * N square matrix. Attempting to use scipy.linalg.eigh instead.
  eigenvalues, eigenvectors = eigsh(
/home1/sajan_rg/graphormer_eval/new_experiments/graph_exp_new/data.py:138: RuntimeWarning: k >= N for N * N square matrix. Attempting to use scipy.linalg.eigh instead.
  eigenvalues, eigenvectors = eigsh(
/home1/sajan_rg/graphormer_eval/new_experiments/graph_exp_new/data.py:138: RuntimeWarning: k >= N for N * N square matrix. Attempting to use scipy.linalg.eigh instead.
  eigenvalues, eigenvectors = eigsh(
/home1/sajan_rg/graphormer_eval/new_experiments/graph_exp_new/data.py:138: RuntimeWarning: k >= N for N * N square matrix. Attempting to use scipy.linalg.eigh instead.
  eigenvalues, eigenvectors = eigsh(
/home1/sajan_rg/graphormer_eval/new_experiments/graph_exp_new/data.py:138: RuntimeWarning: k >= N for N * N square matrix. Attempting to use scipy.linalg.eigh instead.
  eigenvalues, eigenvectors = eigsh(
/home1/sajan_rg/graphormer_eval/new_experiments/graph_exp_new/data.py:138: RuntimeWarning: k >= N for N * N square matrix. Attempting to use scipy.linalg.eigh instead.
  eigenvalues, eigenvectors = eigsh(
/home1/sajan_rg/graphormer_eval/new_experiments/graph_exp_new/data.py:138: RuntimeWarning: k >= N for N * N square matrix. Attempting to use scipy.linalg.eigh instead.
  eigenvalues, eigenvectors = eigsh(
/home1/sajan_rg/graphormer_eval/new_experiments/graph_exp_new/data.py:138: RuntimeWarning: k >= N for N * N square matrix. Attempting to use scipy.linalg.eigh instead.
  eigenvalues, eigenvectors = eigsh(
/home1/sajan_rg/graphormer_eval/new_experiments/graph_exp_new/data.py:138: RuntimeWarning: k >= N for N * N square matrix. Attempting to use scipy.linalg.eigh instead.
  eigenvalues, eigenvectors = eigsh(
Epoch 110/200 [223.3s mem=23085MB] proxies=ON | train_loss=0.1867 mmd=0.0000 train_AP=0.5769 | val_loss=0.4644 val_AP=0.5540 | test_loss=0.5239 test_AP=0.5347
/home1/sajan_rg/graphormer_eval/new_experiments/graph_exp_new/data.py:138: RuntimeWarning: k >= N for N * N square matrix. Attempting to use scipy.linalg.eigh instead.
  eigenvalues, eigenvectors = eigsh(
/home1/sajan_rg/graphormer_eval/new_experiments/graph_exp_new/data.py:138: RuntimeWarning: k >= N for N * N square matrix. Attempting to use scipy.linalg.eigh instead.
  eigenvalues, eigenvectors = eigsh(
/home1/sajan_rg/graphormer_eval/new_experiments/graph_exp_new/data.py:138: RuntimeWarning: k >= N for N * N square matrix. Attempting to use scipy.linalg.eigh instead.
  eigenvalues, eigenvectors = eigsh(
/home1/sajan_rg/graphormer_eval/new_experiments/graph_exp_new/data.py:138: RuntimeWarning: k >= N for N * N square matrix. Attempting to use scipy.linalg.eigh instead.
  eigenvalues, eigenvectors = eigsh(
/home1/sajan_rg/graphormer_eval/new_experiments/graph_exp_new/data.py:138: RuntimeWarning: k >= N for N * N square matrix. Attempting to use scipy.linalg.eigh instead.
  eigenvalues, eigenvectors = eigsh(
/home1/sajan_rg/graphormer_eval/new_experiments/graph_exp_new/data.py:138: RuntimeWarning: k >= N for N * N square matrix. Attempting to use scipy.linalg.eigh instead.
  eigenvalues, eigenvectors = eigsh(
/home1/sajan_rg/graphormer_eval/new_experiments/graph_exp_new/data.py:138: RuntimeWarning: k >= N for N * N square matrix. Attempting to use scipy.linalg.eigh instead.
  eigenvalues, eigenvectors = eigsh(
/home1/sajan_rg/graphormer_eval/new_experiments/graph_exp_new/data.py:138: RuntimeWarning: k >= N for N * N square matrix. Attempting to use scipy.linalg.eigh instead.
  eigenvalues, eigenvectors = eigsh(
/home1/sajan_rg/graphormer_eval/new_experiments/graph_exp_new/data.py:138: RuntimeWarning: k >= N for N * N square matrix. Attempting to use scipy.linalg.eigh instead.
  eigenvalues, eigenvectors = eigsh(
/home1/sajan_rg/graphormer_eval/new_experiments/graph_exp_new/data.py:138: RuntimeWarning: k >= N for N * N square matrix. Attempting to use scipy.linalg.eigh instead.
  eigenvalues, eigenvectors = eigsh(
/home1/sajan_rg/graphormer_eval/new_experiments/graph_exp_new/data.py:138: RuntimeWarning: k >= N for N * N square matrix. Attempting to use scipy.linalg.eigh instead.
  eigenvalues, eigenvectors = eigsh(
/home1/sajan_rg/graphormer_eval/new_experiments/graph_exp_new/data.py:138: RuntimeWarning: k >= N for N * N square matrix. Attempting to use scipy.linalg.eigh instead.
  eigenvalues, eigenvectors = eigsh(
Epoch 111/200 [222.1s mem=23085MB] proxies=ON | train_loss=0.1845 mmd=0.0000 train_AP=0.5814 | val_loss=0.4437 val_AP=0.5602 | test_loss=0.4955 test_AP=0.5425
/home1/sajan_rg/graphormer_eval/new_experiments/graph_exp_new/data.py:138: RuntimeWarning: k >= N for N * N square matrix. Attempting to use scipy.linalg.eigh instead.
  eigenvalues, eigenvectors = eigsh(
/home1/sajan_rg/graphormer_eval/new_experiments/graph_exp_new/data.py:138: RuntimeWarning: k >= N for N * N square matrix. Attempting to use scipy.linalg.eigh instead.
  eigenvalues, eigenvectors = eigsh(
/home1/sajan_rg/graphormer_eval/new_experiments/graph_exp_new/data.py:138: RuntimeWarning: k >= N for N * N square matrix. Attempting to use scipy.linalg.eigh instead.
  eigenvalues, eigenvectors = eigsh(
/home1/sajan_rg/graphormer_eval/new_experiments/graph_exp_new/data.py:138: RuntimeWarning: k >= N for N * N square matrix. Attempting to use scipy.linalg.eigh instead.
  eigenvalues, eigenvectors = eigsh(
/home1/sajan_rg/graphormer_eval/new_experiments/graph_exp_new/data.py:138: RuntimeWarning: k >= N for N * N square matrix. Attempting to use scipy.linalg.eigh instead.
  eigenvalues, eigenvectors = eigsh(
/home1/sajan_rg/graphormer_eval/new_experiments/graph_exp_new/data.py:138: RuntimeWarning: k >= N for N * N square matrix. Attempting to use scipy.linalg.eigh instead.
  eigenvalues, eigenvectors = eigsh(
/home1/sajan_rg/graphormer_eval/new_experiments/graph_exp_new/data.py:138: RuntimeWarning: k >= N for N * N square matrix. Attempting to use scipy.linalg.eigh instead.
  eigenvalues, eigenvectors = eigsh(
/home1/sajan_rg/graphormer_eval/new_experiments/graph_exp_new/data.py:138: RuntimeWarning: k >= N for N * N square matrix. Attempting to use scipy.linalg.eigh instead.
  eigenvalues, eigenvectors = eigsh(
/home1/sajan_rg/graphormer_eval/new_experiments/graph_exp_new/data.py:138: RuntimeWarning: k >= N for N * N square matrix. Attempting to use scipy.linalg.eigh instead.
  eigenvalues, eigenvectors = eigsh(
/home1/sajan_rg/graphormer_eval/new_experiments/graph_exp_new/data.py:138: RuntimeWarning: k >= N for N * N square matrix. Attempting to use scipy.linalg.eigh instead.
  eigenvalues, eigenvectors = eigsh(
/home1/sajan_rg/graphormer_eval/new_experiments/graph_exp_new/data.py:138: RuntimeWarning: k >= N for N * N square matrix. Attempting to use scipy.linalg.eigh instead.
  eigenvalues, eigenvectors = eigsh(
/home1/sajan_rg/graphormer_eval/new_experiments/graph_exp_new/data.py:138: RuntimeWarning: k >= N for N * N square matrix. Attempting to use scipy.linalg.eigh instead.
  eigenvalues, eigenvectors = eigsh(
Epoch 112/200 [222.1s mem=23091MB] proxies=ON | train_loss=0.1846 mmd=0.0000 train_AP=0.5860 | val_loss=0.4004 val_AP=0.5608 | test_loss=0.4088 test_AP=0.5500
/home1/sajan_rg/graphormer_eval/new_experiments/graph_exp_new/data.py:138: RuntimeWarning: k >= N for N * N square matrix. Attempting to use scipy.linalg.eigh instead.
  eigenvalues, eigenvectors = eigsh(
/home1/sajan_rg/graphormer_eval/new_experiments/graph_exp_new/data.py:138: RuntimeWarning: k >= N for N * N square matrix. Attempting to use scipy.linalg.eigh instead.
  eigenvalues, eigenvectors = eigsh(
/home1/sajan_rg/graphormer_eval/new_experiments/graph_exp_new/data.py:138: RuntimeWarning: k >= N for N * N square matrix. Attempting to use scipy.linalg.eigh instead.
  eigenvalues, eigenvectors = eigsh(
/home1/sajan_rg/graphormer_eval/new_experiments/graph_exp_new/data.py:138: RuntimeWarning: k >= N for N * N square matrix. Attempting to use scipy.linalg.eigh instead.
  eigenvalues, eigenvectors = eigsh(
/home1/sajan_rg/graphormer_eval/new_experiments/graph_exp_new/data.py:138: RuntimeWarning: k >= N for N * N square matrix. Attempting to use scipy.linalg.eigh instead.
  eigenvalues, eigenvectors = eigsh(
/home1/sajan_rg/graphormer_eval/new_experiments/graph_exp_new/data.py:138: RuntimeWarning: k >= N for N * N square matrix. Attempting to use scipy.linalg.eigh instead.
  eigenvalues, eigenvectors = eigsh(
/home1/sajan_rg/graphormer_eval/new_experiments/graph_exp_new/data.py:138: RuntimeWarning: k >= N for N * N square matrix. Attempting to use scipy.linalg.eigh instead.
  eigenvalues, eigenvectors = eigsh(
/home1/sajan_rg/graphormer_eval/new_experiments/graph_exp_new/data.py:138: RuntimeWarning: k >= N for N * N square matrix. Attempting to use scipy.linalg.eigh instead.
  eigenvalues, eigenvectors = eigsh(
/home1/sajan_rg/graphormer_eval/new_experiments/graph_exp_new/data.py:138: RuntimeWarning: k >= N for N * N square matrix. Attempting to use scipy.linalg.eigh instead.
  eigenvalues, eigenvectors = eigsh(
/home1/sajan_rg/graphormer_eval/new_experiments/graph_exp_new/data.py:138: RuntimeWarning: k >= N for N * N square matrix. Attempting to use scipy.linalg.eigh instead.
  eigenvalues, eigenvectors = eigsh(
/home1/sajan_rg/graphormer_eval/new_experiments/graph_exp_new/data.py:138: RuntimeWarning: k >= N for N * N square matrix. Attempting to use scipy.linalg.eigh instead.
  eigenvalues, eigenvectors = eigsh(
/home1/sajan_rg/graphormer_eval/new_experiments/graph_exp_new/data.py:138: RuntimeWarning: k >= N for N * N square matrix. Attempting to use scipy.linalg.eigh instead.
  eigenvalues, eigenvectors = eigsh(
Epoch 113/200 [221.7s mem=23090MB] proxies=ON | train_loss=0.1812 mmd=0.0000 train_AP=0.5905 | val_loss=0.4421 val_AP=0.5564 | test_loss=0.4784 test_AP=0.5348
/home1/sajan_rg/graphormer_eval/new_experiments/graph_exp_new/data.py:138: RuntimeWarning: k >= N for N * N square matrix. Attempting to use scipy.linalg.eigh instead.
  eigenvalues, eigenvectors = eigsh(
/home1/sajan_rg/graphormer_eval/new_experiments/graph_exp_new/data.py:138: RuntimeWarning: k >= N for N * N square matrix. Attempting to use scipy.linalg.eigh instead.
  eigenvalues, eigenvectors = eigsh(
/home1/sajan_rg/graphormer_eval/new_experiments/graph_exp_new/data.py:138: RuntimeWarning: k >= N for N * N square matrix. Attempting to use scipy.linalg.eigh instead.
  eigenvalues, eigenvectors = eigsh(
/home1/sajan_rg/graphormer_eval/new_experiments/graph_exp_new/data.py:138: RuntimeWarning: k >= N for N * N square matrix. Attempting to use scipy.linalg.eigh instead.
  eigenvalues, eigenvectors = eigsh(
/home1/sajan_rg/graphormer_eval/new_experiments/graph_exp_new/data.py:138: RuntimeWarning: k >= N for N * N square matrix. Attempting to use scipy.linalg.eigh instead.
  eigenvalues, eigenvectors = eigsh(
/home1/sajan_rg/graphormer_eval/new_experiments/graph_exp_new/data.py:138: RuntimeWarning: k >= N for N * N square matrix. Attempting to use scipy.linalg.eigh instead.
  eigenvalues, eigenvectors = eigsh(
/home1/sajan_rg/graphormer_eval/new_experiments/graph_exp_new/data.py:138: RuntimeWarning: k >= N for N * N square matrix. Attempting to use scipy.linalg.eigh instead.
  eigenvalues, eigenvectors = eigsh(
/home1/sajan_rg/graphormer_eval/new_experiments/graph_exp_new/data.py:138: RuntimeWarning: k >= N for N * N square matrix. Attempting to use scipy.linalg.eigh instead.
  eigenvalues, eigenvectors = eigsh(
/home1/sajan_rg/graphormer_eval/new_experiments/graph_exp_new/data.py:138: RuntimeWarning: k >= N for N * N square matrix. Attempting to use scipy.linalg.eigh instead.
  eigenvalues, eigenvectors = eigsh(
/home1/sajan_rg/graphormer_eval/new_experiments/graph_exp_new/data.py:138: RuntimeWarning: k >= N for N * N square matrix. Attempting to use scipy.linalg.eigh instead.
  eigenvalues, eigenvectors = eigsh(
/home1/sajan_rg/graphormer_eval/new_experiments/graph_exp_new/data.py:138: RuntimeWarning: k >= N for N * N square matrix. Attempting to use scipy.linalg.eigh instead.
  eigenvalues, eigenvectors = eigsh(
/home1/sajan_rg/graphormer_eval/new_experiments/graph_exp_new/data.py:138: RuntimeWarning: k >= N for N * N square matrix. Attempting to use scipy.linalg.eigh instead.
  eigenvalues, eigenvectors = eigsh(
Epoch 114/200 [221.9s mem=23087MB] proxies=ON | train_loss=0.1811 mmd=0.0000 train_AP=0.5935 | val_loss=0.4012 val_AP=0.5573 | test_loss=0.4237 test_AP=0.5504
/home1/sajan_rg/graphormer_eval/new_experiments/graph_exp_new/data.py:138: RuntimeWarning: k >= N for N * N square matrix. Attempting to use scipy.linalg.eigh instead.
  eigenvalues, eigenvectors = eigsh(
/home1/sajan_rg/graphormer_eval/new_experiments/graph_exp_new/data.py:138: RuntimeWarning: k >= N for N * N square matrix. Attempting to use scipy.linalg.eigh instead.
  eigenvalues, eigenvectors = eigsh(
/home1/sajan_rg/graphormer_eval/new_experiments/graph_exp_new/data.py:138: RuntimeWarning: k >= N for N * N square matrix. Attempting to use scipy.linalg.eigh instead.
  eigenvalues, eigenvectors = eigsh(
/home1/sajan_rg/graphormer_eval/new_experiments/graph_exp_new/data.py:138: RuntimeWarning: k >= N for N * N square matrix. Attempting to use scipy.linalg.eigh instead.
  eigenvalues, eigenvectors = eigsh(
/home1/sajan_rg/graphormer_eval/new_experiments/graph_exp_new/data.py:138: RuntimeWarning: k >= N for N * N square matrix. Attempting to use scipy.linalg.eigh instead.
  eigenvalues, eigenvectors = eigsh(
/home1/sajan_rg/graphormer_eval/new_experiments/graph_exp_new/data.py:138: RuntimeWarning: k >= N for N * N square matrix. Attempting to use scipy.linalg.eigh instead.
  eigenvalues, eigenvectors = eigsh(
/home1/sajan_rg/graphormer_eval/new_experiments/graph_exp_new/data.py:138: RuntimeWarning: k >= N for N * N square matrix. Attempting to use scipy.linalg.eigh instead.
  eigenvalues, eigenvectors = eigsh(
/home1/sajan_rg/graphormer_eval/new_experiments/graph_exp_new/data.py:138: RuntimeWarning: k >= N for N * N square matrix. Attempting to use scipy.linalg.eigh instead.
  eigenvalues, eigenvectors = eigsh(
/home1/sajan_rg/graphormer_eval/new_experiments/graph_exp_new/data.py:138: RuntimeWarning: k >= N for N * N square matrix. Attempting to use scipy.linalg.eigh instead.
  eigenvalues, eigenvectors = eigsh(
/home1/sajan_rg/graphormer_eval/new_experiments/graph_exp_new/data.py:138: RuntimeWarning: k >= N for N * N square matrix. Attempting to use scipy.linalg.eigh instead.
  eigenvalues, eigenvectors = eigsh(
/home1/sajan_rg/graphormer_eval/new_experiments/graph_exp_new/data.py:138: RuntimeWarning: k >= N for N * N square matrix. Attempting to use scipy.linalg.eigh instead.
  eigenvalues, eigenvectors = eigsh(
/home1/sajan_rg/graphormer_eval/new_experiments/graph_exp_new/data.py:138: RuntimeWarning: k >= N for N * N square matrix. Attempting to use scipy.linalg.eigh instead.
  eigenvalues, eigenvectors = eigsh(
Epoch 115/200 [222.4s mem=23087MB] proxies=ON | train_loss=0.1801 mmd=0.0000 train_AP=0.5915 | val_loss=0.5400 val_AP=0.5498 | test_loss=0.5830 test_AP=0.5409
/home1/sajan_rg/graphormer_eval/new_experiments/graph_exp_new/data.py:138: RuntimeWarning: k >= N for N * N square matrix. Attempting to use scipy.linalg.eigh instead.
  eigenvalues, eigenvectors = eigsh(
/home1/sajan_rg/graphormer_eval/new_experiments/graph_exp_new/data.py:138: RuntimeWarning: k >= N for N * N square matrix. Attempting to use scipy.linalg.eigh instead.
  eigenvalues, eigenvectors = eigsh(
/home1/sajan_rg/graphormer_eval/new_experiments/graph_exp_new/data.py:138: RuntimeWarning: k >= N for N * N square matrix. Attempting to use scipy.linalg.eigh instead.
  eigenvalues, eigenvectors = eigsh(
/home1/sajan_rg/graphormer_eval/new_experiments/graph_exp_new/data.py:138: RuntimeWarning: k >= N for N * N square matrix. Attempting to use scipy.linalg.eigh instead.
  eigenvalues, eigenvectors = eigsh(
/home1/sajan_rg/graphormer_eval/new_experiments/graph_exp_new/data.py:138: RuntimeWarning: k >= N for N * N square matrix. Attempting to use scipy.linalg.eigh instead.
  eigenvalues, eigenvectors = eigsh(
/home1/sajan_rg/graphormer_eval/new_experiments/graph_exp_new/data.py:138: RuntimeWarning: k >= N for N * N square matrix. Attempting to use scipy.linalg.eigh instead.
  eigenvalues, eigenvectors = eigsh(
/home1/sajan_rg/graphormer_eval/new_experiments/graph_exp_new/data.py:138: RuntimeWarning: k >= N for N * N square matrix. Attempting to use scipy.linalg.eigh instead.
  eigenvalues, eigenvectors = eigsh(
/home1/sajan_rg/graphormer_eval/new_experiments/graph_exp_new/data.py:138: RuntimeWarning: k >= N for N * N square matrix. Attempting to use scipy.linalg.eigh instead.
  eigenvalues, eigenvectors = eigsh(
/home1/sajan_rg/graphormer_eval/new_experiments/graph_exp_new/data.py:138: RuntimeWarning: k >= N for N * N square matrix. Attempting to use scipy.linalg.eigh instead.
  eigenvalues, eigenvectors = eigsh(
/home1/sajan_rg/graphormer_eval/new_experiments/graph_exp_new/data.py:138: RuntimeWarning: k >= N for N * N square matrix. Attempting to use scipy.linalg.eigh instead.
  eigenvalues, eigenvectors = eigsh(
/home1/sajan_rg/graphormer_eval/new_experiments/graph_exp_new/data.py:138: RuntimeWarning: k >= N for N * N square matrix. Attempting to use scipy.linalg.eigh instead.
  eigenvalues, eigenvectors = eigsh(
/home1/sajan_rg/graphormer_eval/new_experiments/graph_exp_new/data.py:138: RuntimeWarning: k >= N for N * N square matrix. Attempting to use scipy.linalg.eigh instead.
  eigenvalues, eigenvectors = eigsh(
Epoch 116/200 [223.2s mem=23086MB] proxies=ON | train_loss=0.1790 mmd=0.0000 train_AP=0.6003 | val_loss=0.4935 val_AP=0.5526 | test_loss=0.5398 test_AP=0.5319
/home1/sajan_rg/graphormer_eval/new_experiments/graph_exp_new/data.py:138: RuntimeWarning: k >= N for N * N square matrix. Attempting to use scipy.linalg.eigh instead.
  eigenvalues, eigenvectors = eigsh(
/home1/sajan_rg/graphormer_eval/new_experiments/graph_exp_new/data.py:138: RuntimeWarning: k >= N for N * N square matrix. Attempting to use scipy.linalg.eigh instead.
  eigenvalues, eigenvectors = eigsh(
/home1/sajan_rg/graphormer_eval/new_experiments/graph_exp_new/data.py:138: RuntimeWarning: k >= N for N * N square matrix. Attempting to use scipy.linalg.eigh instead.
  eigenvalues, eigenvectors = eigsh(
/home1/sajan_rg/graphormer_eval/new_experiments/graph_exp_new/data.py:138: RuntimeWarning: k >= N for N * N square matrix. Attempting to use scipy.linalg.eigh instead.
  eigenvalues, eigenvectors = eigsh(
/home1/sajan_rg/graphormer_eval/new_experiments/graph_exp_new/data.py:138: RuntimeWarning: k >= N for N * N square matrix. Attempting to use scipy.linalg.eigh instead.
  eigenvalues, eigenvectors = eigsh(
/home1/sajan_rg/graphormer_eval/new_experiments/graph_exp_new/data.py:138: RuntimeWarning: k >= N for N * N square matrix. Attempting to use scipy.linalg.eigh instead.
  eigenvalues, eigenvectors = eigsh(
/home1/sajan_rg/graphormer_eval/new_experiments/graph_exp_new/data.py:138: RuntimeWarning: k >= N for N * N square matrix. Attempting to use scipy.linalg.eigh instead.
  eigenvalues, eigenvectors = eigsh(
/home1/sajan_rg/graphormer_eval/new_experiments/graph_exp_new/data.py:138: RuntimeWarning: k >= N for N * N square matrix. Attempting to use scipy.linalg.eigh instead.
  eigenvalues, eigenvectors = eigsh(
/home1/sajan_rg/graphormer_eval/new_experiments/graph_exp_new/data.py:138: RuntimeWarning: k >= N for N * N square matrix. Attempting to use scipy.linalg.eigh instead.
  eigenvalues, eigenvectors = eigsh(
/home1/sajan_rg/graphormer_eval/new_experiments/graph_exp_new/data.py:138: RuntimeWarning: k >= N for N * N square matrix. Attempting to use scipy.linalg.eigh instead.
  eigenvalues, eigenvectors = eigsh(
/home1/sajan_rg/graphormer_eval/new_experiments/graph_exp_new/data.py:138: RuntimeWarning: k >= N for N * N square matrix. Attempting to use scipy.linalg.eigh instead.
  eigenvalues, eigenvectors = eigsh(
/home1/sajan_rg/graphormer_eval/new_experiments/graph_exp_new/data.py:138: RuntimeWarning: k >= N for N * N square matrix. Attempting to use scipy.linalg.eigh instead.
  eigenvalues, eigenvectors = eigsh(
Epoch 117/200 [222.7s mem=23085MB] proxies=ON | train_loss=0.1775 mmd=0.0000 train_AP=0.5934 | val_loss=0.5963 val_AP=0.5556 | test_loss=0.6456 test_AP=0.5382
/home1/sajan_rg/graphormer_eval/new_experiments/graph_exp_new/data.py:138: RuntimeWarning: k >= N for N * N square matrix. Attempting to use scipy.linalg.eigh instead.
  eigenvalues, eigenvectors = eigsh(
/home1/sajan_rg/graphormer_eval/new_experiments/graph_exp_new/data.py:138: RuntimeWarning: k >= N for N * N square matrix. Attempting to use scipy.linalg.eigh instead.
  eigenvalues, eigenvectors = eigsh(
/home1/sajan_rg/graphormer_eval/new_experiments/graph_exp_new/data.py:138: RuntimeWarning: k >= N for N * N square matrix. Attempting to use scipy.linalg.eigh instead.
  eigenvalues, eigenvectors = eigsh(
/home1/sajan_rg/graphormer_eval/new_experiments/graph_exp_new/data.py:138: RuntimeWarning: k >= N for N * N square matrix. Attempting to use scipy.linalg.eigh instead.
  eigenvalues, eigenvectors = eigsh(
/home1/sajan_rg/graphormer_eval/new_experiments/graph_exp_new/data.py:138: RuntimeWarning: k >= N for N * N square matrix. Attempting to use scipy.linalg.eigh instead.
  eigenvalues, eigenvectors = eigsh(
/home1/sajan_rg/graphormer_eval/new_experiments/graph_exp_new/data.py:138: RuntimeWarning: k >= N for N * N square matrix. Attempting to use scipy.linalg.eigh instead.
  eigenvalues, eigenvectors = eigsh(
/home1/sajan_rg/graphormer_eval/new_experiments/graph_exp_new/data.py:138: RuntimeWarning: k >= N for N * N square matrix. Attempting to use scipy.linalg.eigh instead.
  eigenvalues, eigenvectors = eigsh(
/home1/sajan_rg/graphormer_eval/new_experiments/graph_exp_new/data.py:138: RuntimeWarning: k >= N for N * N square matrix. Attempting to use scipy.linalg.eigh instead.
  eigenvalues, eigenvectors = eigsh(
/home1/sajan_rg/graphormer_eval/new_experiments/graph_exp_new/data.py:138: RuntimeWarning: k >= N for N * N square matrix. Attempting to use scipy.linalg.eigh instead.
  eigenvalues, eigenvectors = eigsh(
/home1/sajan_rg/graphormer_eval/new_experiments/graph_exp_new/data.py:138: RuntimeWarning: k >= N for N * N square matrix. Attempting to use scipy.linalg.eigh instead.
  eigenvalues, eigenvectors = eigsh(
/home1/sajan_rg/graphormer_eval/new_experiments/graph_exp_new/data.py:138: RuntimeWarning: k >= N for N * N square matrix. Attempting to use scipy.linalg.eigh instead.
  eigenvalues, eigenvectors = eigsh(
/home1/sajan_rg/graphormer_eval/new_experiments/graph_exp_new/data.py:138: RuntimeWarning: k >= N for N * N square matrix. Attempting to use scipy.linalg.eigh instead.
  eigenvalues, eigenvectors = eigsh(
Epoch 118/200 [222.9s mem=23079MB] proxies=ON | train_loss=0.1780 mmd=0.0000 train_AP=0.6027 | val_loss=0.4544 val_AP=0.5585 | test_loss=0.5116 test_AP=0.5310
/home1/sajan_rg/graphormer_eval/new_experiments/graph_exp_new/data.py:138: RuntimeWarning: k >= N for N * N square matrix. Attempting to use scipy.linalg.eigh instead.
  eigenvalues, eigenvectors = eigsh(
/home1/sajan_rg/graphormer_eval/new_experiments/graph_exp_new/data.py:138: RuntimeWarning: k >= N for N * N square matrix. Attempting to use scipy.linalg.eigh instead.
  eigenvalues, eigenvectors = eigsh(
/home1/sajan_rg/graphormer_eval/new_experiments/graph_exp_new/data.py:138: RuntimeWarning: k >= N for N * N square matrix. Attempting to use scipy.linalg.eigh instead.
  eigenvalues, eigenvectors = eigsh(
/home1/sajan_rg/graphormer_eval/new_experiments/graph_exp_new/data.py:138: RuntimeWarning: k >= N for N * N square matrix. Attempting to use scipy.linalg.eigh instead.
  eigenvalues, eigenvectors = eigsh(
/home1/sajan_rg/graphormer_eval/new_experiments/graph_exp_new/data.py:138: RuntimeWarning: k >= N for N * N square matrix. Attempting to use scipy.linalg.eigh instead.
  eigenvalues, eigenvectors = eigsh(
/home1/sajan_rg/graphormer_eval/new_experiments/graph_exp_new/data.py:138: RuntimeWarning: k >= N for N * N square matrix. Attempting to use scipy.linalg.eigh instead.
  eigenvalues, eigenvectors = eigsh(
/home1/sajan_rg/graphormer_eval/new_experiments/graph_exp_new/data.py:138: RuntimeWarning: k >= N for N * N square matrix. Attempting to use scipy.linalg.eigh instead.
  eigenvalues, eigenvectors = eigsh(
/home1/sajan_rg/graphormer_eval/new_experiments/graph_exp_new/data.py:138: RuntimeWarning: k >= N for N * N square matrix. Attempting to use scipy.linalg.eigh instead.
  eigenvalues, eigenvectors = eigsh(
/home1/sajan_rg/graphormer_eval/new_experiments/graph_exp_new/data.py:138: RuntimeWarning: k >= N for N * N square matrix. Attempting to use scipy.linalg.eigh instead.
  eigenvalues, eigenvectors = eigsh(
/home1/sajan_rg/graphormer_eval/new_experiments/graph_exp_new/data.py:138: RuntimeWarning: k >= N for N * N square matrix. Attempting to use scipy.linalg.eigh instead.
  eigenvalues, eigenvectors = eigsh(
/home1/sajan_rg/graphormer_eval/new_experiments/graph_exp_new/data.py:138: RuntimeWarning: k >= N for N * N square matrix. Attempting to use scipy.linalg.eigh instead.
  eigenvalues, eigenvectors = eigsh(
/home1/sajan_rg/graphormer_eval/new_experiments/graph_exp_new/data.py:138: RuntimeWarning: k >= N for N * N square matrix. Attempting to use scipy.linalg.eigh instead.
  eigenvalues, eigenvectors = eigsh(
Epoch 119/200 [223.0s mem=23083MB] proxies=ON | train_loss=0.1763 mmd=0.0000 train_AP=0.5969 | val_loss=0.5577 val_AP=0.5605 | test_loss=0.6069 test_AP=0.5323
/home1/sajan_rg/graphormer_eval/new_experiments/graph_exp_new/data.py:138: RuntimeWarning: k >= N for N * N square matrix. Attempting to use scipy.linalg.eigh instead.
  eigenvalues, eigenvectors = eigsh(
/home1/sajan_rg/graphormer_eval/new_experiments/graph_exp_new/data.py:138: RuntimeWarning: k >= N for N * N square matrix. Attempting to use scipy.linalg.eigh instead.
  eigenvalues, eigenvectors = eigsh(
/home1/sajan_rg/graphormer_eval/new_experiments/graph_exp_new/data.py:138: RuntimeWarning: k >= N for N * N square matrix. Attempting to use scipy.linalg.eigh instead.
  eigenvalues, eigenvectors = eigsh(
/home1/sajan_rg/graphormer_eval/new_experiments/graph_exp_new/data.py:138: RuntimeWarning: k >= N for N * N square matrix. Attempting to use scipy.linalg.eigh instead.
  eigenvalues, eigenvectors = eigsh(
/home1/sajan_rg/graphormer_eval/new_experiments/graph_exp_new/data.py:138: RuntimeWarning: k >= N for N * N square matrix. Attempting to use scipy.linalg.eigh instead.
  eigenvalues, eigenvectors = eigsh(
/home1/sajan_rg/graphormer_eval/new_experiments/graph_exp_new/data.py:138: RuntimeWarning: k >= N for N * N square matrix. Attempting to use scipy.linalg.eigh instead.
  eigenvalues, eigenvectors = eigsh(
/home1/sajan_rg/graphormer_eval/new_experiments/graph_exp_new/data.py:138: RuntimeWarning: k >= N for N * N square matrix. Attempting to use scipy.linalg.eigh instead.
  eigenvalues, eigenvectors = eigsh(
/home1/sajan_rg/graphormer_eval/new_experiments/graph_exp_new/data.py:138: RuntimeWarning: k >= N for N * N square matrix. Attempting to use scipy.linalg.eigh instead.
  eigenvalues, eigenvectors = eigsh(
/home1/sajan_rg/graphormer_eval/new_experiments/graph_exp_new/data.py:138: RuntimeWarning: k >= N for N * N square matrix. Attempting to use scipy.linalg.eigh instead.
  eigenvalues, eigenvectors = eigsh(
/home1/sajan_rg/graphormer_eval/new_experiments/graph_exp_new/data.py:138: RuntimeWarning: k >= N for N * N square matrix. Attempting to use scipy.linalg.eigh instead.
  eigenvalues, eigenvectors = eigsh(
/home1/sajan_rg/graphormer_eval/new_experiments/graph_exp_new/data.py:138: RuntimeWarning: k >= N for N * N square matrix. Attempting to use scipy.linalg.eigh instead.
  eigenvalues, eigenvectors = eigsh(
/home1/sajan_rg/graphormer_eval/new_experiments/graph_exp_new/data.py:138: RuntimeWarning: k >= N for N * N square matrix. Attempting to use scipy.linalg.eigh instead.
  eigenvalues, eigenvectors = eigsh(
Epoch 120/200 [221.8s mem=23095MB] proxies=ON | train_loss=0.1749 mmd=0.0000 train_AP=0.6053 | val_loss=0.5822 val_AP=0.5623 | test_loss=0.6775 test_AP=0.5349
/home1/sajan_rg/graphormer_eval/new_experiments/graph_exp_new/data.py:138: RuntimeWarning: k >= N for N * N square matrix. Attempting to use scipy.linalg.eigh instead.
  eigenvalues, eigenvectors = eigsh(
/home1/sajan_rg/graphormer_eval/new_experiments/graph_exp_new/data.py:138: RuntimeWarning: k >= N for N * N square matrix. Attempting to use scipy.linalg.eigh instead.
  eigenvalues, eigenvectors = eigsh(
/home1/sajan_rg/graphormer_eval/new_experiments/graph_exp_new/data.py:138: RuntimeWarning: k >= N for N * N square matrix. Attempting to use scipy.linalg.eigh instead.
  eigenvalues, eigenvectors = eigsh(
/home1/sajan_rg/graphormer_eval/new_experiments/graph_exp_new/data.py:138: RuntimeWarning: k >= N for N * N square matrix. Attempting to use scipy.linalg.eigh instead.
  eigenvalues, eigenvectors = eigsh(
/home1/sajan_rg/graphormer_eval/new_experiments/graph_exp_new/data.py:138: RuntimeWarning: k >= N for N * N square matrix. Attempting to use scipy.linalg.eigh instead.
  eigenvalues, eigenvectors = eigsh(
/home1/sajan_rg/graphormer_eval/new_experiments/graph_exp_new/data.py:138: RuntimeWarning: k >= N for N * N square matrix. Attempting to use scipy.linalg.eigh instead.
  eigenvalues, eigenvectors = eigsh(
/home1/sajan_rg/graphormer_eval/new_experiments/graph_exp_new/data.py:138: RuntimeWarning: k >= N for N * N square matrix. Attempting to use scipy.linalg.eigh instead.
  eigenvalues, eigenvectors = eigsh(
/home1/sajan_rg/graphormer_eval/new_experiments/graph_exp_new/data.py:138: RuntimeWarning: k >= N for N * N square matrix. Attempting to use scipy.linalg.eigh instead.
  eigenvalues, eigenvectors = eigsh(
/home1/sajan_rg/graphormer_eval/new_experiments/graph_exp_new/data.py:138: RuntimeWarning: k >= N for N * N square matrix. Attempting to use scipy.linalg.eigh instead.
  eigenvalues, eigenvectors = eigsh(
/home1/sajan_rg/graphormer_eval/new_experiments/graph_exp_new/data.py:138: RuntimeWarning: k >= N for N * N square matrix. Attempting to use scipy.linalg.eigh instead.
  eigenvalues, eigenvectors = eigsh(
/home1/sajan_rg/graphormer_eval/new_experiments/graph_exp_new/data.py:138: RuntimeWarning: k >= N for N * N square matrix. Attempting to use scipy.linalg.eigh instead.
  eigenvalues, eigenvectors = eigsh(
/home1/sajan_rg/graphormer_eval/new_experiments/graph_exp_new/data.py:138: RuntimeWarning: k >= N for N * N square matrix. Attempting to use scipy.linalg.eigh instead.
  eigenvalues, eigenvectors = eigsh(
Epoch 121/200 [222.4s mem=23084MB] proxies=ON | train_loss=0.1763 mmd=0.0000 train_AP=0.6079 | val_loss=0.5214 val_AP=0.5779 | test_loss=0.6007 test_AP=0.5432
  -> New best val AP=0.5779 (test AP=0.5432), saved to checkpoints_three_staged_cross_multipt/best_e2e.pt
/home1/sajan_rg/graphormer_eval/new_experiments/graph_exp_new/data.py:138: RuntimeWarning: k >= N for N * N square matrix. Attempting to use scipy.linalg.eigh instead.
  eigenvalues, eigenvectors = eigsh(
/home1/sajan_rg/graphormer_eval/new_experiments/graph_exp_new/data.py:138: RuntimeWarning: k >= N for N * N square matrix. Attempting to use scipy.linalg.eigh instead.
  eigenvalues, eigenvectors = eigsh(
/home1/sajan_rg/graphormer_eval/new_experiments/graph_exp_new/data.py:138: RuntimeWarning: k >= N for N * N square matrix. Attempting to use scipy.linalg.eigh instead.
  eigenvalues, eigenvectors = eigsh(
/home1/sajan_rg/graphormer_eval/new_experiments/graph_exp_new/data.py:138: RuntimeWarning: k >= N for N * N square matrix. Attempting to use scipy.linalg.eigh instead.
  eigenvalues, eigenvectors = eigsh(
/home1/sajan_rg/graphormer_eval/new_experiments/graph_exp_new/data.py:138: RuntimeWarning: k >= N for N * N square matrix. Attempting to use scipy.linalg.eigh instead.
  eigenvalues, eigenvectors = eigsh(
/home1/sajan_rg/graphormer_eval/new_experiments/graph_exp_new/data.py:138: RuntimeWarning: k >= N for N * N square matrix. Attempting to use scipy.linalg.eigh instead.
  eigenvalues, eigenvectors = eigsh(
/home1/sajan_rg/graphormer_eval/new_experiments/graph_exp_new/data.py:138: RuntimeWarning: k >= N for N * N square matrix. Attempting to use scipy.linalg.eigh instead.
  eigenvalues, eigenvectors = eigsh(
/home1/sajan_rg/graphormer_eval/new_experiments/graph_exp_new/data.py:138: RuntimeWarning: k >= N for N * N square matrix. Attempting to use scipy.linalg.eigh instead.
  eigenvalues, eigenvectors = eigsh(
/home1/sajan_rg/graphormer_eval/new_experiments/graph_exp_new/data.py:138: RuntimeWarning: k >= N for N * N square matrix. Attempting to use scipy.linalg.eigh instead.
  eigenvalues, eigenvectors = eigsh(
/home1/sajan_rg/graphormer_eval/new_experiments/graph_exp_new/data.py:138: RuntimeWarning: k >= N for N * N square matrix. Attempting to use scipy.linalg.eigh instead.
  eigenvalues, eigenvectors = eigsh(
/home1/sajan_rg/graphormer_eval/new_experiments/graph_exp_new/data.py:138: RuntimeWarning: k >= N for N * N square matrix. Attempting to use scipy.linalg.eigh instead.
  eigenvalues, eigenvectors = eigsh(
/home1/sajan_rg/graphormer_eval/new_experiments/graph_exp_new/data.py:138: RuntimeWarning: k >= N for N * N square matrix. Attempting to use scipy.linalg.eigh instead.
  eigenvalues, eigenvectors = eigsh(
Epoch 122/200 [222.6s mem=23088MB] proxies=ON | train_loss=0.1740 mmd=0.0000 train_AP=0.6079 | val_loss=0.5569 val_AP=0.5665 | test_loss=0.6422 test_AP=0.5411
/home1/sajan_rg/graphormer_eval/new_experiments/graph_exp_new/data.py:138: RuntimeWarning: k >= N for N * N square matrix. Attempting to use scipy.linalg.eigh instead.
  eigenvalues, eigenvectors = eigsh(
/home1/sajan_rg/graphormer_eval/new_experiments/graph_exp_new/data.py:138: RuntimeWarning: k >= N for N * N square matrix. Attempting to use scipy.linalg.eigh instead.
  eigenvalues, eigenvectors = eigsh(
/home1/sajan_rg/graphormer_eval/new_experiments/graph_exp_new/data.py:138: RuntimeWarning: k >= N for N * N square matrix. Attempting to use scipy.linalg.eigh instead.
  eigenvalues, eigenvectors = eigsh(
/home1/sajan_rg/graphormer_eval/new_experiments/graph_exp_new/data.py:138: RuntimeWarning: k >= N for N * N square matrix. Attempting to use scipy.linalg.eigh instead.
  eigenvalues, eigenvectors = eigsh(
/home1/sajan_rg/graphormer_eval/new_experiments/graph_exp_new/data.py:138: RuntimeWarning: k >= N for N * N square matrix. Attempting to use scipy.linalg.eigh instead.
  eigenvalues, eigenvectors = eigsh(
/home1/sajan_rg/graphormer_eval/new_experiments/graph_exp_new/data.py:138: RuntimeWarning: k >= N for N * N square matrix. Attempting to use scipy.linalg.eigh instead.
  eigenvalues, eigenvectors = eigsh(
/home1/sajan_rg/graphormer_eval/new_experiments/graph_exp_new/data.py:138: RuntimeWarning: k >= N for N * N square matrix. Attempting to use scipy.linalg.eigh instead.
  eigenvalues, eigenvectors = eigsh(
/home1/sajan_rg/graphormer_eval/new_experiments/graph_exp_new/data.py:138: RuntimeWarning: k >= N for N * N square matrix. Attempting to use scipy.linalg.eigh instead.
  eigenvalues, eigenvectors = eigsh(
/home1/sajan_rg/graphormer_eval/new_experiments/graph_exp_new/data.py:138: RuntimeWarning: k >= N for N * N square matrix. Attempting to use scipy.linalg.eigh instead.
  eigenvalues, eigenvectors = eigsh(
/home1/sajan_rg/graphormer_eval/new_experiments/graph_exp_new/data.py:138: RuntimeWarning: k >= N for N * N square matrix. Attempting to use scipy.linalg.eigh instead.
  eigenvalues, eigenvectors = eigsh(
/home1/sajan_rg/graphormer_eval/new_experiments/graph_exp_new/data.py:138: RuntimeWarning: k >= N for N * N square matrix. Attempting to use scipy.linalg.eigh instead.
  eigenvalues, eigenvectors = eigsh(
/home1/sajan_rg/graphormer_eval/new_experiments/graph_exp_new/data.py:138: RuntimeWarning: k >= N for N * N square matrix. Attempting to use scipy.linalg.eigh instead.
  eigenvalues, eigenvectors = eigsh(
Epoch 123/200 [222.9s mem=23086MB] proxies=ON | train_loss=0.1730 mmd=0.0000 train_AP=0.6103 | val_loss=0.5959 val_AP=0.5656 | test_loss=0.6420 test_AP=0.5421
/home1/sajan_rg/graphormer_eval/new_experiments/graph_exp_new/data.py:138: RuntimeWarning: k >= N for N * N square matrix. Attempting to use scipy.linalg.eigh instead.
  eigenvalues, eigenvectors = eigsh(
/home1/sajan_rg/graphormer_eval/new_experiments/graph_exp_new/data.py:138: RuntimeWarning: k >= N for N * N square matrix. Attempting to use scipy.linalg.eigh instead.
  eigenvalues, eigenvectors = eigsh(
/home1/sajan_rg/graphormer_eval/new_experiments/graph_exp_new/data.py:138: RuntimeWarning: k >= N for N * N square matrix. Attempting to use scipy.linalg.eigh instead.
  eigenvalues, eigenvectors = eigsh(
/home1/sajan_rg/graphormer_eval/new_experiments/graph_exp_new/data.py:138: RuntimeWarning: k >= N for N * N square matrix. Attempting to use scipy.linalg.eigh instead.
  eigenvalues, eigenvectors = eigsh(
/home1/sajan_rg/graphormer_eval/new_experiments/graph_exp_new/data.py:138: RuntimeWarning: k >= N for N * N square matrix. Attempting to use scipy.linalg.eigh instead.
  eigenvalues, eigenvectors = eigsh(
/home1/sajan_rg/graphormer_eval/new_experiments/graph_exp_new/data.py:138: RuntimeWarning: k >= N for N * N square matrix. Attempting to use scipy.linalg.eigh instead.
  eigenvalues, eigenvectors = eigsh(
/home1/sajan_rg/graphormer_eval/new_experiments/graph_exp_new/data.py:138: RuntimeWarning: k >= N for N * N square matrix. Attempting to use scipy.linalg.eigh instead.
  eigenvalues, eigenvectors = eigsh(
/home1/sajan_rg/graphormer_eval/new_experiments/graph_exp_new/data.py:138: RuntimeWarning: k >= N for N * N square matrix. Attempting to use scipy.linalg.eigh instead.
  eigenvalues, eigenvectors = eigsh(
/home1/sajan_rg/graphormer_eval/new_experiments/graph_exp_new/data.py:138: RuntimeWarning: k >= N for N * N square matrix. Attempting to use scipy.linalg.eigh instead.
  eigenvalues, eigenvectors = eigsh(
/home1/sajan_rg/graphormer_eval/new_experiments/graph_exp_new/data.py:138: RuntimeWarning: k >= N for N * N square matrix. Attempting to use scipy.linalg.eigh instead.
  eigenvalues, eigenvectors = eigsh(
/home1/sajan_rg/graphormer_eval/new_experiments/graph_exp_new/data.py:138: RuntimeWarning: k >= N for N * N square matrix. Attempting to use scipy.linalg.eigh instead.
  eigenvalues, eigenvectors = eigsh(
/home1/sajan_rg/graphormer_eval/new_experiments/graph_exp_new/data.py:138: RuntimeWarning: k >= N for N * N square matrix. Attempting to use scipy.linalg.eigh instead.
  eigenvalues, eigenvectors = eigsh(
Epoch 124/200 [223.3s mem=23099MB] proxies=ON | train_loss=0.1707 mmd=0.0000 train_AP=0.6175 | val_loss=0.6090 val_AP=0.5667 | test_loss=0.7018 test_AP=0.5482
/home1/sajan_rg/graphormer_eval/new_experiments/graph_exp_new/data.py:138: RuntimeWarning: k >= N for N * N square matrix. Attempting to use scipy.linalg.eigh instead.
  eigenvalues, eigenvectors = eigsh(
/home1/sajan_rg/graphormer_eval/new_experiments/graph_exp_new/data.py:138: RuntimeWarning: k >= N for N * N square matrix. Attempting to use scipy.linalg.eigh instead.
  eigenvalues, eigenvectors = eigsh(
/home1/sajan_rg/graphormer_eval/new_experiments/graph_exp_new/data.py:138: RuntimeWarning: k >= N for N * N square matrix. Attempting to use scipy.linalg.eigh instead.
  eigenvalues, eigenvectors = eigsh(
/home1/sajan_rg/graphormer_eval/new_experiments/graph_exp_new/data.py:138: RuntimeWarning: k >= N for N * N square matrix. Attempting to use scipy.linalg.eigh instead.
  eigenvalues, eigenvectors = eigsh(
/home1/sajan_rg/graphormer_eval/new_experiments/graph_exp_new/data.py:138: RuntimeWarning: k >= N for N * N square matrix. Attempting to use scipy.linalg.eigh instead.
  eigenvalues, eigenvectors = eigsh(
/home1/sajan_rg/graphormer_eval/new_experiments/graph_exp_new/data.py:138: RuntimeWarning: k >= N for N * N square matrix. Attempting to use scipy.linalg.eigh instead.
  eigenvalues, eigenvectors = eigsh(
/home1/sajan_rg/graphormer_eval/new_experiments/graph_exp_new/data.py:138: RuntimeWarning: k >= N for N * N square matrix. Attempting to use scipy.linalg.eigh instead.
  eigenvalues, eigenvectors = eigsh(
/home1/sajan_rg/graphormer_eval/new_experiments/graph_exp_new/data.py:138: RuntimeWarning: k >= N for N * N square matrix. Attempting to use scipy.linalg.eigh instead.
  eigenvalues, eigenvectors = eigsh(
/home1/sajan_rg/graphormer_eval/new_experiments/graph_exp_new/data.py:138: RuntimeWarning: k >= N for N * N square matrix. Attempting to use scipy.linalg.eigh instead.
  eigenvalues, eigenvectors = eigsh(
/home1/sajan_rg/graphormer_eval/new_experiments/graph_exp_new/data.py:138: RuntimeWarning: k >= N for N * N square matrix. Attempting to use scipy.linalg.eigh instead.
  eigenvalues, eigenvectors = eigsh(
/home1/sajan_rg/graphormer_eval/new_experiments/graph_exp_new/data.py:138: RuntimeWarning: k >= N for N * N square matrix. Attempting to use scipy.linalg.eigh instead.
  eigenvalues, eigenvectors = eigsh(
/home1/sajan_rg/graphormer_eval/new_experiments/graph_exp_new/data.py:138: RuntimeWarning: k >= N for N * N square matrix. Attempting to use scipy.linalg.eigh instead.
  eigenvalues, eigenvectors = eigsh(
Epoch 125/200 [222.2s mem=23093MB] proxies=ON | train_loss=0.1705 mmd=0.0000 train_AP=0.6109 | val_loss=0.5300 val_AP=0.5725 | test_loss=0.6026 test_AP=0.5488
/home1/sajan_rg/graphormer_eval/new_experiments/graph_exp_new/data.py:138: RuntimeWarning: k >= N for N * N square matrix. Attempting to use scipy.linalg.eigh instead.
  eigenvalues, eigenvectors = eigsh(
/home1/sajan_rg/graphormer_eval/new_experiments/graph_exp_new/data.py:138: RuntimeWarning: k >= N for N * N square matrix. Attempting to use scipy.linalg.eigh instead.
  eigenvalues, eigenvectors = eigsh(
/home1/sajan_rg/graphormer_eval/new_experiments/graph_exp_new/data.py:138: RuntimeWarning: k >= N for N * N square matrix. Attempting to use scipy.linalg.eigh instead.
  eigenvalues, eigenvectors = eigsh(
/home1/sajan_rg/graphormer_eval/new_experiments/graph_exp_new/data.py:138: RuntimeWarning: k >= N for N * N square matrix. Attempting to use scipy.linalg.eigh instead.
  eigenvalues, eigenvectors = eigsh(
/home1/sajan_rg/graphormer_eval/new_experiments/graph_exp_new/data.py:138: RuntimeWarning: k >= N for N * N square matrix. Attempting to use scipy.linalg.eigh instead.
  eigenvalues, eigenvectors = eigsh(
/home1/sajan_rg/graphormer_eval/new_experiments/graph_exp_new/data.py:138: RuntimeWarning: k >= N for N * N square matrix. Attempting to use scipy.linalg.eigh instead.
  eigenvalues, eigenvectors = eigsh(
/home1/sajan_rg/graphormer_eval/new_experiments/graph_exp_new/data.py:138: RuntimeWarning: k >= N for N * N square matrix. Attempting to use scipy.linalg.eigh instead.
  eigenvalues, eigenvectors = eigsh(
/home1/sajan_rg/graphormer_eval/new_experiments/graph_exp_new/data.py:138: RuntimeWarning: k >= N for N * N square matrix. Attempting to use scipy.linalg.eigh instead.
  eigenvalues, eigenvectors = eigsh(
/home1/sajan_rg/graphormer_eval/new_experiments/graph_exp_new/data.py:138: RuntimeWarning: k >= N for N * N square matrix. Attempting to use scipy.linalg.eigh instead.
  eigenvalues, eigenvectors = eigsh(
/home1/sajan_rg/graphormer_eval/new_experiments/graph_exp_new/data.py:138: RuntimeWarning: k >= N for N * N square matrix. Attempting to use scipy.linalg.eigh instead.
  eigenvalues, eigenvectors = eigsh(
/home1/sajan_rg/graphormer_eval/new_experiments/graph_exp_new/data.py:138: RuntimeWarning: k >= N for N * N square matrix. Attempting to use scipy.linalg.eigh instead.
  eigenvalues, eigenvectors = eigsh(
/home1/sajan_rg/graphormer_eval/new_experiments/graph_exp_new/data.py:138: RuntimeWarning: k >= N for N * N square matrix. Attempting to use scipy.linalg.eigh instead.
  eigenvalues, eigenvectors = eigsh(
Epoch 126/200 [222.5s mem=23098MB] proxies=ON | train_loss=0.1694 mmd=0.0000 train_AP=0.6183 | val_loss=0.5798 val_AP=0.5686 | test_loss=0.6076 test_AP=0.5511
/home1/sajan_rg/graphormer_eval/new_experiments/graph_exp_new/data.py:138: RuntimeWarning: k >= N for N * N square matrix. Attempting to use scipy.linalg.eigh instead.
  eigenvalues, eigenvectors = eigsh(
/home1/sajan_rg/graphormer_eval/new_experiments/graph_exp_new/data.py:138: RuntimeWarning: k >= N for N * N square matrix. Attempting to use scipy.linalg.eigh instead.
  eigenvalues, eigenvectors = eigsh(
/home1/sajan_rg/graphormer_eval/new_experiments/graph_exp_new/data.py:138: RuntimeWarning: k >= N for N * N square matrix. Attempting to use scipy.linalg.eigh instead.
  eigenvalues, eigenvectors = eigsh(
/home1/sajan_rg/graphormer_eval/new_experiments/graph_exp_new/data.py:138: RuntimeWarning: k >= N for N * N square matrix. Attempting to use scipy.linalg.eigh instead.
  eigenvalues, eigenvectors = eigsh(
/home1/sajan_rg/graphormer_eval/new_experiments/graph_exp_new/data.py:138: RuntimeWarning: k >= N for N * N square matrix. Attempting to use scipy.linalg.eigh instead.
  eigenvalues, eigenvectors = eigsh(
/home1/sajan_rg/graphormer_eval/new_experiments/graph_exp_new/data.py:138: RuntimeWarning: k >= N for N * N square matrix. Attempting to use scipy.linalg.eigh instead.
  eigenvalues, eigenvectors = eigsh(
/home1/sajan_rg/graphormer_eval/new_experiments/graph_exp_new/data.py:138: RuntimeWarning: k >= N for N * N square matrix. Attempting to use scipy.linalg.eigh instead.
  eigenvalues, eigenvectors = eigsh(
/home1/sajan_rg/graphormer_eval/new_experiments/graph_exp_new/data.py:138: RuntimeWarning: k >= N for N * N square matrix. Attempting to use scipy.linalg.eigh instead.
  eigenvalues, eigenvectors = eigsh(
/home1/sajan_rg/graphormer_eval/new_experiments/graph_exp_new/data.py:138: RuntimeWarning: k >= N for N * N square matrix. Attempting to use scipy.linalg.eigh instead.
  eigenvalues, eigenvectors = eigsh(
/home1/sajan_rg/graphormer_eval/new_experiments/graph_exp_new/data.py:138: RuntimeWarning: k >= N for N * N square matrix. Attempting to use scipy.linalg.eigh instead.
  eigenvalues, eigenvectors = eigsh(
/home1/sajan_rg/graphormer_eval/new_experiments/graph_exp_new/data.py:138: RuntimeWarning: k >= N for N * N square matrix. Attempting to use scipy.linalg.eigh instead.
  eigenvalues, eigenvectors = eigsh(
/home1/sajan_rg/graphormer_eval/new_experiments/graph_exp_new/data.py:138: RuntimeWarning: k >= N for N * N square matrix. Attempting to use scipy.linalg.eigh instead.
  eigenvalues, eigenvectors = eigsh(
Epoch 127/200 [222.5s mem=23084MB] proxies=ON | train_loss=0.1704 mmd=0.0000 train_AP=0.6234 | val_loss=0.7062 val_AP=0.5543 | test_loss=0.7277 test_AP=0.5361
/home1/sajan_rg/graphormer_eval/new_experiments/graph_exp_new/data.py:138: RuntimeWarning: k >= N for N * N square matrix. Attempting to use scipy.linalg.eigh instead.
  eigenvalues, eigenvectors = eigsh(
/home1/sajan_rg/graphormer_eval/new_experiments/graph_exp_new/data.py:138: RuntimeWarning: k >= N for N * N square matrix. Attempting to use scipy.linalg.eigh instead.
  eigenvalues, eigenvectors = eigsh(
/home1/sajan_rg/graphormer_eval/new_experiments/graph_exp_new/data.py:138: RuntimeWarning: k >= N for N * N square matrix. Attempting to use scipy.linalg.eigh instead.
  eigenvalues, eigenvectors = eigsh(
/home1/sajan_rg/graphormer_eval/new_experiments/graph_exp_new/data.py:138: RuntimeWarning: k >= N for N * N square matrix. Attempting to use scipy.linalg.eigh instead.
  eigenvalues, eigenvectors = eigsh(
/home1/sajan_rg/graphormer_eval/new_experiments/graph_exp_new/data.py:138: RuntimeWarning: k >= N for N * N square matrix. Attempting to use scipy.linalg.eigh instead.
  eigenvalues, eigenvectors = eigsh(
/home1/sajan_rg/graphormer_eval/new_experiments/graph_exp_new/data.py:138: RuntimeWarning: k >= N for N * N square matrix. Attempting to use scipy.linalg.eigh instead.
  eigenvalues, eigenvectors = eigsh(
/home1/sajan_rg/graphormer_eval/new_experiments/graph_exp_new/data.py:138: RuntimeWarning: k >= N for N * N square matrix. Attempting to use scipy.linalg.eigh instead.
  eigenvalues, eigenvectors = eigsh(
/home1/sajan_rg/graphormer_eval/new_experiments/graph_exp_new/data.py:138: RuntimeWarning: k >= N for N * N square matrix. Attempting to use scipy.linalg.eigh instead.
  eigenvalues, eigenvectors = eigsh(
/home1/sajan_rg/graphormer_eval/new_experiments/graph_exp_new/data.py:138: RuntimeWarning: k >= N for N * N square matrix. Attempting to use scipy.linalg.eigh instead.
  eigenvalues, eigenvectors = eigsh(
/home1/sajan_rg/graphormer_eval/new_experiments/graph_exp_new/data.py:138: RuntimeWarning: k >= N for N * N square matrix. Attempting to use scipy.linalg.eigh instead.
  eigenvalues, eigenvectors = eigsh(
/home1/sajan_rg/graphormer_eval/new_experiments/graph_exp_new/data.py:138: RuntimeWarning: k >= N for N * N square matrix. Attempting to use scipy.linalg.eigh instead.
  eigenvalues, eigenvectors = eigsh(
/home1/sajan_rg/graphormer_eval/new_experiments/graph_exp_new/data.py:138: RuntimeWarning: k >= N for N * N square matrix. Attempting to use scipy.linalg.eigh instead.
  eigenvalues, eigenvectors = eigsh(
Epoch 128/200 [221.0s mem=23081MB] proxies=ON | train_loss=0.1655 mmd=0.0000 train_AP=0.6209 | val_loss=0.6126 val_AP=0.5679 | test_loss=0.6812 test_AP=0.5447
/home1/sajan_rg/graphormer_eval/new_experiments/graph_exp_new/data.py:138: RuntimeWarning: k >= N for N * N square matrix. Attempting to use scipy.linalg.eigh instead.
  eigenvalues, eigenvectors = eigsh(
/home1/sajan_rg/graphormer_eval/new_experiments/graph_exp_new/data.py:138: RuntimeWarning: k >= N for N * N square matrix. Attempting to use scipy.linalg.eigh instead.
  eigenvalues, eigenvectors = eigsh(
/home1/sajan_rg/graphormer_eval/new_experiments/graph_exp_new/data.py:138: RuntimeWarning: k >= N for N * N square matrix. Attempting to use scipy.linalg.eigh instead.
  eigenvalues, eigenvectors = eigsh(
/home1/sajan_rg/graphormer_eval/new_experiments/graph_exp_new/data.py:138: RuntimeWarning: k >= N for N * N square matrix. Attempting to use scipy.linalg.eigh instead.
  eigenvalues, eigenvectors = eigsh(
/home1/sajan_rg/graphormer_eval/new_experiments/graph_exp_new/data.py:138: RuntimeWarning: k >= N for N * N square matrix. Attempting to use scipy.linalg.eigh instead.
  eigenvalues, eigenvectors = eigsh(
/home1/sajan_rg/graphormer_eval/new_experiments/graph_exp_new/data.py:138: RuntimeWarning: k >= N for N * N square matrix. Attempting to use scipy.linalg.eigh instead.
  eigenvalues, eigenvectors = eigsh(
/home1/sajan_rg/graphormer_eval/new_experiments/graph_exp_new/data.py:138: RuntimeWarning: k >= N for N * N square matrix. Attempting to use scipy.linalg.eigh instead.
  eigenvalues, eigenvectors = eigsh(
/home1/sajan_rg/graphormer_eval/new_experiments/graph_exp_new/data.py:138: RuntimeWarning: k >= N for N * N square matrix. Attempting to use scipy.linalg.eigh instead.
  eigenvalues, eigenvectors = eigsh(
/home1/sajan_rg/graphormer_eval/new_experiments/graph_exp_new/data.py:138: RuntimeWarning: k >= N for N * N square matrix. Attempting to use scipy.linalg.eigh instead.
  eigenvalues, eigenvectors = eigsh(
/home1/sajan_rg/graphormer_eval/new_experiments/graph_exp_new/data.py:138: RuntimeWarning: k >= N for N * N square matrix. Attempting to use scipy.linalg.eigh instead.
  eigenvalues, eigenvectors = eigsh(
/home1/sajan_rg/graphormer_eval/new_experiments/graph_exp_new/data.py:138: RuntimeWarning: k >= N for N * N square matrix. Attempting to use scipy.linalg.eigh instead.
  eigenvalues, eigenvectors = eigsh(
/home1/sajan_rg/graphormer_eval/new_experiments/graph_exp_new/data.py:138: RuntimeWarning: k >= N for N * N square matrix. Attempting to use scipy.linalg.eigh instead.
  eigenvalues, eigenvectors = eigsh(
Epoch 129/200 [222.1s mem=23096MB] proxies=ON | train_loss=0.1649 mmd=0.0000 train_AP=0.6317 | val_loss=0.5743 val_AP=0.5724 | test_loss=0.6230 test_AP=0.5564
/home1/sajan_rg/graphormer_eval/new_experiments/graph_exp_new/data.py:138: RuntimeWarning: k >= N for N * N square matrix. Attempting to use scipy.linalg.eigh instead.
  eigenvalues, eigenvectors = eigsh(
/home1/sajan_rg/graphormer_eval/new_experiments/graph_exp_new/data.py:138: RuntimeWarning: k >= N for N * N square matrix. Attempting to use scipy.linalg.eigh instead.
  eigenvalues, eigenvectors = eigsh(
/home1/sajan_rg/graphormer_eval/new_experiments/graph_exp_new/data.py:138: RuntimeWarning: k >= N for N * N square matrix. Attempting to use scipy.linalg.eigh instead.
  eigenvalues, eigenvectors = eigsh(
/home1/sajan_rg/graphormer_eval/new_experiments/graph_exp_new/data.py:138: RuntimeWarning: k >= N for N * N square matrix. Attempting to use scipy.linalg.eigh instead.
  eigenvalues, eigenvectors = eigsh(
/home1/sajan_rg/graphormer_eval/new_experiments/graph_exp_new/data.py:138: RuntimeWarning: k >= N for N * N square matrix. Attempting to use scipy.linalg.eigh instead.
  eigenvalues, eigenvectors = eigsh(
/home1/sajan_rg/graphormer_eval/new_experiments/graph_exp_new/data.py:138: RuntimeWarning: k >= N for N * N square matrix. Attempting to use scipy.linalg.eigh instead.
  eigenvalues, eigenvectors = eigsh(
/home1/sajan_rg/graphormer_eval/new_experiments/graph_exp_new/data.py:138: RuntimeWarning: k >= N for N * N square matrix. Attempting to use scipy.linalg.eigh instead.
  eigenvalues, eigenvectors = eigsh(
/home1/sajan_rg/graphormer_eval/new_experiments/graph_exp_new/data.py:138: RuntimeWarning: k >= N for N * N square matrix. Attempting to use scipy.linalg.eigh instead.
  eigenvalues, eigenvectors = eigsh(
/home1/sajan_rg/graphormer_eval/new_experiments/graph_exp_new/data.py:138: RuntimeWarning: k >= N for N * N square matrix. Attempting to use scipy.linalg.eigh instead.
  eigenvalues, eigenvectors = eigsh(
/home1/sajan_rg/graphormer_eval/new_experiments/graph_exp_new/data.py:138: RuntimeWarning: k >= N for N * N square matrix. Attempting to use scipy.linalg.eigh instead.
  eigenvalues, eigenvectors = eigsh(
/home1/sajan_rg/graphormer_eval/new_experiments/graph_exp_new/data.py:138: RuntimeWarning: k >= N for N * N square matrix. Attempting to use scipy.linalg.eigh instead.
  eigenvalues, eigenvectors = eigsh(
/home1/sajan_rg/graphormer_eval/new_experiments/graph_exp_new/data.py:138: RuntimeWarning: k >= N for N * N square matrix. Attempting to use scipy.linalg.eigh instead.
  eigenvalues, eigenvectors = eigsh(
Epoch 130/200 [222.1s mem=23085MB] proxies=ON | train_loss=0.1636 mmd=0.0000 train_AP=0.6312 | val_loss=0.5786 val_AP=0.5705 | test_loss=0.6155 test_AP=0.5522
/home1/sajan_rg/graphormer_eval/new_experiments/graph_exp_new/data.py:138: RuntimeWarning: k >= N for N * N square matrix. Attempting to use scipy.linalg.eigh instead.
  eigenvalues, eigenvectors = eigsh(
/home1/sajan_rg/graphormer_eval/new_experiments/graph_exp_new/data.py:138: RuntimeWarning: k >= N for N * N square matrix. Attempting to use scipy.linalg.eigh instead.
  eigenvalues, eigenvectors = eigsh(
/home1/sajan_rg/graphormer_eval/new_experiments/graph_exp_new/data.py:138: RuntimeWarning: k >= N for N * N square matrix. Attempting to use scipy.linalg.eigh instead.
  eigenvalues, eigenvectors = eigsh(
/home1/sajan_rg/graphormer_eval/new_experiments/graph_exp_new/data.py:138: RuntimeWarning: k >= N for N * N square matrix. Attempting to use scipy.linalg.eigh instead.
  eigenvalues, eigenvectors = eigsh(
/home1/sajan_rg/graphormer_eval/new_experiments/graph_exp_new/data.py:138: RuntimeWarning: k >= N for N * N square matrix. Attempting to use scipy.linalg.eigh instead.
  eigenvalues, eigenvectors = eigsh(
/home1/sajan_rg/graphormer_eval/new_experiments/graph_exp_new/data.py:138: RuntimeWarning: k >= N for N * N square matrix. Attempting to use scipy.linalg.eigh instead.
  eigenvalues, eigenvectors = eigsh(
/home1/sajan_rg/graphormer_eval/new_experiments/graph_exp_new/data.py:138: RuntimeWarning: k >= N for N * N square matrix. Attempting to use scipy.linalg.eigh instead.
  eigenvalues, eigenvectors = eigsh(
/home1/sajan_rg/graphormer_eval/new_experiments/graph_exp_new/data.py:138: RuntimeWarning: k >= N for N * N square matrix. Attempting to use scipy.linalg.eigh instead.
  eigenvalues, eigenvectors = eigsh(
/home1/sajan_rg/graphormer_eval/new_experiments/graph_exp_new/data.py:138: RuntimeWarning: k >= N for N * N square matrix. Attempting to use scipy.linalg.eigh instead.
  eigenvalues, eigenvectors = eigsh(
/home1/sajan_rg/graphormer_eval/new_experiments/graph_exp_new/data.py:138: RuntimeWarning: k >= N for N * N square matrix. Attempting to use scipy.linalg.eigh instead.
  eigenvalues, eigenvectors = eigsh(
/home1/sajan_rg/graphormer_eval/new_experiments/graph_exp_new/data.py:138: RuntimeWarning: k >= N for N * N square matrix. Attempting to use scipy.linalg.eigh instead.
  eigenvalues, eigenvectors = eigsh(
/home1/sajan_rg/graphormer_eval/new_experiments/graph_exp_new/data.py:138: RuntimeWarning: k >= N for N * N square matrix. Attempting to use scipy.linalg.eigh instead.
  eigenvalues, eigenvectors = eigsh(
Epoch 131/200 [221.6s mem=23094MB] proxies=ON | train_loss=0.1631 mmd=0.0000 train_AP=0.6312 | val_loss=0.5997 val_AP=0.5701 | test_loss=0.6422 test_AP=0.5525
/home1/sajan_rg/graphormer_eval/new_experiments/graph_exp_new/data.py:138: RuntimeWarning: k >= N for N * N square matrix. Attempting to use scipy.linalg.eigh instead.
  eigenvalues, eigenvectors = eigsh(
/home1/sajan_rg/graphormer_eval/new_experiments/graph_exp_new/data.py:138: RuntimeWarning: k >= N for N * N square matrix. Attempting to use scipy.linalg.eigh instead.
  eigenvalues, eigenvectors = eigsh(
/home1/sajan_rg/graphormer_eval/new_experiments/graph_exp_new/data.py:138: RuntimeWarning: k >= N for N * N square matrix. Attempting to use scipy.linalg.eigh instead.
  eigenvalues, eigenvectors = eigsh(
/home1/sajan_rg/graphormer_eval/new_experiments/graph_exp_new/data.py:138: RuntimeWarning: k >= N for N * N square matrix. Attempting to use scipy.linalg.eigh instead.
  eigenvalues, eigenvectors = eigsh(
/home1/sajan_rg/graphormer_eval/new_experiments/graph_exp_new/data.py:138: RuntimeWarning: k >= N for N * N square matrix. Attempting to use scipy.linalg.eigh instead.
  eigenvalues, eigenvectors = eigsh(
/home1/sajan_rg/graphormer_eval/new_experiments/graph_exp_new/data.py:138: RuntimeWarning: k >= N for N * N square matrix. Attempting to use scipy.linalg.eigh instead.
  eigenvalues, eigenvectors = eigsh(
/home1/sajan_rg/graphormer_eval/new_experiments/graph_exp_new/data.py:138: RuntimeWarning: k >= N for N * N square matrix. Attempting to use scipy.linalg.eigh instead.
  eigenvalues, eigenvectors = eigsh(
/home1/sajan_rg/graphormer_eval/new_experiments/graph_exp_new/data.py:138: RuntimeWarning: k >= N for N * N square matrix. Attempting to use scipy.linalg.eigh instead.
  eigenvalues, eigenvectors = eigsh(
/home1/sajan_rg/graphormer_eval/new_experiments/graph_exp_new/data.py:138: RuntimeWarning: k >= N for N * N square matrix. Attempting to use scipy.linalg.eigh instead.
  eigenvalues, eigenvectors = eigsh(
/home1/sajan_rg/graphormer_eval/new_experiments/graph_exp_new/data.py:138: RuntimeWarning: k >= N for N * N square matrix. Attempting to use scipy.linalg.eigh instead.
  eigenvalues, eigenvectors = eigsh(
/home1/sajan_rg/graphormer_eval/new_experiments/graph_exp_new/data.py:138: RuntimeWarning: k >= N for N * N square matrix. Attempting to use scipy.linalg.eigh instead.
  eigenvalues, eigenvectors = eigsh(
/home1/sajan_rg/graphormer_eval/new_experiments/graph_exp_new/data.py:138: RuntimeWarning: k >= N for N * N square matrix. Attempting to use scipy.linalg.eigh instead.
  eigenvalues, eigenvectors = eigsh(
Epoch 132/200 [222.7s mem=23081MB] proxies=ON | train_loss=0.1623 mmd=0.0000 train_AP=0.6314 | val_loss=0.5907 val_AP=0.5736 | test_loss=0.6399 test_AP=0.5526
/home1/sajan_rg/graphormer_eval/new_experiments/graph_exp_new/data.py:138: RuntimeWarning: k >= N for N * N square matrix. Attempting to use scipy.linalg.eigh instead.
  eigenvalues, eigenvectors = eigsh(
/home1/sajan_rg/graphormer_eval/new_experiments/graph_exp_new/data.py:138: RuntimeWarning: k >= N for N * N square matrix. Attempting to use scipy.linalg.eigh instead.
  eigenvalues, eigenvectors = eigsh(
/home1/sajan_rg/graphormer_eval/new_experiments/graph_exp_new/data.py:138: RuntimeWarning: k >= N for N * N square matrix. Attempting to use scipy.linalg.eigh instead.
  eigenvalues, eigenvectors = eigsh(
/home1/sajan_rg/graphormer_eval/new_experiments/graph_exp_new/data.py:138: RuntimeWarning: k >= N for N * N square matrix. Attempting to use scipy.linalg.eigh instead.
  eigenvalues, eigenvectors = eigsh(
/home1/sajan_rg/graphormer_eval/new_experiments/graph_exp_new/data.py:138: RuntimeWarning: k >= N for N * N square matrix. Attempting to use scipy.linalg.eigh instead.
  eigenvalues, eigenvectors = eigsh(
/home1/sajan_rg/graphormer_eval/new_experiments/graph_exp_new/data.py:138: RuntimeWarning: k >= N for N * N square matrix. Attempting to use scipy.linalg.eigh instead.
  eigenvalues, eigenvectors = eigsh(
/home1/sajan_rg/graphormer_eval/new_experiments/graph_exp_new/data.py:138: RuntimeWarning: k >= N for N * N square matrix. Attempting to use scipy.linalg.eigh instead.
  eigenvalues, eigenvectors = eigsh(
/home1/sajan_rg/graphormer_eval/new_experiments/graph_exp_new/data.py:138: RuntimeWarning: k >= N for N * N square matrix. Attempting to use scipy.linalg.eigh instead.
  eigenvalues, eigenvectors = eigsh(
/home1/sajan_rg/graphormer_eval/new_experiments/graph_exp_new/data.py:138: RuntimeWarning: k >= N for N * N square matrix. Attempting to use scipy.linalg.eigh instead.
  eigenvalues, eigenvectors = eigsh(
/home1/sajan_rg/graphormer_eval/new_experiments/graph_exp_new/data.py:138: RuntimeWarning: k >= N for N * N square matrix. Attempting to use scipy.linalg.eigh instead.
  eigenvalues, eigenvectors = eigsh(
/home1/sajan_rg/graphormer_eval/new_experiments/graph_exp_new/data.py:138: RuntimeWarning: k >= N for N * N square matrix. Attempting to use scipy.linalg.eigh instead.
  eigenvalues, eigenvectors = eigsh(
/home1/sajan_rg/graphormer_eval/new_experiments/graph_exp_new/data.py:138: RuntimeWarning: k >= N for N * N square matrix. Attempting to use scipy.linalg.eigh instead.
  eigenvalues, eigenvectors = eigsh(
Epoch 133/200 [222.4s mem=23083MB] proxies=ON | train_loss=0.1600 mmd=0.0000 train_AP=0.6370 | val_loss=0.7542 val_AP=0.5572 | test_loss=0.8225 test_AP=0.5363
/home1/sajan_rg/graphormer_eval/new_experiments/graph_exp_new/data.py:138: RuntimeWarning: k >= N for N * N square matrix. Attempting to use scipy.linalg.eigh instead.
  eigenvalues, eigenvectors = eigsh(
/home1/sajan_rg/graphormer_eval/new_experiments/graph_exp_new/data.py:138: RuntimeWarning: k >= N for N * N square matrix. Attempting to use scipy.linalg.eigh instead.
  eigenvalues, eigenvectors = eigsh(
/home1/sajan_rg/graphormer_eval/new_experiments/graph_exp_new/data.py:138: RuntimeWarning: k >= N for N * N square matrix. Attempting to use scipy.linalg.eigh instead.
  eigenvalues, eigenvectors = eigsh(
/home1/sajan_rg/graphormer_eval/new_experiments/graph_exp_new/data.py:138: RuntimeWarning: k >= N for N * N square matrix. Attempting to use scipy.linalg.eigh instead.
  eigenvalues, eigenvectors = eigsh(
/home1/sajan_rg/graphormer_eval/new_experiments/graph_exp_new/data.py:138: RuntimeWarning: k >= N for N * N square matrix. Attempting to use scipy.linalg.eigh instead.
  eigenvalues, eigenvectors = eigsh(
/home1/sajan_rg/graphormer_eval/new_experiments/graph_exp_new/data.py:138: RuntimeWarning: k >= N for N * N square matrix. Attempting to use scipy.linalg.eigh instead.
  eigenvalues, eigenvectors = eigsh(
/home1/sajan_rg/graphormer_eval/new_experiments/graph_exp_new/data.py:138: RuntimeWarning: k >= N for N * N square matrix. Attempting to use scipy.linalg.eigh instead.
  eigenvalues, eigenvectors = eigsh(
/home1/sajan_rg/graphormer_eval/new_experiments/graph_exp_new/data.py:138: RuntimeWarning: k >= N for N * N square matrix. Attempting to use scipy.linalg.eigh instead.
  eigenvalues, eigenvectors = eigsh(
/home1/sajan_rg/graphormer_eval/new_experiments/graph_exp_new/data.py:138: RuntimeWarning: k >= N for N * N square matrix. Attempting to use scipy.linalg.eigh instead.
  eigenvalues, eigenvectors = eigsh(
/home1/sajan_rg/graphormer_eval/new_experiments/graph_exp_new/data.py:138: RuntimeWarning: k >= N for N * N square matrix. Attempting to use scipy.linalg.eigh instead.
  eigenvalues, eigenvectors = eigsh(
/home1/sajan_rg/graphormer_eval/new_experiments/graph_exp_new/data.py:138: RuntimeWarning: k >= N for N * N square matrix. Attempting to use scipy.linalg.eigh instead.
  eigenvalues, eigenvectors = eigsh(
/home1/sajan_rg/graphormer_eval/new_experiments/graph_exp_new/data.py:138: RuntimeWarning: k >= N for N * N square matrix. Attempting to use scipy.linalg.eigh instead.
  eigenvalues, eigenvectors = eigsh(
Epoch 134/200 [222.5s mem=23096MB] proxies=ON | train_loss=0.1609 mmd=0.0000 train_AP=0.6393 | val_loss=0.6251 val_AP=0.5596 | test_loss=0.6643 test_AP=0.5450
/home1/sajan_rg/graphormer_eval/new_experiments/graph_exp_new/data.py:138: RuntimeWarning: k >= N for N * N square matrix. Attempting to use scipy.linalg.eigh instead.
  eigenvalues, eigenvectors = eigsh(
/home1/sajan_rg/graphormer_eval/new_experiments/graph_exp_new/data.py:138: RuntimeWarning: k >= N for N * N square matrix. Attempting to use scipy.linalg.eigh instead.
  eigenvalues, eigenvectors = eigsh(
/home1/sajan_rg/graphormer_eval/new_experiments/graph_exp_new/data.py:138: RuntimeWarning: k >= N for N * N square matrix. Attempting to use scipy.linalg.eigh instead.
  eigenvalues, eigenvectors = eigsh(
/home1/sajan_rg/graphormer_eval/new_experiments/graph_exp_new/data.py:138: RuntimeWarning: k >= N for N * N square matrix. Attempting to use scipy.linalg.eigh instead.
  eigenvalues, eigenvectors = eigsh(
/home1/sajan_rg/graphormer_eval/new_experiments/graph_exp_new/data.py:138: RuntimeWarning: k >= N for N * N square matrix. Attempting to use scipy.linalg.eigh instead.
  eigenvalues, eigenvectors = eigsh(
/home1/sajan_rg/graphormer_eval/new_experiments/graph_exp_new/data.py:138: RuntimeWarning: k >= N for N * N square matrix. Attempting to use scipy.linalg.eigh instead.
  eigenvalues, eigenvectors = eigsh(
/home1/sajan_rg/graphormer_eval/new_experiments/graph_exp_new/data.py:138: RuntimeWarning: k >= N for N * N square matrix. Attempting to use scipy.linalg.eigh instead.
  eigenvalues, eigenvectors = eigsh(
/home1/sajan_rg/graphormer_eval/new_experiments/graph_exp_new/data.py:138: RuntimeWarning: k >= N for N * N square matrix. Attempting to use scipy.linalg.eigh instead.
  eigenvalues, eigenvectors = eigsh(
/home1/sajan_rg/graphormer_eval/new_experiments/graph_exp_new/data.py:138: RuntimeWarning: k >= N for N * N square matrix. Attempting to use scipy.linalg.eigh instead.
  eigenvalues, eigenvectors = eigsh(
/home1/sajan_rg/graphormer_eval/new_experiments/graph_exp_new/data.py:138: RuntimeWarning: k >= N for N * N square matrix. Attempting to use scipy.linalg.eigh instead.
  eigenvalues, eigenvectors = eigsh(
/home1/sajan_rg/graphormer_eval/new_experiments/graph_exp_new/data.py:138: RuntimeWarning: k >= N for N * N square matrix. Attempting to use scipy.linalg.eigh instead.
  eigenvalues, eigenvectors = eigsh(
/home1/sajan_rg/graphormer_eval/new_experiments/graph_exp_new/data.py:138: RuntimeWarning: k >= N for N * N square matrix. Attempting to use scipy.linalg.eigh instead.
  eigenvalues, eigenvectors = eigsh(
Epoch 135/200 [223.1s mem=23079MB] proxies=ON | train_loss=0.1604 mmd=0.0000 train_AP=0.6375 | val_loss=0.7966 val_AP=0.5625 | test_loss=0.8811 test_AP=0.5464
/home1/sajan_rg/graphormer_eval/new_experiments/graph_exp_new/data.py:138: RuntimeWarning: k >= N for N * N square matrix. Attempting to use scipy.linalg.eigh instead.
  eigenvalues, eigenvectors = eigsh(
/home1/sajan_rg/graphormer_eval/new_experiments/graph_exp_new/data.py:138: RuntimeWarning: k >= N for N * N square matrix. Attempting to use scipy.linalg.eigh instead.
  eigenvalues, eigenvectors = eigsh(
/home1/sajan_rg/graphormer_eval/new_experiments/graph_exp_new/data.py:138: RuntimeWarning: k >= N for N * N square matrix. Attempting to use scipy.linalg.eigh instead.
  eigenvalues, eigenvectors = eigsh(
/home1/sajan_rg/graphormer_eval/new_experiments/graph_exp_new/data.py:138: RuntimeWarning: k >= N for N * N square matrix. Attempting to use scipy.linalg.eigh instead.
  eigenvalues, eigenvectors = eigsh(
/home1/sajan_rg/graphormer_eval/new_experiments/graph_exp_new/data.py:138: RuntimeWarning: k >= N for N * N square matrix. Attempting to use scipy.linalg.eigh instead.
  eigenvalues, eigenvectors = eigsh(
/home1/sajan_rg/graphormer_eval/new_experiments/graph_exp_new/data.py:138: RuntimeWarning: k >= N for N * N square matrix. Attempting to use scipy.linalg.eigh instead.
  eigenvalues, eigenvectors = eigsh(
/home1/sajan_rg/graphormer_eval/new_experiments/graph_exp_new/data.py:138: RuntimeWarning: k >= N for N * N square matrix. Attempting to use scipy.linalg.eigh instead.
  eigenvalues, eigenvectors = eigsh(
/home1/sajan_rg/graphormer_eval/new_experiments/graph_exp_new/data.py:138: RuntimeWarning: k >= N for N * N square matrix. Attempting to use scipy.linalg.eigh instead.
  eigenvalues, eigenvectors = eigsh(
/home1/sajan_rg/graphormer_eval/new_experiments/graph_exp_new/data.py:138: RuntimeWarning: k >= N for N * N square matrix. Attempting to use scipy.linalg.eigh instead.
  eigenvalues, eigenvectors = eigsh(
/home1/sajan_rg/graphormer_eval/new_experiments/graph_exp_new/data.py:138: RuntimeWarning: k >= N for N * N square matrix. Attempting to use scipy.linalg.eigh instead.
  eigenvalues, eigenvectors = eigsh(
/home1/sajan_rg/graphormer_eval/new_experiments/graph_exp_new/data.py:138: RuntimeWarning: k >= N for N * N square matrix. Attempting to use scipy.linalg.eigh instead.
  eigenvalues, eigenvectors = eigsh(
/home1/sajan_rg/graphormer_eval/new_experiments/graph_exp_new/data.py:138: RuntimeWarning: k >= N for N * N square matrix. Attempting to use scipy.linalg.eigh instead.
  eigenvalues, eigenvectors = eigsh(
Epoch 136/200 [223.5s mem=23086MB] proxies=ON | train_loss=0.1602 mmd=0.0000 train_AP=0.6439 | val_loss=0.5345 val_AP=0.5669 | test_loss=0.6006 test_AP=0.5513
/home1/sajan_rg/graphormer_eval/new_experiments/graph_exp_new/data.py:138: RuntimeWarning: k >= N for N * N square matrix. Attempting to use scipy.linalg.eigh instead.
  eigenvalues, eigenvectors = eigsh(
/home1/sajan_rg/graphormer_eval/new_experiments/graph_exp_new/data.py:138: RuntimeWarning: k >= N for N * N square matrix. Attempting to use scipy.linalg.eigh instead.
  eigenvalues, eigenvectors = eigsh(
/home1/sajan_rg/graphormer_eval/new_experiments/graph_exp_new/data.py:138: RuntimeWarning: k >= N for N * N square matrix. Attempting to use scipy.linalg.eigh instead.
  eigenvalues, eigenvectors = eigsh(
/home1/sajan_rg/graphormer_eval/new_experiments/graph_exp_new/data.py:138: RuntimeWarning: k >= N for N * N square matrix. Attempting to use scipy.linalg.eigh instead.
  eigenvalues, eigenvectors = eigsh(
/home1/sajan_rg/graphormer_eval/new_experiments/graph_exp_new/data.py:138: RuntimeWarning: k >= N for N * N square matrix. Attempting to use scipy.linalg.eigh instead.
  eigenvalues, eigenvectors = eigsh(
/home1/sajan_rg/graphormer_eval/new_experiments/graph_exp_new/data.py:138: RuntimeWarning: k >= N for N * N square matrix. Attempting to use scipy.linalg.eigh instead.
  eigenvalues, eigenvectors = eigsh(
/home1/sajan_rg/graphormer_eval/new_experiments/graph_exp_new/data.py:138: RuntimeWarning: k >= N for N * N square matrix. Attempting to use scipy.linalg.eigh instead.
  eigenvalues, eigenvectors = eigsh(
/home1/sajan_rg/graphormer_eval/new_experiments/graph_exp_new/data.py:138: RuntimeWarning: k >= N for N * N square matrix. Attempting to use scipy.linalg.eigh instead.
  eigenvalues, eigenvectors = eigsh(
/home1/sajan_rg/graphormer_eval/new_experiments/graph_exp_new/data.py:138: RuntimeWarning: k >= N for N * N square matrix. Attempting to use scipy.linalg.eigh instead.
  eigenvalues, eigenvectors = eigsh(
/home1/sajan_rg/graphormer_eval/new_experiments/graph_exp_new/data.py:138: RuntimeWarning: k >= N for N * N square matrix. Attempting to use scipy.linalg.eigh instead.
  eigenvalues, eigenvectors = eigsh(
/home1/sajan_rg/graphormer_eval/new_experiments/graph_exp_new/data.py:138: RuntimeWarning: k >= N for N * N square matrix. Attempting to use scipy.linalg.eigh instead.
  eigenvalues, eigenvectors = eigsh(
/home1/sajan_rg/graphormer_eval/new_experiments/graph_exp_new/data.py:138: RuntimeWarning: k >= N for N * N square matrix. Attempting to use scipy.linalg.eigh instead.
  eigenvalues, eigenvectors = eigsh(
Epoch 137/200 [222.3s mem=23096MB] proxies=ON | train_loss=0.1596 mmd=0.0000 train_AP=0.6418 | val_loss=0.6095 val_AP=0.5757 | test_loss=0.6675 test_AP=0.5573
/home1/sajan_rg/graphormer_eval/new_experiments/graph_exp_new/data.py:138: RuntimeWarning: k >= N for N * N square matrix. Attempting to use scipy.linalg.eigh instead.
  eigenvalues, eigenvectors = eigsh(
/home1/sajan_rg/graphormer_eval/new_experiments/graph_exp_new/data.py:138: RuntimeWarning: k >= N for N * N square matrix. Attempting to use scipy.linalg.eigh instead.
  eigenvalues, eigenvectors = eigsh(
/home1/sajan_rg/graphormer_eval/new_experiments/graph_exp_new/data.py:138: RuntimeWarning: k >= N for N * N square matrix. Attempting to use scipy.linalg.eigh instead.
  eigenvalues, eigenvectors = eigsh(
/home1/sajan_rg/graphormer_eval/new_experiments/graph_exp_new/data.py:138: RuntimeWarning: k >= N for N * N square matrix. Attempting to use scipy.linalg.eigh instead.
  eigenvalues, eigenvectors = eigsh(
/home1/sajan_rg/graphormer_eval/new_experiments/graph_exp_new/data.py:138: RuntimeWarning: k >= N for N * N square matrix. Attempting to use scipy.linalg.eigh instead.
  eigenvalues, eigenvectors = eigsh(
/home1/sajan_rg/graphormer_eval/new_experiments/graph_exp_new/data.py:138: RuntimeWarning: k >= N for N * N square matrix. Attempting to use scipy.linalg.eigh instead.
  eigenvalues, eigenvectors = eigsh(
/home1/sajan_rg/graphormer_eval/new_experiments/graph_exp_new/data.py:138: RuntimeWarning: k >= N for N * N square matrix. Attempting to use scipy.linalg.eigh instead.
  eigenvalues, eigenvectors = eigsh(
/home1/sajan_rg/graphormer_eval/new_experiments/graph_exp_new/data.py:138: RuntimeWarning: k >= N for N * N square matrix. Attempting to use scipy.linalg.eigh instead.
  eigenvalues, eigenvectors = eigsh(
/home1/sajan_rg/graphormer_eval/new_experiments/graph_exp_new/data.py:138: RuntimeWarning: k >= N for N * N square matrix. Attempting to use scipy.linalg.eigh instead.
  eigenvalues, eigenvectors = eigsh(
/home1/sajan_rg/graphormer_eval/new_experiments/graph_exp_new/data.py:138: RuntimeWarning: k >= N for N * N square matrix. Attempting to use scipy.linalg.eigh instead.
  eigenvalues, eigenvectors = eigsh(
/home1/sajan_rg/graphormer_eval/new_experiments/graph_exp_new/data.py:138: RuntimeWarning: k >= N for N * N square matrix. Attempting to use scipy.linalg.eigh instead.
  eigenvalues, eigenvectors = eigsh(
/home1/sajan_rg/graphormer_eval/new_experiments/graph_exp_new/data.py:138: RuntimeWarning: k >= N for N * N square matrix. Attempting to use scipy.linalg.eigh instead.
  eigenvalues, eigenvectors = eigsh(
Epoch 138/200 [221.2s mem=23085MB] proxies=ON | train_loss=0.1581 mmd=0.0000 train_AP=0.6458 | val_loss=0.6676 val_AP=0.5610 | test_loss=0.7321 test_AP=0.5500
/home1/sajan_rg/graphormer_eval/new_experiments/graph_exp_new/data.py:138: RuntimeWarning: k >= N for N * N square matrix. Attempting to use scipy.linalg.eigh instead.
  eigenvalues, eigenvectors = eigsh(
/home1/sajan_rg/graphormer_eval/new_experiments/graph_exp_new/data.py:138: RuntimeWarning: k >= N for N * N square matrix. Attempting to use scipy.linalg.eigh instead.
  eigenvalues, eigenvectors = eigsh(
/home1/sajan_rg/graphormer_eval/new_experiments/graph_exp_new/data.py:138: RuntimeWarning: k >= N for N * N square matrix. Attempting to use scipy.linalg.eigh instead.
  eigenvalues, eigenvectors = eigsh(
/home1/sajan_rg/graphormer_eval/new_experiments/graph_exp_new/data.py:138: RuntimeWarning: k >= N for N * N square matrix. Attempting to use scipy.linalg.eigh instead.
  eigenvalues, eigenvectors = eigsh(
/home1/sajan_rg/graphormer_eval/new_experiments/graph_exp_new/data.py:138: RuntimeWarning: k >= N for N * N square matrix. Attempting to use scipy.linalg.eigh instead.
  eigenvalues, eigenvectors = eigsh(
/home1/sajan_rg/graphormer_eval/new_experiments/graph_exp_new/data.py:138: RuntimeWarning: k >= N for N * N square matrix. Attempting to use scipy.linalg.eigh instead.
  eigenvalues, eigenvectors = eigsh(
/home1/sajan_rg/graphormer_eval/new_experiments/graph_exp_new/data.py:138: RuntimeWarning: k >= N for N * N square matrix. Attempting to use scipy.linalg.eigh instead.
  eigenvalues, eigenvectors = eigsh(
/home1/sajan_rg/graphormer_eval/new_experiments/graph_exp_new/data.py:138: RuntimeWarning: k >= N for N * N square matrix. Attempting to use scipy.linalg.eigh instead.
  eigenvalues, eigenvectors = eigsh(
/home1/sajan_rg/graphormer_eval/new_experiments/graph_exp_new/data.py:138: RuntimeWarning: k >= N for N * N square matrix. Attempting to use scipy.linalg.eigh instead.
  eigenvalues, eigenvectors = eigsh(
/home1/sajan_rg/graphormer_eval/new_experiments/graph_exp_new/data.py:138: RuntimeWarning: k >= N for N * N square matrix. Attempting to use scipy.linalg.eigh instead.
  eigenvalues, eigenvectors = eigsh(
/home1/sajan_rg/graphormer_eval/new_experiments/graph_exp_new/data.py:138: RuntimeWarning: k >= N for N * N square matrix. Attempting to use scipy.linalg.eigh instead.
  eigenvalues, eigenvectors = eigsh(
/home1/sajan_rg/graphormer_eval/new_experiments/graph_exp_new/data.py:138: RuntimeWarning: k >= N for N * N square matrix. Attempting to use scipy.linalg.eigh instead.
  eigenvalues, eigenvectors = eigsh(
Epoch 139/200 [221.8s mem=23086MB] proxies=ON | train_loss=0.1559 mmd=0.0000 train_AP=0.6535 | val_loss=0.6703 val_AP=0.5712 | test_loss=0.6961 test_AP=0.5556
/home1/sajan_rg/graphormer_eval/new_experiments/graph_exp_new/data.py:138: RuntimeWarning: k >= N for N * N square matrix. Attempting to use scipy.linalg.eigh instead.
  eigenvalues, eigenvectors = eigsh(
/home1/sajan_rg/graphormer_eval/new_experiments/graph_exp_new/data.py:138: RuntimeWarning: k >= N for N * N square matrix. Attempting to use scipy.linalg.eigh instead.
  eigenvalues, eigenvectors = eigsh(
/home1/sajan_rg/graphormer_eval/new_experiments/graph_exp_new/data.py:138: RuntimeWarning: k >= N for N * N square matrix. Attempting to use scipy.linalg.eigh instead.
  eigenvalues, eigenvectors = eigsh(
/home1/sajan_rg/graphormer_eval/new_experiments/graph_exp_new/data.py:138: RuntimeWarning: k >= N for N * N square matrix. Attempting to use scipy.linalg.eigh instead.
  eigenvalues, eigenvectors = eigsh(
/home1/sajan_rg/graphormer_eval/new_experiments/graph_exp_new/data.py:138: RuntimeWarning: k >= N for N * N square matrix. Attempting to use scipy.linalg.eigh instead.
  eigenvalues, eigenvectors = eigsh(
/home1/sajan_rg/graphormer_eval/new_experiments/graph_exp_new/data.py:138: RuntimeWarning: k >= N for N * N square matrix. Attempting to use scipy.linalg.eigh instead.
  eigenvalues, eigenvectors = eigsh(
/home1/sajan_rg/graphormer_eval/new_experiments/graph_exp_new/data.py:138: RuntimeWarning: k >= N for N * N square matrix. Attempting to use scipy.linalg.eigh instead.
  eigenvalues, eigenvectors = eigsh(
/home1/sajan_rg/graphormer_eval/new_experiments/graph_exp_new/data.py:138: RuntimeWarning: k >= N for N * N square matrix. Attempting to use scipy.linalg.eigh instead.
  eigenvalues, eigenvectors = eigsh(
/home1/sajan_rg/graphormer_eval/new_experiments/graph_exp_new/data.py:138: RuntimeWarning: k >= N for N * N square matrix. Attempting to use scipy.linalg.eigh instead.
  eigenvalues, eigenvectors = eigsh(
/home1/sajan_rg/graphormer_eval/new_experiments/graph_exp_new/data.py:138: RuntimeWarning: k >= N for N * N square matrix. Attempting to use scipy.linalg.eigh instead.
  eigenvalues, eigenvectors = eigsh(
/home1/sajan_rg/graphormer_eval/new_experiments/graph_exp_new/data.py:138: RuntimeWarning: k >= N for N * N square matrix. Attempting to use scipy.linalg.eigh instead.
  eigenvalues, eigenvectors = eigsh(
/home1/sajan_rg/graphormer_eval/new_experiments/graph_exp_new/data.py:138: RuntimeWarning: k >= N for N * N square matrix. Attempting to use scipy.linalg.eigh instead.
  eigenvalues, eigenvectors = eigsh(
Epoch 140/200 [222.4s mem=23082MB] proxies=ON | train_loss=0.1564 mmd=0.0000 train_AP=0.6469 | val_loss=0.6863 val_AP=0.5682 | test_loss=0.7098 test_AP=0.5537
/home1/sajan_rg/graphormer_eval/new_experiments/graph_exp_new/data.py:138: RuntimeWarning: k >= N for N * N square matrix. Attempting to use scipy.linalg.eigh instead.
  eigenvalues, eigenvectors = eigsh(
/home1/sajan_rg/graphormer_eval/new_experiments/graph_exp_new/data.py:138: RuntimeWarning: k >= N for N * N square matrix. Attempting to use scipy.linalg.eigh instead.
  eigenvalues, eigenvectors = eigsh(
/home1/sajan_rg/graphormer_eval/new_experiments/graph_exp_new/data.py:138: RuntimeWarning: k >= N for N * N square matrix. Attempting to use scipy.linalg.eigh instead.
  eigenvalues, eigenvectors = eigsh(
/home1/sajan_rg/graphormer_eval/new_experiments/graph_exp_new/data.py:138: RuntimeWarning: k >= N for N * N square matrix. Attempting to use scipy.linalg.eigh instead.
  eigenvalues, eigenvectors = eigsh(
/home1/sajan_rg/graphormer_eval/new_experiments/graph_exp_new/data.py:138: RuntimeWarning: k >= N for N * N square matrix. Attempting to use scipy.linalg.eigh instead.
  eigenvalues, eigenvectors = eigsh(
/home1/sajan_rg/graphormer_eval/new_experiments/graph_exp_new/data.py:138: RuntimeWarning: k >= N for N * N square matrix. Attempting to use scipy.linalg.eigh instead.
  eigenvalues, eigenvectors = eigsh(
/home1/sajan_rg/graphormer_eval/new_experiments/graph_exp_new/data.py:138: RuntimeWarning: k >= N for N * N square matrix. Attempting to use scipy.linalg.eigh instead.
  eigenvalues, eigenvectors = eigsh(
/home1/sajan_rg/graphormer_eval/new_experiments/graph_exp_new/data.py:138: RuntimeWarning: k >= N for N * N square matrix. Attempting to use scipy.linalg.eigh instead.
  eigenvalues, eigenvectors = eigsh(
/home1/sajan_rg/graphormer_eval/new_experiments/graph_exp_new/data.py:138: RuntimeWarning: k >= N for N * N square matrix. Attempting to use scipy.linalg.eigh instead.
  eigenvalues, eigenvectors = eigsh(
/home1/sajan_rg/graphormer_eval/new_experiments/graph_exp_new/data.py:138: RuntimeWarning: k >= N for N * N square matrix. Attempting to use scipy.linalg.eigh instead.
  eigenvalues, eigenvectors = eigsh(
/home1/sajan_rg/graphormer_eval/new_experiments/graph_exp_new/data.py:138: RuntimeWarning: k >= N for N * N square matrix. Attempting to use scipy.linalg.eigh instead.
  eigenvalues, eigenvectors = eigsh(
/home1/sajan_rg/graphormer_eval/new_experiments/graph_exp_new/data.py:138: RuntimeWarning: k >= N for N * N square matrix. Attempting to use scipy.linalg.eigh instead.
  eigenvalues, eigenvectors = eigsh(
Epoch 141/200 [222.2s mem=23088MB] proxies=ON | train_loss=0.1561 mmd=0.0000 train_AP=0.6532 | val_loss=0.7663 val_AP=0.5761 | test_loss=0.8109 test_AP=0.5671
/home1/sajan_rg/graphormer_eval/new_experiments/graph_exp_new/data.py:138: RuntimeWarning: k >= N for N * N square matrix. Attempting to use scipy.linalg.eigh instead.
  eigenvalues, eigenvectors = eigsh(
/home1/sajan_rg/graphormer_eval/new_experiments/graph_exp_new/data.py:138: RuntimeWarning: k >= N for N * N square matrix. Attempting to use scipy.linalg.eigh instead.
  eigenvalues, eigenvectors = eigsh(
/home1/sajan_rg/graphormer_eval/new_experiments/graph_exp_new/data.py:138: RuntimeWarning: k >= N for N * N square matrix. Attempting to use scipy.linalg.eigh instead.
  eigenvalues, eigenvectors = eigsh(
/home1/sajan_rg/graphormer_eval/new_experiments/graph_exp_new/data.py:138: RuntimeWarning: k >= N for N * N square matrix. Attempting to use scipy.linalg.eigh instead.
  eigenvalues, eigenvectors = eigsh(
/home1/sajan_rg/graphormer_eval/new_experiments/graph_exp_new/data.py:138: RuntimeWarning: k >= N for N * N square matrix. Attempting to use scipy.linalg.eigh instead.
  eigenvalues, eigenvectors = eigsh(
/home1/sajan_rg/graphormer_eval/new_experiments/graph_exp_new/data.py:138: RuntimeWarning: k >= N for N * N square matrix. Attempting to use scipy.linalg.eigh instead.
  eigenvalues, eigenvectors = eigsh(
/home1/sajan_rg/graphormer_eval/new_experiments/graph_exp_new/data.py:138: RuntimeWarning: k >= N for N * N square matrix. Attempting to use scipy.linalg.eigh instead.
  eigenvalues, eigenvectors = eigsh(
/home1/sajan_rg/graphormer_eval/new_experiments/graph_exp_new/data.py:138: RuntimeWarning: k >= N for N * N square matrix. Attempting to use scipy.linalg.eigh instead.
  eigenvalues, eigenvectors = eigsh(
/home1/sajan_rg/graphormer_eval/new_experiments/graph_exp_new/data.py:138: RuntimeWarning: k >= N for N * N square matrix. Attempting to use scipy.linalg.eigh instead.
  eigenvalues, eigenvectors = eigsh(
/home1/sajan_rg/graphormer_eval/new_experiments/graph_exp_new/data.py:138: RuntimeWarning: k >= N for N * N square matrix. Attempting to use scipy.linalg.eigh instead.
  eigenvalues, eigenvectors = eigsh(
/home1/sajan_rg/graphormer_eval/new_experiments/graph_exp_new/data.py:138: RuntimeWarning: k >= N for N * N square matrix. Attempting to use scipy.linalg.eigh instead.
  eigenvalues, eigenvectors = eigsh(
/home1/sajan_rg/graphormer_eval/new_experiments/graph_exp_new/data.py:138: RuntimeWarning: k >= N for N * N square matrix. Attempting to use scipy.linalg.eigh instead.
  eigenvalues, eigenvectors = eigsh(
Epoch 142/200 [223.2s mem=23086MB] proxies=ON | train_loss=0.1536 mmd=0.0000 train_AP=0.6564 | val_loss=0.6293 val_AP=0.5702 | test_loss=0.6844 test_AP=0.5628
/home1/sajan_rg/graphormer_eval/new_experiments/graph_exp_new/data.py:138: RuntimeWarning: k >= N for N * N square matrix. Attempting to use scipy.linalg.eigh instead.
  eigenvalues, eigenvectors = eigsh(
/home1/sajan_rg/graphormer_eval/new_experiments/graph_exp_new/data.py:138: RuntimeWarning: k >= N for N * N square matrix. Attempting to use scipy.linalg.eigh instead.
  eigenvalues, eigenvectors = eigsh(
/home1/sajan_rg/graphormer_eval/new_experiments/graph_exp_new/data.py:138: RuntimeWarning: k >= N for N * N square matrix. Attempting to use scipy.linalg.eigh instead.
  eigenvalues, eigenvectors = eigsh(
/home1/sajan_rg/graphormer_eval/new_experiments/graph_exp_new/data.py:138: RuntimeWarning: k >= N for N * N square matrix. Attempting to use scipy.linalg.eigh instead.
  eigenvalues, eigenvectors = eigsh(
/home1/sajan_rg/graphormer_eval/new_experiments/graph_exp_new/data.py:138: RuntimeWarning: k >= N for N * N square matrix. Attempting to use scipy.linalg.eigh instead.
  eigenvalues, eigenvectors = eigsh(
/home1/sajan_rg/graphormer_eval/new_experiments/graph_exp_new/data.py:138: RuntimeWarning: k >= N for N * N square matrix. Attempting to use scipy.linalg.eigh instead.
  eigenvalues, eigenvectors = eigsh(
/home1/sajan_rg/graphormer_eval/new_experiments/graph_exp_new/data.py:138: RuntimeWarning: k >= N for N * N square matrix. Attempting to use scipy.linalg.eigh instead.
  eigenvalues, eigenvectors = eigsh(
/home1/sajan_rg/graphormer_eval/new_experiments/graph_exp_new/data.py:138: RuntimeWarning: k >= N for N * N square matrix. Attempting to use scipy.linalg.eigh instead.
  eigenvalues, eigenvectors = eigsh(
/home1/sajan_rg/graphormer_eval/new_experiments/graph_exp_new/data.py:138: RuntimeWarning: k >= N for N * N square matrix. Attempting to use scipy.linalg.eigh instead.
  eigenvalues, eigenvectors = eigsh(
/home1/sajan_rg/graphormer_eval/new_experiments/graph_exp_new/data.py:138: RuntimeWarning: k >= N for N * N square matrix. Attempting to use scipy.linalg.eigh instead.
  eigenvalues, eigenvectors = eigsh(
/home1/sajan_rg/graphormer_eval/new_experiments/graph_exp_new/data.py:138: RuntimeWarning: k >= N for N * N square matrix. Attempting to use scipy.linalg.eigh instead.
  eigenvalues, eigenvectors = eigsh(
/home1/sajan_rg/graphormer_eval/new_experiments/graph_exp_new/data.py:138: RuntimeWarning: k >= N for N * N square matrix. Attempting to use scipy.linalg.eigh instead.
  eigenvalues, eigenvectors = eigsh(
Epoch 143/200 [222.6s mem=23100MB] proxies=ON | train_loss=0.1503 mmd=0.0000 train_AP=0.6626 | val_loss=0.5568 val_AP=0.5847 | test_loss=0.6428 test_AP=0.5729
  -> New best val AP=0.5847 (test AP=0.5729), saved to checkpoints_three_staged_cross_multipt/best_e2e.pt
/home1/sajan_rg/graphormer_eval/new_experiments/graph_exp_new/data.py:138: RuntimeWarning: k >= N for N * N square matrix. Attempting to use scipy.linalg.eigh instead.
  eigenvalues, eigenvectors = eigsh(
/home1/sajan_rg/graphormer_eval/new_experiments/graph_exp_new/data.py:138: RuntimeWarning: k >= N for N * N square matrix. Attempting to use scipy.linalg.eigh instead.
  eigenvalues, eigenvectors = eigsh(
/home1/sajan_rg/graphormer_eval/new_experiments/graph_exp_new/data.py:138: RuntimeWarning: k >= N for N * N square matrix. Attempting to use scipy.linalg.eigh instead.
  eigenvalues, eigenvectors = eigsh(
/home1/sajan_rg/graphormer_eval/new_experiments/graph_exp_new/data.py:138: RuntimeWarning: k >= N for N * N square matrix. Attempting to use scipy.linalg.eigh instead.
  eigenvalues, eigenvectors = eigsh(
/home1/sajan_rg/graphormer_eval/new_experiments/graph_exp_new/data.py:138: RuntimeWarning: k >= N for N * N square matrix. Attempting to use scipy.linalg.eigh instead.
  eigenvalues, eigenvectors = eigsh(
/home1/sajan_rg/graphormer_eval/new_experiments/graph_exp_new/data.py:138: RuntimeWarning: k >= N for N * N square matrix. Attempting to use scipy.linalg.eigh instead.
  eigenvalues, eigenvectors = eigsh(
/home1/sajan_rg/graphormer_eval/new_experiments/graph_exp_new/data.py:138: RuntimeWarning: k >= N for N * N square matrix. Attempting to use scipy.linalg.eigh instead.
  eigenvalues, eigenvectors = eigsh(
/home1/sajan_rg/graphormer_eval/new_experiments/graph_exp_new/data.py:138: RuntimeWarning: k >= N for N * N square matrix. Attempting to use scipy.linalg.eigh instead.
  eigenvalues, eigenvectors = eigsh(
/home1/sajan_rg/graphormer_eval/new_experiments/graph_exp_new/data.py:138: RuntimeWarning: k >= N for N * N square matrix. Attempting to use scipy.linalg.eigh instead.
  eigenvalues, eigenvectors = eigsh(
/home1/sajan_rg/graphormer_eval/new_experiments/graph_exp_new/data.py:138: RuntimeWarning: k >= N for N * N square matrix. Attempting to use scipy.linalg.eigh instead.
  eigenvalues, eigenvectors = eigsh(
/home1/sajan_rg/graphormer_eval/new_experiments/graph_exp_new/data.py:138: RuntimeWarning: k >= N for N * N square matrix. Attempting to use scipy.linalg.eigh instead.
  eigenvalues, eigenvectors = eigsh(
/home1/sajan_rg/graphormer_eval/new_experiments/graph_exp_new/data.py:138: RuntimeWarning: k >= N for N * N square matrix. Attempting to use scipy.linalg.eigh instead.
  eigenvalues, eigenvectors = eigsh(
Epoch 144/200 [222.4s mem=23087MB] proxies=ON | train_loss=0.1533 mmd=0.0000 train_AP=0.6576 | val_loss=0.6407 val_AP=0.5705 | test_loss=0.6720 test_AP=0.5640
/home1/sajan_rg/graphormer_eval/new_experiments/graph_exp_new/data.py:138: RuntimeWarning: k >= N for N * N square matrix. Attempting to use scipy.linalg.eigh instead.
  eigenvalues, eigenvectors = eigsh(
/home1/sajan_rg/graphormer_eval/new_experiments/graph_exp_new/data.py:138: RuntimeWarning: k >= N for N * N square matrix. Attempting to use scipy.linalg.eigh instead.
  eigenvalues, eigenvectors = eigsh(
/home1/sajan_rg/graphormer_eval/new_experiments/graph_exp_new/data.py:138: RuntimeWarning: k >= N for N * N square matrix. Attempting to use scipy.linalg.eigh instead.
  eigenvalues, eigenvectors = eigsh(
/home1/sajan_rg/graphormer_eval/new_experiments/graph_exp_new/data.py:138: RuntimeWarning: k >= N for N * N square matrix. Attempting to use scipy.linalg.eigh instead.
  eigenvalues, eigenvectors = eigsh(
/home1/sajan_rg/graphormer_eval/new_experiments/graph_exp_new/data.py:138: RuntimeWarning: k >= N for N * N square matrix. Attempting to use scipy.linalg.eigh instead.
  eigenvalues, eigenvectors = eigsh(
/home1/sajan_rg/graphormer_eval/new_experiments/graph_exp_new/data.py:138: RuntimeWarning: k >= N for N * N square matrix. Attempting to use scipy.linalg.eigh instead.
  eigenvalues, eigenvectors = eigsh(
/home1/sajan_rg/graphormer_eval/new_experiments/graph_exp_new/data.py:138: RuntimeWarning: k >= N for N * N square matrix. Attempting to use scipy.linalg.eigh instead.
  eigenvalues, eigenvectors = eigsh(
/home1/sajan_rg/graphormer_eval/new_experiments/graph_exp_new/data.py:138: RuntimeWarning: k >= N for N * N square matrix. Attempting to use scipy.linalg.eigh instead.
  eigenvalues, eigenvectors = eigsh(
/home1/sajan_rg/graphormer_eval/new_experiments/graph_exp_new/data.py:138: RuntimeWarning: k >= N for N * N square matrix. Attempting to use scipy.linalg.eigh instead.
  eigenvalues, eigenvectors = eigsh(
/home1/sajan_rg/graphormer_eval/new_experiments/graph_exp_new/data.py:138: RuntimeWarning: k >= N for N * N square matrix. Attempting to use scipy.linalg.eigh instead.
  eigenvalues, eigenvectors = eigsh(
/home1/sajan_rg/graphormer_eval/new_experiments/graph_exp_new/data.py:138: RuntimeWarning: k >= N for N * N square matrix. Attempting to use scipy.linalg.eigh instead.
  eigenvalues, eigenvectors = eigsh(
/home1/sajan_rg/graphormer_eval/new_experiments/graph_exp_new/data.py:138: RuntimeWarning: k >= N for N * N square matrix. Attempting to use scipy.linalg.eigh instead.
  eigenvalues, eigenvectors = eigsh(
Epoch 145/200 [222.3s mem=23082MB] proxies=ON | train_loss=0.1503 mmd=0.0000 train_AP=0.6596 | val_loss=0.6099 val_AP=0.5806 | test_loss=0.6579 test_AP=0.5743
/home1/sajan_rg/graphormer_eval/new_experiments/graph_exp_new/data.py:138: RuntimeWarning: k >= N for N * N square matrix. Attempting to use scipy.linalg.eigh instead.
  eigenvalues, eigenvectors = eigsh(
/home1/sajan_rg/graphormer_eval/new_experiments/graph_exp_new/data.py:138: RuntimeWarning: k >= N for N * N square matrix. Attempting to use scipy.linalg.eigh instead.
  eigenvalues, eigenvectors = eigsh(
/home1/sajan_rg/graphormer_eval/new_experiments/graph_exp_new/data.py:138: RuntimeWarning: k >= N for N * N square matrix. Attempting to use scipy.linalg.eigh instead.
  eigenvalues, eigenvectors = eigsh(
/home1/sajan_rg/graphormer_eval/new_experiments/graph_exp_new/data.py:138: RuntimeWarning: k >= N for N * N square matrix. Attempting to use scipy.linalg.eigh instead.
  eigenvalues, eigenvectors = eigsh(
/home1/sajan_rg/graphormer_eval/new_experiments/graph_exp_new/data.py:138: RuntimeWarning: k >= N for N * N square matrix. Attempting to use scipy.linalg.eigh instead.
  eigenvalues, eigenvectors = eigsh(
/home1/sajan_rg/graphormer_eval/new_experiments/graph_exp_new/data.py:138: RuntimeWarning: k >= N for N * N square matrix. Attempting to use scipy.linalg.eigh instead.
  eigenvalues, eigenvectors = eigsh(
/home1/sajan_rg/graphormer_eval/new_experiments/graph_exp_new/data.py:138: RuntimeWarning: k >= N for N * N square matrix. Attempting to use scipy.linalg.eigh instead.
  eigenvalues, eigenvectors = eigsh(
/home1/sajan_rg/graphormer_eval/new_experiments/graph_exp_new/data.py:138: RuntimeWarning: k >= N for N * N square matrix. Attempting to use scipy.linalg.eigh instead.
  eigenvalues, eigenvectors = eigsh(
/home1/sajan_rg/graphormer_eval/new_experiments/graph_exp_new/data.py:138: RuntimeWarning: k >= N for N * N square matrix. Attempting to use scipy.linalg.eigh instead.
  eigenvalues, eigenvectors = eigsh(
/home1/sajan_rg/graphormer_eval/new_experiments/graph_exp_new/data.py:138: RuntimeWarning: k >= N for N * N square matrix. Attempting to use scipy.linalg.eigh instead.
  eigenvalues, eigenvectors = eigsh(
/home1/sajan_rg/graphormer_eval/new_experiments/graph_exp_new/data.py:138: RuntimeWarning: k >= N for N * N square matrix. Attempting to use scipy.linalg.eigh instead.
  eigenvalues, eigenvectors = eigsh(
/home1/sajan_rg/graphormer_eval/new_experiments/graph_exp_new/data.py:138: RuntimeWarning: k >= N for N * N square matrix. Attempting to use scipy.linalg.eigh instead.
  eigenvalues, eigenvectors = eigsh(
Epoch 146/200 [220.8s mem=23087MB] proxies=ON | train_loss=0.1509 mmd=0.0000 train_AP=0.6597 | val_loss=0.6192 val_AP=0.5803 | test_loss=0.6891 test_AP=0.5687
/home1/sajan_rg/graphormer_eval/new_experiments/graph_exp_new/data.py:138: RuntimeWarning: k >= N for N * N square matrix. Attempting to use scipy.linalg.eigh instead.
  eigenvalues, eigenvectors = eigsh(
/home1/sajan_rg/graphormer_eval/new_experiments/graph_exp_new/data.py:138: RuntimeWarning: k >= N for N * N square matrix. Attempting to use scipy.linalg.eigh instead.
  eigenvalues, eigenvectors = eigsh(
/home1/sajan_rg/graphormer_eval/new_experiments/graph_exp_new/data.py:138: RuntimeWarning: k >= N for N * N square matrix. Attempting to use scipy.linalg.eigh instead.
  eigenvalues, eigenvectors = eigsh(
/home1/sajan_rg/graphormer_eval/new_experiments/graph_exp_new/data.py:138: RuntimeWarning: k >= N for N * N square matrix. Attempting to use scipy.linalg.eigh instead.
  eigenvalues, eigenvectors = eigsh(
/home1/sajan_rg/graphormer_eval/new_experiments/graph_exp_new/data.py:138: RuntimeWarning: k >= N for N * N square matrix. Attempting to use scipy.linalg.eigh instead.
  eigenvalues, eigenvectors = eigsh(
/home1/sajan_rg/graphormer_eval/new_experiments/graph_exp_new/data.py:138: RuntimeWarning: k >= N for N * N square matrix. Attempting to use scipy.linalg.eigh instead.
  eigenvalues, eigenvectors = eigsh(
/home1/sajan_rg/graphormer_eval/new_experiments/graph_exp_new/data.py:138: RuntimeWarning: k >= N for N * N square matrix. Attempting to use scipy.linalg.eigh instead.
  eigenvalues, eigenvectors = eigsh(
/home1/sajan_rg/graphormer_eval/new_experiments/graph_exp_new/data.py:138: RuntimeWarning: k >= N for N * N square matrix. Attempting to use scipy.linalg.eigh instead.
  eigenvalues, eigenvectors = eigsh(
/home1/sajan_rg/graphormer_eval/new_experiments/graph_exp_new/data.py:138: RuntimeWarning: k >= N for N * N square matrix. Attempting to use scipy.linalg.eigh instead.
  eigenvalues, eigenvectors = eigsh(
/home1/sajan_rg/graphormer_eval/new_experiments/graph_exp_new/data.py:138: RuntimeWarning: k >= N for N * N square matrix. Attempting to use scipy.linalg.eigh instead.
  eigenvalues, eigenvectors = eigsh(
/home1/sajan_rg/graphormer_eval/new_experiments/graph_exp_new/data.py:138: RuntimeWarning: k >= N for N * N square matrix. Attempting to use scipy.linalg.eigh instead.
  eigenvalues, eigenvectors = eigsh(
/home1/sajan_rg/graphormer_eval/new_experiments/graph_exp_new/data.py:138: RuntimeWarning: k >= N for N * N square matrix. Attempting to use scipy.linalg.eigh instead.
  eigenvalues, eigenvectors = eigsh(
Epoch 147/200 [244.4s mem=23101MB] proxies=ON | train_loss=0.1493 mmd=0.0000 train_AP=0.6626 | val_loss=0.5950 val_AP=0.5811 | test_loss=0.6695 test_AP=0.5665
/home1/sajan_rg/graphormer_eval/new_experiments/graph_exp_new/data.py:138: RuntimeWarning: k >= N for N * N square matrix. Attempting to use scipy.linalg.eigh instead.
  eigenvalues, eigenvectors = eigsh(
/home1/sajan_rg/graphormer_eval/new_experiments/graph_exp_new/data.py:138: RuntimeWarning: k >= N for N * N square matrix. Attempting to use scipy.linalg.eigh instead.
  eigenvalues, eigenvectors = eigsh(
/home1/sajan_rg/graphormer_eval/new_experiments/graph_exp_new/data.py:138: RuntimeWarning: k >= N for N * N square matrix. Attempting to use scipy.linalg.eigh instead.
  eigenvalues, eigenvectors = eigsh(
/home1/sajan_rg/graphormer_eval/new_experiments/graph_exp_new/data.py:138: RuntimeWarning: k >= N for N * N square matrix. Attempting to use scipy.linalg.eigh instead.
  eigenvalues, eigenvectors = eigsh(
/home1/sajan_rg/graphormer_eval/new_experiments/graph_exp_new/data.py:138: RuntimeWarning: k >= N for N * N square matrix. Attempting to use scipy.linalg.eigh instead.
  eigenvalues, eigenvectors = eigsh(
/home1/sajan_rg/graphormer_eval/new_experiments/graph_exp_new/data.py:138: RuntimeWarning: k >= N for N * N square matrix. Attempting to use scipy.linalg.eigh instead.
  eigenvalues, eigenvectors = eigsh(
/home1/sajan_rg/graphormer_eval/new_experiments/graph_exp_new/data.py:138: RuntimeWarning: k >= N for N * N square matrix. Attempting to use scipy.linalg.eigh instead.
  eigenvalues, eigenvectors = eigsh(
/home1/sajan_rg/graphormer_eval/new_experiments/graph_exp_new/data.py:138: RuntimeWarning: k >= N for N * N square matrix. Attempting to use scipy.linalg.eigh instead.
  eigenvalues, eigenvectors = eigsh(
/home1/sajan_rg/graphormer_eval/new_experiments/graph_exp_new/data.py:138: RuntimeWarning: k >= N for N * N square matrix. Attempting to use scipy.linalg.eigh instead.
  eigenvalues, eigenvectors = eigsh(
/home1/sajan_rg/graphormer_eval/new_experiments/graph_exp_new/data.py:138: RuntimeWarning: k >= N for N * N square matrix. Attempting to use scipy.linalg.eigh instead.
  eigenvalues, eigenvectors = eigsh(
/home1/sajan_rg/graphormer_eval/new_experiments/graph_exp_new/data.py:138: RuntimeWarning: k >= N for N * N square matrix. Attempting to use scipy.linalg.eigh instead.
  eigenvalues, eigenvectors = eigsh(
/home1/sajan_rg/graphormer_eval/new_experiments/graph_exp_new/data.py:138: RuntimeWarning: k >= N for N * N square matrix. Attempting to use scipy.linalg.eigh instead.
  eigenvalues, eigenvectors = eigsh(
Epoch 148/200 [295.0s mem=23082MB] proxies=ON | train_loss=0.1491 mmd=0.0000 train_AP=0.6613 | val_loss=0.5869 val_AP=0.5822 | test_loss=0.6806 test_AP=0.5735
/home1/sajan_rg/graphormer_eval/new_experiments/graph_exp_new/data.py:138: RuntimeWarning: k >= N for N * N square matrix. Attempting to use scipy.linalg.eigh instead.
  eigenvalues, eigenvectors = eigsh(
/home1/sajan_rg/graphormer_eval/new_experiments/graph_exp_new/data.py:138: RuntimeWarning: k >= N for N * N square matrix. Attempting to use scipy.linalg.eigh instead.
  eigenvalues, eigenvectors = eigsh(
/home1/sajan_rg/graphormer_eval/new_experiments/graph_exp_new/data.py:138: RuntimeWarning: k >= N for N * N square matrix. Attempting to use scipy.linalg.eigh instead.
  eigenvalues, eigenvectors = eigsh(
/home1/sajan_rg/graphormer_eval/new_experiments/graph_exp_new/data.py:138: RuntimeWarning: k >= N for N * N square matrix. Attempting to use scipy.linalg.eigh instead.
  eigenvalues, eigenvectors = eigsh(
/home1/sajan_rg/graphormer_eval/new_experiments/graph_exp_new/data.py:138: RuntimeWarning: k >= N for N * N square matrix. Attempting to use scipy.linalg.eigh instead.
  eigenvalues, eigenvectors = eigsh(
/home1/sajan_rg/graphormer_eval/new_experiments/graph_exp_new/data.py:138: RuntimeWarning: k >= N for N * N square matrix. Attempting to use scipy.linalg.eigh instead.
  eigenvalues, eigenvectors = eigsh(
/home1/sajan_rg/graphormer_eval/new_experiments/graph_exp_new/data.py:138: RuntimeWarning: k >= N for N * N square matrix. Attempting to use scipy.linalg.eigh instead.
  eigenvalues, eigenvectors = eigsh(
/home1/sajan_rg/graphormer_eval/new_experiments/graph_exp_new/data.py:138: RuntimeWarning: k >= N for N * N square matrix. Attempting to use scipy.linalg.eigh instead.
  eigenvalues, eigenvectors = eigsh(
/home1/sajan_rg/graphormer_eval/new_experiments/graph_exp_new/data.py:138: RuntimeWarning: k >= N for N * N square matrix. Attempting to use scipy.linalg.eigh instead.
  eigenvalues, eigenvectors = eigsh(
/home1/sajan_rg/graphormer_eval/new_experiments/graph_exp_new/data.py:138: RuntimeWarning: k >= N for N * N square matrix. Attempting to use scipy.linalg.eigh instead.
  eigenvalues, eigenvectors = eigsh(
/home1/sajan_rg/graphormer_eval/new_experiments/graph_exp_new/data.py:138: RuntimeWarning: k >= N for N * N square matrix. Attempting to use scipy.linalg.eigh instead.
  eigenvalues, eigenvectors = eigsh(
/home1/sajan_rg/graphormer_eval/new_experiments/graph_exp_new/data.py:138: RuntimeWarning: k >= N for N * N square matrix. Attempting to use scipy.linalg.eigh instead.
  eigenvalues, eigenvectors = eigsh(
Epoch 149/200 [285.3s mem=23086MB] proxies=ON | train_loss=0.1494 mmd=0.0000 train_AP=0.6646 | val_loss=0.6467 val_AP=0.5675 | test_loss=0.7230 test_AP=0.5550
/home1/sajan_rg/graphormer_eval/new_experiments/graph_exp_new/data.py:138: RuntimeWarning: k >= N for N * N square matrix. Attempting to use scipy.linalg.eigh instead.
  eigenvalues, eigenvectors = eigsh(
/home1/sajan_rg/graphormer_eval/new_experiments/graph_exp_new/data.py:138: RuntimeWarning: k >= N for N * N square matrix. Attempting to use scipy.linalg.eigh instead.
  eigenvalues, eigenvectors = eigsh(
/home1/sajan_rg/graphormer_eval/new_experiments/graph_exp_new/data.py:138: RuntimeWarning: k >= N for N * N square matrix. Attempting to use scipy.linalg.eigh instead.
  eigenvalues, eigenvectors = eigsh(
/home1/sajan_rg/graphormer_eval/new_experiments/graph_exp_new/data.py:138: RuntimeWarning: k >= N for N * N square matrix. Attempting to use scipy.linalg.eigh instead.
  eigenvalues, eigenvectors = eigsh(
/home1/sajan_rg/graphormer_eval/new_experiments/graph_exp_new/data.py:138: RuntimeWarning: k >= N for N * N square matrix. Attempting to use scipy.linalg.eigh instead.
  eigenvalues, eigenvectors = eigsh(
/home1/sajan_rg/graphormer_eval/new_experiments/graph_exp_new/data.py:138: RuntimeWarning: k >= N for N * N square matrix. Attempting to use scipy.linalg.eigh instead.
  eigenvalues, eigenvectors = eigsh(
/home1/sajan_rg/graphormer_eval/new_experiments/graph_exp_new/data.py:138: RuntimeWarning: k >= N for N * N square matrix. Attempting to use scipy.linalg.eigh instead.
  eigenvalues, eigenvectors = eigsh(
/home1/sajan_rg/graphormer_eval/new_experiments/graph_exp_new/data.py:138: RuntimeWarning: k >= N for N * N square matrix. Attempting to use scipy.linalg.eigh instead.
  eigenvalues, eigenvectors = eigsh(
/home1/sajan_rg/graphormer_eval/new_experiments/graph_exp_new/data.py:138: RuntimeWarning: k >= N for N * N square matrix. Attempting to use scipy.linalg.eigh instead.
  eigenvalues, eigenvectors = eigsh(
/home1/sajan_rg/graphormer_eval/new_experiments/graph_exp_new/data.py:138: RuntimeWarning: k >= N for N * N square matrix. Attempting to use scipy.linalg.eigh instead.
  eigenvalues, eigenvectors = eigsh(
/home1/sajan_rg/graphormer_eval/new_experiments/graph_exp_new/data.py:138: RuntimeWarning: k >= N for N * N square matrix. Attempting to use scipy.linalg.eigh instead.
  eigenvalues, eigenvectors = eigsh(
/home1/sajan_rg/graphormer_eval/new_experiments/graph_exp_new/data.py:138: RuntimeWarning: k >= N for N * N square matrix. Attempting to use scipy.linalg.eigh instead.
  eigenvalues, eigenvectors = eigsh(
Epoch 150/200 [285.1s mem=23084MB] proxies=ON | train_loss=0.1477 mmd=0.0000 train_AP=0.6677 | val_loss=0.5935 val_AP=0.5771 | test_loss=0.7015 test_AP=0.5705
/home1/sajan_rg/graphormer_eval/new_experiments/graph_exp_new/data.py:138: RuntimeWarning: k >= N for N * N square matrix. Attempting to use scipy.linalg.eigh instead.
  eigenvalues, eigenvectors = eigsh(
/home1/sajan_rg/graphormer_eval/new_experiments/graph_exp_new/data.py:138: RuntimeWarning: k >= N for N * N square matrix. Attempting to use scipy.linalg.eigh instead.
  eigenvalues, eigenvectors = eigsh(
/home1/sajan_rg/graphormer_eval/new_experiments/graph_exp_new/data.py:138: RuntimeWarning: k >= N for N * N square matrix. Attempting to use scipy.linalg.eigh instead.
  eigenvalues, eigenvectors = eigsh(
/home1/sajan_rg/graphormer_eval/new_experiments/graph_exp_new/data.py:138: RuntimeWarning: k >= N for N * N square matrix. Attempting to use scipy.linalg.eigh instead.
  eigenvalues, eigenvectors = eigsh(
/home1/sajan_rg/graphormer_eval/new_experiments/graph_exp_new/data.py:138: RuntimeWarning: k >= N for N * N square matrix. Attempting to use scipy.linalg.eigh instead.
  eigenvalues, eigenvectors = eigsh(
/home1/sajan_rg/graphormer_eval/new_experiments/graph_exp_new/data.py:138: RuntimeWarning: k >= N for N * N square matrix. Attempting to use scipy.linalg.eigh instead.
  eigenvalues, eigenvectors = eigsh(
/home1/sajan_rg/graphormer_eval/new_experiments/graph_exp_new/data.py:138: RuntimeWarning: k >= N for N * N square matrix. Attempting to use scipy.linalg.eigh instead.
  eigenvalues, eigenvectors = eigsh(
/home1/sajan_rg/graphormer_eval/new_experiments/graph_exp_new/data.py:138: RuntimeWarning: k >= N for N * N square matrix. Attempting to use scipy.linalg.eigh instead.
  eigenvalues, eigenvectors = eigsh(
/home1/sajan_rg/graphormer_eval/new_experiments/graph_exp_new/data.py:138: RuntimeWarning: k >= N for N * N square matrix. Attempting to use scipy.linalg.eigh instead.
  eigenvalues, eigenvectors = eigsh(
/home1/sajan_rg/graphormer_eval/new_experiments/graph_exp_new/data.py:138: RuntimeWarning: k >= N for N * N square matrix. Attempting to use scipy.linalg.eigh instead.
  eigenvalues, eigenvectors = eigsh(
/home1/sajan_rg/graphormer_eval/new_experiments/graph_exp_new/data.py:138: RuntimeWarning: k >= N for N * N square matrix. Attempting to use scipy.linalg.eigh instead.
  eigenvalues, eigenvectors = eigsh(
/home1/sajan_rg/graphormer_eval/new_experiments/graph_exp_new/data.py:138: RuntimeWarning: k >= N for N * N square matrix. Attempting to use scipy.linalg.eigh instead.
  eigenvalues, eigenvectors = eigsh(
Epoch 151/200 [294.0s mem=23082MB] proxies=ON | train_loss=0.1469 mmd=0.0000 train_AP=0.6706 | val_loss=0.6513 val_AP=0.5739 | test_loss=0.7293 test_AP=0.5647
/home1/sajan_rg/graphormer_eval/new_experiments/graph_exp_new/data.py:138: RuntimeWarning: k >= N for N * N square matrix. Attempting to use scipy.linalg.eigh instead.
  eigenvalues, eigenvectors = eigsh(
/home1/sajan_rg/graphormer_eval/new_experiments/graph_exp_new/data.py:138: RuntimeWarning: k >= N for N * N square matrix. Attempting to use scipy.linalg.eigh instead.
  eigenvalues, eigenvectors = eigsh(
/home1/sajan_rg/graphormer_eval/new_experiments/graph_exp_new/data.py:138: RuntimeWarning: k >= N for N * N square matrix. Attempting to use scipy.linalg.eigh instead.
  eigenvalues, eigenvectors = eigsh(
/home1/sajan_rg/graphormer_eval/new_experiments/graph_exp_new/data.py:138: RuntimeWarning: k >= N for N * N square matrix. Attempting to use scipy.linalg.eigh instead.
  eigenvalues, eigenvectors = eigsh(
/home1/sajan_rg/graphormer_eval/new_experiments/graph_exp_new/data.py:138: RuntimeWarning: k >= N for N * N square matrix. Attempting to use scipy.linalg.eigh instead.
  eigenvalues, eigenvectors = eigsh(
/home1/sajan_rg/graphormer_eval/new_experiments/graph_exp_new/data.py:138: RuntimeWarning: k >= N for N * N square matrix. Attempting to use scipy.linalg.eigh instead.
  eigenvalues, eigenvectors = eigsh(
/home1/sajan_rg/graphormer_eval/new_experiments/graph_exp_new/data.py:138: RuntimeWarning: k >= N for N * N square matrix. Attempting to use scipy.linalg.eigh instead.
  eigenvalues, eigenvectors = eigsh(
/home1/sajan_rg/graphormer_eval/new_experiments/graph_exp_new/data.py:138: RuntimeWarning: k >= N for N * N square matrix. Attempting to use scipy.linalg.eigh instead.
  eigenvalues, eigenvectors = eigsh(
/home1/sajan_rg/graphormer_eval/new_experiments/graph_exp_new/data.py:138: RuntimeWarning: k >= N for N * N square matrix. Attempting to use scipy.linalg.eigh instead.
  eigenvalues, eigenvectors = eigsh(
/home1/sajan_rg/graphormer_eval/new_experiments/graph_exp_new/data.py:138: RuntimeWarning: k >= N for N * N square matrix. Attempting to use scipy.linalg.eigh instead.
  eigenvalues, eigenvectors = eigsh(
/home1/sajan_rg/graphormer_eval/new_experiments/graph_exp_new/data.py:138: RuntimeWarning: k >= N for N * N square matrix. Attempting to use scipy.linalg.eigh instead.
  eigenvalues, eigenvectors = eigsh(
/home1/sajan_rg/graphormer_eval/new_experiments/graph_exp_new/data.py:138: RuntimeWarning: k >= N for N * N square matrix. Attempting to use scipy.linalg.eigh instead.
  eigenvalues, eigenvectors = eigsh(
Epoch 152/200 [282.8s mem=23097MB] proxies=ON | train_loss=0.1463 mmd=0.0000 train_AP=0.6706 | val_loss=0.6513 val_AP=0.5793 | test_loss=0.7321 test_AP=0.5712
/home1/sajan_rg/graphormer_eval/new_experiments/graph_exp_new/data.py:138: RuntimeWarning: k >= N for N * N square matrix. Attempting to use scipy.linalg.eigh instead.
  eigenvalues, eigenvectors = eigsh(
/home1/sajan_rg/graphormer_eval/new_experiments/graph_exp_new/data.py:138: RuntimeWarning: k >= N for N * N square matrix. Attempting to use scipy.linalg.eigh instead.
  eigenvalues, eigenvectors = eigsh(
/home1/sajan_rg/graphormer_eval/new_experiments/graph_exp_new/data.py:138: RuntimeWarning: k >= N for N * N square matrix. Attempting to use scipy.linalg.eigh instead.
  eigenvalues, eigenvectors = eigsh(
/home1/sajan_rg/graphormer_eval/new_experiments/graph_exp_new/data.py:138: RuntimeWarning: k >= N for N * N square matrix. Attempting to use scipy.linalg.eigh instead.
  eigenvalues, eigenvectors = eigsh(
/home1/sajan_rg/graphormer_eval/new_experiments/graph_exp_new/data.py:138: RuntimeWarning: k >= N for N * N square matrix. Attempting to use scipy.linalg.eigh instead.
  eigenvalues, eigenvectors = eigsh(
/home1/sajan_rg/graphormer_eval/new_experiments/graph_exp_new/data.py:138: RuntimeWarning: k >= N for N * N square matrix. Attempting to use scipy.linalg.eigh instead.
  eigenvalues, eigenvectors = eigsh(
/home1/sajan_rg/graphormer_eval/new_experiments/graph_exp_new/data.py:138: RuntimeWarning: k >= N for N * N square matrix. Attempting to use scipy.linalg.eigh instead.
  eigenvalues, eigenvectors = eigsh(
/home1/sajan_rg/graphormer_eval/new_experiments/graph_exp_new/data.py:138: RuntimeWarning: k >= N for N * N square matrix. Attempting to use scipy.linalg.eigh instead.
  eigenvalues, eigenvectors = eigsh(
/home1/sajan_rg/graphormer_eval/new_experiments/graph_exp_new/data.py:138: RuntimeWarning: k >= N for N * N square matrix. Attempting to use scipy.linalg.eigh instead.
  eigenvalues, eigenvectors = eigsh(
/home1/sajan_rg/graphormer_eval/new_experiments/graph_exp_new/data.py:138: RuntimeWarning: k >= N for N * N square matrix. Attempting to use scipy.linalg.eigh instead.
  eigenvalues, eigenvectors = eigsh(
/home1/sajan_rg/graphormer_eval/new_experiments/graph_exp_new/data.py:138: RuntimeWarning: k >= N for N * N square matrix. Attempting to use scipy.linalg.eigh instead.
  eigenvalues, eigenvectors = eigsh(
/home1/sajan_rg/graphormer_eval/new_experiments/graph_exp_new/data.py:138: RuntimeWarning: k >= N for N * N square matrix. Attempting to use scipy.linalg.eigh instead.
  eigenvalues, eigenvectors = eigsh(
Epoch 153/200 [276.9s mem=23083MB] proxies=ON | train_loss=0.1478 mmd=0.0000 train_AP=0.6696 | val_loss=0.6387 val_AP=0.5785 | test_loss=0.7228 test_AP=0.5753
/home1/sajan_rg/graphormer_eval/new_experiments/graph_exp_new/data.py:138: RuntimeWarning: k >= N for N * N square matrix. Attempting to use scipy.linalg.eigh instead.
  eigenvalues, eigenvectors = eigsh(
/home1/sajan_rg/graphormer_eval/new_experiments/graph_exp_new/data.py:138: RuntimeWarning: k >= N for N * N square matrix. Attempting to use scipy.linalg.eigh instead.
  eigenvalues, eigenvectors = eigsh(
/home1/sajan_rg/graphormer_eval/new_experiments/graph_exp_new/data.py:138: RuntimeWarning: k >= N for N * N square matrix. Attempting to use scipy.linalg.eigh instead.
  eigenvalues, eigenvectors = eigsh(
/home1/sajan_rg/graphormer_eval/new_experiments/graph_exp_new/data.py:138: RuntimeWarning: k >= N for N * N square matrix. Attempting to use scipy.linalg.eigh instead.
  eigenvalues, eigenvectors = eigsh(
/home1/sajan_rg/graphormer_eval/new_experiments/graph_exp_new/data.py:138: RuntimeWarning: k >= N for N * N square matrix. Attempting to use scipy.linalg.eigh instead.
  eigenvalues, eigenvectors = eigsh(
/home1/sajan_rg/graphormer_eval/new_experiments/graph_exp_new/data.py:138: RuntimeWarning: k >= N for N * N square matrix. Attempting to use scipy.linalg.eigh instead.
  eigenvalues, eigenvectors = eigsh(
/home1/sajan_rg/graphormer_eval/new_experiments/graph_exp_new/data.py:138: RuntimeWarning: k >= N for N * N square matrix. Attempting to use scipy.linalg.eigh instead.
  eigenvalues, eigenvectors = eigsh(
/home1/sajan_rg/graphormer_eval/new_experiments/graph_exp_new/data.py:138: RuntimeWarning: k >= N for N * N square matrix. Attempting to use scipy.linalg.eigh instead.
  eigenvalues, eigenvectors = eigsh(
/home1/sajan_rg/graphormer_eval/new_experiments/graph_exp_new/data.py:138: RuntimeWarning: k >= N for N * N square matrix. Attempting to use scipy.linalg.eigh instead.
  eigenvalues, eigenvectors = eigsh(
/home1/sajan_rg/graphormer_eval/new_experiments/graph_exp_new/data.py:138: RuntimeWarning: k >= N for N * N square matrix. Attempting to use scipy.linalg.eigh instead.
  eigenvalues, eigenvectors = eigsh(
/home1/sajan_rg/graphormer_eval/new_experiments/graph_exp_new/data.py:138: RuntimeWarning: k >= N for N * N square matrix. Attempting to use scipy.linalg.eigh instead.
  eigenvalues, eigenvectors = eigsh(
/home1/sajan_rg/graphormer_eval/new_experiments/graph_exp_new/data.py:138: RuntimeWarning: k >= N for N * N square matrix. Attempting to use scipy.linalg.eigh instead.
  eigenvalues, eigenvectors = eigsh(
Epoch 154/200 [279.7s mem=23097MB] proxies=ON | train_loss=0.1455 mmd=0.0000 train_AP=0.6737 | val_loss=0.5821 val_AP=0.5835 | test_loss=0.6934 test_AP=0.5808
/home1/sajan_rg/graphormer_eval/new_experiments/graph_exp_new/data.py:138: RuntimeWarning: k >= N for N * N square matrix. Attempting to use scipy.linalg.eigh instead.
  eigenvalues, eigenvectors = eigsh(
/home1/sajan_rg/graphormer_eval/new_experiments/graph_exp_new/data.py:138: RuntimeWarning: k >= N for N * N square matrix. Attempting to use scipy.linalg.eigh instead.
  eigenvalues, eigenvectors = eigsh(
/home1/sajan_rg/graphormer_eval/new_experiments/graph_exp_new/data.py:138: RuntimeWarning: k >= N for N * N square matrix. Attempting to use scipy.linalg.eigh instead.
  eigenvalues, eigenvectors = eigsh(
/home1/sajan_rg/graphormer_eval/new_experiments/graph_exp_new/data.py:138: RuntimeWarning: k >= N for N * N square matrix. Attempting to use scipy.linalg.eigh instead.
  eigenvalues, eigenvectors = eigsh(
/home1/sajan_rg/graphormer_eval/new_experiments/graph_exp_new/data.py:138: RuntimeWarning: k >= N for N * N square matrix. Attempting to use scipy.linalg.eigh instead.
  eigenvalues, eigenvectors = eigsh(
/home1/sajan_rg/graphormer_eval/new_experiments/graph_exp_new/data.py:138: RuntimeWarning: k >= N for N * N square matrix. Attempting to use scipy.linalg.eigh instead.
  eigenvalues, eigenvectors = eigsh(
/home1/sajan_rg/graphormer_eval/new_experiments/graph_exp_new/data.py:138: RuntimeWarning: k >= N for N * N square matrix. Attempting to use scipy.linalg.eigh instead.
  eigenvalues, eigenvectors = eigsh(
/home1/sajan_rg/graphormer_eval/new_experiments/graph_exp_new/data.py:138: RuntimeWarning: k >= N for N * N square matrix. Attempting to use scipy.linalg.eigh instead.
  eigenvalues, eigenvectors = eigsh(
/home1/sajan_rg/graphormer_eval/new_experiments/graph_exp_new/data.py:138: RuntimeWarning: k >= N for N * N square matrix. Attempting to use scipy.linalg.eigh instead.
  eigenvalues, eigenvectors = eigsh(
/home1/sajan_rg/graphormer_eval/new_experiments/graph_exp_new/data.py:138: RuntimeWarning: k >= N for N * N square matrix. Attempting to use scipy.linalg.eigh instead.
  eigenvalues, eigenvectors = eigsh(
/home1/sajan_rg/graphormer_eval/new_experiments/graph_exp_new/data.py:138: RuntimeWarning: k >= N for N * N square matrix. Attempting to use scipy.linalg.eigh instead.
  eigenvalues, eigenvectors = eigsh(
/home1/sajan_rg/graphormer_eval/new_experiments/graph_exp_new/data.py:138: RuntimeWarning: k >= N for N * N square matrix. Attempting to use scipy.linalg.eigh instead.
  eigenvalues, eigenvectors = eigsh(
Epoch 155/200 [296.8s mem=23089MB] proxies=ON | train_loss=0.1451 mmd=0.0000 train_AP=0.6752 | val_loss=0.6578 val_AP=0.5791 | test_loss=0.7515 test_AP=0.5752
/home1/sajan_rg/graphormer_eval/new_experiments/graph_exp_new/data.py:138: RuntimeWarning: k >= N for N * N square matrix. Attempting to use scipy.linalg.eigh instead.
  eigenvalues, eigenvectors = eigsh(
/home1/sajan_rg/graphormer_eval/new_experiments/graph_exp_new/data.py:138: RuntimeWarning: k >= N for N * N square matrix. Attempting to use scipy.linalg.eigh instead.
  eigenvalues, eigenvectors = eigsh(
/home1/sajan_rg/graphormer_eval/new_experiments/graph_exp_new/data.py:138: RuntimeWarning: k >= N for N * N square matrix. Attempting to use scipy.linalg.eigh instead.
  eigenvalues, eigenvectors = eigsh(
/home1/sajan_rg/graphormer_eval/new_experiments/graph_exp_new/data.py:138: RuntimeWarning: k >= N for N * N square matrix. Attempting to use scipy.linalg.eigh instead.
  eigenvalues, eigenvectors = eigsh(
/home1/sajan_rg/graphormer_eval/new_experiments/graph_exp_new/data.py:138: RuntimeWarning: k >= N for N * N square matrix. Attempting to use scipy.linalg.eigh instead.
  eigenvalues, eigenvectors = eigsh(
/home1/sajan_rg/graphormer_eval/new_experiments/graph_exp_new/data.py:138: RuntimeWarning: k >= N for N * N square matrix. Attempting to use scipy.linalg.eigh instead.
  eigenvalues, eigenvectors = eigsh(
/home1/sajan_rg/graphormer_eval/new_experiments/graph_exp_new/data.py:138: RuntimeWarning: k >= N for N * N square matrix. Attempting to use scipy.linalg.eigh instead.
  eigenvalues, eigenvectors = eigsh(
/home1/sajan_rg/graphormer_eval/new_experiments/graph_exp_new/data.py:138: RuntimeWarning: k >= N for N * N square matrix. Attempting to use scipy.linalg.eigh instead.
  eigenvalues, eigenvectors = eigsh(
/home1/sajan_rg/graphormer_eval/new_experiments/graph_exp_new/data.py:138: RuntimeWarning: k >= N for N * N square matrix. Attempting to use scipy.linalg.eigh instead.
  eigenvalues, eigenvectors = eigsh(
/home1/sajan_rg/graphormer_eval/new_experiments/graph_exp_new/data.py:138: RuntimeWarning: k >= N for N * N square matrix. Attempting to use scipy.linalg.eigh instead.
  eigenvalues, eigenvectors = eigsh(
/home1/sajan_rg/graphormer_eval/new_experiments/graph_exp_new/data.py:138: RuntimeWarning: k >= N for N * N square matrix. Attempting to use scipy.linalg.eigh instead.
  eigenvalues, eigenvectors = eigsh(
/home1/sajan_rg/graphormer_eval/new_experiments/graph_exp_new/data.py:138: RuntimeWarning: k >= N for N * N square matrix. Attempting to use scipy.linalg.eigh instead.
  eigenvalues, eigenvectors = eigsh(
Epoch 156/200 [286.6s mem=23082MB] proxies=ON | train_loss=0.1438 mmd=0.0000 train_AP=0.6747 | val_loss=0.6558 val_AP=0.5775 | test_loss=0.7368 test_AP=0.5783
/home1/sajan_rg/graphormer_eval/new_experiments/graph_exp_new/data.py:138: RuntimeWarning: k >= N for N * N square matrix. Attempting to use scipy.linalg.eigh instead.
  eigenvalues, eigenvectors = eigsh(
/home1/sajan_rg/graphormer_eval/new_experiments/graph_exp_new/data.py:138: RuntimeWarning: k >= N for N * N square matrix. Attempting to use scipy.linalg.eigh instead.
  eigenvalues, eigenvectors = eigsh(
/home1/sajan_rg/graphormer_eval/new_experiments/graph_exp_new/data.py:138: RuntimeWarning: k >= N for N * N square matrix. Attempting to use scipy.linalg.eigh instead.
  eigenvalues, eigenvectors = eigsh(
/home1/sajan_rg/graphormer_eval/new_experiments/graph_exp_new/data.py:138: RuntimeWarning: k >= N for N * N square matrix. Attempting to use scipy.linalg.eigh instead.
  eigenvalues, eigenvectors = eigsh(
/home1/sajan_rg/graphormer_eval/new_experiments/graph_exp_new/data.py:138: RuntimeWarning: k >= N for N * N square matrix. Attempting to use scipy.linalg.eigh instead.
  eigenvalues, eigenvectors = eigsh(
/home1/sajan_rg/graphormer_eval/new_experiments/graph_exp_new/data.py:138: RuntimeWarning: k >= N for N * N square matrix. Attempting to use scipy.linalg.eigh instead.
  eigenvalues, eigenvectors = eigsh(
/home1/sajan_rg/graphormer_eval/new_experiments/graph_exp_new/data.py:138: RuntimeWarning: k >= N for N * N square matrix. Attempting to use scipy.linalg.eigh instead.
  eigenvalues, eigenvectors = eigsh(
/home1/sajan_rg/graphormer_eval/new_experiments/graph_exp_new/data.py:138: RuntimeWarning: k >= N for N * N square matrix. Attempting to use scipy.linalg.eigh instead.
  eigenvalues, eigenvectors = eigsh(
/home1/sajan_rg/graphormer_eval/new_experiments/graph_exp_new/data.py:138: RuntimeWarning: k >= N for N * N square matrix. Attempting to use scipy.linalg.eigh instead.
  eigenvalues, eigenvectors = eigsh(
/home1/sajan_rg/graphormer_eval/new_experiments/graph_exp_new/data.py:138: RuntimeWarning: k >= N for N * N square matrix. Attempting to use scipy.linalg.eigh instead.
  eigenvalues, eigenvectors = eigsh(
/home1/sajan_rg/graphormer_eval/new_experiments/graph_exp_new/data.py:138: RuntimeWarning: k >= N for N * N square matrix. Attempting to use scipy.linalg.eigh instead.
  eigenvalues, eigenvectors = eigsh(
/home1/sajan_rg/graphormer_eval/new_experiments/graph_exp_new/data.py:138: RuntimeWarning: k >= N for N * N square matrix. Attempting to use scipy.linalg.eigh instead.
  eigenvalues, eigenvectors = eigsh(
Epoch 157/200 [285.9s mem=23086MB] proxies=ON | train_loss=0.1435 mmd=0.0000 train_AP=0.6749 | val_loss=0.6393 val_AP=0.5818 | test_loss=0.7438 test_AP=0.5766
/home1/sajan_rg/graphormer_eval/new_experiments/graph_exp_new/data.py:138: RuntimeWarning: k >= N for N * N square matrix. Attempting to use scipy.linalg.eigh instead.
  eigenvalues, eigenvectors = eigsh(
/home1/sajan_rg/graphormer_eval/new_experiments/graph_exp_new/data.py:138: RuntimeWarning: k >= N for N * N square matrix. Attempting to use scipy.linalg.eigh instead.
  eigenvalues, eigenvectors = eigsh(
/home1/sajan_rg/graphormer_eval/new_experiments/graph_exp_new/data.py:138: RuntimeWarning: k >= N for N * N square matrix. Attempting to use scipy.linalg.eigh instead.
  eigenvalues, eigenvectors = eigsh(
/home1/sajan_rg/graphormer_eval/new_experiments/graph_exp_new/data.py:138: RuntimeWarning: k >= N for N * N square matrix. Attempting to use scipy.linalg.eigh instead.
  eigenvalues, eigenvectors = eigsh(
/home1/sajan_rg/graphormer_eval/new_experiments/graph_exp_new/data.py:138: RuntimeWarning: k >= N for N * N square matrix. Attempting to use scipy.linalg.eigh instead.
  eigenvalues, eigenvectors = eigsh(
/home1/sajan_rg/graphormer_eval/new_experiments/graph_exp_new/data.py:138: RuntimeWarning: k >= N for N * N square matrix. Attempting to use scipy.linalg.eigh instead.
  eigenvalues, eigenvectors = eigsh(
/home1/sajan_rg/graphormer_eval/new_experiments/graph_exp_new/data.py:138: RuntimeWarning: k >= N for N * N square matrix. Attempting to use scipy.linalg.eigh instead.
  eigenvalues, eigenvectors = eigsh(
/home1/sajan_rg/graphormer_eval/new_experiments/graph_exp_new/data.py:138: RuntimeWarning: k >= N for N * N square matrix. Attempting to use scipy.linalg.eigh instead.
  eigenvalues, eigenvectors = eigsh(
/home1/sajan_rg/graphormer_eval/new_experiments/graph_exp_new/data.py:138: RuntimeWarning: k >= N for N * N square matrix. Attempting to use scipy.linalg.eigh instead.
  eigenvalues, eigenvectors = eigsh(
/home1/sajan_rg/graphormer_eval/new_experiments/graph_exp_new/data.py:138: RuntimeWarning: k >= N for N * N square matrix. Attempting to use scipy.linalg.eigh instead.
  eigenvalues, eigenvectors = eigsh(
/home1/sajan_rg/graphormer_eval/new_experiments/graph_exp_new/data.py:138: RuntimeWarning: k >= N for N * N square matrix. Attempting to use scipy.linalg.eigh instead.
  eigenvalues, eigenvectors = eigsh(
/home1/sajan_rg/graphormer_eval/new_experiments/graph_exp_new/data.py:138: RuntimeWarning: k >= N for N * N square matrix. Attempting to use scipy.linalg.eigh instead.
  eigenvalues, eigenvectors = eigsh(
Epoch 158/200 [299.2s mem=23083MB] proxies=ON | train_loss=0.1421 mmd=0.0000 train_AP=0.6818 | val_loss=0.6962 val_AP=0.5752 | test_loss=0.7968 test_AP=0.5727
/home1/sajan_rg/graphormer_eval/new_experiments/graph_exp_new/data.py:138: RuntimeWarning: k >= N for N * N square matrix. Attempting to use scipy.linalg.eigh instead.
  eigenvalues, eigenvectors = eigsh(
/home1/sajan_rg/graphormer_eval/new_experiments/graph_exp_new/data.py:138: RuntimeWarning: k >= N for N * N square matrix. Attempting to use scipy.linalg.eigh instead.
  eigenvalues, eigenvectors = eigsh(
/home1/sajan_rg/graphormer_eval/new_experiments/graph_exp_new/data.py:138: RuntimeWarning: k >= N for N * N square matrix. Attempting to use scipy.linalg.eigh instead.
  eigenvalues, eigenvectors = eigsh(
/home1/sajan_rg/graphormer_eval/new_experiments/graph_exp_new/data.py:138: RuntimeWarning: k >= N for N * N square matrix. Attempting to use scipy.linalg.eigh instead.
  eigenvalues, eigenvectors = eigsh(
/home1/sajan_rg/graphormer_eval/new_experiments/graph_exp_new/data.py:138: RuntimeWarning: k >= N for N * N square matrix. Attempting to use scipy.linalg.eigh instead.
  eigenvalues, eigenvectors = eigsh(
/home1/sajan_rg/graphormer_eval/new_experiments/graph_exp_new/data.py:138: RuntimeWarning: k >= N for N * N square matrix. Attempting to use scipy.linalg.eigh instead.
  eigenvalues, eigenvectors = eigsh(
/home1/sajan_rg/graphormer_eval/new_experiments/graph_exp_new/data.py:138: RuntimeWarning: k >= N for N * N square matrix. Attempting to use scipy.linalg.eigh instead.
  eigenvalues, eigenvectors = eigsh(
/home1/sajan_rg/graphormer_eval/new_experiments/graph_exp_new/data.py:138: RuntimeWarning: k >= N for N * N square matrix. Attempting to use scipy.linalg.eigh instead.
  eigenvalues, eigenvectors = eigsh(
/home1/sajan_rg/graphormer_eval/new_experiments/graph_exp_new/data.py:138: RuntimeWarning: k >= N for N * N square matrix. Attempting to use scipy.linalg.eigh instead.
  eigenvalues, eigenvectors = eigsh(
/home1/sajan_rg/graphormer_eval/new_experiments/graph_exp_new/data.py:138: RuntimeWarning: k >= N for N * N square matrix. Attempting to use scipy.linalg.eigh instead.
  eigenvalues, eigenvectors = eigsh(
/home1/sajan_rg/graphormer_eval/new_experiments/graph_exp_new/data.py:138: RuntimeWarning: k >= N for N * N square matrix. Attempting to use scipy.linalg.eigh instead.
  eigenvalues, eigenvectors = eigsh(
/home1/sajan_rg/graphormer_eval/new_experiments/graph_exp_new/data.py:138: RuntimeWarning: k >= N for N * N square matrix. Attempting to use scipy.linalg.eigh instead.
  eigenvalues, eigenvectors = eigsh(
Epoch 159/200 [282.2s mem=23081MB] proxies=ON | train_loss=0.1436 mmd=0.0000 train_AP=0.6790 | val_loss=0.7083 val_AP=0.5784 | test_loss=0.8197 test_AP=0.5738
/home1/sajan_rg/graphormer_eval/new_experiments/graph_exp_new/data.py:138: RuntimeWarning: k >= N for N * N square matrix. Attempting to use scipy.linalg.eigh instead.
  eigenvalues, eigenvectors = eigsh(
/home1/sajan_rg/graphormer_eval/new_experiments/graph_exp_new/data.py:138: RuntimeWarning: k >= N for N * N square matrix. Attempting to use scipy.linalg.eigh instead.
  eigenvalues, eigenvectors = eigsh(
/home1/sajan_rg/graphormer_eval/new_experiments/graph_exp_new/data.py:138: RuntimeWarning: k >= N for N * N square matrix. Attempting to use scipy.linalg.eigh instead.
  eigenvalues, eigenvectors = eigsh(
/home1/sajan_rg/graphormer_eval/new_experiments/graph_exp_new/data.py:138: RuntimeWarning: k >= N for N * N square matrix. Attempting to use scipy.linalg.eigh instead.
  eigenvalues, eigenvectors = eigsh(
/home1/sajan_rg/graphormer_eval/new_experiments/graph_exp_new/data.py:138: RuntimeWarning: k >= N for N * N square matrix. Attempting to use scipy.linalg.eigh instead.
  eigenvalues, eigenvectors = eigsh(
/home1/sajan_rg/graphormer_eval/new_experiments/graph_exp_new/data.py:138: RuntimeWarning: k >= N for N * N square matrix. Attempting to use scipy.linalg.eigh instead.
  eigenvalues, eigenvectors = eigsh(
/home1/sajan_rg/graphormer_eval/new_experiments/graph_exp_new/data.py:138: RuntimeWarning: k >= N for N * N square matrix. Attempting to use scipy.linalg.eigh instead.
  eigenvalues, eigenvectors = eigsh(
/home1/sajan_rg/graphormer_eval/new_experiments/graph_exp_new/data.py:138: RuntimeWarning: k >= N for N * N square matrix. Attempting to use scipy.linalg.eigh instead.
  eigenvalues, eigenvectors = eigsh(
/home1/sajan_rg/graphormer_eval/new_experiments/graph_exp_new/data.py:138: RuntimeWarning: k >= N for N * N square matrix. Attempting to use scipy.linalg.eigh instead.
  eigenvalues, eigenvectors = eigsh(
/home1/sajan_rg/graphormer_eval/new_experiments/graph_exp_new/data.py:138: RuntimeWarning: k >= N for N * N square matrix. Attempting to use scipy.linalg.eigh instead.
  eigenvalues, eigenvectors = eigsh(
/home1/sajan_rg/graphormer_eval/new_experiments/graph_exp_new/data.py:138: RuntimeWarning: k >= N for N * N square matrix. Attempting to use scipy.linalg.eigh instead.
  eigenvalues, eigenvectors = eigsh(
/home1/sajan_rg/graphormer_eval/new_experiments/graph_exp_new/data.py:138: RuntimeWarning: k >= N for N * N square matrix. Attempting to use scipy.linalg.eigh instead.
  eigenvalues, eigenvectors = eigsh(
Epoch 160/200 [283.3s mem=23082MB] proxies=ON | train_loss=0.1422 mmd=0.0000 train_AP=0.6815 | val_loss=0.6450 val_AP=0.5824 | test_loss=0.7641 test_AP=0.5757
/home1/sajan_rg/graphormer_eval/new_experiments/graph_exp_new/data.py:138: RuntimeWarning: k >= N for N * N square matrix. Attempting to use scipy.linalg.eigh instead.
  eigenvalues, eigenvectors = eigsh(
/home1/sajan_rg/graphormer_eval/new_experiments/graph_exp_new/data.py:138: RuntimeWarning: k >= N for N * N square matrix. Attempting to use scipy.linalg.eigh instead.
  eigenvalues, eigenvectors = eigsh(
/home1/sajan_rg/graphormer_eval/new_experiments/graph_exp_new/data.py:138: RuntimeWarning: k >= N for N * N square matrix. Attempting to use scipy.linalg.eigh instead.
  eigenvalues, eigenvectors = eigsh(
/home1/sajan_rg/graphormer_eval/new_experiments/graph_exp_new/data.py:138: RuntimeWarning: k >= N for N * N square matrix. Attempting to use scipy.linalg.eigh instead.
  eigenvalues, eigenvectors = eigsh(
/home1/sajan_rg/graphormer_eval/new_experiments/graph_exp_new/data.py:138: RuntimeWarning: k >= N for N * N square matrix. Attempting to use scipy.linalg.eigh instead.
  eigenvalues, eigenvectors = eigsh(
/home1/sajan_rg/graphormer_eval/new_experiments/graph_exp_new/data.py:138: RuntimeWarning: k >= N for N * N square matrix. Attempting to use scipy.linalg.eigh instead.
  eigenvalues, eigenvectors = eigsh(
/home1/sajan_rg/graphormer_eval/new_experiments/graph_exp_new/data.py:138: RuntimeWarning: k >= N for N * N square matrix. Attempting to use scipy.linalg.eigh instead.
  eigenvalues, eigenvectors = eigsh(
/home1/sajan_rg/graphormer_eval/new_experiments/graph_exp_new/data.py:138: RuntimeWarning: k >= N for N * N square matrix. Attempting to use scipy.linalg.eigh instead.
  eigenvalues, eigenvectors = eigsh(
/home1/sajan_rg/graphormer_eval/new_experiments/graph_exp_new/data.py:138: RuntimeWarning: k >= N for N * N square matrix. Attempting to use scipy.linalg.eigh instead.
  eigenvalues, eigenvectors = eigsh(
/home1/sajan_rg/graphormer_eval/new_experiments/graph_exp_new/data.py:138: RuntimeWarning: k >= N for N * N square matrix. Attempting to use scipy.linalg.eigh instead.
  eigenvalues, eigenvectors = eigsh(
/home1/sajan_rg/graphormer_eval/new_experiments/graph_exp_new/data.py:138: RuntimeWarning: k >= N for N * N square matrix. Attempting to use scipy.linalg.eigh instead.
  eigenvalues, eigenvectors = eigsh(
/home1/sajan_rg/graphormer_eval/new_experiments/graph_exp_new/data.py:138: RuntimeWarning: k >= N for N * N square matrix. Attempting to use scipy.linalg.eigh instead.
  eigenvalues, eigenvectors = eigsh(
Epoch 161/200 [288.0s mem=23088MB] proxies=ON | train_loss=0.1405 mmd=0.0000 train_AP=0.6873 | val_loss=0.6780 val_AP=0.5798 | test_loss=0.8064 test_AP=0.5753
/home1/sajan_rg/graphormer_eval/new_experiments/graph_exp_new/data.py:138: RuntimeWarning: k >= N for N * N square matrix. Attempting to use scipy.linalg.eigh instead.
  eigenvalues, eigenvectors = eigsh(
/home1/sajan_rg/graphormer_eval/new_experiments/graph_exp_new/data.py:138: RuntimeWarning: k >= N for N * N square matrix. Attempting to use scipy.linalg.eigh instead.
  eigenvalues, eigenvectors = eigsh(
/home1/sajan_rg/graphormer_eval/new_experiments/graph_exp_new/data.py:138: RuntimeWarning: k >= N for N * N square matrix. Attempting to use scipy.linalg.eigh instead.
  eigenvalues, eigenvectors = eigsh(
/home1/sajan_rg/graphormer_eval/new_experiments/graph_exp_new/data.py:138: RuntimeWarning: k >= N for N * N square matrix. Attempting to use scipy.linalg.eigh instead.
  eigenvalues, eigenvectors = eigsh(
/home1/sajan_rg/graphormer_eval/new_experiments/graph_exp_new/data.py:138: RuntimeWarning: k >= N for N * N square matrix. Attempting to use scipy.linalg.eigh instead.
  eigenvalues, eigenvectors = eigsh(
/home1/sajan_rg/graphormer_eval/new_experiments/graph_exp_new/data.py:138: RuntimeWarning: k >= N for N * N square matrix. Attempting to use scipy.linalg.eigh instead.
  eigenvalues, eigenvectors = eigsh(
/home1/sajan_rg/graphormer_eval/new_experiments/graph_exp_new/data.py:138: RuntimeWarning: k >= N for N * N square matrix. Attempting to use scipy.linalg.eigh instead.
  eigenvalues, eigenvectors = eigsh(
/home1/sajan_rg/graphormer_eval/new_experiments/graph_exp_new/data.py:138: RuntimeWarning: k >= N for N * N square matrix. Attempting to use scipy.linalg.eigh instead.
  eigenvalues, eigenvectors = eigsh(
/home1/sajan_rg/graphormer_eval/new_experiments/graph_exp_new/data.py:138: RuntimeWarning: k >= N for N * N square matrix. Attempting to use scipy.linalg.eigh instead.
  eigenvalues, eigenvectors = eigsh(
/home1/sajan_rg/graphormer_eval/new_experiments/graph_exp_new/data.py:138: RuntimeWarning: k >= N for N * N square matrix. Attempting to use scipy.linalg.eigh instead.
  eigenvalues, eigenvectors = eigsh(
/home1/sajan_rg/graphormer_eval/new_experiments/graph_exp_new/data.py:138: RuntimeWarning: k >= N for N * N square matrix. Attempting to use scipy.linalg.eigh instead.
  eigenvalues, eigenvectors = eigsh(
/home1/sajan_rg/graphormer_eval/new_experiments/graph_exp_new/data.py:138: RuntimeWarning: k >= N for N * N square matrix. Attempting to use scipy.linalg.eigh instead.
  eigenvalues, eigenvectors = eigsh(
Epoch 162/200 [283.9s mem=23083MB] proxies=ON | train_loss=0.1408 mmd=0.0000 train_AP=0.6872 | val_loss=0.7378 val_AP=0.5813 | test_loss=0.8634 test_AP=0.5735
/home1/sajan_rg/graphormer_eval/new_experiments/graph_exp_new/data.py:138: RuntimeWarning: k >= N for N * N square matrix. Attempting to use scipy.linalg.eigh instead.
  eigenvalues, eigenvectors = eigsh(
/home1/sajan_rg/graphormer_eval/new_experiments/graph_exp_new/data.py:138: RuntimeWarning: k >= N for N * N square matrix. Attempting to use scipy.linalg.eigh instead.
  eigenvalues, eigenvectors = eigsh(
/home1/sajan_rg/graphormer_eval/new_experiments/graph_exp_new/data.py:138: RuntimeWarning: k >= N for N * N square matrix. Attempting to use scipy.linalg.eigh instead.
  eigenvalues, eigenvectors = eigsh(
/home1/sajan_rg/graphormer_eval/new_experiments/graph_exp_new/data.py:138: RuntimeWarning: k >= N for N * N square matrix. Attempting to use scipy.linalg.eigh instead.
  eigenvalues, eigenvectors = eigsh(
/home1/sajan_rg/graphormer_eval/new_experiments/graph_exp_new/data.py:138: RuntimeWarning: k >= N for N * N square matrix. Attempting to use scipy.linalg.eigh instead.
  eigenvalues, eigenvectors = eigsh(
/home1/sajan_rg/graphormer_eval/new_experiments/graph_exp_new/data.py:138: RuntimeWarning: k >= N for N * N square matrix. Attempting to use scipy.linalg.eigh instead.
  eigenvalues, eigenvectors = eigsh(
/home1/sajan_rg/graphormer_eval/new_experiments/graph_exp_new/data.py:138: RuntimeWarning: k >= N for N * N square matrix. Attempting to use scipy.linalg.eigh instead.
  eigenvalues, eigenvectors = eigsh(
/home1/sajan_rg/graphormer_eval/new_experiments/graph_exp_new/data.py:138: RuntimeWarning: k >= N for N * N square matrix. Attempting to use scipy.linalg.eigh instead.
  eigenvalues, eigenvectors = eigsh(
/home1/sajan_rg/graphormer_eval/new_experiments/graph_exp_new/data.py:138: RuntimeWarning: k >= N for N * N square matrix. Attempting to use scipy.linalg.eigh instead.
  eigenvalues, eigenvectors = eigsh(
/home1/sajan_rg/graphormer_eval/new_experiments/graph_exp_new/data.py:138: RuntimeWarning: k >= N for N * N square matrix. Attempting to use scipy.linalg.eigh instead.
  eigenvalues, eigenvectors = eigsh(
/home1/sajan_rg/graphormer_eval/new_experiments/graph_exp_new/data.py:138: RuntimeWarning: k >= N for N * N square matrix. Attempting to use scipy.linalg.eigh instead.
  eigenvalues, eigenvectors = eigsh(
/home1/sajan_rg/graphormer_eval/new_experiments/graph_exp_new/data.py:138: RuntimeWarning: k >= N for N * N square matrix. Attempting to use scipy.linalg.eigh instead.
  eigenvalues, eigenvectors = eigsh(
Epoch 163/200 [283.4s mem=23096MB] proxies=ON | train_loss=0.1405 mmd=0.0000 train_AP=0.6854 | val_loss=0.6631 val_AP=0.5834 | test_loss=0.7876 test_AP=0.5706
/home1/sajan_rg/graphormer_eval/new_experiments/graph_exp_new/data.py:138: RuntimeWarning: k >= N for N * N square matrix. Attempting to use scipy.linalg.eigh instead.
  eigenvalues, eigenvectors = eigsh(
/home1/sajan_rg/graphormer_eval/new_experiments/graph_exp_new/data.py:138: RuntimeWarning: k >= N for N * N square matrix. Attempting to use scipy.linalg.eigh instead.
  eigenvalues, eigenvectors = eigsh(
/home1/sajan_rg/graphormer_eval/new_experiments/graph_exp_new/data.py:138: RuntimeWarning: k >= N for N * N square matrix. Attempting to use scipy.linalg.eigh instead.
  eigenvalues, eigenvectors = eigsh(
/home1/sajan_rg/graphormer_eval/new_experiments/graph_exp_new/data.py:138: RuntimeWarning: k >= N for N * N square matrix. Attempting to use scipy.linalg.eigh instead.
  eigenvalues, eigenvectors = eigsh(
/home1/sajan_rg/graphormer_eval/new_experiments/graph_exp_new/data.py:138: RuntimeWarning: k >= N for N * N square matrix. Attempting to use scipy.linalg.eigh instead.
  eigenvalues, eigenvectors = eigsh(
/home1/sajan_rg/graphormer_eval/new_experiments/graph_exp_new/data.py:138: RuntimeWarning: k >= N for N * N square matrix. Attempting to use scipy.linalg.eigh instead.
  eigenvalues, eigenvectors = eigsh(
/home1/sajan_rg/graphormer_eval/new_experiments/graph_exp_new/data.py:138: RuntimeWarning: k >= N for N * N square matrix. Attempting to use scipy.linalg.eigh instead.
  eigenvalues, eigenvectors = eigsh(
/home1/sajan_rg/graphormer_eval/new_experiments/graph_exp_new/data.py:138: RuntimeWarning: k >= N for N * N square matrix. Attempting to use scipy.linalg.eigh instead.
  eigenvalues, eigenvectors = eigsh(
/home1/sajan_rg/graphormer_eval/new_experiments/graph_exp_new/data.py:138: RuntimeWarning: k >= N for N * N square matrix. Attempting to use scipy.linalg.eigh instead.
  eigenvalues, eigenvectors = eigsh(
/home1/sajan_rg/graphormer_eval/new_experiments/graph_exp_new/data.py:138: RuntimeWarning: k >= N for N * N square matrix. Attempting to use scipy.linalg.eigh instead.
  eigenvalues, eigenvectors = eigsh(
/home1/sajan_rg/graphormer_eval/new_experiments/graph_exp_new/data.py:138: RuntimeWarning: k >= N for N * N square matrix. Attempting to use scipy.linalg.eigh instead.
  eigenvalues, eigenvectors = eigsh(
/home1/sajan_rg/graphormer_eval/new_experiments/graph_exp_new/data.py:138: RuntimeWarning: k >= N for N * N square matrix. Attempting to use scipy.linalg.eigh instead.
  eigenvalues, eigenvectors = eigsh(
Epoch 164/200 [281.7s mem=23098MB] proxies=ON | train_loss=0.1404 mmd=0.0000 train_AP=0.6888 | val_loss=0.7136 val_AP=0.5789 | test_loss=0.8440 test_AP=0.5714
/home1/sajan_rg/graphormer_eval/new_experiments/graph_exp_new/data.py:138: RuntimeWarning: k >= N for N * N square matrix. Attempting to use scipy.linalg.eigh instead.
  eigenvalues, eigenvectors = eigsh(
/home1/sajan_rg/graphormer_eval/new_experiments/graph_exp_new/data.py:138: RuntimeWarning: k >= N for N * N square matrix. Attempting to use scipy.linalg.eigh instead.
  eigenvalues, eigenvectors = eigsh(
/home1/sajan_rg/graphormer_eval/new_experiments/graph_exp_new/data.py:138: RuntimeWarning: k >= N for N * N square matrix. Attempting to use scipy.linalg.eigh instead.
  eigenvalues, eigenvectors = eigsh(
/home1/sajan_rg/graphormer_eval/new_experiments/graph_exp_new/data.py:138: RuntimeWarning: k >= N for N * N square matrix. Attempting to use scipy.linalg.eigh instead.
  eigenvalues, eigenvectors = eigsh(
/home1/sajan_rg/graphormer_eval/new_experiments/graph_exp_new/data.py:138: RuntimeWarning: k >= N for N * N square matrix. Attempting to use scipy.linalg.eigh instead.
  eigenvalues, eigenvectors = eigsh(
/home1/sajan_rg/graphormer_eval/new_experiments/graph_exp_new/data.py:138: RuntimeWarning: k >= N for N * N square matrix. Attempting to use scipy.linalg.eigh instead.
  eigenvalues, eigenvectors = eigsh(
/home1/sajan_rg/graphormer_eval/new_experiments/graph_exp_new/data.py:138: RuntimeWarning: k >= N for N * N square matrix. Attempting to use scipy.linalg.eigh instead.
  eigenvalues, eigenvectors = eigsh(
/home1/sajan_rg/graphormer_eval/new_experiments/graph_exp_new/data.py:138: RuntimeWarning: k >= N for N * N square matrix. Attempting to use scipy.linalg.eigh instead.
  eigenvalues, eigenvectors = eigsh(
/home1/sajan_rg/graphormer_eval/new_experiments/graph_exp_new/data.py:138: RuntimeWarning: k >= N for N * N square matrix. Attempting to use scipy.linalg.eigh instead.
  eigenvalues, eigenvectors = eigsh(
/home1/sajan_rg/graphormer_eval/new_experiments/graph_exp_new/data.py:138: RuntimeWarning: k >= N for N * N square matrix. Attempting to use scipy.linalg.eigh instead.
  eigenvalues, eigenvectors = eigsh(
/home1/sajan_rg/graphormer_eval/new_experiments/graph_exp_new/data.py:138: RuntimeWarning: k >= N for N * N square matrix. Attempting to use scipy.linalg.eigh instead.
  eigenvalues, eigenvectors = eigsh(
/home1/sajan_rg/graphormer_eval/new_experiments/graph_exp_new/data.py:138: RuntimeWarning: k >= N for N * N square matrix. Attempting to use scipy.linalg.eigh instead.
  eigenvalues, eigenvectors = eigsh(
Epoch 165/200 [281.1s mem=23086MB] proxies=ON | train_loss=0.1392 mmd=0.0000 train_AP=0.6910 | val_loss=0.6912 val_AP=0.5832 | test_loss=0.8255 test_AP=0.5761
/home1/sajan_rg/graphormer_eval/new_experiments/graph_exp_new/data.py:138: RuntimeWarning: k >= N for N * N square matrix. Attempting to use scipy.linalg.eigh instead.
  eigenvalues, eigenvectors = eigsh(
/home1/sajan_rg/graphormer_eval/new_experiments/graph_exp_new/data.py:138: RuntimeWarning: k >= N for N * N square matrix. Attempting to use scipy.linalg.eigh instead.
  eigenvalues, eigenvectors = eigsh(
/home1/sajan_rg/graphormer_eval/new_experiments/graph_exp_new/data.py:138: RuntimeWarning: k >= N for N * N square matrix. Attempting to use scipy.linalg.eigh instead.
  eigenvalues, eigenvectors = eigsh(
/home1/sajan_rg/graphormer_eval/new_experiments/graph_exp_new/data.py:138: RuntimeWarning: k >= N for N * N square matrix. Attempting to use scipy.linalg.eigh instead.
  eigenvalues, eigenvectors = eigsh(
/home1/sajan_rg/graphormer_eval/new_experiments/graph_exp_new/data.py:138: RuntimeWarning: k >= N for N * N square matrix. Attempting to use scipy.linalg.eigh instead.
  eigenvalues, eigenvectors = eigsh(
/home1/sajan_rg/graphormer_eval/new_experiments/graph_exp_new/data.py:138: RuntimeWarning: k >= N for N * N square matrix. Attempting to use scipy.linalg.eigh instead.
  eigenvalues, eigenvectors = eigsh(
/home1/sajan_rg/graphormer_eval/new_experiments/graph_exp_new/data.py:138: RuntimeWarning: k >= N for N * N square matrix. Attempting to use scipy.linalg.eigh instead.
  eigenvalues, eigenvectors = eigsh(
/home1/sajan_rg/graphormer_eval/new_experiments/graph_exp_new/data.py:138: RuntimeWarning: k >= N for N * N square matrix. Attempting to use scipy.linalg.eigh instead.
  eigenvalues, eigenvectors = eigsh(
/home1/sajan_rg/graphormer_eval/new_experiments/graph_exp_new/data.py:138: RuntimeWarning: k >= N for N * N square matrix. Attempting to use scipy.linalg.eigh instead.
  eigenvalues, eigenvectors = eigsh(
/home1/sajan_rg/graphormer_eval/new_experiments/graph_exp_new/data.py:138: RuntimeWarning: k >= N for N * N square matrix. Attempting to use scipy.linalg.eigh instead.
  eigenvalues, eigenvectors = eigsh(
/home1/sajan_rg/graphormer_eval/new_experiments/graph_exp_new/data.py:138: RuntimeWarning: k >= N for N * N square matrix. Attempting to use scipy.linalg.eigh instead.
  eigenvalues, eigenvectors = eigsh(
/home1/sajan_rg/graphormer_eval/new_experiments/graph_exp_new/data.py:138: RuntimeWarning: k >= N for N * N square matrix. Attempting to use scipy.linalg.eigh instead.
  eigenvalues, eigenvectors = eigsh(
Epoch 166/200 [292.2s mem=23084MB] proxies=ON | train_loss=0.1397 mmd=0.0000 train_AP=0.6928 | val_loss=0.6664 val_AP=0.5804 | test_loss=0.7933 test_AP=0.5788
/home1/sajan_rg/graphormer_eval/new_experiments/graph_exp_new/data.py:138: RuntimeWarning: k >= N for N * N square matrix. Attempting to use scipy.linalg.eigh instead.
  eigenvalues, eigenvectors = eigsh(
/home1/sajan_rg/graphormer_eval/new_experiments/graph_exp_new/data.py:138: RuntimeWarning: k >= N for N * N square matrix. Attempting to use scipy.linalg.eigh instead.
  eigenvalues, eigenvectors = eigsh(
/home1/sajan_rg/graphormer_eval/new_experiments/graph_exp_new/data.py:138: RuntimeWarning: k >= N for N * N square matrix. Attempting to use scipy.linalg.eigh instead.
  eigenvalues, eigenvectors = eigsh(
/home1/sajan_rg/graphormer_eval/new_experiments/graph_exp_new/data.py:138: RuntimeWarning: k >= N for N * N square matrix. Attempting to use scipy.linalg.eigh instead.
  eigenvalues, eigenvectors = eigsh(
/home1/sajan_rg/graphormer_eval/new_experiments/graph_exp_new/data.py:138: RuntimeWarning: k >= N for N * N square matrix. Attempting to use scipy.linalg.eigh instead.
  eigenvalues, eigenvectors = eigsh(
/home1/sajan_rg/graphormer_eval/new_experiments/graph_exp_new/data.py:138: RuntimeWarning: k >= N for N * N square matrix. Attempting to use scipy.linalg.eigh instead.
  eigenvalues, eigenvectors = eigsh(
/home1/sajan_rg/graphormer_eval/new_experiments/graph_exp_new/data.py:138: RuntimeWarning: k >= N for N * N square matrix. Attempting to use scipy.linalg.eigh instead.
  eigenvalues, eigenvectors = eigsh(
/home1/sajan_rg/graphormer_eval/new_experiments/graph_exp_new/data.py:138: RuntimeWarning: k >= N for N * N square matrix. Attempting to use scipy.linalg.eigh instead.
  eigenvalues, eigenvectors = eigsh(
/home1/sajan_rg/graphormer_eval/new_experiments/graph_exp_new/data.py:138: RuntimeWarning: k >= N for N * N square matrix. Attempting to use scipy.linalg.eigh instead.
  eigenvalues, eigenvectors = eigsh(
/home1/sajan_rg/graphormer_eval/new_experiments/graph_exp_new/data.py:138: RuntimeWarning: k >= N for N * N square matrix. Attempting to use scipy.linalg.eigh instead.
  eigenvalues, eigenvectors = eigsh(
/home1/sajan_rg/graphormer_eval/new_experiments/graph_exp_new/data.py:138: RuntimeWarning: k >= N for N * N square matrix. Attempting to use scipy.linalg.eigh instead.
  eigenvalues, eigenvectors = eigsh(
/home1/sajan_rg/graphormer_eval/new_experiments/graph_exp_new/data.py:138: RuntimeWarning: k >= N for N * N square matrix. Attempting to use scipy.linalg.eigh instead.
  eigenvalues, eigenvectors = eigsh(
Epoch 167/200 [283.1s mem=23092MB] proxies=ON | train_loss=0.1374 mmd=0.0000 train_AP=0.6915 | val_loss=0.7156 val_AP=0.5757 | test_loss=0.8402 test_AP=0.5789
/home1/sajan_rg/graphormer_eval/new_experiments/graph_exp_new/data.py:138: RuntimeWarning: k >= N for N * N square matrix. Attempting to use scipy.linalg.eigh instead.
  eigenvalues, eigenvectors = eigsh(
/home1/sajan_rg/graphormer_eval/new_experiments/graph_exp_new/data.py:138: RuntimeWarning: k >= N for N * N square matrix. Attempting to use scipy.linalg.eigh instead.
  eigenvalues, eigenvectors = eigsh(
/home1/sajan_rg/graphormer_eval/new_experiments/graph_exp_new/data.py:138: RuntimeWarning: k >= N for N * N square matrix. Attempting to use scipy.linalg.eigh instead.
  eigenvalues, eigenvectors = eigsh(
/home1/sajan_rg/graphormer_eval/new_experiments/graph_exp_new/data.py:138: RuntimeWarning: k >= N for N * N square matrix. Attempting to use scipy.linalg.eigh instead.
  eigenvalues, eigenvectors = eigsh(
/home1/sajan_rg/graphormer_eval/new_experiments/graph_exp_new/data.py:138: RuntimeWarning: k >= N for N * N square matrix. Attempting to use scipy.linalg.eigh instead.
  eigenvalues, eigenvectors = eigsh(
/home1/sajan_rg/graphormer_eval/new_experiments/graph_exp_new/data.py:138: RuntimeWarning: k >= N for N * N square matrix. Attempting to use scipy.linalg.eigh instead.
  eigenvalues, eigenvectors = eigsh(
/home1/sajan_rg/graphormer_eval/new_experiments/graph_exp_new/data.py:138: RuntimeWarning: k >= N for N * N square matrix. Attempting to use scipy.linalg.eigh instead.
  eigenvalues, eigenvectors = eigsh(
/home1/sajan_rg/graphormer_eval/new_experiments/graph_exp_new/data.py:138: RuntimeWarning: k >= N for N * N square matrix. Attempting to use scipy.linalg.eigh instead.
  eigenvalues, eigenvectors = eigsh(
/home1/sajan_rg/graphormer_eval/new_experiments/graph_exp_new/data.py:138: RuntimeWarning: k >= N for N * N square matrix. Attempting to use scipy.linalg.eigh instead.
  eigenvalues, eigenvectors = eigsh(
/home1/sajan_rg/graphormer_eval/new_experiments/graph_exp_new/data.py:138: RuntimeWarning: k >= N for N * N square matrix. Attempting to use scipy.linalg.eigh instead.
  eigenvalues, eigenvectors = eigsh(
/home1/sajan_rg/graphormer_eval/new_experiments/graph_exp_new/data.py:138: RuntimeWarning: k >= N for N * N square matrix. Attempting to use scipy.linalg.eigh instead.
  eigenvalues, eigenvectors = eigsh(
/home1/sajan_rg/graphormer_eval/new_experiments/graph_exp_new/data.py:138: RuntimeWarning: k >= N for N * N square matrix. Attempting to use scipy.linalg.eigh instead.
  eigenvalues, eigenvectors = eigsh(
Epoch 168/200 [294.3s mem=23096MB] proxies=ON | train_loss=0.1372 mmd=0.0000 train_AP=0.6911 | val_loss=0.7210 val_AP=0.5788 | test_loss=0.8362 test_AP=0.5774
/home1/sajan_rg/graphormer_eval/new_experiments/graph_exp_new/data.py:138: RuntimeWarning: k >= N for N * N square matrix. Attempting to use scipy.linalg.eigh instead.
  eigenvalues, eigenvectors = eigsh(
/home1/sajan_rg/graphormer_eval/new_experiments/graph_exp_new/data.py:138: RuntimeWarning: k >= N for N * N square matrix. Attempting to use scipy.linalg.eigh instead.
  eigenvalues, eigenvectors = eigsh(
/home1/sajan_rg/graphormer_eval/new_experiments/graph_exp_new/data.py:138: RuntimeWarning: k >= N for N * N square matrix. Attempting to use scipy.linalg.eigh instead.
  eigenvalues, eigenvectors = eigsh(
/home1/sajan_rg/graphormer_eval/new_experiments/graph_exp_new/data.py:138: RuntimeWarning: k >= N for N * N square matrix. Attempting to use scipy.linalg.eigh instead.
  eigenvalues, eigenvectors = eigsh(
/home1/sajan_rg/graphormer_eval/new_experiments/graph_exp_new/data.py:138: RuntimeWarning: k >= N for N * N square matrix. Attempting to use scipy.linalg.eigh instead.
  eigenvalues, eigenvectors = eigsh(
/home1/sajan_rg/graphormer_eval/new_experiments/graph_exp_new/data.py:138: RuntimeWarning: k >= N for N * N square matrix. Attempting to use scipy.linalg.eigh instead.
  eigenvalues, eigenvectors = eigsh(
/home1/sajan_rg/graphormer_eval/new_experiments/graph_exp_new/data.py:138: RuntimeWarning: k >= N for N * N square matrix. Attempting to use scipy.linalg.eigh instead.
  eigenvalues, eigenvectors = eigsh(
/home1/sajan_rg/graphormer_eval/new_experiments/graph_exp_new/data.py:138: RuntimeWarning: k >= N for N * N square matrix. Attempting to use scipy.linalg.eigh instead.
  eigenvalues, eigenvectors = eigsh(
/home1/sajan_rg/graphormer_eval/new_experiments/graph_exp_new/data.py:138: RuntimeWarning: k >= N for N * N square matrix. Attempting to use scipy.linalg.eigh instead.
  eigenvalues, eigenvectors = eigsh(
/home1/sajan_rg/graphormer_eval/new_experiments/graph_exp_new/data.py:138: RuntimeWarning: k >= N for N * N square matrix. Attempting to use scipy.linalg.eigh instead.
  eigenvalues, eigenvectors = eigsh(
/home1/sajan_rg/graphormer_eval/new_experiments/graph_exp_new/data.py:138: RuntimeWarning: k >= N for N * N square matrix. Attempting to use scipy.linalg.eigh instead.
  eigenvalues, eigenvectors = eigsh(
/home1/sajan_rg/graphormer_eval/new_experiments/graph_exp_new/data.py:138: RuntimeWarning: k >= N for N * N square matrix. Attempting to use scipy.linalg.eigh instead.
  eigenvalues, eigenvectors = eigsh(
Epoch 169/200 [292.0s mem=23094MB] proxies=ON | train_loss=0.1373 mmd=0.0000 train_AP=0.6929 | val_loss=0.7140 val_AP=0.5833 | test_loss=0.8420 test_AP=0.5777
/home1/sajan_rg/graphormer_eval/new_experiments/graph_exp_new/data.py:138: RuntimeWarning: k >= N for N * N square matrix. Attempting to use scipy.linalg.eigh instead.
  eigenvalues, eigenvectors = eigsh(
/home1/sajan_rg/graphormer_eval/new_experiments/graph_exp_new/data.py:138: RuntimeWarning: k >= N for N * N square matrix. Attempting to use scipy.linalg.eigh instead.
  eigenvalues, eigenvectors = eigsh(
/home1/sajan_rg/graphormer_eval/new_experiments/graph_exp_new/data.py:138: RuntimeWarning: k >= N for N * N square matrix. Attempting to use scipy.linalg.eigh instead.
  eigenvalues, eigenvectors = eigsh(
/home1/sajan_rg/graphormer_eval/new_experiments/graph_exp_new/data.py:138: RuntimeWarning: k >= N for N * N square matrix. Attempting to use scipy.linalg.eigh instead.
  eigenvalues, eigenvectors = eigsh(
/home1/sajan_rg/graphormer_eval/new_experiments/graph_exp_new/data.py:138: RuntimeWarning: k >= N for N * N square matrix. Attempting to use scipy.linalg.eigh instead.
  eigenvalues, eigenvectors = eigsh(
/home1/sajan_rg/graphormer_eval/new_experiments/graph_exp_new/data.py:138: RuntimeWarning: k >= N for N * N square matrix. Attempting to use scipy.linalg.eigh instead.
  eigenvalues, eigenvectors = eigsh(
/home1/sajan_rg/graphormer_eval/new_experiments/graph_exp_new/data.py:138: RuntimeWarning: k >= N for N * N square matrix. Attempting to use scipy.linalg.eigh instead.
  eigenvalues, eigenvectors = eigsh(
/home1/sajan_rg/graphormer_eval/new_experiments/graph_exp_new/data.py:138: RuntimeWarning: k >= N for N * N square matrix. Attempting to use scipy.linalg.eigh instead.
  eigenvalues, eigenvectors = eigsh(
/home1/sajan_rg/graphormer_eval/new_experiments/graph_exp_new/data.py:138: RuntimeWarning: k >= N for N * N square matrix. Attempting to use scipy.linalg.eigh instead.
  eigenvalues, eigenvectors = eigsh(
/home1/sajan_rg/graphormer_eval/new_experiments/graph_exp_new/data.py:138: RuntimeWarning: k >= N for N * N square matrix. Attempting to use scipy.linalg.eigh instead.
  eigenvalues, eigenvectors = eigsh(
/home1/sajan_rg/graphormer_eval/new_experiments/graph_exp_new/data.py:138: RuntimeWarning: k >= N for N * N square matrix. Attempting to use scipy.linalg.eigh instead.
  eigenvalues, eigenvectors = eigsh(
/home1/sajan_rg/graphormer_eval/new_experiments/graph_exp_new/data.py:138: RuntimeWarning: k >= N for N * N square matrix. Attempting to use scipy.linalg.eigh instead.
  eigenvalues, eigenvectors = eigsh(
Epoch 170/200 [283.8s mem=23084MB] proxies=ON | train_loss=0.1376 mmd=0.0000 train_AP=0.6917 | val_loss=0.7459 val_AP=0.5821 | test_loss=0.8655 test_AP=0.5790
/home1/sajan_rg/graphormer_eval/new_experiments/graph_exp_new/data.py:138: RuntimeWarning: k >= N for N * N square matrix. Attempting to use scipy.linalg.eigh instead.
  eigenvalues, eigenvectors = eigsh(
/home1/sajan_rg/graphormer_eval/new_experiments/graph_exp_new/data.py:138: RuntimeWarning: k >= N for N * N square matrix. Attempting to use scipy.linalg.eigh instead.
  eigenvalues, eigenvectors = eigsh(
/home1/sajan_rg/graphormer_eval/new_experiments/graph_exp_new/data.py:138: RuntimeWarning: k >= N for N * N square matrix. Attempting to use scipy.linalg.eigh instead.
  eigenvalues, eigenvectors = eigsh(
/home1/sajan_rg/graphormer_eval/new_experiments/graph_exp_new/data.py:138: RuntimeWarning: k >= N for N * N square matrix. Attempting to use scipy.linalg.eigh instead.
  eigenvalues, eigenvectors = eigsh(
/home1/sajan_rg/graphormer_eval/new_experiments/graph_exp_new/data.py:138: RuntimeWarning: k >= N for N * N square matrix. Attempting to use scipy.linalg.eigh instead.
  eigenvalues, eigenvectors = eigsh(
/home1/sajan_rg/graphormer_eval/new_experiments/graph_exp_new/data.py:138: RuntimeWarning: k >= N for N * N square matrix. Attempting to use scipy.linalg.eigh instead.
  eigenvalues, eigenvectors = eigsh(
/home1/sajan_rg/graphormer_eval/new_experiments/graph_exp_new/data.py:138: RuntimeWarning: k >= N for N * N square matrix. Attempting to use scipy.linalg.eigh instead.
  eigenvalues, eigenvectors = eigsh(
/home1/sajan_rg/graphormer_eval/new_experiments/graph_exp_new/data.py:138: RuntimeWarning: k >= N for N * N square matrix. Attempting to use scipy.linalg.eigh instead.
  eigenvalues, eigenvectors = eigsh(
/home1/sajan_rg/graphormer_eval/new_experiments/graph_exp_new/data.py:138: RuntimeWarning: k >= N for N * N square matrix. Attempting to use scipy.linalg.eigh instead.
  eigenvalues, eigenvectors = eigsh(
/home1/sajan_rg/graphormer_eval/new_experiments/graph_exp_new/data.py:138: RuntimeWarning: k >= N for N * N square matrix. Attempting to use scipy.linalg.eigh instead.
  eigenvalues, eigenvectors = eigsh(
/home1/sajan_rg/graphormer_eval/new_experiments/graph_exp_new/data.py:138: RuntimeWarning: k >= N for N * N square matrix. Attempting to use scipy.linalg.eigh instead.
  eigenvalues, eigenvectors = eigsh(
/home1/sajan_rg/graphormer_eval/new_experiments/graph_exp_new/data.py:138: RuntimeWarning: k >= N for N * N square matrix. Attempting to use scipy.linalg.eigh instead.
  eigenvalues, eigenvectors = eigsh(
Epoch 171/200 [282.6s mem=23086MB] proxies=ON | train_loss=0.1357 mmd=0.0000 train_AP=0.6953 | val_loss=0.7727 val_AP=0.5744 | test_loss=0.8921 test_AP=0.5737
/home1/sajan_rg/graphormer_eval/new_experiments/graph_exp_new/data.py:138: RuntimeWarning: k >= N for N * N square matrix. Attempting to use scipy.linalg.eigh instead.
  eigenvalues, eigenvectors = eigsh(
/home1/sajan_rg/graphormer_eval/new_experiments/graph_exp_new/data.py:138: RuntimeWarning: k >= N for N * N square matrix. Attempting to use scipy.linalg.eigh instead.
  eigenvalues, eigenvectors = eigsh(
/home1/sajan_rg/graphormer_eval/new_experiments/graph_exp_new/data.py:138: RuntimeWarning: k >= N for N * N square matrix. Attempting to use scipy.linalg.eigh instead.
  eigenvalues, eigenvectors = eigsh(
/home1/sajan_rg/graphormer_eval/new_experiments/graph_exp_new/data.py:138: RuntimeWarning: k >= N for N * N square matrix. Attempting to use scipy.linalg.eigh instead.
  eigenvalues, eigenvectors = eigsh(
/home1/sajan_rg/graphormer_eval/new_experiments/graph_exp_new/data.py:138: RuntimeWarning: k >= N for N * N square matrix. Attempting to use scipy.linalg.eigh instead.
  eigenvalues, eigenvectors = eigsh(
/home1/sajan_rg/graphormer_eval/new_experiments/graph_exp_new/data.py:138: RuntimeWarning: k >= N for N * N square matrix. Attempting to use scipy.linalg.eigh instead.
  eigenvalues, eigenvectors = eigsh(
/home1/sajan_rg/graphormer_eval/new_experiments/graph_exp_new/data.py:138: RuntimeWarning: k >= N for N * N square matrix. Attempting to use scipy.linalg.eigh instead.
  eigenvalues, eigenvectors = eigsh(
/home1/sajan_rg/graphormer_eval/new_experiments/graph_exp_new/data.py:138: RuntimeWarning: k >= N for N * N square matrix. Attempting to use scipy.linalg.eigh instead.
  eigenvalues, eigenvectors = eigsh(
/home1/sajan_rg/graphormer_eval/new_experiments/graph_exp_new/data.py:138: RuntimeWarning: k >= N for N * N square matrix. Attempting to use scipy.linalg.eigh instead.
  eigenvalues, eigenvectors = eigsh(
/home1/sajan_rg/graphormer_eval/new_experiments/graph_exp_new/data.py:138: RuntimeWarning: k >= N for N * N square matrix. Attempting to use scipy.linalg.eigh instead.
  eigenvalues, eigenvectors = eigsh(
/home1/sajan_rg/graphormer_eval/new_experiments/graph_exp_new/data.py:138: RuntimeWarning: k >= N for N * N square matrix. Attempting to use scipy.linalg.eigh instead.
  eigenvalues, eigenvectors = eigsh(
/home1/sajan_rg/graphormer_eval/new_experiments/graph_exp_new/data.py:138: RuntimeWarning: k >= N for N * N square matrix. Attempting to use scipy.linalg.eigh instead.
  eigenvalues, eigenvectors = eigsh(
Epoch 172/200 [286.2s mem=23096MB] proxies=ON | train_loss=0.1365 mmd=0.0000 train_AP=0.6935 | val_loss=0.7568 val_AP=0.5763 | test_loss=0.8840 test_AP=0.5813
/home1/sajan_rg/graphormer_eval/new_experiments/graph_exp_new/data.py:138: RuntimeWarning: k >= N for N * N square matrix. Attempting to use scipy.linalg.eigh instead.
  eigenvalues, eigenvectors = eigsh(
/home1/sajan_rg/graphormer_eval/new_experiments/graph_exp_new/data.py:138: RuntimeWarning: k >= N for N * N square matrix. Attempting to use scipy.linalg.eigh instead.
  eigenvalues, eigenvectors = eigsh(
/home1/sajan_rg/graphormer_eval/new_experiments/graph_exp_new/data.py:138: RuntimeWarning: k >= N for N * N square matrix. Attempting to use scipy.linalg.eigh instead.
  eigenvalues, eigenvectors = eigsh(
/home1/sajan_rg/graphormer_eval/new_experiments/graph_exp_new/data.py:138: RuntimeWarning: k >= N for N * N square matrix. Attempting to use scipy.linalg.eigh instead.
  eigenvalues, eigenvectors = eigsh(
/home1/sajan_rg/graphormer_eval/new_experiments/graph_exp_new/data.py:138: RuntimeWarning: k >= N for N * N square matrix. Attempting to use scipy.linalg.eigh instead.
  eigenvalues, eigenvectors = eigsh(
/home1/sajan_rg/graphormer_eval/new_experiments/graph_exp_new/data.py:138: RuntimeWarning: k >= N for N * N square matrix. Attempting to use scipy.linalg.eigh instead.
  eigenvalues, eigenvectors = eigsh(
/home1/sajan_rg/graphormer_eval/new_experiments/graph_exp_new/data.py:138: RuntimeWarning: k >= N for N * N square matrix. Attempting to use scipy.linalg.eigh instead.
  eigenvalues, eigenvectors = eigsh(
/home1/sajan_rg/graphormer_eval/new_experiments/graph_exp_new/data.py:138: RuntimeWarning: k >= N for N * N square matrix. Attempting to use scipy.linalg.eigh instead.
  eigenvalues, eigenvectors = eigsh(
/home1/sajan_rg/graphormer_eval/new_experiments/graph_exp_new/data.py:138: RuntimeWarning: k >= N for N * N square matrix. Attempting to use scipy.linalg.eigh instead.
  eigenvalues, eigenvectors = eigsh(
/home1/sajan_rg/graphormer_eval/new_experiments/graph_exp_new/data.py:138: RuntimeWarning: k >= N for N * N square matrix. Attempting to use scipy.linalg.eigh instead.
  eigenvalues, eigenvectors = eigsh(
/home1/sajan_rg/graphormer_eval/new_experiments/graph_exp_new/data.py:138: RuntimeWarning: k >= N for N * N square matrix. Attempting to use scipy.linalg.eigh instead.
  eigenvalues, eigenvectors = eigsh(
/home1/sajan_rg/graphormer_eval/new_experiments/graph_exp_new/data.py:138: RuntimeWarning: k >= N for N * N square matrix. Attempting to use scipy.linalg.eigh instead.
  eigenvalues, eigenvectors = eigsh(
Epoch 173/200 [284.6s mem=23080MB] proxies=ON | train_loss=0.1377 mmd=0.0000 train_AP=0.6900 | val_loss=0.7708 val_AP=0.5762 | test_loss=0.8808 test_AP=0.5754
/home1/sajan_rg/graphormer_eval/new_experiments/graph_exp_new/data.py:138: RuntimeWarning: k >= N for N * N square matrix. Attempting to use scipy.linalg.eigh instead.
  eigenvalues, eigenvectors = eigsh(
/home1/sajan_rg/graphormer_eval/new_experiments/graph_exp_new/data.py:138: RuntimeWarning: k >= N for N * N square matrix. Attempting to use scipy.linalg.eigh instead.
  eigenvalues, eigenvectors = eigsh(
/home1/sajan_rg/graphormer_eval/new_experiments/graph_exp_new/data.py:138: RuntimeWarning: k >= N for N * N square matrix. Attempting to use scipy.linalg.eigh instead.
  eigenvalues, eigenvectors = eigsh(
/home1/sajan_rg/graphormer_eval/new_experiments/graph_exp_new/data.py:138: RuntimeWarning: k >= N for N * N square matrix. Attempting to use scipy.linalg.eigh instead.
  eigenvalues, eigenvectors = eigsh(
/home1/sajan_rg/graphormer_eval/new_experiments/graph_exp_new/data.py:138: RuntimeWarning: k >= N for N * N square matrix. Attempting to use scipy.linalg.eigh instead.
  eigenvalues, eigenvectors = eigsh(
/home1/sajan_rg/graphormer_eval/new_experiments/graph_exp_new/data.py:138: RuntimeWarning: k >= N for N * N square matrix. Attempting to use scipy.linalg.eigh instead.
  eigenvalues, eigenvectors = eigsh(
/home1/sajan_rg/graphormer_eval/new_experiments/graph_exp_new/data.py:138: RuntimeWarning: k >= N for N * N square matrix. Attempting to use scipy.linalg.eigh instead.
  eigenvalues, eigenvectors = eigsh(
/home1/sajan_rg/graphormer_eval/new_experiments/graph_exp_new/data.py:138: RuntimeWarning: k >= N for N * N square matrix. Attempting to use scipy.linalg.eigh instead.
  eigenvalues, eigenvectors = eigsh(
/home1/sajan_rg/graphormer_eval/new_experiments/graph_exp_new/data.py:138: RuntimeWarning: k >= N for N * N square matrix. Attempting to use scipy.linalg.eigh instead.
  eigenvalues, eigenvectors = eigsh(
/home1/sajan_rg/graphormer_eval/new_experiments/graph_exp_new/data.py:138: RuntimeWarning: k >= N for N * N square matrix. Attempting to use scipy.linalg.eigh instead.
  eigenvalues, eigenvectors = eigsh(
/home1/sajan_rg/graphormer_eval/new_experiments/graph_exp_new/data.py:138: RuntimeWarning: k >= N for N * N square matrix. Attempting to use scipy.linalg.eigh instead.
  eigenvalues, eigenvectors = eigsh(
/home1/sajan_rg/graphormer_eval/new_experiments/graph_exp_new/data.py:138: RuntimeWarning: k >= N for N * N square matrix. Attempting to use scipy.linalg.eigh instead.
  eigenvalues, eigenvectors = eigsh(
Epoch 174/200 [295.3s mem=23081MB] proxies=ON | train_loss=0.1366 mmd=0.0000 train_AP=0.6951 | val_loss=0.7284 val_AP=0.5785 | test_loss=0.8389 test_AP=0.5794
/home1/sajan_rg/graphormer_eval/new_experiments/graph_exp_new/data.py:138: RuntimeWarning: k >= N for N * N square matrix. Attempting to use scipy.linalg.eigh instead.
  eigenvalues, eigenvectors = eigsh(
/home1/sajan_rg/graphormer_eval/new_experiments/graph_exp_new/data.py:138: RuntimeWarning: k >= N for N * N square matrix. Attempting to use scipy.linalg.eigh instead.
  eigenvalues, eigenvectors = eigsh(
/home1/sajan_rg/graphormer_eval/new_experiments/graph_exp_new/data.py:138: RuntimeWarning: k >= N for N * N square matrix. Attempting to use scipy.linalg.eigh instead.
  eigenvalues, eigenvectors = eigsh(
/home1/sajan_rg/graphormer_eval/new_experiments/graph_exp_new/data.py:138: RuntimeWarning: k >= N for N * N square matrix. Attempting to use scipy.linalg.eigh instead.
  eigenvalues, eigenvectors = eigsh(
/home1/sajan_rg/graphormer_eval/new_experiments/graph_exp_new/data.py:138: RuntimeWarning: k >= N for N * N square matrix. Attempting to use scipy.linalg.eigh instead.
  eigenvalues, eigenvectors = eigsh(
/home1/sajan_rg/graphormer_eval/new_experiments/graph_exp_new/data.py:138: RuntimeWarning: k >= N for N * N square matrix. Attempting to use scipy.linalg.eigh instead.
  eigenvalues, eigenvectors = eigsh(
/home1/sajan_rg/graphormer_eval/new_experiments/graph_exp_new/data.py:138: RuntimeWarning: k >= N for N * N square matrix. Attempting to use scipy.linalg.eigh instead.
  eigenvalues, eigenvectors = eigsh(
/home1/sajan_rg/graphormer_eval/new_experiments/graph_exp_new/data.py:138: RuntimeWarning: k >= N for N * N square matrix. Attempting to use scipy.linalg.eigh instead.
  eigenvalues, eigenvectors = eigsh(
/home1/sajan_rg/graphormer_eval/new_experiments/graph_exp_new/data.py:138: RuntimeWarning: k >= N for N * N square matrix. Attempting to use scipy.linalg.eigh instead.
  eigenvalues, eigenvectors = eigsh(
/home1/sajan_rg/graphormer_eval/new_experiments/graph_exp_new/data.py:138: RuntimeWarning: k >= N for N * N square matrix. Attempting to use scipy.linalg.eigh instead.
  eigenvalues, eigenvectors = eigsh(
/home1/sajan_rg/graphormer_eval/new_experiments/graph_exp_new/data.py:138: RuntimeWarning: k >= N for N * N square matrix. Attempting to use scipy.linalg.eigh instead.
  eigenvalues, eigenvectors = eigsh(
/home1/sajan_rg/graphormer_eval/new_experiments/graph_exp_new/data.py:138: RuntimeWarning: k >= N for N * N square matrix. Attempting to use scipy.linalg.eigh instead.
  eigenvalues, eigenvectors = eigsh(
Epoch 175/200 [290.8s mem=23085MB] proxies=ON | train_loss=0.1345 mmd=0.0000 train_AP=0.7014 | val_loss=0.7447 val_AP=0.5786 | test_loss=0.8613 test_AP=0.5810
/home1/sajan_rg/graphormer_eval/new_experiments/graph_exp_new/data.py:138: RuntimeWarning: k >= N for N * N square matrix. Attempting to use scipy.linalg.eigh instead.
  eigenvalues, eigenvectors = eigsh(
/home1/sajan_rg/graphormer_eval/new_experiments/graph_exp_new/data.py:138: RuntimeWarning: k >= N for N * N square matrix. Attempting to use scipy.linalg.eigh instead.
  eigenvalues, eigenvectors = eigsh(
/home1/sajan_rg/graphormer_eval/new_experiments/graph_exp_new/data.py:138: RuntimeWarning: k >= N for N * N square matrix. Attempting to use scipy.linalg.eigh instead.
  eigenvalues, eigenvectors = eigsh(
/home1/sajan_rg/graphormer_eval/new_experiments/graph_exp_new/data.py:138: RuntimeWarning: k >= N for N * N square matrix. Attempting to use scipy.linalg.eigh instead.
  eigenvalues, eigenvectors = eigsh(
/home1/sajan_rg/graphormer_eval/new_experiments/graph_exp_new/data.py:138: RuntimeWarning: k >= N for N * N square matrix. Attempting to use scipy.linalg.eigh instead.
  eigenvalues, eigenvectors = eigsh(
/home1/sajan_rg/graphormer_eval/new_experiments/graph_exp_new/data.py:138: RuntimeWarning: k >= N for N * N square matrix. Attempting to use scipy.linalg.eigh instead.
  eigenvalues, eigenvectors = eigsh(
/home1/sajan_rg/graphormer_eval/new_experiments/graph_exp_new/data.py:138: RuntimeWarning: k >= N for N * N square matrix. Attempting to use scipy.linalg.eigh instead.
  eigenvalues, eigenvectors = eigsh(
/home1/sajan_rg/graphormer_eval/new_experiments/graph_exp_new/data.py:138: RuntimeWarning: k >= N for N * N square matrix. Attempting to use scipy.linalg.eigh instead.
  eigenvalues, eigenvectors = eigsh(
/home1/sajan_rg/graphormer_eval/new_experiments/graph_exp_new/data.py:138: RuntimeWarning: k >= N for N * N square matrix. Attempting to use scipy.linalg.eigh instead.
  eigenvalues, eigenvectors = eigsh(
/home1/sajan_rg/graphormer_eval/new_experiments/graph_exp_new/data.py:138: RuntimeWarning: k >= N for N * N square matrix. Attempting to use scipy.linalg.eigh instead.
  eigenvalues, eigenvectors = eigsh(
/home1/sajan_rg/graphormer_eval/new_experiments/graph_exp_new/data.py:138: RuntimeWarning: k >= N for N * N square matrix. Attempting to use scipy.linalg.eigh instead.
  eigenvalues, eigenvectors = eigsh(
/home1/sajan_rg/graphormer_eval/new_experiments/graph_exp_new/data.py:138: RuntimeWarning: k >= N for N * N square matrix. Attempting to use scipy.linalg.eigh instead.
  eigenvalues, eigenvectors = eigsh(
Epoch 176/200 [296.0s mem=23086MB] proxies=ON | train_loss=0.1372 mmd=0.0000 train_AP=0.6984 | val_loss=0.6863 val_AP=0.5834 | test_loss=0.8118 test_AP=0.5816
/home1/sajan_rg/graphormer_eval/new_experiments/graph_exp_new/data.py:138: RuntimeWarning: k >= N for N * N square matrix. Attempting to use scipy.linalg.eigh instead.
  eigenvalues, eigenvectors = eigsh(
/home1/sajan_rg/graphormer_eval/new_experiments/graph_exp_new/data.py:138: RuntimeWarning: k >= N for N * N square matrix. Attempting to use scipy.linalg.eigh instead.
  eigenvalues, eigenvectors = eigsh(
/home1/sajan_rg/graphormer_eval/new_experiments/graph_exp_new/data.py:138: RuntimeWarning: k >= N for N * N square matrix. Attempting to use scipy.linalg.eigh instead.
  eigenvalues, eigenvectors = eigsh(
/home1/sajan_rg/graphormer_eval/new_experiments/graph_exp_new/data.py:138: RuntimeWarning: k >= N for N * N square matrix. Attempting to use scipy.linalg.eigh instead.
  eigenvalues, eigenvectors = eigsh(
/home1/sajan_rg/graphormer_eval/new_experiments/graph_exp_new/data.py:138: RuntimeWarning: k >= N for N * N square matrix. Attempting to use scipy.linalg.eigh instead.
  eigenvalues, eigenvectors = eigsh(
/home1/sajan_rg/graphormer_eval/new_experiments/graph_exp_new/data.py:138: RuntimeWarning: k >= N for N * N square matrix. Attempting to use scipy.linalg.eigh instead.
  eigenvalues, eigenvectors = eigsh(
/home1/sajan_rg/graphormer_eval/new_experiments/graph_exp_new/data.py:138: RuntimeWarning: k >= N for N * N square matrix. Attempting to use scipy.linalg.eigh instead.
  eigenvalues, eigenvectors = eigsh(
/home1/sajan_rg/graphormer_eval/new_experiments/graph_exp_new/data.py:138: RuntimeWarning: k >= N for N * N square matrix. Attempting to use scipy.linalg.eigh instead.
  eigenvalues, eigenvectors = eigsh(
/home1/sajan_rg/graphormer_eval/new_experiments/graph_exp_new/data.py:138: RuntimeWarning: k >= N for N * N square matrix. Attempting to use scipy.linalg.eigh instead.
  eigenvalues, eigenvectors = eigsh(
/home1/sajan_rg/graphormer_eval/new_experiments/graph_exp_new/data.py:138: RuntimeWarning: k >= N for N * N square matrix. Attempting to use scipy.linalg.eigh instead.
  eigenvalues, eigenvectors = eigsh(
/home1/sajan_rg/graphormer_eval/new_experiments/graph_exp_new/data.py:138: RuntimeWarning: k >= N for N * N square matrix. Attempting to use scipy.linalg.eigh instead.
  eigenvalues, eigenvectors = eigsh(
/home1/sajan_rg/graphormer_eval/new_experiments/graph_exp_new/data.py:138: RuntimeWarning: k >= N for N * N square matrix. Attempting to use scipy.linalg.eigh instead.
  eigenvalues, eigenvectors = eigsh(
Epoch 177/200 [293.8s mem=23100MB] proxies=ON | train_loss=0.1341 mmd=0.0000 train_AP=0.7015 | val_loss=0.7281 val_AP=0.5803 | test_loss=0.8429 test_AP=0.5783
/home1/sajan_rg/graphormer_eval/new_experiments/graph_exp_new/data.py:138: RuntimeWarning: k >= N for N * N square matrix. Attempting to use scipy.linalg.eigh instead.
  eigenvalues, eigenvectors = eigsh(
/home1/sajan_rg/graphormer_eval/new_experiments/graph_exp_new/data.py:138: RuntimeWarning: k >= N for N * N square matrix. Attempting to use scipy.linalg.eigh instead.
  eigenvalues, eigenvectors = eigsh(
/home1/sajan_rg/graphormer_eval/new_experiments/graph_exp_new/data.py:138: RuntimeWarning: k >= N for N * N square matrix. Attempting to use scipy.linalg.eigh instead.
  eigenvalues, eigenvectors = eigsh(
/home1/sajan_rg/graphormer_eval/new_experiments/graph_exp_new/data.py:138: RuntimeWarning: k >= N for N * N square matrix. Attempting to use scipy.linalg.eigh instead.
  eigenvalues, eigenvectors = eigsh(
/home1/sajan_rg/graphormer_eval/new_experiments/graph_exp_new/data.py:138: RuntimeWarning: k >= N for N * N square matrix. Attempting to use scipy.linalg.eigh instead.
  eigenvalues, eigenvectors = eigsh(
/home1/sajan_rg/graphormer_eval/new_experiments/graph_exp_new/data.py:138: RuntimeWarning: k >= N for N * N square matrix. Attempting to use scipy.linalg.eigh instead.
  eigenvalues, eigenvectors = eigsh(
/home1/sajan_rg/graphormer_eval/new_experiments/graph_exp_new/data.py:138: RuntimeWarning: k >= N for N * N square matrix. Attempting to use scipy.linalg.eigh instead.
  eigenvalues, eigenvectors = eigsh(
/home1/sajan_rg/graphormer_eval/new_experiments/graph_exp_new/data.py:138: RuntimeWarning: k >= N for N * N square matrix. Attempting to use scipy.linalg.eigh instead.
  eigenvalues, eigenvectors = eigsh(
/home1/sajan_rg/graphormer_eval/new_experiments/graph_exp_new/data.py:138: RuntimeWarning: k >= N for N * N square matrix. Attempting to use scipy.linalg.eigh instead.
  eigenvalues, eigenvectors = eigsh(
/home1/sajan_rg/graphormer_eval/new_experiments/graph_exp_new/data.py:138: RuntimeWarning: k >= N for N * N square matrix. Attempting to use scipy.linalg.eigh instead.
  eigenvalues, eigenvectors = eigsh(
/home1/sajan_rg/graphormer_eval/new_experiments/graph_exp_new/data.py:138: RuntimeWarning: k >= N for N * N square matrix. Attempting to use scipy.linalg.eigh instead.
  eigenvalues, eigenvectors = eigsh(
/home1/sajan_rg/graphormer_eval/new_experiments/graph_exp_new/data.py:138: RuntimeWarning: k >= N for N * N square matrix. Attempting to use scipy.linalg.eigh instead.
  eigenvalues, eigenvectors = eigsh(
Epoch 178/200 [282.6s mem=23079MB] proxies=ON | train_loss=0.1331 mmd=0.0000 train_AP=0.7049 | val_loss=0.7321 val_AP=0.5809 | test_loss=0.8564 test_AP=0.5792
/home1/sajan_rg/graphormer_eval/new_experiments/graph_exp_new/data.py:138: RuntimeWarning: k >= N for N * N square matrix. Attempting to use scipy.linalg.eigh instead.
  eigenvalues, eigenvectors = eigsh(
/home1/sajan_rg/graphormer_eval/new_experiments/graph_exp_new/data.py:138: RuntimeWarning: k >= N for N * N square matrix. Attempting to use scipy.linalg.eigh instead.
  eigenvalues, eigenvectors = eigsh(
/home1/sajan_rg/graphormer_eval/new_experiments/graph_exp_new/data.py:138: RuntimeWarning: k >= N for N * N square matrix. Attempting to use scipy.linalg.eigh instead.
  eigenvalues, eigenvectors = eigsh(
/home1/sajan_rg/graphormer_eval/new_experiments/graph_exp_new/data.py:138: RuntimeWarning: k >= N for N * N square matrix. Attempting to use scipy.linalg.eigh instead.
  eigenvalues, eigenvectors = eigsh(
/home1/sajan_rg/graphormer_eval/new_experiments/graph_exp_new/data.py:138: RuntimeWarning: k >= N for N * N square matrix. Attempting to use scipy.linalg.eigh instead.
  eigenvalues, eigenvectors = eigsh(
/home1/sajan_rg/graphormer_eval/new_experiments/graph_exp_new/data.py:138: RuntimeWarning: k >= N for N * N square matrix. Attempting to use scipy.linalg.eigh instead.
  eigenvalues, eigenvectors = eigsh(
/home1/sajan_rg/graphormer_eval/new_experiments/graph_exp_new/data.py:138: RuntimeWarning: k >= N for N * N square matrix. Attempting to use scipy.linalg.eigh instead.
  eigenvalues, eigenvectors = eigsh(
/home1/sajan_rg/graphormer_eval/new_experiments/graph_exp_new/data.py:138: RuntimeWarning: k >= N for N * N square matrix. Attempting to use scipy.linalg.eigh instead.
  eigenvalues, eigenvectors = eigsh(
/home1/sajan_rg/graphormer_eval/new_experiments/graph_exp_new/data.py:138: RuntimeWarning: k >= N for N * N square matrix. Attempting to use scipy.linalg.eigh instead.
  eigenvalues, eigenvectors = eigsh(
/home1/sajan_rg/graphormer_eval/new_experiments/graph_exp_new/data.py:138: RuntimeWarning: k >= N for N * N square matrix. Attempting to use scipy.linalg.eigh instead.
  eigenvalues, eigenvectors = eigsh(
/home1/sajan_rg/graphormer_eval/new_experiments/graph_exp_new/data.py:138: RuntimeWarning: k >= N for N * N square matrix. Attempting to use scipy.linalg.eigh instead.
  eigenvalues, eigenvectors = eigsh(
/home1/sajan_rg/graphormer_eval/new_experiments/graph_exp_new/data.py:138: RuntimeWarning: k >= N for N * N square matrix. Attempting to use scipy.linalg.eigh instead.
  eigenvalues, eigenvectors = eigsh(
Epoch 179/200 [279.3s mem=23095MB] proxies=ON | train_loss=0.1345 mmd=0.0000 train_AP=0.7019 | val_loss=0.7269 val_AP=0.5812 | test_loss=0.8493 test_AP=0.5808
/home1/sajan_rg/graphormer_eval/new_experiments/graph_exp_new/data.py:138: RuntimeWarning: k >= N for N * N square matrix. Attempting to use scipy.linalg.eigh instead.
  eigenvalues, eigenvectors = eigsh(
/home1/sajan_rg/graphormer_eval/new_experiments/graph_exp_new/data.py:138: RuntimeWarning: k >= N for N * N square matrix. Attempting to use scipy.linalg.eigh instead.
  eigenvalues, eigenvectors = eigsh(
/home1/sajan_rg/graphormer_eval/new_experiments/graph_exp_new/data.py:138: RuntimeWarning: k >= N for N * N square matrix. Attempting to use scipy.linalg.eigh instead.
  eigenvalues, eigenvectors = eigsh(
/home1/sajan_rg/graphormer_eval/new_experiments/graph_exp_new/data.py:138: RuntimeWarning: k >= N for N * N square matrix. Attempting to use scipy.linalg.eigh instead.
  eigenvalues, eigenvectors = eigsh(
/home1/sajan_rg/graphormer_eval/new_experiments/graph_exp_new/data.py:138: RuntimeWarning: k >= N for N * N square matrix. Attempting to use scipy.linalg.eigh instead.
  eigenvalues, eigenvectors = eigsh(
/home1/sajan_rg/graphormer_eval/new_experiments/graph_exp_new/data.py:138: RuntimeWarning: k >= N for N * N square matrix. Attempting to use scipy.linalg.eigh instead.
  eigenvalues, eigenvectors = eigsh(
/home1/sajan_rg/graphormer_eval/new_experiments/graph_exp_new/data.py:138: RuntimeWarning: k >= N for N * N square matrix. Attempting to use scipy.linalg.eigh instead.
  eigenvalues, eigenvectors = eigsh(
/home1/sajan_rg/graphormer_eval/new_experiments/graph_exp_new/data.py:138: RuntimeWarning: k >= N for N * N square matrix. Attempting to use scipy.linalg.eigh instead.
  eigenvalues, eigenvectors = eigsh(
/home1/sajan_rg/graphormer_eval/new_experiments/graph_exp_new/data.py:138: RuntimeWarning: k >= N for N * N square matrix. Attempting to use scipy.linalg.eigh instead.
  eigenvalues, eigenvectors = eigsh(
/home1/sajan_rg/graphormer_eval/new_experiments/graph_exp_new/data.py:138: RuntimeWarning: k >= N for N * N square matrix. Attempting to use scipy.linalg.eigh instead.
  eigenvalues, eigenvectors = eigsh(
/home1/sajan_rg/graphormer_eval/new_experiments/graph_exp_new/data.py:138: RuntimeWarning: k >= N for N * N square matrix. Attempting to use scipy.linalg.eigh instead.
  eigenvalues, eigenvectors = eigsh(
/home1/sajan_rg/graphormer_eval/new_experiments/graph_exp_new/data.py:138: RuntimeWarning: k >= N for N * N square matrix. Attempting to use scipy.linalg.eigh instead.
  eigenvalues, eigenvectors = eigsh(
Epoch 180/200 [282.9s mem=23093MB] proxies=ON | train_loss=0.1339 mmd=0.0000 train_AP=0.7001 | val_loss=0.7010 val_AP=0.5829 | test_loss=0.8274 test_AP=0.5817
/home1/sajan_rg/graphormer_eval/new_experiments/graph_exp_new/data.py:138: RuntimeWarning: k >= N for N * N square matrix. Attempting to use scipy.linalg.eigh instead.
  eigenvalues, eigenvectors = eigsh(
/home1/sajan_rg/graphormer_eval/new_experiments/graph_exp_new/data.py:138: RuntimeWarning: k >= N for N * N square matrix. Attempting to use scipy.linalg.eigh instead.
  eigenvalues, eigenvectors = eigsh(
/home1/sajan_rg/graphormer_eval/new_experiments/graph_exp_new/data.py:138: RuntimeWarning: k >= N for N * N square matrix. Attempting to use scipy.linalg.eigh instead.
  eigenvalues, eigenvectors = eigsh(
/home1/sajan_rg/graphormer_eval/new_experiments/graph_exp_new/data.py:138: RuntimeWarning: k >= N for N * N square matrix. Attempting to use scipy.linalg.eigh instead.
  eigenvalues, eigenvectors = eigsh(
/home1/sajan_rg/graphormer_eval/new_experiments/graph_exp_new/data.py:138: RuntimeWarning: k >= N for N * N square matrix. Attempting to use scipy.linalg.eigh instead.
  eigenvalues, eigenvectors = eigsh(
/home1/sajan_rg/graphormer_eval/new_experiments/graph_exp_new/data.py:138: RuntimeWarning: k >= N for N * N square matrix. Attempting to use scipy.linalg.eigh instead.
  eigenvalues, eigenvectors = eigsh(
/home1/sajan_rg/graphormer_eval/new_experiments/graph_exp_new/data.py:138: RuntimeWarning: k >= N for N * N square matrix. Attempting to use scipy.linalg.eigh instead.
  eigenvalues, eigenvectors = eigsh(
/home1/sajan_rg/graphormer_eval/new_experiments/graph_exp_new/data.py:138: RuntimeWarning: k >= N for N * N square matrix. Attempting to use scipy.linalg.eigh instead.
  eigenvalues, eigenvectors = eigsh(
/home1/sajan_rg/graphormer_eval/new_experiments/graph_exp_new/data.py:138: RuntimeWarning: k >= N for N * N square matrix. Attempting to use scipy.linalg.eigh instead.
  eigenvalues, eigenvectors = eigsh(
/home1/sajan_rg/graphormer_eval/new_experiments/graph_exp_new/data.py:138: RuntimeWarning: k >= N for N * N square matrix. Attempting to use scipy.linalg.eigh instead.
  eigenvalues, eigenvectors = eigsh(
/home1/sajan_rg/graphormer_eval/new_experiments/graph_exp_new/data.py:138: RuntimeWarning: k >= N for N * N square matrix. Attempting to use scipy.linalg.eigh instead.
  eigenvalues, eigenvectors = eigsh(
/home1/sajan_rg/graphormer_eval/new_experiments/graph_exp_new/data.py:138: RuntimeWarning: k >= N for N * N square matrix. Attempting to use scipy.linalg.eigh instead.
  eigenvalues, eigenvectors = eigsh(
Epoch 181/200 [284.7s mem=23085MB] proxies=ON | train_loss=0.1344 mmd=0.0000 train_AP=0.7041 | val_loss=0.7041 val_AP=0.5811 | test_loss=0.8212 test_AP=0.5815
/home1/sajan_rg/graphormer_eval/new_experiments/graph_exp_new/data.py:138: RuntimeWarning: k >= N for N * N square matrix. Attempting to use scipy.linalg.eigh instead.
  eigenvalues, eigenvectors = eigsh(
/home1/sajan_rg/graphormer_eval/new_experiments/graph_exp_new/data.py:138: RuntimeWarning: k >= N for N * N square matrix. Attempting to use scipy.linalg.eigh instead.
  eigenvalues, eigenvectors = eigsh(
/home1/sajan_rg/graphormer_eval/new_experiments/graph_exp_new/data.py:138: RuntimeWarning: k >= N for N * N square matrix. Attempting to use scipy.linalg.eigh instead.
  eigenvalues, eigenvectors = eigsh(
/home1/sajan_rg/graphormer_eval/new_experiments/graph_exp_new/data.py:138: RuntimeWarning: k >= N for N * N square matrix. Attempting to use scipy.linalg.eigh instead.
  eigenvalues, eigenvectors = eigsh(
/home1/sajan_rg/graphormer_eval/new_experiments/graph_exp_new/data.py:138: RuntimeWarning: k >= N for N * N square matrix. Attempting to use scipy.linalg.eigh instead.
  eigenvalues, eigenvectors = eigsh(
/home1/sajan_rg/graphormer_eval/new_experiments/graph_exp_new/data.py:138: RuntimeWarning: k >= N for N * N square matrix. Attempting to use scipy.linalg.eigh instead.
  eigenvalues, eigenvectors = eigsh(
/home1/sajan_rg/graphormer_eval/new_experiments/graph_exp_new/data.py:138: RuntimeWarning: k >= N for N * N square matrix. Attempting to use scipy.linalg.eigh instead.
  eigenvalues, eigenvectors = eigsh(
/home1/sajan_rg/graphormer_eval/new_experiments/graph_exp_new/data.py:138: RuntimeWarning: k >= N for N * N square matrix. Attempting to use scipy.linalg.eigh instead.
  eigenvalues, eigenvectors = eigsh(
/home1/sajan_rg/graphormer_eval/new_experiments/graph_exp_new/data.py:138: RuntimeWarning: k >= N for N * N square matrix. Attempting to use scipy.linalg.eigh instead.
  eigenvalues, eigenvectors = eigsh(
/home1/sajan_rg/graphormer_eval/new_experiments/graph_exp_new/data.py:138: RuntimeWarning: k >= N for N * N square matrix. Attempting to use scipy.linalg.eigh instead.
  eigenvalues, eigenvectors = eigsh(
/home1/sajan_rg/graphormer_eval/new_experiments/graph_exp_new/data.py:138: RuntimeWarning: k >= N for N * N square matrix. Attempting to use scipy.linalg.eigh instead.
  eigenvalues, eigenvectors = eigsh(
/home1/sajan_rg/graphormer_eval/new_experiments/graph_exp_new/data.py:138: RuntimeWarning: k >= N for N * N square matrix. Attempting to use scipy.linalg.eigh instead.
  eigenvalues, eigenvectors = eigsh(
Epoch 182/200 [282.4s mem=23084MB] proxies=ON | train_loss=0.1335 mmd=0.0000 train_AP=0.7064 | val_loss=0.7282 val_AP=0.5817 | test_loss=0.8491 test_AP=0.5816
/home1/sajan_rg/graphormer_eval/new_experiments/graph_exp_new/data.py:138: RuntimeWarning: k >= N for N * N square matrix. Attempting to use scipy.linalg.eigh instead.
  eigenvalues, eigenvectors = eigsh(
/home1/sajan_rg/graphormer_eval/new_experiments/graph_exp_new/data.py:138: RuntimeWarning: k >= N for N * N square matrix. Attempting to use scipy.linalg.eigh instead.
  eigenvalues, eigenvectors = eigsh(
/home1/sajan_rg/graphormer_eval/new_experiments/graph_exp_new/data.py:138: RuntimeWarning: k >= N for N * N square matrix. Attempting to use scipy.linalg.eigh instead.
  eigenvalues, eigenvectors = eigsh(
/home1/sajan_rg/graphormer_eval/new_experiments/graph_exp_new/data.py:138: RuntimeWarning: k >= N for N * N square matrix. Attempting to use scipy.linalg.eigh instead.
  eigenvalues, eigenvectors = eigsh(
/home1/sajan_rg/graphormer_eval/new_experiments/graph_exp_new/data.py:138: RuntimeWarning: k >= N for N * N square matrix. Attempting to use scipy.linalg.eigh instead.
  eigenvalues, eigenvectors = eigsh(
/home1/sajan_rg/graphormer_eval/new_experiments/graph_exp_new/data.py:138: RuntimeWarning: k >= N for N * N square matrix. Attempting to use scipy.linalg.eigh instead.
  eigenvalues, eigenvectors = eigsh(
/home1/sajan_rg/graphormer_eval/new_experiments/graph_exp_new/data.py:138: RuntimeWarning: k >= N for N * N square matrix. Attempting to use scipy.linalg.eigh instead.
  eigenvalues, eigenvectors = eigsh(
/home1/sajan_rg/graphormer_eval/new_experiments/graph_exp_new/data.py:138: RuntimeWarning: k >= N for N * N square matrix. Attempting to use scipy.linalg.eigh instead.
  eigenvalues, eigenvectors = eigsh(
/home1/sajan_rg/graphormer_eval/new_experiments/graph_exp_new/data.py:138: RuntimeWarning: k >= N for N * N square matrix. Attempting to use scipy.linalg.eigh instead.
  eigenvalues, eigenvectors = eigsh(
/home1/sajan_rg/graphormer_eval/new_experiments/graph_exp_new/data.py:138: RuntimeWarning: k >= N for N * N square matrix. Attempting to use scipy.linalg.eigh instead.
  eigenvalues, eigenvectors = eigsh(
/home1/sajan_rg/graphormer_eval/new_experiments/graph_exp_new/data.py:138: RuntimeWarning: k >= N for N * N square matrix. Attempting to use scipy.linalg.eigh instead.
  eigenvalues, eigenvectors = eigsh(
/home1/sajan_rg/graphormer_eval/new_experiments/graph_exp_new/data.py:138: RuntimeWarning: k >= N for N * N square matrix. Attempting to use scipy.linalg.eigh instead.
  eigenvalues, eigenvectors = eigsh(
Epoch 183/200 [283.2s mem=23097MB] proxies=ON | train_loss=0.1338 mmd=0.0000 train_AP=0.7063 | val_loss=0.7094 val_AP=0.5793 | test_loss=0.8407 test_AP=0.5804
/home1/sajan_rg/graphormer_eval/new_experiments/graph_exp_new/data.py:138: RuntimeWarning: k >= N for N * N square matrix. Attempting to use scipy.linalg.eigh instead.
  eigenvalues, eigenvectors = eigsh(
/home1/sajan_rg/graphormer_eval/new_experiments/graph_exp_new/data.py:138: RuntimeWarning: k >= N for N * N square matrix. Attempting to use scipy.linalg.eigh instead.
  eigenvalues, eigenvectors = eigsh(
/home1/sajan_rg/graphormer_eval/new_experiments/graph_exp_new/data.py:138: RuntimeWarning: k >= N for N * N square matrix. Attempting to use scipy.linalg.eigh instead.
  eigenvalues, eigenvectors = eigsh(
/home1/sajan_rg/graphormer_eval/new_experiments/graph_exp_new/data.py:138: RuntimeWarning: k >= N for N * N square matrix. Attempting to use scipy.linalg.eigh instead.
  eigenvalues, eigenvectors = eigsh(
/home1/sajan_rg/graphormer_eval/new_experiments/graph_exp_new/data.py:138: RuntimeWarning: k >= N for N * N square matrix. Attempting to use scipy.linalg.eigh instead.
  eigenvalues, eigenvectors = eigsh(
/home1/sajan_rg/graphormer_eval/new_experiments/graph_exp_new/data.py:138: RuntimeWarning: k >= N for N * N square matrix. Attempting to use scipy.linalg.eigh instead.
  eigenvalues, eigenvectors = eigsh(
/home1/sajan_rg/graphormer_eval/new_experiments/graph_exp_new/data.py:138: RuntimeWarning: k >= N for N * N square matrix. Attempting to use scipy.linalg.eigh instead.
  eigenvalues, eigenvectors = eigsh(
/home1/sajan_rg/graphormer_eval/new_experiments/graph_exp_new/data.py:138: RuntimeWarning: k >= N for N * N square matrix. Attempting to use scipy.linalg.eigh instead.
  eigenvalues, eigenvectors = eigsh(
/home1/sajan_rg/graphormer_eval/new_experiments/graph_exp_new/data.py:138: RuntimeWarning: k >= N for N * N square matrix. Attempting to use scipy.linalg.eigh instead.
  eigenvalues, eigenvectors = eigsh(
/home1/sajan_rg/graphormer_eval/new_experiments/graph_exp_new/data.py:138: RuntimeWarning: k >= N for N * N square matrix. Attempting to use scipy.linalg.eigh instead.
  eigenvalues, eigenvectors = eigsh(
/home1/sajan_rg/graphormer_eval/new_experiments/graph_exp_new/data.py:138: RuntimeWarning: k >= N for N * N square matrix. Attempting to use scipy.linalg.eigh instead.
  eigenvalues, eigenvectors = eigsh(
/home1/sajan_rg/graphormer_eval/new_experiments/graph_exp_new/data.py:138: RuntimeWarning: k >= N for N * N square matrix. Attempting to use scipy.linalg.eigh instead.
  eigenvalues, eigenvectors = eigsh(
Epoch 184/200 [278.9s mem=23084MB] proxies=ON | train_loss=0.1324 mmd=0.0000 train_AP=0.7052 | val_loss=0.7051 val_AP=0.5817 | test_loss=0.8263 test_AP=0.5822
/home1/sajan_rg/graphormer_eval/new_experiments/graph_exp_new/data.py:138: RuntimeWarning: k >= N for N * N square matrix. Attempting to use scipy.linalg.eigh instead.
  eigenvalues, eigenvectors = eigsh(
/home1/sajan_rg/graphormer_eval/new_experiments/graph_exp_new/data.py:138: RuntimeWarning: k >= N for N * N square matrix. Attempting to use scipy.linalg.eigh instead.
  eigenvalues, eigenvectors = eigsh(
/home1/sajan_rg/graphormer_eval/new_experiments/graph_exp_new/data.py:138: RuntimeWarning: k >= N for N * N square matrix. Attempting to use scipy.linalg.eigh instead.
  eigenvalues, eigenvectors = eigsh(
/home1/sajan_rg/graphormer_eval/new_experiments/graph_exp_new/data.py:138: RuntimeWarning: k >= N for N * N square matrix. Attempting to use scipy.linalg.eigh instead.
  eigenvalues, eigenvectors = eigsh(
/home1/sajan_rg/graphormer_eval/new_experiments/graph_exp_new/data.py:138: RuntimeWarning: k >= N for N * N square matrix. Attempting to use scipy.linalg.eigh instead.
  eigenvalues, eigenvectors = eigsh(
/home1/sajan_rg/graphormer_eval/new_experiments/graph_exp_new/data.py:138: RuntimeWarning: k >= N for N * N square matrix. Attempting to use scipy.linalg.eigh instead.
  eigenvalues, eigenvectors = eigsh(
/home1/sajan_rg/graphormer_eval/new_experiments/graph_exp_new/data.py:138: RuntimeWarning: k >= N for N * N square matrix. Attempting to use scipy.linalg.eigh instead.
  eigenvalues, eigenvectors = eigsh(
/home1/sajan_rg/graphormer_eval/new_experiments/graph_exp_new/data.py:138: RuntimeWarning: k >= N for N * N square matrix. Attempting to use scipy.linalg.eigh instead.
  eigenvalues, eigenvectors = eigsh(
/home1/sajan_rg/graphormer_eval/new_experiments/graph_exp_new/data.py:138: RuntimeWarning: k >= N for N * N square matrix. Attempting to use scipy.linalg.eigh instead.
  eigenvalues, eigenvectors = eigsh(
/home1/sajan_rg/graphormer_eval/new_experiments/graph_exp_new/data.py:138: RuntimeWarning: k >= N for N * N square matrix. Attempting to use scipy.linalg.eigh instead.
  eigenvalues, eigenvectors = eigsh(
/home1/sajan_rg/graphormer_eval/new_experiments/graph_exp_new/data.py:138: RuntimeWarning: k >= N for N * N square matrix. Attempting to use scipy.linalg.eigh instead.
  eigenvalues, eigenvectors = eigsh(
/home1/sajan_rg/graphormer_eval/new_experiments/graph_exp_new/data.py:138: RuntimeWarning: k >= N for N * N square matrix. Attempting to use scipy.linalg.eigh instead.
  eigenvalues, eigenvectors = eigsh(
Epoch 185/200 [286.5s mem=23097MB] proxies=ON | train_loss=0.1333 mmd=0.0000 train_AP=0.7041 | val_loss=0.7278 val_AP=0.5796 | test_loss=0.8564 test_AP=0.5798
/home1/sajan_rg/graphormer_eval/new_experiments/graph_exp_new/data.py:138: RuntimeWarning: k >= N for N * N square matrix. Attempting to use scipy.linalg.eigh instead.
  eigenvalues, eigenvectors = eigsh(
/home1/sajan_rg/graphormer_eval/new_experiments/graph_exp_new/data.py:138: RuntimeWarning: k >= N for N * N square matrix. Attempting to use scipy.linalg.eigh instead.
  eigenvalues, eigenvectors = eigsh(
/home1/sajan_rg/graphormer_eval/new_experiments/graph_exp_new/data.py:138: RuntimeWarning: k >= N for N * N square matrix. Attempting to use scipy.linalg.eigh instead.
  eigenvalues, eigenvectors = eigsh(
/home1/sajan_rg/graphormer_eval/new_experiments/graph_exp_new/data.py:138: RuntimeWarning: k >= N for N * N square matrix. Attempting to use scipy.linalg.eigh instead.
  eigenvalues, eigenvectors = eigsh(
/home1/sajan_rg/graphormer_eval/new_experiments/graph_exp_new/data.py:138: RuntimeWarning: k >= N for N * N square matrix. Attempting to use scipy.linalg.eigh instead.
  eigenvalues, eigenvectors = eigsh(
/home1/sajan_rg/graphormer_eval/new_experiments/graph_exp_new/data.py:138: RuntimeWarning: k >= N for N * N square matrix. Attempting to use scipy.linalg.eigh instead.
  eigenvalues, eigenvectors = eigsh(
/home1/sajan_rg/graphormer_eval/new_experiments/graph_exp_new/data.py:138: RuntimeWarning: k >= N for N * N square matrix. Attempting to use scipy.linalg.eigh instead.
  eigenvalues, eigenvectors = eigsh(
/home1/sajan_rg/graphormer_eval/new_experiments/graph_exp_new/data.py:138: RuntimeWarning: k >= N for N * N square matrix. Attempting to use scipy.linalg.eigh instead.
  eigenvalues, eigenvectors = eigsh(
/home1/sajan_rg/graphormer_eval/new_experiments/graph_exp_new/data.py:138: RuntimeWarning: k >= N for N * N square matrix. Attempting to use scipy.linalg.eigh instead.
  eigenvalues, eigenvectors = eigsh(
/home1/sajan_rg/graphormer_eval/new_experiments/graph_exp_new/data.py:138: RuntimeWarning: k >= N for N * N square matrix. Attempting to use scipy.linalg.eigh instead.
  eigenvalues, eigenvectors = eigsh(
/home1/sajan_rg/graphormer_eval/new_experiments/graph_exp_new/data.py:138: RuntimeWarning: k >= N for N * N square matrix. Attempting to use scipy.linalg.eigh instead.
  eigenvalues, eigenvectors = eigsh(
/home1/sajan_rg/graphormer_eval/new_experiments/graph_exp_new/data.py:138: RuntimeWarning: k >= N for N * N square matrix. Attempting to use scipy.linalg.eigh instead.
  eigenvalues, eigenvectors = eigsh(
Epoch 186/200 [287.1s mem=23095MB] proxies=ON | train_loss=0.1333 mmd=0.0000 train_AP=0.7079 | val_loss=0.7281 val_AP=0.5804 | test_loss=0.8539 test_AP=0.5801
/home1/sajan_rg/graphormer_eval/new_experiments/graph_exp_new/data.py:138: RuntimeWarning: k >= N for N * N square matrix. Attempting to use scipy.linalg.eigh instead.
  eigenvalues, eigenvectors = eigsh(
/home1/sajan_rg/graphormer_eval/new_experiments/graph_exp_new/data.py:138: RuntimeWarning: k >= N for N * N square matrix. Attempting to use scipy.linalg.eigh instead.
  eigenvalues, eigenvectors = eigsh(
/home1/sajan_rg/graphormer_eval/new_experiments/graph_exp_new/data.py:138: RuntimeWarning: k >= N for N * N square matrix. Attempting to use scipy.linalg.eigh instead.
  eigenvalues, eigenvectors = eigsh(
/home1/sajan_rg/graphormer_eval/new_experiments/graph_exp_new/data.py:138: RuntimeWarning: k >= N for N * N square matrix. Attempting to use scipy.linalg.eigh instead.
  eigenvalues, eigenvectors = eigsh(
/home1/sajan_rg/graphormer_eval/new_experiments/graph_exp_new/data.py:138: RuntimeWarning: k >= N for N * N square matrix. Attempting to use scipy.linalg.eigh instead.
  eigenvalues, eigenvectors = eigsh(
/home1/sajan_rg/graphormer_eval/new_experiments/graph_exp_new/data.py:138: RuntimeWarning: k >= N for N * N square matrix. Attempting to use scipy.linalg.eigh instead.
  eigenvalues, eigenvectors = eigsh(
/home1/sajan_rg/graphormer_eval/new_experiments/graph_exp_new/data.py:138: RuntimeWarning: k >= N for N * N square matrix. Attempting to use scipy.linalg.eigh instead.
  eigenvalues, eigenvectors = eigsh(
/home1/sajan_rg/graphormer_eval/new_experiments/graph_exp_new/data.py:138: RuntimeWarning: k >= N for N * N square matrix. Attempting to use scipy.linalg.eigh instead.
  eigenvalues, eigenvectors = eigsh(
/home1/sajan_rg/graphormer_eval/new_experiments/graph_exp_new/data.py:138: RuntimeWarning: k >= N for N * N square matrix. Attempting to use scipy.linalg.eigh instead.
  eigenvalues, eigenvectors = eigsh(
/home1/sajan_rg/graphormer_eval/new_experiments/graph_exp_new/data.py:138: RuntimeWarning: k >= N for N * N square matrix. Attempting to use scipy.linalg.eigh instead.
  eigenvalues, eigenvectors = eigsh(
/home1/sajan_rg/graphormer_eval/new_experiments/graph_exp_new/data.py:138: RuntimeWarning: k >= N for N * N square matrix. Attempting to use scipy.linalg.eigh instead.
  eigenvalues, eigenvectors = eigsh(
/home1/sajan_rg/graphormer_eval/new_experiments/graph_exp_new/data.py:138: RuntimeWarning: k >= N for N * N square matrix. Attempting to use scipy.linalg.eigh instead.
  eigenvalues, eigenvectors = eigsh(
Epoch 187/200 [279.1s mem=23084MB] proxies=ON | train_loss=0.1320 mmd=0.0000 train_AP=0.7062 | val_loss=0.7493 val_AP=0.5795 | test_loss=0.8653 test_AP=0.5793
/home1/sajan_rg/graphormer_eval/new_experiments/graph_exp_new/data.py:138: RuntimeWarning: k >= N for N * N square matrix. Attempting to use scipy.linalg.eigh instead.
  eigenvalues, eigenvectors = eigsh(
/home1/sajan_rg/graphormer_eval/new_experiments/graph_exp_new/data.py:138: RuntimeWarning: k >= N for N * N square matrix. Attempting to use scipy.linalg.eigh instead.
  eigenvalues, eigenvectors = eigsh(
/home1/sajan_rg/graphormer_eval/new_experiments/graph_exp_new/data.py:138: RuntimeWarning: k >= N for N * N square matrix. Attempting to use scipy.linalg.eigh instead.
  eigenvalues, eigenvectors = eigsh(
/home1/sajan_rg/graphormer_eval/new_experiments/graph_exp_new/data.py:138: RuntimeWarning: k >= N for N * N square matrix. Attempting to use scipy.linalg.eigh instead.
  eigenvalues, eigenvectors = eigsh(
/home1/sajan_rg/graphormer_eval/new_experiments/graph_exp_new/data.py:138: RuntimeWarning: k >= N for N * N square matrix. Attempting to use scipy.linalg.eigh instead.
  eigenvalues, eigenvectors = eigsh(
/home1/sajan_rg/graphormer_eval/new_experiments/graph_exp_new/data.py:138: RuntimeWarning: k >= N for N * N square matrix. Attempting to use scipy.linalg.eigh instead.
  eigenvalues, eigenvectors = eigsh(
/home1/sajan_rg/graphormer_eval/new_experiments/graph_exp_new/data.py:138: RuntimeWarning: k >= N for N * N square matrix. Attempting to use scipy.linalg.eigh instead.
  eigenvalues, eigenvectors = eigsh(
/home1/sajan_rg/graphormer_eval/new_experiments/graph_exp_new/data.py:138: RuntimeWarning: k >= N for N * N square matrix. Attempting to use scipy.linalg.eigh instead.
  eigenvalues, eigenvectors = eigsh(
/home1/sajan_rg/graphormer_eval/new_experiments/graph_exp_new/data.py:138: RuntimeWarning: k >= N for N * N square matrix. Attempting to use scipy.linalg.eigh instead.
  eigenvalues, eigenvectors = eigsh(
/home1/sajan_rg/graphormer_eval/new_experiments/graph_exp_new/data.py:138: RuntimeWarning: k >= N for N * N square matrix. Attempting to use scipy.linalg.eigh instead.
  eigenvalues, eigenvectors = eigsh(
/home1/sajan_rg/graphormer_eval/new_experiments/graph_exp_new/data.py:138: RuntimeWarning: k >= N for N * N square matrix. Attempting to use scipy.linalg.eigh instead.
  eigenvalues, eigenvectors = eigsh(
/home1/sajan_rg/graphormer_eval/new_experiments/graph_exp_new/data.py:138: RuntimeWarning: k >= N for N * N square matrix. Attempting to use scipy.linalg.eigh instead.
  eigenvalues, eigenvectors = eigsh(
Epoch 188/200 [283.5s mem=23092MB] proxies=ON | train_loss=0.1331 mmd=0.0000 train_AP=0.7051 | val_loss=0.7504 val_AP=0.5793 | test_loss=0.8730 test_AP=0.5802
/home1/sajan_rg/graphormer_eval/new_experiments/graph_exp_new/data.py:138: RuntimeWarning: k >= N for N * N square matrix. Attempting to use scipy.linalg.eigh instead.
  eigenvalues, eigenvectors = eigsh(
/home1/sajan_rg/graphormer_eval/new_experiments/graph_exp_new/data.py:138: RuntimeWarning: k >= N for N * N square matrix. Attempting to use scipy.linalg.eigh instead.
  eigenvalues, eigenvectors = eigsh(
/home1/sajan_rg/graphormer_eval/new_experiments/graph_exp_new/data.py:138: RuntimeWarning: k >= N for N * N square matrix. Attempting to use scipy.linalg.eigh instead.
  eigenvalues, eigenvectors = eigsh(
/home1/sajan_rg/graphormer_eval/new_experiments/graph_exp_new/data.py:138: RuntimeWarning: k >= N for N * N square matrix. Attempting to use scipy.linalg.eigh instead.
  eigenvalues, eigenvectors = eigsh(
/home1/sajan_rg/graphormer_eval/new_experiments/graph_exp_new/data.py:138: RuntimeWarning: k >= N for N * N square matrix. Attempting to use scipy.linalg.eigh instead.
  eigenvalues, eigenvectors = eigsh(
/home1/sajan_rg/graphormer_eval/new_experiments/graph_exp_new/data.py:138: RuntimeWarning: k >= N for N * N square matrix. Attempting to use scipy.linalg.eigh instead.
  eigenvalues, eigenvectors = eigsh(
/home1/sajan_rg/graphormer_eval/new_experiments/graph_exp_new/data.py:138: RuntimeWarning: k >= N for N * N square matrix. Attempting to use scipy.linalg.eigh instead.
  eigenvalues, eigenvectors = eigsh(
/home1/sajan_rg/graphormer_eval/new_experiments/graph_exp_new/data.py:138: RuntimeWarning: k >= N for N * N square matrix. Attempting to use scipy.linalg.eigh instead.
  eigenvalues, eigenvectors = eigsh(
/home1/sajan_rg/graphormer_eval/new_experiments/graph_exp_new/data.py:138: RuntimeWarning: k >= N for N * N square matrix. Attempting to use scipy.linalg.eigh instead.
  eigenvalues, eigenvectors = eigsh(
/home1/sajan_rg/graphormer_eval/new_experiments/graph_exp_new/data.py:138: RuntimeWarning: k >= N for N * N square matrix. Attempting to use scipy.linalg.eigh instead.
  eigenvalues, eigenvectors = eigsh(
/home1/sajan_rg/graphormer_eval/new_experiments/graph_exp_new/data.py:138: RuntimeWarning: k >= N for N * N square matrix. Attempting to use scipy.linalg.eigh instead.
  eigenvalues, eigenvectors = eigsh(
/home1/sajan_rg/graphormer_eval/new_experiments/graph_exp_new/data.py:138: RuntimeWarning: k >= N for N * N square matrix. Attempting to use scipy.linalg.eigh instead.
  eigenvalues, eigenvectors = eigsh(
Epoch 189/200 [285.6s mem=23086MB] proxies=ON | train_loss=0.1319 mmd=0.0000 train_AP=0.7074 | val_loss=0.7607 val_AP=0.5797 | test_loss=0.8822 test_AP=0.5780
/home1/sajan_rg/graphormer_eval/new_experiments/graph_exp_new/data.py:138: RuntimeWarning: k >= N for N * N square matrix. Attempting to use scipy.linalg.eigh instead.
  eigenvalues, eigenvectors = eigsh(
/home1/sajan_rg/graphormer_eval/new_experiments/graph_exp_new/data.py:138: RuntimeWarning: k >= N for N * N square matrix. Attempting to use scipy.linalg.eigh instead.
  eigenvalues, eigenvectors = eigsh(
/home1/sajan_rg/graphormer_eval/new_experiments/graph_exp_new/data.py:138: RuntimeWarning: k >= N for N * N square matrix. Attempting to use scipy.linalg.eigh instead.
  eigenvalues, eigenvectors = eigsh(
/home1/sajan_rg/graphormer_eval/new_experiments/graph_exp_new/data.py:138: RuntimeWarning: k >= N for N * N square matrix. Attempting to use scipy.linalg.eigh instead.
  eigenvalues, eigenvectors = eigsh(
/home1/sajan_rg/graphormer_eval/new_experiments/graph_exp_new/data.py:138: RuntimeWarning: k >= N for N * N square matrix. Attempting to use scipy.linalg.eigh instead.
  eigenvalues, eigenvectors = eigsh(
/home1/sajan_rg/graphormer_eval/new_experiments/graph_exp_new/data.py:138: RuntimeWarning: k >= N for N * N square matrix. Attempting to use scipy.linalg.eigh instead.
  eigenvalues, eigenvectors = eigsh(
/home1/sajan_rg/graphormer_eval/new_experiments/graph_exp_new/data.py:138: RuntimeWarning: k >= N for N * N square matrix. Attempting to use scipy.linalg.eigh instead.
  eigenvalues, eigenvectors = eigsh(
/home1/sajan_rg/graphormer_eval/new_experiments/graph_exp_new/data.py:138: RuntimeWarning: k >= N for N * N square matrix. Attempting to use scipy.linalg.eigh instead.
  eigenvalues, eigenvectors = eigsh(
/home1/sajan_rg/graphormer_eval/new_experiments/graph_exp_new/data.py:138: RuntimeWarning: k >= N for N * N square matrix. Attempting to use scipy.linalg.eigh instead.
  eigenvalues, eigenvectors = eigsh(
/home1/sajan_rg/graphormer_eval/new_experiments/graph_exp_new/data.py:138: RuntimeWarning: k >= N for N * N square matrix. Attempting to use scipy.linalg.eigh instead.
  eigenvalues, eigenvectors = eigsh(
/home1/sajan_rg/graphormer_eval/new_experiments/graph_exp_new/data.py:138: RuntimeWarning: k >= N for N * N square matrix. Attempting to use scipy.linalg.eigh instead.
  eigenvalues, eigenvectors = eigsh(
/home1/sajan_rg/graphormer_eval/new_experiments/graph_exp_new/data.py:138: RuntimeWarning: k >= N for N * N square matrix. Attempting to use scipy.linalg.eigh instead.
  eigenvalues, eigenvectors = eigsh(
Epoch 190/200 [282.6s mem=23079MB] proxies=ON | train_loss=0.1332 mmd=0.0000 train_AP=0.7025 | val_loss=0.7548 val_AP=0.5777 | test_loss=0.8773 test_AP=0.5780
/home1/sajan_rg/graphormer_eval/new_experiments/graph_exp_new/data.py:138: RuntimeWarning: k >= N for N * N square matrix. Attempting to use scipy.linalg.eigh instead.
  eigenvalues, eigenvectors = eigsh(
/home1/sajan_rg/graphormer_eval/new_experiments/graph_exp_new/data.py:138: RuntimeWarning: k >= N for N * N square matrix. Attempting to use scipy.linalg.eigh instead.
  eigenvalues, eigenvectors = eigsh(
/home1/sajan_rg/graphormer_eval/new_experiments/graph_exp_new/data.py:138: RuntimeWarning: k >= N for N * N square matrix. Attempting to use scipy.linalg.eigh instead.
  eigenvalues, eigenvectors = eigsh(
/home1/sajan_rg/graphormer_eval/new_experiments/graph_exp_new/data.py:138: RuntimeWarning: k >= N for N * N square matrix. Attempting to use scipy.linalg.eigh instead.
  eigenvalues, eigenvectors = eigsh(
/home1/sajan_rg/graphormer_eval/new_experiments/graph_exp_new/data.py:138: RuntimeWarning: k >= N for N * N square matrix. Attempting to use scipy.linalg.eigh instead.
  eigenvalues, eigenvectors = eigsh(
/home1/sajan_rg/graphormer_eval/new_experiments/graph_exp_new/data.py:138: RuntimeWarning: k >= N for N * N square matrix. Attempting to use scipy.linalg.eigh instead.
  eigenvalues, eigenvectors = eigsh(
/home1/sajan_rg/graphormer_eval/new_experiments/graph_exp_new/data.py:138: RuntimeWarning: k >= N for N * N square matrix. Attempting to use scipy.linalg.eigh instead.
  eigenvalues, eigenvectors = eigsh(
/home1/sajan_rg/graphormer_eval/new_experiments/graph_exp_new/data.py:138: RuntimeWarning: k >= N for N * N square matrix. Attempting to use scipy.linalg.eigh instead.
  eigenvalues, eigenvectors = eigsh(
/home1/sajan_rg/graphormer_eval/new_experiments/graph_exp_new/data.py:138: RuntimeWarning: k >= N for N * N square matrix. Attempting to use scipy.linalg.eigh instead.
  eigenvalues, eigenvectors = eigsh(
/home1/sajan_rg/graphormer_eval/new_experiments/graph_exp_new/data.py:138: RuntimeWarning: k >= N for N * N square matrix. Attempting to use scipy.linalg.eigh instead.
  eigenvalues, eigenvectors = eigsh(
/home1/sajan_rg/graphormer_eval/new_experiments/graph_exp_new/data.py:138: RuntimeWarning: k >= N for N * N square matrix. Attempting to use scipy.linalg.eigh instead.
  eigenvalues, eigenvectors = eigsh(
/home1/sajan_rg/graphormer_eval/new_experiments/graph_exp_new/data.py:138: RuntimeWarning: k >= N for N * N square matrix. Attempting to use scipy.linalg.eigh instead.
  eigenvalues, eigenvectors = eigsh(
Epoch 191/200 [282.5s mem=23082MB] proxies=ON | train_loss=0.1328 mmd=0.0000 train_AP=0.7078 | val_loss=0.7511 val_AP=0.5789 | test_loss=0.8743 test_AP=0.5779
/home1/sajan_rg/graphormer_eval/new_experiments/graph_exp_new/data.py:138: RuntimeWarning: k >= N for N * N square matrix. Attempting to use scipy.linalg.eigh instead.
  eigenvalues, eigenvectors = eigsh(
/home1/sajan_rg/graphormer_eval/new_experiments/graph_exp_new/data.py:138: RuntimeWarning: k >= N for N * N square matrix. Attempting to use scipy.linalg.eigh instead.
  eigenvalues, eigenvectors = eigsh(
/home1/sajan_rg/graphormer_eval/new_experiments/graph_exp_new/data.py:138: RuntimeWarning: k >= N for N * N square matrix. Attempting to use scipy.linalg.eigh instead.
  eigenvalues, eigenvectors = eigsh(
/home1/sajan_rg/graphormer_eval/new_experiments/graph_exp_new/data.py:138: RuntimeWarning: k >= N for N * N square matrix. Attempting to use scipy.linalg.eigh instead.
  eigenvalues, eigenvectors = eigsh(
/home1/sajan_rg/graphormer_eval/new_experiments/graph_exp_new/data.py:138: RuntimeWarning: k >= N for N * N square matrix. Attempting to use scipy.linalg.eigh instead.
  eigenvalues, eigenvectors = eigsh(
/home1/sajan_rg/graphormer_eval/new_experiments/graph_exp_new/data.py:138: RuntimeWarning: k >= N for N * N square matrix. Attempting to use scipy.linalg.eigh instead.
  eigenvalues, eigenvectors = eigsh(
/home1/sajan_rg/graphormer_eval/new_experiments/graph_exp_new/data.py:138: RuntimeWarning: k >= N for N * N square matrix. Attempting to use scipy.linalg.eigh instead.
  eigenvalues, eigenvectors = eigsh(
/home1/sajan_rg/graphormer_eval/new_experiments/graph_exp_new/data.py:138: RuntimeWarning: k >= N for N * N square matrix. Attempting to use scipy.linalg.eigh instead.
  eigenvalues, eigenvectors = eigsh(
/home1/sajan_rg/graphormer_eval/new_experiments/graph_exp_new/data.py:138: RuntimeWarning: k >= N for N * N square matrix. Attempting to use scipy.linalg.eigh instead.
  eigenvalues, eigenvectors = eigsh(
/home1/sajan_rg/graphormer_eval/new_experiments/graph_exp_new/data.py:138: RuntimeWarning: k >= N for N * N square matrix. Attempting to use scipy.linalg.eigh instead.
  eigenvalues, eigenvectors = eigsh(
/home1/sajan_rg/graphormer_eval/new_experiments/graph_exp_new/data.py:138: RuntimeWarning: k >= N for N * N square matrix. Attempting to use scipy.linalg.eigh instead.
  eigenvalues, eigenvectors = eigsh(
/home1/sajan_rg/graphormer_eval/new_experiments/graph_exp_new/data.py:138: RuntimeWarning: k >= N for N * N square matrix. Attempting to use scipy.linalg.eigh instead.
  eigenvalues, eigenvectors = eigsh(
Epoch 192/200 [281.8s mem=23099MB] proxies=ON | train_loss=0.1321 mmd=0.0000 train_AP=0.7084 | val_loss=0.7589 val_AP=0.5796 | test_loss=0.8748 test_AP=0.5785
/home1/sajan_rg/graphormer_eval/new_experiments/graph_exp_new/data.py:138: RuntimeWarning: k >= N for N * N square matrix. Attempting to use scipy.linalg.eigh instead.
  eigenvalues, eigenvectors = eigsh(
/home1/sajan_rg/graphormer_eval/new_experiments/graph_exp_new/data.py:138: RuntimeWarning: k >= N for N * N square matrix. Attempting to use scipy.linalg.eigh instead.
  eigenvalues, eigenvectors = eigsh(
/home1/sajan_rg/graphormer_eval/new_experiments/graph_exp_new/data.py:138: RuntimeWarning: k >= N for N * N square matrix. Attempting to use scipy.linalg.eigh instead.
  eigenvalues, eigenvectors = eigsh(
/home1/sajan_rg/graphormer_eval/new_experiments/graph_exp_new/data.py:138: RuntimeWarning: k >= N for N * N square matrix. Attempting to use scipy.linalg.eigh instead.
  eigenvalues, eigenvectors = eigsh(
/home1/sajan_rg/graphormer_eval/new_experiments/graph_exp_new/data.py:138: RuntimeWarning: k >= N for N * N square matrix. Attempting to use scipy.linalg.eigh instead.
  eigenvalues, eigenvectors = eigsh(
/home1/sajan_rg/graphormer_eval/new_experiments/graph_exp_new/data.py:138: RuntimeWarning: k >= N for N * N square matrix. Attempting to use scipy.linalg.eigh instead.
  eigenvalues, eigenvectors = eigsh(
/home1/sajan_rg/graphormer_eval/new_experiments/graph_exp_new/data.py:138: RuntimeWarning: k >= N for N * N square matrix. Attempting to use scipy.linalg.eigh instead.
  eigenvalues, eigenvectors = eigsh(
/home1/sajan_rg/graphormer_eval/new_experiments/graph_exp_new/data.py:138: RuntimeWarning: k >= N for N * N square matrix. Attempting to use scipy.linalg.eigh instead.
  eigenvalues, eigenvectors = eigsh(
/home1/sajan_rg/graphormer_eval/new_experiments/graph_exp_new/data.py:138: RuntimeWarning: k >= N for N * N square matrix. Attempting to use scipy.linalg.eigh instead.
  eigenvalues, eigenvectors = eigsh(
/home1/sajan_rg/graphormer_eval/new_experiments/graph_exp_new/data.py:138: RuntimeWarning: k >= N for N * N square matrix. Attempting to use scipy.linalg.eigh instead.
  eigenvalues, eigenvectors = eigsh(
/home1/sajan_rg/graphormer_eval/new_experiments/graph_exp_new/data.py:138: RuntimeWarning: k >= N for N * N square matrix. Attempting to use scipy.linalg.eigh instead.
  eigenvalues, eigenvectors = eigsh(
/home1/sajan_rg/graphormer_eval/new_experiments/graph_exp_new/data.py:138: RuntimeWarning: k >= N for N * N square matrix. Attempting to use scipy.linalg.eigh instead.
  eigenvalues, eigenvectors = eigsh(
Epoch 193/200 [290.0s mem=23086MB] proxies=ON | train_loss=0.1320 mmd=0.0000 train_AP=0.7092 | val_loss=0.7531 val_AP=0.5794 | test_loss=0.8743 test_AP=0.5784
Early stopping at epoch 193 (patience=50). Best val AP=0.5847 at epoch 143.
Diagnostic: train_loss vs val_AP correlation = -0.7832

Training complete. Best val AP=0.5847 at epoch 143.
Diagnostics saved to checkpoints_three_staged_cross_multipt/e2e_diagnostics.pkl
