+ python3 main_three_staged.py --backbone vanilla_gt --stage 1,2,3 --generator gred_layers --hidden_dim 96 --num_layers 1 --no-use_lap_pe --s1_lr 3e-5 --s1_patience 20 --s1_max_epochs 1000 --s1_grad_clip 2 --num_proxies 64 --s2_lr 3e-5 --s2_max_epochs 1500 --s2_patience 100 --s2_grad_clip 2 --s3_lr_transformer 1e-5 --s3_lr_gen 1e-4 --s3_weight_decay 5e-4 --s3_grad_clip 2 --s3_max_epochs 1000 --s3_patience 100 --novelty_alpha 0.1 --diversity_weight 0.05 --gen_hidden_dim 128 --gen_num_layers 1 --gen_dropout 0.0 --save_dir checkpoints_three_staged_cros_gred_vanilla_2/ --batch_size 64 --use_cross_attn_routing --num_cross_layers 1 --no-cross_attn_proxy_self_attn
{'config': None, 'stage': '1,2,3', 'generator': 'gred_layers', 'backbone': 'vanilla_gt', 'model_path': None, 'generator_path': None, 'hidden_dim': 96, 'num_layers': 1, 'num_heads': 8, 'output_dim': 10, 'dropout': 0.1, 'num_proxies': 64, 'use_lap_pe': False, 'lap_pe_dim': 8, 'state_dim': 88, 'num_gred_layers': 8, 'num_transformer_layers': 2, 'gred_expand': 1, 'r_min': 0.0, 'r_max': 1.0, 'max_phase': 6.28, 'gred_act': 'full-glu', 'max_hops': 40, 'dist_mask_workers': 8, 's1_lr': 3e-05, 's1_weight_decay': 0.0003, 's1_max_epochs': 1000, 's1_patience': 20, 's1_grad_clip': 2.0, 's2_lr': 3e-05, 's2_weight_decay': 0.0003, 's2_max_epochs': 1500, 's2_patience': 100, 's2_eval_every': 1, 's2_grad_clip': 2.0, 's3_phase_a_epochs': 5, 's3_lr_gen': 0.0001, 's3_lr_transformer': 1e-05, 's3_proxy_dropout': 0.1, 's3_max_epochs': 1000, 's3_patience': 100, 's3_grad_clip': 2.0, 's3_weight_decay': 0.0005, 'novelty_alpha': 0.1, 'diversity_weight': 0.05, 'gen_hidden_dim': 128, 'gen_num_layers': 1, 'gen_num_heads': 8, 'gen_dropout': 0.0, 'denoiser_dim': 256, 'denoiser_layers': 4, 'denoiser_heads': 8, 'euler_steps': 1, 'guidance_scale': 3.0, 'flow_uncond_train_prob': 0.1, 'pma_query_mode': 'farthest_point', 'coarsen_gnn_type': 'GIN', 'coarsen_reg_weight': 0.1, 'coarsen_reg_type': 'mincut', 'gnn_layers': 4, 'gnn_type': 'GINE', 'pool_types': ['max'], 'decode_hidden': 128, 'decode_layers': 3, 'idx_emb_dim': 128, 'decode_mode': 'shared', 'use_cross_attn_routing': True, 'num_cross_layers': 1, 'cross_attn_proxy_self_attn': False, 'proxy_insertion_layers': '-1', 'separate_proxy_generators': False, 'separate_proxy_routers': False, 'proxy_aux_loss_decay': 1.0, 'readout_scope': 'all_tokens', 'batch_size': 64, 'num_workers': 4, 'lr_min': 1e-07, 'warmup_ratio': 0.05, 'plateau_patience': 15, 'recurrent_lr_factor': 1.0, 'save_dir': 'checkpoints_three_staged_cros_gred_vanilla_2/', 'device': 'cuda'}
Saved code snapshot to checkpoints_three_staged_cros_gred_vanilla_2/code_snapshot.zip

============================================================
STAGE 1: Pretrain Model
  Backbone: vanilla_gt
============================================================
  Parameters: 553,354
Epoch   1/1000 [4.9s mem=1776MB] | train_loss=1.5154 train_AP=0.1941 | val_loss=0.7652 val_AP=0.2315
  -> New best metrics: val_loss=0.7652 val_AP=0.2315, saved
Epoch   2/1000 [4.4s mem=1778MB] | train_loss=1.0118 train_AP=0.2098 | val_loss=0.5492 val_AP=0.2339
  -> New best metrics: val_loss=0.5492 val_AP=0.2339, saved
Epoch   3/1000 [4.2s mem=1777MB] | train_loss=0.7041 train_AP=0.1955 | val_loss=0.4333 val_AP=0.2387
  -> New best metrics: val_loss=0.4333 val_AP=0.2387, saved
Epoch   4/1000 [4.2s mem=1772MB] | train_loss=0.5219 train_AP=0.2031 | val_loss=0.3952 val_AP=0.2436
  -> New best metrics: val_loss=0.3952 val_AP=0.2436, saved
Epoch   5/1000 [4.4s mem=1774MB] | train_loss=0.4417 train_AP=0.2141 | val_loss=0.3914 val_AP=0.2409
  -> New best metrics: val_loss=0.3914 val_AP=0.2436, saved
Epoch   6/1000 [4.0s mem=1773MB] | train_loss=0.4112 train_AP=0.2252 | val_loss=0.3861 val_AP=0.2429
  -> New best metrics: val_loss=0.3861 val_AP=0.2436, saved
Epoch   7/1000 [4.2s mem=1775MB] | train_loss=0.4005 train_AP=0.2303 | val_loss=0.3818 val_AP=0.2442
  -> New best metrics: val_loss=0.3818 val_AP=0.2442, saved
Epoch   8/1000 [4.3s mem=1772MB] | train_loss=0.3941 train_AP=0.2393 | val_loss=0.3766 val_AP=0.2492
  -> New best metrics: val_loss=0.3766 val_AP=0.2492, saved
Epoch   9/1000 [4.1s mem=1776MB] | train_loss=0.3912 train_AP=0.2392 | val_loss=0.3746 val_AP=0.2519
  -> New best metrics: val_loss=0.3746 val_AP=0.2519, saved
Epoch  10/1000 [4.3s mem=1775MB] | train_loss=0.3866 train_AP=0.2480 | val_loss=0.3771 val_AP=0.2566 | test_AP=0.2528
  -> New best metrics: val_loss=0.3746 val_AP=0.2566, saved
Epoch  11/1000 [4.0s mem=1777MB] | train_loss=0.3852 train_AP=0.2470 | val_loss=0.3694 val_AP=0.2580
  -> New best metrics: val_loss=0.3694 val_AP=0.2580, saved
Epoch  12/1000 [4.1s mem=1776MB] | train_loss=0.3822 train_AP=0.2527 | val_loss=0.3678 val_AP=0.2597
  -> New best metrics: val_loss=0.3678 val_AP=0.2597, saved
Epoch  13/1000 [4.4s mem=1776MB] | train_loss=0.3790 train_AP=0.2556 | val_loss=0.3639 val_AP=0.2802
  -> New best metrics: val_loss=0.3639 val_AP=0.2802, saved
Epoch  14/1000 [4.1s mem=1775MB] | train_loss=0.3752 train_AP=0.2630 | val_loss=0.3584 val_AP=0.2834
  -> New best metrics: val_loss=0.3584 val_AP=0.2834, saved
Epoch  15/1000 [4.3s mem=1774MB] | train_loss=0.3724 train_AP=0.2660 | val_loss=0.3577 val_AP=0.2865
  -> New best metrics: val_loss=0.3577 val_AP=0.2865, saved
Epoch  16/1000 [4.1s mem=1772MB] | train_loss=0.3700 train_AP=0.2718 | val_loss=0.3533 val_AP=0.2958
  -> New best metrics: val_loss=0.3533 val_AP=0.2958, saved
Epoch  17/1000 [4.3s mem=1774MB] | train_loss=0.3666 train_AP=0.2760 | val_loss=0.3530 val_AP=0.2967
  -> New best metrics: val_loss=0.3530 val_AP=0.2967, saved
Epoch  18/1000 [4.1s mem=1769MB] | train_loss=0.3648 train_AP=0.2811 | val_loss=0.3519 val_AP=0.2949
  -> New best metrics: val_loss=0.3519 val_AP=0.2967, saved
Epoch  19/1000 [4.2s mem=1774MB] | train_loss=0.3626 train_AP=0.2840 | val_loss=0.3485 val_AP=0.3093
  -> New best metrics: val_loss=0.3485 val_AP=0.3093, saved
Epoch  20/1000 [4.5s mem=1695MB] | train_loss=0.3599 train_AP=0.2874 | val_loss=0.3439 val_AP=0.3033 | test_AP=0.2906
  -> New best metrics: val_loss=0.3439 val_AP=0.3093, saved
Epoch  21/1000 [4.0s mem=1775MB] | train_loss=0.3575 train_AP=0.2864 | val_loss=0.3453 val_AP=0.3087
Epoch  22/1000 [4.5s mem=1772MB] | train_loss=0.3544 train_AP=0.2904 | val_loss=0.3380 val_AP=0.3199
  -> New best metrics: val_loss=0.3380 val_AP=0.3199, saved
Epoch  23/1000 [4.7s mem=1776MB] | train_loss=0.3512 train_AP=0.2947 | val_loss=0.3441 val_AP=0.3194
Epoch  24/1000 [4.4s mem=1775MB] | train_loss=0.3495 train_AP=0.2969 | val_loss=0.3340 val_AP=0.3291
  -> New best metrics: val_loss=0.3340 val_AP=0.3291, saved
Epoch  25/1000 [4.0s mem=1776MB] | train_loss=0.3465 train_AP=0.3010 | val_loss=0.3366 val_AP=0.3321
  -> New best metrics: val_loss=0.3340 val_AP=0.3321, saved
Epoch  26/1000 [4.3s mem=1775MB] | train_loss=0.3443 train_AP=0.3042 | val_loss=0.3265 val_AP=0.3452
  -> New best metrics: val_loss=0.3265 val_AP=0.3452, saved
Epoch  27/1000 [4.1s mem=1776MB] | train_loss=0.3412 train_AP=0.3054 | val_loss=0.3278 val_AP=0.3228
Epoch  28/1000 [4.0s mem=1773MB] | train_loss=0.3366 train_AP=0.3147 | val_loss=0.3210 val_AP=0.3470
  -> New best metrics: val_loss=0.3210 val_AP=0.3470, saved
Epoch  29/1000 [4.2s mem=1775MB] | train_loss=0.3350 train_AP=0.3162 | val_loss=0.3193 val_AP=0.3600
  -> New best metrics: val_loss=0.3193 val_AP=0.3600, saved
Epoch  30/1000 [4.5s mem=1775MB] | train_loss=0.3329 train_AP=0.3202 | val_loss=0.3184 val_AP=0.3479 | test_AP=0.3227
  -> New best metrics: val_loss=0.3184 val_AP=0.3600, saved
Epoch  31/1000 [4.7s mem=1776MB] | train_loss=0.3311 train_AP=0.3204 | val_loss=0.3140 val_AP=0.3543
  -> New best metrics: val_loss=0.3140 val_AP=0.3600, saved
Epoch  32/1000 [4.8s mem=1774MB] | train_loss=0.3286 train_AP=0.3264 | val_loss=0.3156 val_AP=0.3606
  -> New best metrics: val_loss=0.3140 val_AP=0.3606, saved
Epoch  33/1000 [4.6s mem=1775MB] | train_loss=0.3262 train_AP=0.3299 | val_loss=0.3182 val_AP=0.3444
Epoch  34/1000 [4.6s mem=1774MB] | train_loss=0.3234 train_AP=0.3318 | val_loss=0.3076 val_AP=0.3677
  -> New best metrics: val_loss=0.3076 val_AP=0.3677, saved
Epoch  35/1000 [4.0s mem=1776MB] | train_loss=0.3228 train_AP=0.3315 | val_loss=0.3162 val_AP=0.3640
Epoch  36/1000 [4.1s mem=1773MB] | train_loss=0.3196 train_AP=0.3362 | val_loss=0.3116 val_AP=0.3470
Epoch  37/1000 [4.2s mem=1775MB] | train_loss=0.3163 train_AP=0.3456 | val_loss=0.3030 val_AP=0.3703
  -> New best metrics: val_loss=0.3030 val_AP=0.3703, saved
Epoch  38/1000 [4.8s mem=1776MB] | train_loss=0.3155 train_AP=0.3464 | val_loss=0.3077 val_AP=0.3724
  -> New best metrics: val_loss=0.3030 val_AP=0.3724, saved
Epoch  39/1000 [4.1s mem=1774MB] | train_loss=0.3125 train_AP=0.3490 | val_loss=0.3029 val_AP=0.3824
  -> New best metrics: val_loss=0.3029 val_AP=0.3824, saved
Epoch  40/1000 [4.4s mem=1778MB] | train_loss=0.3088 train_AP=0.3557 | val_loss=0.3100 val_AP=0.3879 | test_AP=0.3669
  -> New best metrics: val_loss=0.3029 val_AP=0.3879, saved
Epoch  41/1000 [4.4s mem=1776MB] | train_loss=0.3061 train_AP=0.3594 | val_loss=0.2909 val_AP=0.3989
  -> New best metrics: val_loss=0.2909 val_AP=0.3989, saved
Epoch  42/1000 [4.0s mem=1775MB] | train_loss=0.3036 train_AP=0.3634 | val_loss=0.2918 val_AP=0.3895
Epoch  43/1000 [4.4s mem=1775MB] | train_loss=0.2998 train_AP=0.3721 | val_loss=0.2925 val_AP=0.3981
Epoch  44/1000 [4.3s mem=1776MB] | train_loss=0.2991 train_AP=0.3717 | val_loss=0.2852 val_AP=0.4033
  -> New best metrics: val_loss=0.2852 val_AP=0.4033, saved
Epoch  45/1000 [4.4s mem=1777MB] | train_loss=0.2978 train_AP=0.3742 | val_loss=0.2887 val_AP=0.4033
  -> New best metrics: val_loss=0.2852 val_AP=0.4033, saved
Epoch  46/1000 [4.6s mem=1775MB] | train_loss=0.2968 train_AP=0.3770 | val_loss=0.2849 val_AP=0.4040
  -> New best metrics: val_loss=0.2849 val_AP=0.4040, saved
Epoch  47/1000 [4.3s mem=1778MB] | train_loss=0.2942 train_AP=0.3815 | val_loss=0.2845 val_AP=0.4030
  -> New best metrics: val_loss=0.2845 val_AP=0.4040, saved
Epoch  48/1000 [4.5s mem=1773MB] | train_loss=0.2926 train_AP=0.3859 | val_loss=0.2881 val_AP=0.4098
  -> New best metrics: val_loss=0.2845 val_AP=0.4098, saved
Epoch  49/1000 [4.6s mem=1776MB] | train_loss=0.2884 train_AP=0.3939 | val_loss=0.2960 val_AP=0.3992
Epoch  50/1000 [4.3s mem=1774MB] | train_loss=0.2889 train_AP=0.3922 | val_loss=0.2748 val_AP=0.4333 | test_AP=0.4066
  -> New best metrics: val_loss=0.2748 val_AP=0.4333, saved
Epoch  51/1000 [4.3s mem=1776MB] | train_loss=0.2828 train_AP=0.4039 | val_loss=0.2786 val_AP=0.4371
  -> New best metrics: val_loss=0.2748 val_AP=0.4371, saved
Epoch  52/1000 [4.3s mem=1773MB] | train_loss=0.2834 train_AP=0.4010 | val_loss=0.2677 val_AP=0.4440
  -> New best metrics: val_loss=0.2677 val_AP=0.4440, saved
Epoch  53/1000 [4.3s mem=1775MB] | train_loss=0.2797 train_AP=0.4115 | val_loss=0.2685 val_AP=0.4469
  -> New best metrics: val_loss=0.2677 val_AP=0.4469, saved
Epoch  54/1000 [4.3s mem=1773MB] | train_loss=0.2786 train_AP=0.4145 | val_loss=0.2657 val_AP=0.4486
  -> New best metrics: val_loss=0.2657 val_AP=0.4486, saved
Epoch  55/1000 [4.7s mem=1776MB] | train_loss=0.2773 train_AP=0.4157 | val_loss=0.2627 val_AP=0.4665
  -> New best metrics: val_loss=0.2627 val_AP=0.4665, saved
Epoch  56/1000 [4.6s mem=1775MB] | train_loss=0.2744 train_AP=0.4254 | val_loss=0.2607 val_AP=0.4619
  -> New best metrics: val_loss=0.2607 val_AP=0.4665, saved
Epoch  57/1000 [4.8s mem=1774MB] | train_loss=0.2734 train_AP=0.4295 | val_loss=0.2655 val_AP=0.4444
Epoch  58/1000 [4.8s mem=1777MB] | train_loss=0.2696 train_AP=0.4349 | val_loss=0.2576 val_AP=0.4709
  -> New best metrics: val_loss=0.2576 val_AP=0.4709, saved
Epoch  59/1000 [4.8s mem=1769MB] | train_loss=0.2687 train_AP=0.4363 | val_loss=0.2585 val_AP=0.4711
  -> New best metrics: val_loss=0.2576 val_AP=0.4711, saved
Epoch  60/1000 [4.6s mem=1778MB] | train_loss=0.2678 train_AP=0.4398 | val_loss=0.2547 val_AP=0.4749 | test_AP=0.4438
  -> New best metrics: val_loss=0.2547 val_AP=0.4749, saved
Epoch  61/1000 [4.6s mem=1775MB] | train_loss=0.2693 train_AP=0.4363 | val_loss=0.2588 val_AP=0.4735
Epoch  62/1000 [4.7s mem=1774MB] | train_loss=0.2656 train_AP=0.4469 | val_loss=0.2572 val_AP=0.4697
Epoch  63/1000 [4.5s mem=1774MB] | train_loss=0.2650 train_AP=0.4492 | val_loss=0.2538 val_AP=0.4769
  -> New best metrics: val_loss=0.2538 val_AP=0.4769, saved
Epoch  64/1000 [4.3s mem=1775MB] | train_loss=0.2620 train_AP=0.4555 | val_loss=0.2555 val_AP=0.4867
  -> New best metrics: val_loss=0.2538 val_AP=0.4867, saved
Epoch  65/1000 [4.2s mem=1772MB] | train_loss=0.2623 train_AP=0.4607 | val_loss=0.2542 val_AP=0.4796
Epoch  66/1000 [4.6s mem=1780MB] | train_loss=0.2629 train_AP=0.4562 | val_loss=0.2539 val_AP=0.4999
  -> New best metrics: val_loss=0.2538 val_AP=0.4999, saved
Epoch  67/1000 [4.4s mem=1781MB] | train_loss=0.2595 train_AP=0.4653 | val_loss=0.2547 val_AP=0.5029
  -> New best metrics: val_loss=0.2538 val_AP=0.5029, saved
Epoch  68/1000 [4.4s mem=1777MB] | train_loss=0.2584 train_AP=0.4697 | val_loss=0.2507 val_AP=0.4874
  -> New best metrics: val_loss=0.2507 val_AP=0.5029, saved
Epoch  69/1000 [4.7s mem=1772MB] | train_loss=0.2570 train_AP=0.4736 | val_loss=0.2577 val_AP=0.4976
Epoch  70/1000 [4.6s mem=1775MB] | train_loss=0.2576 train_AP=0.4715 | val_loss=0.2470 val_AP=0.5028 | test_AP=0.4789
  -> New best metrics: val_loss=0.2470 val_AP=0.5029, saved
Epoch  71/1000 [4.8s mem=1775MB] | train_loss=0.2547 train_AP=0.4784 | val_loss=0.2509 val_AP=0.5045
  -> New best metrics: val_loss=0.2470 val_AP=0.5045, saved
Epoch  72/1000 [4.8s mem=1776MB] | train_loss=0.2555 train_AP=0.4767 | val_loss=0.2476 val_AP=0.4989
Epoch  73/1000 [4.8s mem=1773MB] | train_loss=0.2550 train_AP=0.4824 | val_loss=0.2479 val_AP=0.5103
  -> New best metrics: val_loss=0.2470 val_AP=0.5103, saved
Epoch  74/1000 [4.7s mem=1776MB] | train_loss=0.2535 train_AP=0.4821 | val_loss=0.2467 val_AP=0.5180
  -> New best metrics: val_loss=0.2467 val_AP=0.5180, saved
Epoch  75/1000 [4.8s mem=1776MB] | train_loss=0.2523 train_AP=0.4865 | val_loss=0.2460 val_AP=0.5110
  -> New best metrics: val_loss=0.2460 val_AP=0.5180, saved
Epoch  76/1000 [4.7s mem=1770MB] | train_loss=0.2509 train_AP=0.4885 | val_loss=0.2484 val_AP=0.5114
Epoch  77/1000 [4.7s mem=1776MB] | train_loss=0.2514 train_AP=0.4880 | val_loss=0.2438 val_AP=0.5206
  -> New best metrics: val_loss=0.2438 val_AP=0.5206, saved
Epoch  78/1000 [4.7s mem=1775MB] | train_loss=0.2487 train_AP=0.4944 | val_loss=0.2433 val_AP=0.5259
  -> New best metrics: val_loss=0.2433 val_AP=0.5259, saved
Epoch  79/1000 [4.7s mem=1775MB] | train_loss=0.2475 train_AP=0.4995 | val_loss=0.2498 val_AP=0.5191
Epoch  80/1000 [4.7s mem=1778MB] | train_loss=0.2468 train_AP=0.5031 | val_loss=0.2411 val_AP=0.5217 | test_AP=0.4912
  -> New best metrics: val_loss=0.2411 val_AP=0.5259, saved
Epoch  81/1000 [4.8s mem=1778MB] | train_loss=0.2460 train_AP=0.5049 | val_loss=0.2450 val_AP=0.5094
Epoch  82/1000 [4.8s mem=1773MB] | train_loss=0.2457 train_AP=0.5073 | val_loss=0.2492 val_AP=0.5228
Epoch  83/1000 [4.7s mem=1776MB] | train_loss=0.2463 train_AP=0.5013 | val_loss=0.2472 val_AP=0.5235
Epoch  84/1000 [4.8s mem=1775MB] | train_loss=0.2441 train_AP=0.5068 | val_loss=0.2411 val_AP=0.5398
  -> New best metrics: val_loss=0.2411 val_AP=0.5398, saved
Epoch  85/1000 [4.8s mem=1772MB] | train_loss=0.2436 train_AP=0.5115 | val_loss=0.2410 val_AP=0.5269
  -> New best metrics: val_loss=0.2410 val_AP=0.5398, saved
Epoch  86/1000 [4.8s mem=1774MB] | train_loss=0.2424 train_AP=0.5116 | val_loss=0.2440 val_AP=0.5290
Epoch  87/1000 [4.7s mem=1776MB] | train_loss=0.2437 train_AP=0.5115 | val_loss=0.2440 val_AP=0.5306
Epoch  88/1000 [4.7s mem=1776MB] | train_loss=0.2424 train_AP=0.5159 | val_loss=0.2416 val_AP=0.5186
Epoch  89/1000 [4.8s mem=1773MB] | train_loss=0.2407 train_AP=0.5216 | val_loss=0.2439 val_AP=0.5285
Epoch  90/1000 [4.8s mem=1771MB] | train_loss=0.2395 train_AP=0.5205 | val_loss=0.2400 val_AP=0.5368 | test_AP=0.5043
  -> New best metrics: val_loss=0.2400 val_AP=0.5398, saved
Epoch  91/1000 [4.8s mem=1777MB] | train_loss=0.2384 train_AP=0.5315 | val_loss=0.2411 val_AP=0.5261
Epoch  92/1000 [4.7s mem=1775MB] | train_loss=0.2391 train_AP=0.5237 | val_loss=0.2448 val_AP=0.5266
Epoch  93/1000 [4.7s mem=1771MB] | train_loss=0.2376 train_AP=0.5308 | val_loss=0.2387 val_AP=0.5391
  -> New best metrics: val_loss=0.2387 val_AP=0.5398, saved
Epoch  94/1000 [4.8s mem=1775MB] | train_loss=0.2371 train_AP=0.5316 | val_loss=0.2388 val_AP=0.5411
  -> New best metrics: val_loss=0.2387 val_AP=0.5411, saved
Epoch  95/1000 [4.7s mem=1772MB] | train_loss=0.2368 train_AP=0.5320 | val_loss=0.2386 val_AP=0.5445
  -> New best metrics: val_loss=0.2386 val_AP=0.5445, saved
Epoch  96/1000 [4.8s mem=1775MB] | train_loss=0.2362 train_AP=0.5382 | val_loss=0.2381 val_AP=0.5442
  -> New best metrics: val_loss=0.2381 val_AP=0.5445, saved
Epoch  97/1000 [4.7s mem=1776MB] | train_loss=0.2359 train_AP=0.5304 | val_loss=0.2413 val_AP=0.5380
Epoch  98/1000 [4.8s mem=1772MB] | train_loss=0.2354 train_AP=0.5398 | val_loss=0.2441 val_AP=0.5426
Epoch  99/1000 [4.8s mem=1774MB] | train_loss=0.2355 train_AP=0.5363 | val_loss=0.2366 val_AP=0.5406
  -> New best metrics: val_loss=0.2366 val_AP=0.5445, saved
Epoch 100/1000 [4.7s mem=1773MB] | train_loss=0.2343 train_AP=0.5373 | val_loss=0.2373 val_AP=0.5524 | test_AP=0.5171
  -> New best metrics: val_loss=0.2366 val_AP=0.5524, saved
Epoch 101/1000 [4.8s mem=1771MB] | train_loss=0.2347 train_AP=0.5428 | val_loss=0.2394 val_AP=0.5522
Epoch 102/1000 [4.7s mem=1772MB] | train_loss=0.2326 train_AP=0.5433 | val_loss=0.2441 val_AP=0.5503
Epoch 103/1000 [4.7s mem=1775MB] | train_loss=0.2322 train_AP=0.5444 | val_loss=0.2381 val_AP=0.5515
Epoch 104/1000 [4.7s mem=1774MB] | train_loss=0.2332 train_AP=0.5396 | val_loss=0.2388 val_AP=0.5456
Epoch 105/1000 [4.7s mem=1775MB] | train_loss=0.2316 train_AP=0.5470 | val_loss=0.2371 val_AP=0.5427
Epoch 106/1000 [4.7s mem=1771MB] | train_loss=0.2297 train_AP=0.5506 | val_loss=0.2404 val_AP=0.5464
Epoch 107/1000 [4.7s mem=1776MB] | train_loss=0.2297 train_AP=0.5539 | val_loss=0.2367 val_AP=0.5504
Epoch 108/1000 [4.8s mem=1773MB] | train_loss=0.2296 train_AP=0.5523 | val_loss=0.2353 val_AP=0.5434
  -> New best metrics: val_loss=0.2353 val_AP=0.5524, saved
Epoch 109/1000 [4.7s mem=1773MB] | train_loss=0.2280 train_AP=0.5561 | val_loss=0.2418 val_AP=0.5498
Epoch 110/1000 [4.8s mem=1774MB] | train_loss=0.2294 train_AP=0.5499 | val_loss=0.2372 val_AP=0.5454 | test_AP=0.5182
Epoch 111/1000 [4.8s mem=1770MB] | train_loss=0.2275 train_AP=0.5602 | val_loss=0.2417 val_AP=0.5522
Epoch 112/1000 [4.7s mem=1773MB] | train_loss=0.2278 train_AP=0.5572 | val_loss=0.2361 val_AP=0.5580
  -> New best metrics: val_loss=0.2353 val_AP=0.5580, saved
Epoch 113/1000 [4.7s mem=1772MB] | train_loss=0.2270 train_AP=0.5569 | val_loss=0.2334 val_AP=0.5536
  -> New best metrics: val_loss=0.2334 val_AP=0.5580, saved
Epoch 114/1000 [4.8s mem=1771MB] | train_loss=0.2265 train_AP=0.5584 | val_loss=0.2378 val_AP=0.5577
Epoch 115/1000 [4.8s mem=1772MB] | train_loss=0.2259 train_AP=0.5619 | val_loss=0.2333 val_AP=0.5533
  -> New best metrics: val_loss=0.2333 val_AP=0.5580, saved
Epoch 116/1000 [4.8s mem=1777MB] | train_loss=0.2255 train_AP=0.5591 | val_loss=0.2338 val_AP=0.5554
Epoch 117/1000 [4.8s mem=1775MB] | train_loss=0.2251 train_AP=0.5627 | val_loss=0.2325 val_AP=0.5509
  -> New best metrics: val_loss=0.2325 val_AP=0.5580, saved
Epoch 118/1000 [4.7s mem=1776MB] | train_loss=0.2240 train_AP=0.5656 | val_loss=0.2360 val_AP=0.5501
Epoch 119/1000 [4.8s mem=1779MB] | train_loss=0.2242 train_AP=0.5688 | val_loss=0.2335 val_AP=0.5635
  -> New best metrics: val_loss=0.2325 val_AP=0.5635, saved
Epoch 120/1000 [4.7s mem=1775MB] | train_loss=0.2247 train_AP=0.5612 | val_loss=0.2348 val_AP=0.5580 | test_AP=0.5298
Epoch 121/1000 [4.8s mem=1770MB] | train_loss=0.2235 train_AP=0.5705 | val_loss=0.2331 val_AP=0.5574
Epoch 122/1000 [4.8s mem=1772MB] | train_loss=0.2237 train_AP=0.5752 | val_loss=0.2310 val_AP=0.5552
  -> New best metrics: val_loss=0.2310 val_AP=0.5635, saved
Epoch 123/1000 [4.5s mem=1773MB] | train_loss=0.2224 train_AP=0.5733 | val_loss=0.2369 val_AP=0.5594
Epoch 124/1000 [4.3s mem=1771MB] | train_loss=0.2229 train_AP=0.5696 | val_loss=0.2385 val_AP=0.5560
Epoch 125/1000 [4.2s mem=1777MB] | train_loss=0.2226 train_AP=0.5698 | val_loss=0.2323 val_AP=0.5605
Epoch 126/1000 [4.2s mem=1773MB] | train_loss=0.2215 train_AP=0.5791 | val_loss=0.2327 val_AP=0.5596
Epoch 127/1000 [4.3s mem=1777MB] | train_loss=0.2210 train_AP=0.5811 | val_loss=0.2337 val_AP=0.5620
Epoch 128/1000 [4.7s mem=1778MB] | train_loss=0.2199 train_AP=0.5828 | val_loss=0.2350 val_AP=0.5601
Epoch 129/1000 [4.6s mem=1777MB] | train_loss=0.2196 train_AP=0.5785 | val_loss=0.2442 val_AP=0.5578
Epoch 130/1000 [4.7s mem=1776MB] | train_loss=0.2212 train_AP=0.5747 | val_loss=0.2343 val_AP=0.5570 | test_AP=0.5368
Epoch 131/1000 [4.7s mem=1772MB] | train_loss=0.2194 train_AP=0.5824 | val_loss=0.2343 val_AP=0.5699
  -> New best metrics: val_loss=0.2310 val_AP=0.5699, saved
Epoch 132/1000 [4.8s mem=1776MB] | train_loss=0.2185 train_AP=0.5823 | val_loss=0.2349 val_AP=0.5584
Epoch 133/1000 [4.6s mem=1776MB] | train_loss=0.2174 train_AP=0.5869 | val_loss=0.2339 val_AP=0.5654
Epoch 134/1000 [4.8s mem=1776MB] | train_loss=0.2181 train_AP=0.5834 | val_loss=0.2326 val_AP=0.5653
Epoch 135/1000 [4.7s mem=1774MB] | train_loss=0.2179 train_AP=0.5835 | val_loss=0.2339 val_AP=0.5602
Epoch 136/1000 [4.7s mem=1772MB] | train_loss=0.2179 train_AP=0.5789 | val_loss=0.2326 val_AP=0.5661
Epoch 137/1000 [5.0s mem=1779MB] | train_loss=0.2171 train_AP=0.5858 | val_loss=0.2314 val_AP=0.5581
Epoch 138/1000 [4.9s mem=1775MB] | train_loss=0.2165 train_AP=0.5862 | val_loss=0.2366 val_AP=0.5624
Epoch 139/1000 [4.9s mem=1779MB] | train_loss=0.2159 train_AP=0.5908 | val_loss=0.2318 val_AP=0.5595
Epoch 140/1000 [4.9s mem=1777MB] | train_loss=0.2148 train_AP=0.5955 | val_loss=0.2354 val_AP=0.5540 | test_AP=0.5341
Epoch 141/1000 [5.0s mem=1772MB] | train_loss=0.2154 train_AP=0.5883 | val_loss=0.2336 val_AP=0.5632
Epoch 142/1000 [5.0s mem=1776MB] | train_loss=0.2152 train_AP=0.5923 | val_loss=0.2292 val_AP=0.5651
  -> New best metrics: val_loss=0.2292 val_AP=0.5699, saved
Epoch 143/1000 [4.9s mem=1775MB] | train_loss=0.2130 train_AP=0.5973 | val_loss=0.2281 val_AP=0.5708
  -> New best metrics: val_loss=0.2281 val_AP=0.5708, saved
Epoch 144/1000 [4.7s mem=1774MB] | train_loss=0.2137 train_AP=0.5933 | val_loss=0.2340 val_AP=0.5571
Epoch 145/1000 [4.7s mem=1772MB] | train_loss=0.2145 train_AP=0.5948 | val_loss=0.2300 val_AP=0.5655
Epoch 146/1000 [4.7s mem=1778MB] | train_loss=0.2128 train_AP=0.5947 | val_loss=0.2347 val_AP=0.5707
Epoch 147/1000 [4.7s mem=1775MB] | train_loss=0.2123 train_AP=0.6005 | val_loss=0.2299 val_AP=0.5690
Epoch 148/1000 [4.7s mem=1776MB] | train_loss=0.2128 train_AP=0.5967 | val_loss=0.2306 val_AP=0.5650
Epoch 149/1000 [4.7s mem=1775MB] | train_loss=0.2116 train_AP=0.6013 | val_loss=0.2317 val_AP=0.5726
  -> New best metrics: val_loss=0.2281 val_AP=0.5726, saved
Epoch 150/1000 [4.6s mem=1772MB] | train_loss=0.2111 train_AP=0.6027 | val_loss=0.2303 val_AP=0.5626 | test_AP=0.5486
Epoch 151/1000 [4.8s mem=1778MB] | train_loss=0.2116 train_AP=0.6042 | val_loss=0.2355 val_AP=0.5567
Epoch 152/1000 [4.7s mem=1774MB] | train_loss=0.2120 train_AP=0.6018 | val_loss=0.2327 val_AP=0.5730
  -> New best metrics: val_loss=0.2281 val_AP=0.5730, saved
Epoch 153/1000 [4.7s mem=1775MB] | train_loss=0.2108 train_AP=0.5991 | val_loss=0.2305 val_AP=0.5693
Epoch 154/1000 [4.7s mem=1775MB] | train_loss=0.2104 train_AP=0.6049 | val_loss=0.2292 val_AP=0.5668
Epoch 155/1000 [4.7s mem=1772MB] | train_loss=0.2101 train_AP=0.6050 | val_loss=0.2289 val_AP=0.5680
Epoch 156/1000 [4.7s mem=1775MB] | train_loss=0.2099 train_AP=0.6029 | val_loss=0.2285 val_AP=0.5763
  -> New best metrics: val_loss=0.2281 val_AP=0.5763, saved
Epoch 157/1000 [4.9s mem=1770MB] | train_loss=0.2079 train_AP=0.6129 | val_loss=0.2311 val_AP=0.5727
Epoch 158/1000 [4.9s mem=1772MB] | train_loss=0.2091 train_AP=0.6053 | val_loss=0.2314 val_AP=0.5697
Epoch 159/1000 [5.0s mem=1772MB] | train_loss=0.2089 train_AP=0.6065 | val_loss=0.2302 val_AP=0.5659
Epoch 160/1000 [5.0s mem=1776MB] | train_loss=0.2087 train_AP=0.6059 | val_loss=0.2343 val_AP=0.5661 | test_AP=0.5527
Epoch 161/1000 [5.0s mem=1770MB] | train_loss=0.2071 train_AP=0.6117 | val_loss=0.2290 val_AP=0.5711
Epoch 162/1000 [4.9s mem=1775MB] | train_loss=0.2085 train_AP=0.6049 | val_loss=0.2316 val_AP=0.5758
Epoch 163/1000 [4.9s mem=1776MB] | train_loss=0.2070 train_AP=0.6113 | val_loss=0.2344 val_AP=0.5688
Epoch 164/1000 [4.9s mem=1774MB] | train_loss=0.2067 train_AP=0.6113 | val_loss=0.2282 val_AP=0.5706
Epoch 165/1000 [4.9s mem=1778MB] | train_loss=0.2057 train_AP=0.6186 | val_loss=0.2320 val_AP=0.5750
Epoch 166/1000 [5.0s mem=1774MB] | train_loss=0.2051 train_AP=0.6206 | val_loss=0.2310 val_AP=0.5783
  -> New best metrics: val_loss=0.2281 val_AP=0.5783, saved
Epoch 167/1000 [5.0s mem=1773MB] | train_loss=0.2054 train_AP=0.6155 | val_loss=0.2305 val_AP=0.5796
  -> New best metrics: val_loss=0.2281 val_AP=0.5796, saved
Epoch 168/1000 [4.9s mem=1777MB] | train_loss=0.2052 train_AP=0.6167 | val_loss=0.2285 val_AP=0.5774
Epoch 169/1000 [4.9s mem=1775MB] | train_loss=0.2046 train_AP=0.6141 | val_loss=0.2314 val_AP=0.5722
Epoch 170/1000 [4.7s mem=1779MB] | train_loss=0.2053 train_AP=0.6169 | val_loss=0.2283 val_AP=0.5752 | test_AP=0.5582
Epoch 171/1000 [4.7s mem=1773MB] | train_loss=0.2043 train_AP=0.6208 | val_loss=0.2295 val_AP=0.5765
Epoch 172/1000 [4.7s mem=1779MB] | train_loss=0.2041 train_AP=0.6215 | val_loss=0.2320 val_AP=0.5788
Epoch 173/1000 [4.7s mem=1774MB] | train_loss=0.2029 train_AP=0.6270 | val_loss=0.2269 val_AP=0.5842
  -> New best metrics: val_loss=0.2269 val_AP=0.5842, saved
Epoch 174/1000 [4.7s mem=1771MB] | train_loss=0.2041 train_AP=0.6185 | val_loss=0.2347 val_AP=0.5687
Epoch 175/1000 [4.7s mem=1773MB] | train_loss=0.2021 train_AP=0.6257 | val_loss=0.2266 val_AP=0.5813
  -> New best metrics: val_loss=0.2266 val_AP=0.5842, saved
Epoch 176/1000 [4.7s mem=1779MB] | train_loss=0.2028 train_AP=0.6217 | val_loss=0.2275 val_AP=0.5789
Epoch 177/1000 [4.7s mem=1773MB] | train_loss=0.2018 train_AP=0.6249 | val_loss=0.2278 val_AP=0.5836
Epoch 178/1000 [4.7s mem=1774MB] | train_loss=0.2020 train_AP=0.6254 | val_loss=0.2292 val_AP=0.5787
Epoch 179/1000 [4.8s mem=1770MB] | train_loss=0.2012 train_AP=0.6264 | val_loss=0.2349 val_AP=0.5803
Epoch 180/1000 [4.2s mem=1771MB] | train_loss=0.2008 train_AP=0.6278 | val_loss=0.2318 val_AP=0.5800 | test_AP=0.5638
Epoch 181/1000 [4.2s mem=1778MB] | train_loss=0.2016 train_AP=0.6275 | val_loss=0.2348 val_AP=0.5750
Epoch 182/1000 [4.3s mem=1773MB] | train_loss=0.2007 train_AP=0.6290 | val_loss=0.2302 val_AP=0.5843
  -> New best metrics: val_loss=0.2266 val_AP=0.5843, saved
Epoch 183/1000 [4.3s mem=1771MB] | train_loss=0.2000 train_AP=0.6287 | val_loss=0.2284 val_AP=0.5833
Epoch 184/1000 [4.7s mem=1772MB] | train_loss=0.1998 train_AP=0.6331 | val_loss=0.2289 val_AP=0.5882
  -> New best metrics: val_loss=0.2266 val_AP=0.5882, saved
Epoch 185/1000 [4.2s mem=1770MB] | train_loss=0.2007 train_AP=0.6279 | val_loss=0.2342 val_AP=0.5904
  -> New best metrics: val_loss=0.2266 val_AP=0.5904, saved
Epoch 186/1000 [4.3s mem=1778MB] | train_loss=0.1992 train_AP=0.6337 | val_loss=0.2299 val_AP=0.5895
Epoch 187/1000 [4.7s mem=1775MB] | train_loss=0.1985 train_AP=0.6341 | val_loss=0.2306 val_AP=0.5888
Epoch 188/1000 [4.4s mem=1771MB] | train_loss=0.1990 train_AP=0.6331 | val_loss=0.2290 val_AP=0.5836
Epoch 189/1000 [4.6s mem=1775MB] | train_loss=0.1979 train_AP=0.6361 | val_loss=0.2274 val_AP=0.5804
Epoch 190/1000 [4.4s mem=1774MB] | train_loss=0.1974 train_AP=0.6412 | val_loss=0.2323 val_AP=0.5850 | test_AP=0.5717
Epoch 191/1000 [4.8s mem=1771MB] | train_loss=0.1977 train_AP=0.6391 | val_loss=0.2284 val_AP=0.5851
Epoch 192/1000 [4.6s mem=1771MB] | train_loss=0.1976 train_AP=0.6384 | val_loss=0.2288 val_AP=0.5810
Epoch 193/1000 [4.3s mem=1771MB] | train_loss=0.1975 train_AP=0.6363 | val_loss=0.2307 val_AP=0.5860
Epoch 194/1000 [4.5s mem=1777MB] | train_loss=0.1957 train_AP=0.6422 | val_loss=0.2336 val_AP=0.5883
Epoch 195/1000 [4.5s mem=1775MB] | train_loss=0.1957 train_AP=0.6421 | val_loss=0.2303 val_AP=0.5844
Epoch 196/1000 [4.4s mem=1773MB] | train_loss=0.1959 train_AP=0.6407 | val_loss=0.2261 val_AP=0.5886
  -> New best metrics: val_loss=0.2261 val_AP=0.5904, saved
Epoch 197/1000 [4.4s mem=1776MB] | train_loss=0.1958 train_AP=0.6433 | val_loss=0.2265 val_AP=0.5940
  -> New best metrics: val_loss=0.2261 val_AP=0.5940, saved
Epoch 198/1000 [4.4s mem=1773MB] | train_loss=0.1960 train_AP=0.6452 | val_loss=0.2290 val_AP=0.5878
Epoch 199/1000 [4.4s mem=1775MB] | train_loss=0.1935 train_AP=0.6482 | val_loss=0.2307 val_AP=0.5937
Epoch 200/1000 [4.1s mem=1774MB] | train_loss=0.1949 train_AP=0.6436 | val_loss=0.2334 val_AP=0.5891 | test_AP=0.5698
Epoch 201/1000 [4.3s mem=1775MB] | train_loss=0.1949 train_AP=0.6425 | val_loss=0.2317 val_AP=0.5846
Epoch 202/1000 [4.1s mem=1778MB] | train_loss=0.1945 train_AP=0.6487 | val_loss=0.2295 val_AP=0.5882
Epoch 203/1000 [4.4s mem=1772MB] | train_loss=0.1928 train_AP=0.6491 | val_loss=0.2333 val_AP=0.5899
Epoch 204/1000 [4.6s mem=1771MB] | train_loss=0.1931 train_AP=0.6505 | val_loss=0.2302 val_AP=0.5886
Epoch 205/1000 [4.8s mem=1775MB] | train_loss=0.1935 train_AP=0.6479 | val_loss=0.2342 val_AP=0.5948
  -> New best metrics: val_loss=0.2261 val_AP=0.5948, saved
Epoch 206/1000 [5.0s mem=1776MB] | train_loss=0.1936 train_AP=0.6502 | val_loss=0.2284 val_AP=0.5953
  -> New best metrics: val_loss=0.2261 val_AP=0.5953, saved
Epoch 207/1000 [5.0s mem=1773MB] | train_loss=0.1937 train_AP=0.6462 | val_loss=0.2344 val_AP=0.5827
Epoch 208/1000 [5.0s mem=1775MB] | train_loss=0.1922 train_AP=0.6491 | val_loss=0.2310 val_AP=0.5930
Epoch 209/1000 [5.0s mem=1779MB] | train_loss=0.1923 train_AP=0.6517 | val_loss=0.2325 val_AP=0.5995
  -> New best metrics: val_loss=0.2261 val_AP=0.5995, saved
Epoch 210/1000 [5.0s mem=1775MB] | train_loss=0.1911 train_AP=0.6543 | val_loss=0.2290 val_AP=0.5938 | test_AP=0.5809
Epoch 211/1000 [5.0s mem=1773MB] | train_loss=0.1909 train_AP=0.6543 | val_loss=0.2348 val_AP=0.5895
Epoch 212/1000 [4.9s mem=1779MB] | train_loss=0.1911 train_AP=0.6556 | val_loss=0.2289 val_AP=0.5967
Epoch 213/1000 [4.9s mem=1778MB] | train_loss=0.1911 train_AP=0.6576 | val_loss=0.2303 val_AP=0.5925
Epoch 214/1000 [4.9s mem=1775MB] | train_loss=0.1898 train_AP=0.6589 | val_loss=0.2310 val_AP=0.5949
Epoch 215/1000 [5.0s mem=1775MB] | train_loss=0.1906 train_AP=0.6537 | val_loss=0.2304 val_AP=0.5918
Epoch 216/1000 [5.0s mem=1778MB] | train_loss=0.1910 train_AP=0.6573 | val_loss=0.2299 val_AP=0.5959
Epoch 217/1000 [5.0s mem=1774MB] | train_loss=0.1894 train_AP=0.6583 | val_loss=0.2318 val_AP=0.5967
Epoch 218/1000 [5.0s mem=1776MB] | train_loss=0.1894 train_AP=0.6602 | val_loss=0.2322 val_AP=0.5949
Epoch 219/1000 [4.9s mem=1776MB] | train_loss=0.1901 train_AP=0.6587 | val_loss=0.2307 val_AP=0.5976
Epoch 220/1000 [4.7s mem=1771MB] | train_loss=0.1901 train_AP=0.6566 | val_loss=0.2325 val_AP=0.5999 | test_AP=0.5771
  -> New best metrics: val_loss=0.2261 val_AP=0.5999, saved
Epoch 221/1000 [4.7s mem=1773MB] | train_loss=0.1882 train_AP=0.6611 | val_loss=0.2283 val_AP=0.6016
  -> New best metrics: val_loss=0.2261 val_AP=0.6016, saved
Epoch 222/1000 [4.8s mem=1778MB] | train_loss=0.1887 train_AP=0.6614 | val_loss=0.2266 val_AP=0.5993
Epoch 223/1000 [4.7s mem=1775MB] | train_loss=0.1895 train_AP=0.6593 | val_loss=0.2313 val_AP=0.5930
Epoch 224/1000 [4.8s mem=1779MB] | train_loss=0.1877 train_AP=0.6656 | val_loss=0.2324 val_AP=0.6036
  -> New best metrics: val_loss=0.2261 val_AP=0.6036, saved
Epoch 225/1000 [4.8s mem=1775MB] | train_loss=0.1885 train_AP=0.6610 | val_loss=0.2303 val_AP=0.6025
Epoch 226/1000 [4.7s mem=1776MB] | train_loss=0.1885 train_AP=0.6658 | val_loss=0.2331 val_AP=0.5990
Epoch 227/1000 [4.8s mem=1777MB] | train_loss=0.1879 train_AP=0.6657 | val_loss=0.2296 val_AP=0.5911
Epoch 228/1000 [4.5s mem=1772MB] | train_loss=0.1865 train_AP=0.6690 | val_loss=0.2299 val_AP=0.5993
Epoch 229/1000 [4.5s mem=1772MB] | train_loss=0.1862 train_AP=0.6669 | val_loss=0.2316 val_AP=0.6001
Epoch 230/1000 [4.7s mem=1776MB] | train_loss=0.1857 train_AP=0.6721 | val_loss=0.2360 val_AP=0.5975 | test_AP=0.5849
Epoch 231/1000 [4.4s mem=1776MB] | train_loss=0.1860 train_AP=0.6698 | val_loss=0.2350 val_AP=0.5955
Epoch 232/1000 [9.9s mem=1770MB] | train_loss=0.1844 train_AP=0.6764 | val_loss=0.2294 val_AP=0.6037
  -> New best metrics: val_loss=0.2261 val_AP=0.6037, saved
Epoch 233/1000 [11.5s mem=1777MB] | train_loss=0.1869 train_AP=0.6651 | val_loss=0.2368 val_AP=0.5963
Epoch 234/1000 [11.2s mem=1775MB] | train_loss=0.1853 train_AP=0.6707 | val_loss=0.2348 val_AP=0.6014
Epoch 235/1000 [11.2s mem=1780MB] | train_loss=0.1856 train_AP=0.6708 | val_loss=0.2303 val_AP=0.6011
Epoch 236/1000 [10.4s mem=1772MB] | train_loss=0.1849 train_AP=0.6730 | val_loss=0.2294 val_AP=0.5980
Epoch 237/1000 [4.6s mem=1776MB] | train_loss=0.1828 train_AP=0.6752 | val_loss=0.2345 val_AP=0.6003
Epoch 238/1000 [4.5s mem=1774MB] | train_loss=0.1838 train_AP=0.6722 | val_loss=0.2303 val_AP=0.6033
Epoch 239/1000 [4.2s mem=1775MB] | train_loss=0.1828 train_AP=0.6782 | val_loss=0.2288 val_AP=0.5999
Epoch 240/1000 [4.8s mem=1775MB] | train_loss=0.1838 train_AP=0.6757 | val_loss=0.2317 val_AP=0.5961 | test_AP=0.5829
Epoch 241/1000 [4.7s mem=1773MB] | train_loss=0.1839 train_AP=0.6748 | val_loss=0.2331 val_AP=0.6012
Epoch 242/1000 [4.6s mem=1776MB] | train_loss=0.1832 train_AP=0.6720 | val_loss=0.2299 val_AP=0.6001
Epoch 243/1000 [4.6s mem=1776MB] | train_loss=0.1822 train_AP=0.6798 | val_loss=0.2365 val_AP=0.5966
Epoch 244/1000 [7.2s mem=1771MB] | train_loss=0.1837 train_AP=0.6728 | val_loss=0.2315 val_AP=0.5996
Epoch 245/1000 [11.5s mem=1774MB] | train_loss=0.1834 train_AP=0.6744 | val_loss=0.2353 val_AP=0.6046
  -> New best metrics: val_loss=0.2261 val_AP=0.6046, saved
Epoch 246/1000 [11.3s mem=1774MB] | train_loss=0.1817 train_AP=0.6791 | val_loss=0.2294 val_AP=0.6038
Epoch 247/1000 [11.4s mem=1773MB] | train_loss=0.1817 train_AP=0.6802 | val_loss=0.2295 val_AP=0.6033
Epoch 248/1000 [11.3s mem=1778MB] | train_loss=0.1803 train_AP=0.6848 | val_loss=0.2284 val_AP=0.6029
Epoch 249/1000 [11.3s mem=1769MB] | train_loss=0.1838 train_AP=0.6750 | val_loss=0.2299 val_AP=0.6037
Epoch 250/1000 [11.3s mem=1775MB] | train_loss=0.1826 train_AP=0.6778 | val_loss=0.2341 val_AP=0.6019 | test_AP=0.5915
Epoch 251/1000 [11.3s mem=1780MB] | train_loss=0.1806 train_AP=0.6796 | val_loss=0.2294 val_AP=0.5986
Epoch 252/1000 [11.1s mem=1773MB] | train_loss=0.1806 train_AP=0.6837 | val_loss=0.2389 val_AP=0.6013
Epoch 253/1000 [11.2s mem=1775MB] | train_loss=0.1798 train_AP=0.6818 | val_loss=0.2345 val_AP=0.6033
Epoch 254/1000 [11.3s mem=1776MB] | train_loss=0.1808 train_AP=0.6832 | val_loss=0.2322 val_AP=0.6090
  -> New best metrics: val_loss=0.2261 val_AP=0.6090, saved
Epoch 255/1000 [11.2s mem=1772MB] | train_loss=0.1790 train_AP=0.6868 | val_loss=0.2300 val_AP=0.5989
Epoch 256/1000 [11.1s mem=1775MB] | train_loss=0.1790 train_AP=0.6877 | val_loss=0.2353 val_AP=0.6029
Epoch 257/1000 [11.1s mem=1775MB] | train_loss=0.1805 train_AP=0.6827 | val_loss=0.2321 val_AP=0.6039
Epoch 258/1000 [11.0s mem=1775MB] | train_loss=0.1796 train_AP=0.6861 | val_loss=0.2351 val_AP=0.6013
Epoch 259/1000 [11.1s mem=1776MB] | train_loss=0.1781 train_AP=0.6909 | val_loss=0.2311 val_AP=0.6073
Killed
+ python3 main_three_staged.py --backbone vanilla_gt --stage 2,3 --generator gred_layers --hidden_dim 96 --num_layers 1 --no-use_lap_pe --s1_lr 3e-5 --s1_patience 20 --s1_max_epochs 1000 --s1_grad_clip 2 --num_proxies 64 --s2_lr 3e-5 --s2_max_epochs 1500 --s2_patience 100 --s2_grad_clip 2 --s3_lr_transformer 1e-5 --s3_lr_gen 1e-4 --s3_weight_decay 5e-4 --s3_grad_clip 2 --s3_max_epochs 1000 --s3_patience 100 --novelty_alpha 0.1 --diversity_weight 0.05 --gen_hidden_dim 128 --gen_num_layers 1 --gen_dropout 0.0 --save_dir checkpoints_three_staged_cros_gred_vanilla_2/ --batch_size 64 --use_cross_attn_routing --num_cross_layers 1 --no-cross_attn_proxy_self_attn
{'config': None, 'stage': '2,3', 'generator': 'gred_layers', 'backbone': 'vanilla_gt', 'model_path': None, 'generator_path': None, 'hidden_dim': 96, 'num_layers': 1, 'num_heads': 8, 'output_dim': 10, 'dropout': 0.1, 'num_proxies': 64, 'use_lap_pe': False, 'lap_pe_dim': 8, 'state_dim': 88, 'num_gred_layers': 8, 'num_transformer_layers': 2, 'gred_expand': 1, 'r_min': 0.0, 'r_max': 1.0, 'max_phase': 6.28, 'gred_act': 'full-glu', 'max_hops': 40, 'dist_mask_workers': 8, 's1_lr': 3e-05, 's1_weight_decay': 0.0003, 's1_max_epochs': 1000, 's1_patience': 20, 's1_grad_clip': 2.0, 's2_lr': 3e-05, 's2_weight_decay': 0.0003, 's2_max_epochs': 1500, 's2_patience': 100, 's2_eval_every': 1, 's2_grad_clip': 2.0, 's3_phase_a_epochs': 5, 's3_lr_gen': 0.0001, 's3_lr_transformer': 1e-05, 's3_proxy_dropout': 0.1, 's3_max_epochs': 1000, 's3_patience': 100, 's3_grad_clip': 2.0, 's3_weight_decay': 0.0005, 'novelty_alpha': 0.1, 'diversity_weight': 0.05, 'gen_hidden_dim': 128, 'gen_num_layers': 1, 'gen_num_heads': 8, 'gen_dropout': 0.0, 'denoiser_dim': 256, 'denoiser_layers': 4, 'denoiser_heads': 8, 'euler_steps': 1, 'guidance_scale': 3.0, 'flow_uncond_train_prob': 0.1, 'pma_query_mode': 'farthest_point', 'coarsen_gnn_type': 'GIN', 'coarsen_reg_weight': 0.1, 'coarsen_reg_type': 'mincut', 'gnn_layers': 4, 'gnn_type': 'GINE', 'pool_types': ['max'], 'decode_hidden': 128, 'decode_layers': 3, 'idx_emb_dim': 128, 'decode_mode': 'shared', 'use_cross_attn_routing': True, 'num_cross_layers': 1, 'cross_attn_proxy_self_attn': False, 'proxy_insertion_layers': '-1', 'separate_proxy_generators': False, 'separate_proxy_routers': False, 'proxy_aux_loss_decay': 1.0, 'readout_scope': 'all_tokens', 'batch_size': 64, 'num_workers': 4, 'lr_min': 1e-07, 'warmup_ratio': 0.05, 'plateau_patience': 15, 'recurrent_lr_factor': 1.0, 'save_dir': 'checkpoints_three_staged_cros_gred_vanilla_2/', 'device': 'cuda'}
Saved code snapshot to checkpoints_three_staged_cros_gred_vanilla_2/code_snapshot.zip

============================================================
STAGE 2: Train Generator (gred_layers) on Task Loss
  Backbone: vanilla_gt
  LR=3e-05, patience=100, max_epochs=1500
============================================================
  Generator parameters: 213,512
Epoch   1/1500 [40.8s mem=1918MB] | task_loss=2.9614 | val_AP=0.2377 mean_AP=0.2377 delta=-0.0000 | test_AP=0.2347 | cos_sim=1.0000 grad_norm=53.7097 attn_entr=nan | novelty_loss=0.0006 diversity_loss=0.0500
  -> New best metrics: gen_loss=2.9614 val_loss=2.6271 val_AP=0.2377
Epoch   2/1500 [39.9s mem=1917MB] | task_loss=2.3542 | val_AP=0.2407 mean_AP=0.2407 delta=+0.0000 | test_AP=0.2359 | cos_sim=1.0000 grad_norm=51.1556 attn_entr=nan | novelty_loss=0.0006 diversity_loss=0.0500
  -> New best metrics: gen_loss=2.3542 val_loss=1.8149 val_AP=0.2407
Epoch   3/1500 [39.7s mem=1918MB] | task_loss=1.4708 | val_AP=0.2527 mean_AP=0.2527 delta=-0.0000 | test_AP=0.2486 | cos_sim=1.0000 grad_norm=30.7022 attn_entr=nan | novelty_loss=0.0012 diversity_loss=0.0500
  -> New best metrics: gen_loss=1.4708 val_loss=1.0174 val_AP=0.2527
Epoch   4/1500 [39.9s mem=1920MB] | task_loss=0.8908 | val_AP=0.2505 mean_AP=0.2505 delta=+0.0000 | test_AP=0.2461 | cos_sim=1.0000 grad_norm=12.4339 attn_entr=nan | novelty_loss=0.0019 diversity_loss=0.0500
  -> New best metrics: gen_loss=0.8908 val_loss=0.6655 val_AP=0.2527
Epoch   5/1500 [20.5s mem=1920MB] | task_loss=0.6217 | val_AP=0.2551 mean_AP=0.2551 delta=-0.0000 | test_AP=0.2473 | cos_sim=1.0000 grad_norm=8.5367 attn_entr=nan | novelty_loss=0.0010 diversity_loss=0.0500
  -> New best metrics: gen_loss=0.6217 val_loss=0.4818 val_AP=0.2551
Epoch   6/1500 [5.9s mem=1918MB] | task_loss=0.4823 | val_AP=0.2506 mean_AP=0.2506 delta=-0.0000 | test_AP=0.2412 | cos_sim=1.0000 grad_norm=6.0334 attn_entr=nan | novelty_loss=-0.0000 diversity_loss=0.0500
  -> New best metrics: gen_loss=0.4823 val_loss=0.3887 val_AP=0.2551
Epoch   7/1500 [5.8s mem=1922MB] | task_loss=0.4377 | val_AP=0.2534 mean_AP=0.2535 delta=-0.0000 | test_AP=0.2414 | cos_sim=1.0000 grad_norm=4.4461 attn_entr=nan | novelty_loss=-0.0007 diversity_loss=0.0500
  -> New best metrics: gen_loss=0.4377 val_loss=0.3774 val_AP=0.2551
Epoch   8/1500 [6.4s mem=1920MB] | task_loss=0.4294 | val_AP=0.2529 mean_AP=0.2529 delta=+0.0000 | test_AP=0.2406 | cos_sim=1.0000 grad_norm=4.0653 attn_entr=nan | novelty_loss=-0.0014 diversity_loss=0.0500
  -> New best metrics: gen_loss=0.4294 val_loss=0.3755 val_AP=0.2551
Epoch   9/1500 [6.7s mem=1920MB] | task_loss=0.4264 | val_AP=0.2543 mean_AP=0.2543 delta=-0.0000 | test_AP=0.2418 | cos_sim=1.0000 grad_norm=4.2799 attn_entr=nan | novelty_loss=-0.0021 diversity_loss=0.0500
  -> New best metrics: gen_loss=0.4264 val_loss=0.3721 val_AP=0.2551
Epoch  10/1500 [6.7s mem=1919MB] | task_loss=0.4242 | val_AP=0.2567 mean_AP=0.2567 delta=-0.0000 | test_AP=0.2440 | cos_sim=1.0000 grad_norm=4.2745 attn_entr=nan | novelty_loss=-0.0028 diversity_loss=0.0500
  -> New best metrics: gen_loss=0.4242 val_loss=0.3705 val_AP=0.2567
Epoch  11/1500 [6.7s mem=1921MB] | task_loss=0.4220 | val_AP=0.2561 mean_AP=0.2561 delta=-0.0001 | test_AP=0.2434 | cos_sim=1.0000 grad_norm=4.2129 attn_entr=nan | novelty_loss=-0.0037 diversity_loss=0.0500
  -> New best metrics: gen_loss=0.4220 val_loss=0.3694 val_AP=0.2567
Epoch  12/1500 [6.8s mem=1919MB] | task_loss=0.4199 | val_AP=0.2577 mean_AP=0.2577 delta=-0.0000 | test_AP=0.2467 | cos_sim=1.0000 grad_norm=4.0989 attn_entr=nan | novelty_loss=-0.0045 diversity_loss=0.0500
  -> New best metrics: gen_loss=0.4199 val_loss=0.3680 val_AP=0.2577
Epoch  13/1500 [6.7s mem=1919MB] | task_loss=0.4174 | val_AP=0.2579 mean_AP=0.2579 delta=+0.0000 | test_AP=0.2482 | cos_sim=1.0000 grad_norm=4.2114 attn_entr=nan | novelty_loss=-0.0055 diversity_loss=0.0500
  -> New best metrics: gen_loss=0.4174 val_loss=0.3666 val_AP=0.2579
Epoch  14/1500 [6.7s mem=1920MB] | task_loss=0.4153 | val_AP=0.2574 mean_AP=0.2575 delta=-0.0001 | test_AP=0.2476 | cos_sim=1.0000 grad_norm=4.4613 attn_entr=nan | novelty_loss=-0.0066 diversity_loss=0.0500
Epoch  15/1500 [6.7s mem=1922MB] | task_loss=0.4138 | val_AP=0.2602 mean_AP=0.2602 delta=-0.0000 | test_AP=0.2509 | cos_sim=1.0000 grad_norm=4.6482 attn_entr=nan | novelty_loss=-0.0077 diversity_loss=0.0500
  -> New best metrics: gen_loss=0.4138 val_loss=0.3666 val_AP=0.2602
Epoch  16/1500 [6.8s mem=1919MB] | task_loss=0.4118 | val_AP=0.2580 mean_AP=0.2579 delta=+0.0001 | test_AP=0.2487 | cos_sim=1.0000 grad_norm=4.4062 attn_entr=nan | novelty_loss=-0.0088 diversity_loss=0.0500
  -> New best metrics: gen_loss=0.4118 val_loss=0.3653 val_AP=0.2602
Epoch  17/1500 [6.6s mem=1920MB] | task_loss=0.4099 | val_AP=0.2609 mean_AP=0.2609 delta=-0.0000 | test_AP=0.2501 | cos_sim=1.0000 grad_norm=4.5512 attn_entr=nan | novelty_loss=-0.0099 diversity_loss=0.0500
  -> New best metrics: gen_loss=0.4099 val_loss=0.3639 val_AP=0.2609
Epoch  18/1500 [6.8s mem=1920MB] | task_loss=0.4085 | val_AP=0.2627 mean_AP=0.2628 delta=-0.0000 | test_AP=0.2535 | cos_sim=1.0000 grad_norm=4.8960 attn_entr=nan | novelty_loss=-0.0109 diversity_loss=0.0500
  -> New best metrics: gen_loss=0.4085 val_loss=0.3639 val_AP=0.2627
Epoch  19/1500 [6.7s mem=1919MB] | task_loss=0.4071 | val_AP=0.2621 mean_AP=0.2621 delta=-0.0000 | test_AP=0.2531 | cos_sim=1.0000 grad_norm=5.0685 attn_entr=nan | novelty_loss=-0.0119 diversity_loss=0.0500
  -> New best metrics: gen_loss=0.4071 val_loss=0.3636 val_AP=0.2627
Epoch  20/1500 [6.7s mem=1919MB] | task_loss=0.4058 | val_AP=0.2648 mean_AP=0.2648 delta=-0.0001 | test_AP=0.2547 | cos_sim=1.0000 grad_norm=5.4631 attn_entr=nan | novelty_loss=-0.0129 diversity_loss=0.0500
  -> New best metrics: gen_loss=0.4058 val_loss=0.3636 val_AP=0.2648
Epoch  21/1500 [6.8s mem=1920MB] | task_loss=0.4042 | val_AP=0.2635 mean_AP=0.2635 delta=+0.0000 | test_AP=0.2533 | cos_sim=1.0000 grad_norm=5.6082 attn_entr=nan | novelty_loss=-0.0138 diversity_loss=0.0500
  -> New best metrics: gen_loss=0.4042 val_loss=0.3628 val_AP=0.2648
Epoch  22/1500 [6.7s mem=1918MB] | task_loss=0.4027 | val_AP=0.2632 mean_AP=0.2632 delta=+0.0000 | test_AP=0.2537 | cos_sim=1.0000 grad_norm=5.4077 attn_entr=nan | novelty_loss=-0.0149 diversity_loss=0.0500
  -> New best metrics: gen_loss=0.4027 val_loss=0.3616 val_AP=0.2648
Epoch  23/1500 [6.7s mem=1920MB] | task_loss=0.4014 | val_AP=0.2702 mean_AP=0.2702 delta=+0.0000 | test_AP=0.2600 | cos_sim=1.0000 grad_norm=5.7310 attn_entr=nan | novelty_loss=-0.0158 diversity_loss=0.0500
  -> New best metrics: gen_loss=0.4014 val_loss=0.3616 val_AP=0.2702
Epoch  24/1500 [6.7s mem=1921MB] | task_loss=0.3990 | val_AP=0.2682 mean_AP=0.2681 delta=+0.0001 | test_AP=0.2589 | cos_sim=1.0000 grad_norm=5.4350 attn_entr=nan | novelty_loss=-0.0169 diversity_loss=0.0500
  -> New best metrics: gen_loss=0.3990 val_loss=0.3610 val_AP=0.2702
Epoch  25/1500 [6.8s mem=1921MB] | task_loss=0.3976 | val_AP=0.2703 mean_AP=0.2704 delta=-0.0000 | test_AP=0.2612 | cos_sim=1.0000 grad_norm=5.7151 attn_entr=nan | novelty_loss=-0.0180 diversity_loss=0.0500
  -> New best metrics: gen_loss=0.3976 val_loss=0.3600 val_AP=0.2703
Epoch  26/1500 [6.7s mem=1918MB] | task_loss=0.3963 | val_AP=0.2687 mean_AP=0.2687 delta=-0.0000 | test_AP=0.2602 | cos_sim=1.0000 grad_norm=6.2378 attn_entr=nan | novelty_loss=-0.0190 diversity_loss=0.0500
  -> New best metrics: gen_loss=0.3963 val_loss=0.3593 val_AP=0.2703
Epoch  27/1500 [6.7s mem=1920MB] | task_loss=0.3946 | val_AP=0.2723 mean_AP=0.2722 delta=+0.0000 | test_AP=0.2641 | cos_sim=1.0000 grad_norm=6.4132 attn_entr=nan | novelty_loss=-0.0199 diversity_loss=0.0500
  -> New best metrics: gen_loss=0.3946 val_loss=0.3593 val_AP=0.2723
Epoch  28/1500 [6.7s mem=1922MB] | task_loss=0.3936 | val_AP=0.2702 mean_AP=0.2702 delta=+0.0000 | test_AP=0.2613 | cos_sim=1.0000 grad_norm=6.4993 attn_entr=nan | novelty_loss=-0.0209 diversity_loss=0.0500
  -> New best metrics: gen_loss=0.3936 val_loss=0.3578 val_AP=0.2723
Epoch  29/1500 [6.8s mem=1921MB] | task_loss=0.3922 | val_AP=0.2703 mean_AP=0.2703 delta=-0.0001 | test_AP=0.2656 | cos_sim=1.0000 grad_norm=6.7503 attn_entr=nan | novelty_loss=-0.0217 diversity_loss=0.0500
Epoch  30/1500 [6.8s mem=1922MB] | task_loss=0.3907 | val_AP=0.2762 mean_AP=0.2762 delta=-0.0000 | test_AP=0.2680 | cos_sim=1.0000 grad_norm=6.9030 attn_entr=nan | novelty_loss=-0.0227 diversity_loss=0.0500
  -> New best metrics: gen_loss=0.3907 val_loss=0.3578 val_AP=0.2762
Epoch  31/1500 [6.8s mem=1917MB] | task_loss=0.3884 | val_AP=0.2783 mean_AP=0.2783 delta=-0.0000 | test_AP=0.2685 | cos_sim=1.0000 grad_norm=6.3717 attn_entr=nan | novelty_loss=-0.0236 diversity_loss=0.0500
  -> New best metrics: gen_loss=0.3884 val_loss=0.3578 val_AP=0.2783
Epoch  32/1500 [6.1s mem=1920MB] | task_loss=0.3887 | val_AP=0.2761 mean_AP=0.2761 delta=+0.0000 | test_AP=0.2695 | cos_sim=1.0000 grad_norm=7.6473 attn_entr=nan | novelty_loss=-0.0243 diversity_loss=0.0500
Epoch  33/1500 [5.3s mem=1921MB] | task_loss=0.3868 | val_AP=0.2660 mean_AP=0.2660 delta=-0.0001 | test_AP=0.2594 | cos_sim=1.0000 grad_norm=7.6164 attn_entr=nan | novelty_loss=-0.0252 diversity_loss=0.0500
  -> New best metrics: gen_loss=0.3868 val_loss=0.3564 val_AP=0.2783
Epoch  34/1500 [6.5s mem=1923MB] | task_loss=0.3849 | val_AP=0.2781 mean_AP=0.2781 delta=+0.0000 | test_AP=0.2690 | cos_sim=1.0000 grad_norm=7.2209 attn_entr=nan | novelty_loss=-0.0262 diversity_loss=0.0500
  -> New best metrics: gen_loss=0.3849 val_loss=0.3560 val_AP=0.2783
Epoch  35/1500 [6.7s mem=1920MB] | task_loss=0.3856 | val_AP=0.2787 mean_AP=0.2786 delta=+0.0001 | test_AP=0.2677 | cos_sim=1.0000 grad_norm=8.8793 attn_entr=nan | novelty_loss=-0.0269 diversity_loss=0.0500
  -> New best metrics: gen_loss=0.3849 val_loss=0.3560 val_AP=0.2787
Epoch  36/1500 [5.5s mem=1917MB] | task_loss=0.3828 | val_AP=0.2727 mean_AP=0.2726 delta=+0.0001 | test_AP=0.2695 | cos_sim=1.0000 grad_norm=8.3389 attn_entr=nan | novelty_loss=-0.0277 diversity_loss=0.0500
  -> New best metrics: gen_loss=0.3828 val_loss=0.3551 val_AP=0.2787
Epoch  37/1500 [6.3s mem=1922MB] | task_loss=0.3815 | val_AP=0.2725 mean_AP=0.2725 delta=+0.0001 | test_AP=0.2670 | cos_sim=1.0000 grad_norm=8.6634 attn_entr=nan | novelty_loss=-0.0283 diversity_loss=0.0500
  -> New best metrics: gen_loss=0.3815 val_loss=0.3542 val_AP=0.2787
Epoch  38/1500 [6.2s mem=1921MB] | task_loss=0.3799 | val_AP=0.2723 mean_AP=0.2724 delta=-0.0000 | test_AP=0.2651 | cos_sim=1.0000 grad_norm=8.4340 attn_entr=nan | novelty_loss=-0.0290 diversity_loss=0.0500
Epoch  39/1500 [6.7s mem=1919MB] | task_loss=0.3789 | val_AP=0.2779 mean_AP=0.2780 delta=-0.0001 | test_AP=0.2753 | cos_sim=1.0000 grad_norm=9.0548 attn_entr=nan | novelty_loss=-0.0296 diversity_loss=0.0500
Epoch  40/1500 [6.6s mem=1919MB] | task_loss=0.3770 | val_AP=0.2764 mean_AP=0.2764 delta=-0.0000 | test_AP=0.2736 | cos_sim=1.0000 grad_norm=8.4572 attn_entr=nan | novelty_loss=-0.0302 diversity_loss=0.0500
Epoch  41/1500 [6.6s mem=1919MB] | task_loss=0.3772 | val_AP=0.2785 mean_AP=0.2784 delta=+0.0000 | test_AP=0.2716 | cos_sim=1.0000 grad_norm=9.2365 attn_entr=nan | novelty_loss=-0.0308 diversity_loss=0.0500
  -> New best metrics: gen_loss=0.3772 val_loss=0.3540 val_AP=0.2787
Epoch  42/1500 [6.8s mem=1921MB] | task_loss=0.3753 | val_AP=0.2828 mean_AP=0.2829 delta=-0.0001 | test_AP=0.2772 | cos_sim=1.0000 grad_norm=9.0549 attn_entr=nan | novelty_loss=-0.0313 diversity_loss=0.0500
  -> New best metrics: gen_loss=0.3753 val_loss=0.3520 val_AP=0.2828
Epoch  43/1500 [6.8s mem=1920MB] | task_loss=0.3755 | val_AP=0.2907 mean_AP=0.2907 delta=-0.0000 | test_AP=0.2850 | cos_sim=1.0000 grad_norm=9.2691 attn_entr=nan | novelty_loss=-0.0318 diversity_loss=0.0500
  -> New best metrics: gen_loss=0.3753 val_loss=0.3505 val_AP=0.2907
Epoch  44/1500 [6.8s mem=1917MB] | task_loss=0.3736 | val_AP=0.2832 mean_AP=0.2831 delta=+0.0000 | test_AP=0.2761 | cos_sim=1.0000 grad_norm=9.2028 attn_entr=nan | novelty_loss=-0.0323 diversity_loss=0.0500
  -> New best metrics: gen_loss=0.3736 val_loss=0.3501 val_AP=0.2907
Epoch  45/1500 [6.8s mem=1920MB] | task_loss=0.3724 | val_AP=0.2716 mean_AP=0.2716 delta=+0.0000 | test_AP=0.2642 | cos_sim=1.0000 grad_norm=9.1470 attn_entr=nan | novelty_loss=-0.0328 diversity_loss=0.0500
Epoch  46/1500 [6.8s mem=1918MB] | task_loss=0.3726 | val_AP=0.2854 mean_AP=0.2855 delta=-0.0001 | test_AP=0.2817 | cos_sim=1.0000 grad_norm=10.7931 attn_entr=nan | novelty_loss=-0.0332 diversity_loss=0.0500
  -> New best metrics: gen_loss=0.3726 val_loss=0.3480 val_AP=0.2907
Epoch  47/1500 [6.8s mem=1919MB] | task_loss=0.3707 | val_AP=0.2807 mean_AP=0.2807 delta=-0.0000 | test_AP=0.2747 | cos_sim=1.0000 grad_norm=9.7642 attn_entr=nan | novelty_loss=-0.0335 diversity_loss=0.0500
Epoch  48/1500 [6.8s mem=1919MB] | task_loss=0.3704 | val_AP=0.2984 mean_AP=0.2984 delta=+0.0000 | test_AP=0.2883 | cos_sim=1.0000 grad_norm=10.4470 attn_entr=nan | novelty_loss=-0.0339 diversity_loss=0.0500
  -> New best metrics: gen_loss=0.3704 val_loss=0.3480 val_AP=0.2984
Epoch  49/1500 [6.8s mem=1919MB] | task_loss=0.3703 | val_AP=0.2845 mean_AP=0.2846 delta=-0.0001 | test_AP=0.2782 | cos_sim=1.0000 grad_norm=11.0895 attn_entr=nan | novelty_loss=-0.0342 diversity_loss=0.0500
  -> New best metrics: gen_loss=0.3703 val_loss=0.3453 val_AP=0.2984
Epoch  50/1500 [6.8s mem=1919MB] | task_loss=0.3694 | val_AP=0.2820 mean_AP=0.2820 delta=-0.0000 | test_AP=0.2750 | cos_sim=1.0000 grad_norm=11.5875 attn_entr=nan | novelty_loss=-0.0345 diversity_loss=0.0500
Epoch  51/1500 [6.7s mem=1919MB] | task_loss=0.3670 | val_AP=0.2945 mean_AP=0.2945 delta=-0.0001 | test_AP=0.2849 | cos_sim=1.0000 grad_norm=10.3368 attn_entr=nan | novelty_loss=-0.0346 diversity_loss=0.0500
Epoch  52/1500 [6.8s mem=1923MB] | task_loss=0.3655 | val_AP=0.3025 mean_AP=0.3025 delta=-0.0001 | test_AP=0.2942 | cos_sim=1.0000 grad_norm=9.9920 attn_entr=nan | novelty_loss=-0.0350 diversity_loss=0.0500
  -> New best metrics: gen_loss=0.3655 val_loss=0.3451 val_AP=0.3025
Epoch  53/1500 [6.8s mem=1918MB] | task_loss=0.3670 | val_AP=0.2849 mean_AP=0.2850 delta=-0.0000 | test_AP=0.2776 | cos_sim=1.0000 grad_norm=11.1284 attn_entr=nan | novelty_loss=-0.0352 diversity_loss=0.0500
  -> New best metrics: gen_loss=0.3655 val_loss=0.3435 val_AP=0.3025
Epoch  54/1500 [6.8s mem=1922MB] | task_loss=0.3639 | val_AP=0.3009 mean_AP=0.3008 delta=+0.0001 | test_AP=0.2917 | cos_sim=1.0000 grad_norm=9.4077 attn_entr=nan | novelty_loss=-0.0354 diversity_loss=0.0500
  -> New best metrics: gen_loss=0.3639 val_loss=0.3414 val_AP=0.3025
Epoch  55/1500 [6.8s mem=1918MB] | task_loss=0.3627 | val_AP=0.2857 mean_AP=0.2857 delta=-0.0000 | test_AP=0.2832 | cos_sim=1.0000 grad_norm=9.6128 attn_entr=nan | novelty_loss=-0.0356 diversity_loss=0.0500
Epoch  56/1500 [6.7s mem=1922MB] | task_loss=0.3648 | val_AP=0.3034 mean_AP=0.3035 delta=-0.0001 | test_AP=0.2938 | cos_sim=1.0000 grad_norm=11.2314 attn_entr=nan | novelty_loss=-0.0358 diversity_loss=0.0500
  -> New best metrics: gen_loss=0.3639 val_loss=0.3414 val_AP=0.3034
Epoch  57/1500 [6.8s mem=1918MB] | task_loss=0.3628 | val_AP=0.3028 mean_AP=0.3028 delta=-0.0000 | test_AP=0.2925 | cos_sim=1.0000 grad_norm=10.6034 attn_entr=nan | novelty_loss=-0.0360 diversity_loss=0.0500
  -> New best metrics: gen_loss=0.3628 val_loss=0.3396 val_AP=0.3034
Epoch  58/1500 [6.7s mem=1920MB] | task_loss=0.3632 | val_AP=0.2997 mean_AP=0.2997 delta=+0.0000 | test_AP=0.2907 | cos_sim=1.0000 grad_norm=12.3369 attn_entr=nan | novelty_loss=-0.0362 diversity_loss=0.0500
Epoch  59/1500 [6.7s mem=1920MB] | task_loss=0.3597 | val_AP=0.2956 mean_AP=0.2956 delta=+0.0000 | test_AP=0.2886 | cos_sim=1.0000 grad_norm=10.6045 attn_entr=nan | novelty_loss=-0.0364 diversity_loss=0.0500
Epoch  60/1500 [6.8s mem=1921MB] | task_loss=0.3599 | val_AP=0.3054 mean_AP=0.3054 delta=-0.0000 | test_AP=0.2913 | cos_sim=1.0000 grad_norm=11.4158 attn_entr=nan | novelty_loss=-0.0365 diversity_loss=0.0500
  -> New best metrics: gen_loss=0.3599 val_loss=0.3391 val_AP=0.3054
Epoch  61/1500 [6.7s mem=1920MB] | task_loss=0.3585 | val_AP=0.2976 mean_AP=0.2976 delta=-0.0000 | test_AP=0.2929 | cos_sim=1.0000 grad_norm=10.3558 attn_entr=nan | novelty_loss=-0.0367 diversity_loss=0.0500
Epoch  62/1500 [6.7s mem=1919MB] | task_loss=0.3577 | val_AP=0.3094 mean_AP=0.3094 delta=-0.0000 | test_AP=0.2942 | cos_sim=1.0000 grad_norm=11.1470 attn_entr=nan | novelty_loss=-0.0368 diversity_loss=0.0500
  -> New best metrics: gen_loss=0.3577 val_loss=0.3391 val_AP=0.3094
Epoch  63/1500 [6.8s mem=1919MB] | task_loss=0.3593 | val_AP=0.2852 mean_AP=0.2853 delta=-0.0000 | test_AP=0.2765 | cos_sim=1.0000 grad_norm=12.9255 attn_entr=nan | novelty_loss=-0.0369 diversity_loss=0.0500
Epoch  64/1500 [6.8s mem=1920MB] | task_loss=0.3593 | val_AP=0.2898 mean_AP=0.2897 delta=+0.0001 | test_AP=0.2840 | cos_sim=1.0000 grad_norm=11.9630 attn_entr=nan | novelty_loss=-0.0369 diversity_loss=0.0500
Epoch  65/1500 [6.8s mem=1917MB] | task_loss=0.3586 | val_AP=0.2970 mean_AP=0.2970 delta=+0.0000 | test_AP=0.2856 | cos_sim=1.0000 grad_norm=11.7178 attn_entr=nan | novelty_loss=-0.0370 diversity_loss=0.0500
  -> New best metrics: gen_loss=0.3577 val_loss=0.3368 val_AP=0.3094
Epoch  66/1500 [6.8s mem=1920MB] | task_loss=0.3579 | val_AP=0.3035 mean_AP=0.3035 delta=-0.0000 | test_AP=0.2958 | cos_sim=1.0000 grad_norm=12.2411 attn_entr=nan | novelty_loss=-0.0371 diversity_loss=0.0500
  -> New best metrics: gen_loss=0.3577 val_loss=0.3358 val_AP=0.3094
Epoch  67/1500 [6.8s mem=1919MB] | task_loss=0.3560 | val_AP=0.3101 mean_AP=0.3101 delta=-0.0000 | test_AP=0.2966 | cos_sim=1.0000 grad_norm=10.5280 attn_entr=nan | novelty_loss=-0.0373 diversity_loss=0.0500
  -> New best metrics: gen_loss=0.3560 val_loss=0.3339 val_AP=0.3101
Epoch  68/1500 [6.8s mem=1923MB] | task_loss=0.3570 | val_AP=0.3001 mean_AP=0.3000 delta=+0.0001 | test_AP=0.2932 | cos_sim=1.0000 grad_norm=11.2831 attn_entr=nan | novelty_loss=-0.0374 diversity_loss=0.0500
Epoch  69/1500 [6.8s mem=1921MB] | task_loss=0.3554 | val_AP=0.3051 mean_AP=0.3051 delta=+0.0000 | test_AP=0.2966 | cos_sim=1.0000 grad_norm=11.3935 attn_entr=nan | novelty_loss=-0.0374 diversity_loss=0.0500
Epoch  70/1500 [6.8s mem=1919MB] | task_loss=0.3554 | val_AP=0.3163 mean_AP=0.3163 delta=+0.0000 | test_AP=0.2999 | cos_sim=1.0000 grad_norm=11.6276 attn_entr=nan | novelty_loss=-0.0376 diversity_loss=0.0500
  -> New best metrics: gen_loss=0.3554 val_loss=0.3339 val_AP=0.3163
Epoch  71/1500 [6.8s mem=1922MB] | task_loss=0.3549 | val_AP=0.2990 mean_AP=0.2990 delta=+0.0000 | test_AP=0.2887 | cos_sim=1.0000 grad_norm=11.1900 attn_entr=nan | novelty_loss=-0.0376 diversity_loss=0.0500
Epoch  72/1500 [6.8s mem=1918MB] | task_loss=0.3533 | val_AP=0.2991 mean_AP=0.2992 delta=-0.0001 | test_AP=0.2839 | cos_sim=1.0000 grad_norm=11.0817 attn_entr=nan | novelty_loss=-0.0377 diversity_loss=0.0500
Epoch  73/1500 [6.8s mem=1919MB] | task_loss=0.3550 | val_AP=0.3232 mean_AP=0.3233 delta=-0.0001 | test_AP=0.3083 | cos_sim=1.0000 grad_norm=13.0445 attn_entr=nan | novelty_loss=-0.0377 diversity_loss=0.0500
  -> New best metrics: gen_loss=0.3550 val_loss=0.3304 val_AP=0.3232
Epoch  74/1500 [6.8s mem=1921MB] | task_loss=0.3528 | val_AP=0.3096 mean_AP=0.3096 delta=-0.0000 | test_AP=0.2988 | cos_sim=1.0000 grad_norm=12.1548 attn_entr=nan | novelty_loss=-0.0378 diversity_loss=0.0500
Epoch  75/1500 [6.8s mem=1918MB] | task_loss=0.3527 | val_AP=0.3022 mean_AP=0.3022 delta=-0.0000 | test_AP=0.2915 | cos_sim=1.0000 grad_norm=11.1717 attn_entr=nan | novelty_loss=-0.0378 diversity_loss=0.0500
Epoch  76/1500 [6.3s mem=1920MB] | task_loss=0.3508 | val_AP=0.3140 mean_AP=0.3143 delta=-0.0003 | test_AP=0.2982 | cos_sim=1.0000 grad_norm=11.2974 attn_entr=nan | novelty_loss=-0.0378 diversity_loss=0.0500
  -> New best metrics: gen_loss=0.3508 val_loss=0.3294 val_AP=0.3232
Epoch  77/1500 [5.8s mem=1920MB] | task_loss=0.3496 | val_AP=0.3081 mean_AP=0.3081 delta=+0.0000 | test_AP=0.2986 | cos_sim=1.0000 grad_norm=11.3387 attn_entr=nan | novelty_loss=-0.0379 diversity_loss=0.0500
Epoch  78/1500 [5.5s mem=1919MB] | task_loss=0.3513 | val_AP=0.3125 mean_AP=0.3125 delta=-0.0000 | test_AP=0.3007 | cos_sim=1.0000 grad_norm=13.2164 attn_entr=nan | novelty_loss=-0.0379 diversity_loss=0.0500
Epoch  79/1500 [20.2s mem=1920MB] | task_loss=0.3497 | val_AP=0.3313 mean_AP=0.3314 delta=-0.0000 | test_AP=0.3129 | cos_sim=1.0000 grad_norm=12.1642 attn_entr=nan | novelty_loss=-0.0379 diversity_loss=0.0500
  -> New best metrics: gen_loss=0.3497 val_loss=0.3294 val_AP=0.3313
Epoch  80/1500 [22.6s mem=1919MB] | task_loss=0.3501 | val_AP=0.3096 mean_AP=0.3097 delta=-0.0001 | test_AP=0.3006 | cos_sim=1.0000 grad_norm=11.0845 attn_entr=nan | novelty_loss=-0.0379 diversity_loss=0.0500
Epoch  81/1500 [22.3s mem=1920MB] | task_loss=0.3487 | val_AP=0.3183 mean_AP=0.3183 delta=+0.0001 | test_AP=0.3030 | cos_sim=1.0000 grad_norm=11.6066 attn_entr=nan | novelty_loss=-0.0379 diversity_loss=0.0500
Epoch  82/1500 [22.6s mem=1919MB] | task_loss=0.3485 | val_AP=0.3121 mean_AP=0.3121 delta=-0.0000 | test_AP=0.2932 | cos_sim=1.0000 grad_norm=12.6502 attn_entr=nan | novelty_loss=-0.0381 diversity_loss=0.0500
Epoch  83/1500 [22.6s mem=1920MB] | task_loss=0.3459 | val_AP=0.3225 mean_AP=0.3226 delta=-0.0001 | test_AP=0.3050 | cos_sim=1.0000 grad_norm=10.8925 attn_entr=nan | novelty_loss=-0.0381 diversity_loss=0.0500
  -> New best metrics: gen_loss=0.3459 val_loss=0.3251 val_AP=0.3313
Epoch  84/1500 [22.6s mem=1919MB] | task_loss=0.3454 | val_AP=0.3056 mean_AP=0.3057 delta=-0.0001 | test_AP=0.2957 | cos_sim=1.0000 grad_norm=10.7500 attn_entr=nan | novelty_loss=-0.0382 diversity_loss=0.0500
Epoch  85/1500 [22.3s mem=1919MB] | task_loss=0.3444 | val_AP=0.3199 mean_AP=0.3199 delta=+0.0000 | test_AP=0.2985 | cos_sim=1.0000 grad_norm=10.8225 attn_entr=nan | novelty_loss=-0.0382 diversity_loss=0.0500
  -> New best metrics: gen_loss=0.3444 val_loss=0.3235 val_AP=0.3313
Epoch  86/1500 [22.3s mem=1920MB] | task_loss=0.3424 | val_AP=0.3208 mean_AP=0.3208 delta=-0.0000 | test_AP=0.3066 | cos_sim=1.0000 grad_norm=10.5115 attn_entr=nan | novelty_loss=-0.0383 diversity_loss=0.0500
Epoch  87/1500 [22.4s mem=1920MB] | task_loss=0.3447 | val_AP=0.3237 mean_AP=0.3237 delta=+0.0000 | test_AP=0.3067 | cos_sim=1.0000 grad_norm=11.6599 attn_entr=nan | novelty_loss=-0.0382 diversity_loss=0.0500
Epoch  88/1500 [22.7s mem=1919MB] | task_loss=0.3452 | val_AP=0.3156 mean_AP=0.3157 delta=-0.0001 | test_AP=0.3035 | cos_sim=1.0000 grad_norm=12.0863 attn_entr=nan | novelty_loss=-0.0383 diversity_loss=0.0500
Epoch  89/1500 [22.7s mem=1919MB] | task_loss=0.3414 | val_AP=0.3100 mean_AP=0.3099 delta=+0.0000 | test_AP=0.3041 | cos_sim=1.0000 grad_norm=10.8782 attn_entr=nan | novelty_loss=-0.0383 diversity_loss=0.0500
Epoch  90/1500 [23.0s mem=1919MB] | task_loss=0.3405 | val_AP=0.3256 mean_AP=0.3256 delta=-0.0000 | test_AP=0.3086 | cos_sim=1.0000 grad_norm=10.6284 attn_entr=nan | novelty_loss=-0.0383 diversity_loss=0.0500
Epoch  91/1500 [22.4s mem=1919MB] | task_loss=0.3402 | val_AP=0.3153 mean_AP=0.3152 delta=+0.0001 | test_AP=0.3029 | cos_sim=1.0000 grad_norm=11.0161 attn_entr=nan | novelty_loss=-0.0383 diversity_loss=0.0500
Epoch  92/1500 [22.6s mem=1919MB] | task_loss=0.3391 | val_AP=0.3308 mean_AP=0.3308 delta=+0.0001 | test_AP=0.3167 | cos_sim=1.0000 grad_norm=10.5932 attn_entr=nan | novelty_loss=-0.0384 diversity_loss=0.0500
  -> New best metrics: gen_loss=0.3391 val_loss=0.3204 val_AP=0.3313
Epoch  93/1500 [22.4s mem=1920MB] | task_loss=0.3380 | val_AP=0.3204 mean_AP=0.3206 delta=-0.0002 | test_AP=0.3024 | cos_sim=1.0000 grad_norm=10.3767 attn_entr=nan | novelty_loss=-0.0384 diversity_loss=0.0500
Epoch  94/1500 [22.9s mem=1919MB] | task_loss=0.3384 | val_AP=0.3407 mean_AP=0.3410 delta=-0.0003 | test_AP=0.3219 | cos_sim=1.0000 grad_norm=10.9578 attn_entr=nan | novelty_loss=-0.0386 diversity_loss=0.0500
  -> New best metrics: gen_loss=0.3384 val_loss=0.3204 val_AP=0.3407
Epoch  95/1500 [22.5s mem=1918MB] | task_loss=0.3382 | val_AP=0.3393 mean_AP=0.3392 delta=+0.0001 | test_AP=0.3145 | cos_sim=1.0000 grad_norm=11.0987 attn_entr=nan | novelty_loss=-0.0386 diversity_loss=0.0500
Epoch  96/1500 [22.6s mem=1920MB] | task_loss=0.3381 | val_AP=0.3227 mean_AP=0.3227 delta=+0.0000 | test_AP=0.3057 | cos_sim=1.0000 grad_norm=10.7436 attn_entr=nan | novelty_loss=-0.0386 diversity_loss=0.0500
Epoch  97/1500 [22.4s mem=1920MB] | task_loss=0.3380 | val_AP=0.3239 mean_AP=0.3238 delta=+0.0001 | test_AP=0.3089 | cos_sim=1.0000 grad_norm=11.3698 attn_entr=nan | novelty_loss=-0.0387 diversity_loss=0.0500
Epoch  98/1500 [9.6s mem=1922MB] | task_loss=0.3363 | val_AP=0.3368 mean_AP=0.3368 delta=-0.0000 | test_AP=0.3158 | cos_sim=1.0000 grad_norm=10.0890 attn_entr=nan | novelty_loss=-0.0388 diversity_loss=0.0500
Epoch  99/1500 [5.7s mem=1922MB] | task_loss=0.3362 | val_AP=0.3386 mean_AP=0.3387 delta=-0.0001 | test_AP=0.3209 | cos_sim=1.0000 grad_norm=10.1399 attn_entr=nan | novelty_loss=-0.0388 diversity_loss=0.0500
  -> New best metrics: gen_loss=0.3362 val_loss=0.3182 val_AP=0.3407
Epoch 100/1500 [6.4s mem=1920MB] | task_loss=0.3352 | val_AP=0.3486 mean_AP=0.3487 delta=-0.0001 | test_AP=0.3299 | cos_sim=1.0000 grad_norm=9.6605 attn_entr=nan | novelty_loss=-0.0389 diversity_loss=0.0500
  -> New best metrics: gen_loss=0.3352 val_loss=0.3182 val_AP=0.3486
Epoch 101/1500 [6.3s mem=1920MB] | task_loss=0.3355 | val_AP=0.3390 mean_AP=0.3391 delta=-0.0001 | test_AP=0.3152 | cos_sim=1.0000 grad_norm=10.6378 attn_entr=nan | novelty_loss=-0.0390 diversity_loss=0.0500
Epoch 102/1500 [6.6s mem=1921MB] | task_loss=0.3335 | val_AP=0.3452 mean_AP=0.3452 delta=+0.0000 | test_AP=0.3222 | cos_sim=1.0000 grad_norm=9.4367 attn_entr=nan | novelty_loss=-0.0389 diversity_loss=0.0500
  -> New best metrics: gen_loss=0.3335 val_loss=0.3174 val_AP=0.3486
Epoch 103/1500 [6.7s mem=1919MB] | task_loss=0.3317 | val_AP=0.3487 mean_AP=0.3486 delta=+0.0001 | test_AP=0.3328 | cos_sim=1.0000 grad_norm=9.1013 attn_entr=nan | novelty_loss=-0.0391 diversity_loss=0.0500
  -> New best metrics: gen_loss=0.3317 val_loss=0.3174 val_AP=0.3487
Epoch 104/1500 [6.7s mem=1921MB] | task_loss=0.3339 | val_AP=0.3447 mean_AP=0.3447 delta=+0.0000 | test_AP=0.3251 | cos_sim=1.0000 grad_norm=10.0039 attn_entr=nan | novelty_loss=-0.0390 diversity_loss=0.0500
Epoch 105/1500 [6.8s mem=1921MB] | task_loss=0.3327 | val_AP=0.3423 mean_AP=0.3423 delta=-0.0000 | test_AP=0.3228 | cos_sim=1.0000 grad_norm=9.8447 attn_entr=nan | novelty_loss=-0.0392 diversity_loss=0.0500
  -> New best metrics: gen_loss=0.3317 val_loss=0.3156 val_AP=0.3487
Epoch 106/1500 [6.9s mem=1919MB] | task_loss=0.3318 | val_AP=0.3495 mean_AP=0.3494 delta=+0.0000 | test_AP=0.3249 | cos_sim=1.0000 grad_norm=9.6267 attn_entr=nan | novelty_loss=-0.0392 diversity_loss=0.0500
  -> New best metrics: gen_loss=0.3317 val_loss=0.3156 val_AP=0.3495
Epoch 107/1500 [6.8s mem=1918MB] | task_loss=0.3301 | val_AP=0.3511 mean_AP=0.3512 delta=-0.0001 | test_AP=0.3301 | cos_sim=1.0000 grad_norm=9.4590 attn_entr=nan | novelty_loss=-0.0393 diversity_loss=0.0500
  -> New best metrics: gen_loss=0.3301 val_loss=0.3127 val_AP=0.3511
Epoch 108/1500 [6.8s mem=1920MB] | task_loss=0.3293 | val_AP=0.3531 mean_AP=0.3532 delta=-0.0002 | test_AP=0.3257 | cos_sim=1.0000 grad_norm=8.8328 attn_entr=nan | novelty_loss=-0.0393 diversity_loss=0.0500
  -> New best metrics: gen_loss=0.3293 val_loss=0.3127 val_AP=0.3531
Epoch 109/1500 [5.7s mem=1922MB] | task_loss=0.3312 | val_AP=0.3510 mean_AP=0.3512 delta=-0.0001 | test_AP=0.3278 | cos_sim=1.0000 grad_norm=9.8985 attn_entr=nan | novelty_loss=-0.0393 diversity_loss=0.0500
Epoch 110/1500 [6.1s mem=1919MB] | task_loss=0.3322 | val_AP=0.3500 mean_AP=0.3499 delta=+0.0002 | test_AP=0.3310 | cos_sim=1.0000 grad_norm=10.4487 attn_entr=nan | novelty_loss=-0.0394 diversity_loss=0.0500
  -> New best metrics: gen_loss=0.3293 val_loss=0.3126 val_AP=0.3531
Epoch 111/1500 [6.0s mem=1919MB] | task_loss=0.3288 | val_AP=0.3426 mean_AP=0.3426 delta=+0.0001 | test_AP=0.3252 | cos_sim=1.0000 grad_norm=8.9907 attn_entr=nan | novelty_loss=-0.0395 diversity_loss=0.0500
Epoch 112/1500 [6.0s mem=1918MB] | task_loss=0.3292 | val_AP=0.3572 mean_AP=0.3572 delta=+0.0000 | test_AP=0.3377 | cos_sim=1.0000 grad_norm=8.9443 attn_entr=nan | novelty_loss=-0.0396 diversity_loss=0.0500
  -> New best metrics: gen_loss=0.3292 val_loss=0.3125 val_AP=0.3572
Epoch 113/1500 [6.8s mem=1919MB] | task_loss=0.3293 | val_AP=0.3463 mean_AP=0.3463 delta=-0.0000 | test_AP=0.3297 | cos_sim=1.0000 grad_norm=8.9766 attn_entr=nan | novelty_loss=-0.0396 diversity_loss=0.0500
Epoch 114/1500 [6.8s mem=1918MB] | task_loss=0.3293 | val_AP=0.3516 mean_AP=0.3515 delta=+0.0000 | test_AP=0.3354 | cos_sim=1.0000 grad_norm=9.4019 attn_entr=nan | novelty_loss=-0.0397 diversity_loss=0.0500
  -> New best metrics: gen_loss=0.3292 val_loss=0.3121 val_AP=0.3572
Epoch 115/1500 [6.8s mem=1919MB] | task_loss=0.3283 | val_AP=0.3549 mean_AP=0.3553 delta=-0.0004 | test_AP=0.3354 | cos_sim=1.0000 grad_norm=9.2083 attn_entr=nan | novelty_loss=-0.0397 diversity_loss=0.0500
  -> New best metrics: gen_loss=0.3283 val_loss=0.3107 val_AP=0.3572
Epoch 116/1500 [6.7s mem=1920MB] | task_loss=0.3276 | val_AP=0.3399 mean_AP=0.3400 delta=-0.0000 | test_AP=0.3246 | cos_sim=1.0000 grad_norm=8.4644 attn_entr=nan | novelty_loss=-0.0398 diversity_loss=0.0500
Epoch 117/1500 [6.8s mem=1919MB] | task_loss=0.3280 | val_AP=0.3503 mean_AP=0.3504 delta=-0.0001 | test_AP=0.3304 | cos_sim=1.0000 grad_norm=8.6626 attn_entr=nan | novelty_loss=-0.0399 diversity_loss=0.0500
Epoch 118/1500 [5.9s mem=1919MB] | task_loss=0.3286 | val_AP=0.3502 mean_AP=0.3502 delta=-0.0000 | test_AP=0.3250 | cos_sim=1.0000 grad_norm=9.3941 attn_entr=nan | novelty_loss=-0.0399 diversity_loss=0.0500
Epoch 119/1500 [6.4s mem=1922MB] | task_loss=0.3260 | val_AP=0.3598 mean_AP=0.3598 delta=-0.0000 | test_AP=0.3352 | cos_sim=1.0000 grad_norm=8.6637 attn_entr=nan | novelty_loss=-0.0400 diversity_loss=0.0500
  -> New best metrics: gen_loss=0.3260 val_loss=0.3107 val_AP=0.3598
Epoch 120/1500 [5.8s mem=1921MB] | task_loss=0.3262 | val_AP=0.3459 mean_AP=0.3458 delta=+0.0001 | test_AP=0.3239 | cos_sim=1.0000 grad_norm=9.0994 attn_entr=nan | novelty_loss=-0.0400 diversity_loss=0.0500
Epoch 121/1500 [5.8s mem=1922MB] | task_loss=0.3258 | val_AP=0.3444 mean_AP=0.3444 delta=-0.0000 | test_AP=0.3304 | cos_sim=1.0000 grad_norm=8.7211 attn_entr=nan | novelty_loss=-0.0401 diversity_loss=0.0500
Epoch 122/1500 [6.7s mem=1920MB] | task_loss=0.3265 | val_AP=0.3479 mean_AP=0.3478 delta=+0.0001 | test_AP=0.3268 | cos_sim=1.0000 grad_norm=8.7182 attn_entr=nan | novelty_loss=-0.0401 diversity_loss=0.0500
Epoch 123/1500 [6.5s mem=1919MB] | task_loss=0.3249 | val_AP=0.3528 mean_AP=0.3528 delta=-0.0000 | test_AP=0.3406 | cos_sim=1.0000 grad_norm=8.6777 attn_entr=nan | novelty_loss=-0.0401 diversity_loss=0.0500
Epoch 124/1500 [5.6s mem=1922MB] | task_loss=0.3247 | val_AP=0.3459 mean_AP=0.3460 delta=-0.0000 | test_AP=0.3245 | cos_sim=1.0000 grad_norm=8.1835 attn_entr=nan | novelty_loss=-0.0402 diversity_loss=0.0500
Epoch 125/1500 [6.0s mem=1920MB] | task_loss=0.3250 | val_AP=0.3604 mean_AP=0.3605 delta=-0.0001 | test_AP=0.3347 | cos_sim=1.0000 grad_norm=8.2018 attn_entr=nan | novelty_loss=-0.0403 diversity_loss=0.0500
  -> New best metrics: gen_loss=0.3250 val_loss=0.3107 val_AP=0.3604
Epoch 126/1500 [5.9s mem=1918MB] | task_loss=0.3238 | val_AP=0.3462 mean_AP=0.3462 delta=-0.0000 | test_AP=0.3310 | cos_sim=1.0000 grad_norm=8.2347 attn_entr=nan | novelty_loss=-0.0403 diversity_loss=0.0500
Epoch 127/1500 [6.8s mem=1920MB] | task_loss=0.3235 | val_AP=0.3610 mean_AP=0.3610 delta=+0.0001 | test_AP=0.3427 | cos_sim=1.0000 grad_norm=8.4444 attn_entr=nan | novelty_loss=-0.0403 diversity_loss=0.0500
  -> New best metrics: gen_loss=0.3235 val_loss=0.3107 val_AP=0.3610
Epoch 128/1500 [6.8s mem=1920MB] | task_loss=0.3247 | val_AP=0.3566 mean_AP=0.3566 delta=-0.0000 | test_AP=0.3373 | cos_sim=1.0000 grad_norm=8.3438 attn_entr=nan | novelty_loss=-0.0404 diversity_loss=0.0500
  -> New best metrics: gen_loss=0.3235 val_loss=0.3078 val_AP=0.3610
Epoch 129/1500 [6.4s mem=1921MB] | task_loss=0.3244 | val_AP=0.3459 mean_AP=0.3462 delta=-0.0003 | test_AP=0.3247 | cos_sim=1.0000 grad_norm=8.7961 attn_entr=nan | novelty_loss=-0.0404 diversity_loss=0.0500
Epoch 130/1500 [5.6s mem=1922MB] | task_loss=0.3229 | val_AP=0.3499 mean_AP=0.3500 delta=-0.0001 | test_AP=0.3319 | cos_sim=1.0000 grad_norm=7.8573 attn_entr=nan | novelty_loss=-0.0405 diversity_loss=0.0500
Epoch 131/1500 [5.4s mem=1920MB] | task_loss=0.3220 | val_AP=0.3441 mean_AP=0.3441 delta=+0.0001 | test_AP=0.3263 | cos_sim=1.0000 grad_norm=7.6022 attn_entr=nan | novelty_loss=-0.0405 diversity_loss=0.0500
Epoch 132/1500 [5.4s mem=1919MB] | task_loss=0.3221 | val_AP=0.3663 mean_AP=0.3664 delta=-0.0001 | test_AP=0.3448 | cos_sim=1.0000 grad_norm=8.1330 attn_entr=nan | novelty_loss=-0.0405 diversity_loss=0.0500
  -> New best metrics: gen_loss=0.3221 val_loss=0.3066 val_AP=0.3663
Epoch 133/1500 [6.6s mem=1919MB] | task_loss=0.3213 | val_AP=0.3477 mean_AP=0.3477 delta=-0.0000 | test_AP=0.3268 | cos_sim=1.0000 grad_norm=8.0224 attn_entr=nan | novelty_loss=-0.0406 diversity_loss=0.0500
Epoch 134/1500 [6.8s mem=1920MB] | task_loss=0.3215 | val_AP=0.3549 mean_AP=0.3549 delta=-0.0001 | test_AP=0.3299 | cos_sim=1.0000 grad_norm=8.1500 attn_entr=nan | novelty_loss=-0.0406 diversity_loss=0.0500
Epoch 135/1500 [6.9s mem=1922MB] | task_loss=0.3195 | val_AP=0.3483 mean_AP=0.3483 delta=+0.0000 | test_AP=0.3339 | cos_sim=1.0000 grad_norm=7.4762 attn_entr=nan | novelty_loss=-0.0407 diversity_loss=0.0500
Epoch 136/1500 [6.9s mem=1919MB] | task_loss=0.3202 | val_AP=0.3574 mean_AP=0.3573 delta=+0.0001 | test_AP=0.3385 | cos_sim=1.0000 grad_norm=7.7688 attn_entr=nan | novelty_loss=-0.0406 diversity_loss=0.0500
Epoch 137/1500 [6.9s mem=1919MB] | task_loss=0.3190 | val_AP=0.3667 mean_AP=0.3669 delta=-0.0002 | test_AP=0.3468 | cos_sim=1.0000 grad_norm=7.4862 attn_entr=nan | novelty_loss=-0.0407 diversity_loss=0.0500
  -> New best metrics: gen_loss=0.3190 val_loss=0.3066 val_AP=0.3667
Epoch 138/1500 [6.7s mem=1920MB] | task_loss=0.3193 | val_AP=0.3621 mean_AP=0.3622 delta=-0.0001 | test_AP=0.3370 | cos_sim=1.0000 grad_norm=7.9108 attn_entr=nan | novelty_loss=-0.0407 diversity_loss=0.0500
  -> New best metrics: gen_loss=0.3190 val_loss=0.3046 val_AP=0.3667
Epoch 139/1500 [6.7s mem=1919MB] | task_loss=0.3198 | val_AP=0.3574 mean_AP=0.3575 delta=-0.0001 | test_AP=0.3379 | cos_sim=1.0000 grad_norm=7.7911 attn_entr=nan | novelty_loss=-0.0407 diversity_loss=0.0500
Epoch 140/1500 [6.7s mem=1917MB] | task_loss=0.3181 | val_AP=0.3571 mean_AP=0.3571 delta=+0.0000 | test_AP=0.3358 | cos_sim=1.0000 grad_norm=7.4976 attn_entr=nan | novelty_loss=-0.0406 diversity_loss=0.0500
Epoch 141/1500 [6.8s mem=1921MB] | task_loss=0.3172 | val_AP=0.3526 mean_AP=0.3526 delta=+0.0000 | test_AP=0.3322 | cos_sim=1.0000 grad_norm=7.0229 attn_entr=nan | novelty_loss=-0.0407 diversity_loss=0.0500
Epoch 142/1500 [6.8s mem=1920MB] | task_loss=0.3178 | val_AP=0.3677 mean_AP=0.3677 delta=-0.0000 | test_AP=0.3386 | cos_sim=1.0000 grad_norm=7.8816 attn_entr=nan | novelty_loss=-0.0407 diversity_loss=0.0500
  -> New best metrics: gen_loss=0.3178 val_loss=0.3009 val_AP=0.3677
Epoch 143/1500 [6.5s mem=1920MB] | task_loss=0.3159 | val_AP=0.3661 mean_AP=0.3662 delta=-0.0001 | test_AP=0.3384 | cos_sim=1.0000 grad_norm=7.2937 attn_entr=nan | novelty_loss=-0.0407 diversity_loss=0.0500
Epoch 144/1500 [6.1s mem=1918MB] | task_loss=0.3162 | val_AP=0.3609 mean_AP=0.3609 delta=-0.0000 | test_AP=0.3438 | cos_sim=1.0000 grad_norm=7.5887 attn_entr=nan | novelty_loss=-0.0407 diversity_loss=0.0500
Epoch 145/1500 [6.4s mem=1919MB] | task_loss=0.3159 | val_AP=0.3642 mean_AP=0.3643 delta=-0.0000 | test_AP=0.3442 | cos_sim=1.0000 grad_norm=7.7411 attn_entr=nan | novelty_loss=-0.0407 diversity_loss=0.0500
Epoch 146/1500 [6.8s mem=1919MB] | task_loss=0.3159 | val_AP=0.3647 mean_AP=0.3647 delta=-0.0001 | test_AP=0.3463 | cos_sim=1.0000 grad_norm=7.9954 attn_entr=nan | novelty_loss=-0.0407 diversity_loss=0.0500
Epoch 147/1500 [6.8s mem=1921MB] | task_loss=0.3154 | val_AP=0.3702 mean_AP=0.3702 delta=+0.0000 | test_AP=0.3418 | cos_sim=1.0000 grad_norm=7.7841 attn_entr=nan | novelty_loss=-0.0407 diversity_loss=0.0500
  -> New best metrics: gen_loss=0.3154 val_loss=0.3009 val_AP=0.3702
Epoch 148/1500 [6.8s mem=1922MB] | task_loss=0.3133 | val_AP=0.3682 mean_AP=0.3682 delta=+0.0000 | test_AP=0.3422 | cos_sim=1.0000 grad_norm=7.6225 attn_entr=nan | novelty_loss=-0.0407 diversity_loss=0.0500
  -> New best metrics: gen_loss=0.3133 val_loss=0.3007 val_AP=0.3702
Epoch 149/1500 [6.8s mem=1918MB] | task_loss=0.3134 | val_AP=0.3796 mean_AP=0.3797 delta=-0.0001 | test_AP=0.3535 | cos_sim=1.0000 grad_norm=7.5162 attn_entr=nan | novelty_loss=-0.0408 diversity_loss=0.0500
  -> New best metrics: gen_loss=0.3133 val_loss=0.3004 val_AP=0.3796
Epoch 150/1500 [6.7s mem=1919MB] | task_loss=0.3141 | val_AP=0.3745 mean_AP=0.3746 delta=-0.0001 | test_AP=0.3487 | cos_sim=1.0000 grad_norm=8.0505 attn_entr=nan | novelty_loss=-0.0407 diversity_loss=0.0500
Epoch 151/1500 [6.7s mem=1922MB] | task_loss=0.3126 | val_AP=0.3566 mean_AP=0.3567 delta=-0.0000 | test_AP=0.3376 | cos_sim=1.0000 grad_norm=7.5800 attn_entr=nan | novelty_loss=-0.0408 diversity_loss=0.0500
Epoch 152/1500 [6.7s mem=1918MB] | task_loss=0.3131 | val_AP=0.3740 mean_AP=0.3741 delta=-0.0000 | test_AP=0.3465 | cos_sim=1.0000 grad_norm=7.6219 attn_entr=nan | novelty_loss=-0.0407 diversity_loss=0.0500
  -> New best metrics: gen_loss=0.3131 val_loss=0.2994 val_AP=0.3796
Epoch 153/1500 [6.9s mem=1919MB] | task_loss=0.3113 | val_AP=0.3717 mean_AP=0.3717 delta=-0.0000 | test_AP=0.3482 | cos_sim=1.0000 grad_norm=7.4795 attn_entr=nan | novelty_loss=-0.0407 diversity_loss=0.0500
Epoch 154/1500 [7.0s mem=1919MB] | task_loss=0.3110 | val_AP=0.3764 mean_AP=0.3764 delta=+0.0001 | test_AP=0.3522 | cos_sim=1.0000 grad_norm=7.2825 attn_entr=nan | novelty_loss=-0.0407 diversity_loss=0.0500
  -> New best metrics: gen_loss=0.3110 val_loss=0.2984 val_AP=0.3796
Epoch 155/1500 [6.8s mem=1921MB] | task_loss=0.3097 | val_AP=0.3745 mean_AP=0.3744 delta=+0.0001 | test_AP=0.3539 | cos_sim=1.0000 grad_norm=7.8255 attn_entr=nan | novelty_loss=-0.0408 diversity_loss=0.0500
Epoch 156/1500 [6.9s mem=1917MB] | task_loss=0.3097 | val_AP=0.3791 mean_AP=0.3791 delta=-0.0001 | test_AP=0.3540 | cos_sim=1.0000 grad_norm=7.7649 attn_entr=nan | novelty_loss=-0.0408 diversity_loss=0.0500
Epoch 157/1500 [6.9s mem=1921MB] | task_loss=0.3088 | val_AP=0.3824 mean_AP=0.3825 delta=-0.0001 | test_AP=0.3629 | cos_sim=1.0000 grad_norm=7.4006 attn_entr=nan | novelty_loss=-0.0408 diversity_loss=0.0500
  -> New best metrics: gen_loss=0.3088 val_loss=0.2984 val_AP=0.3824
Epoch 158/1500 [6.9s mem=1920MB] | task_loss=0.3101 | val_AP=0.3677 mean_AP=0.3677 delta=+0.0000 | test_AP=0.3452 | cos_sim=1.0000 grad_norm=7.9307 attn_entr=nan | novelty_loss=-0.0408 diversity_loss=0.0500
Epoch 159/1500 [6.9s mem=1920MB] | task_loss=0.3094 | val_AP=0.3839 mean_AP=0.3840 delta=-0.0001 | test_AP=0.3582 | cos_sim=1.0000 grad_norm=8.1094 attn_entr=nan | novelty_loss=-0.0408 diversity_loss=0.0500
  -> New best metrics: gen_loss=0.3088 val_loss=0.2984 val_AP=0.3839
Epoch 160/1500 [6.9s mem=1921MB] | task_loss=0.3094 | val_AP=0.3779 mean_AP=0.3780 delta=-0.0000 | test_AP=0.3612 | cos_sim=1.0000 grad_norm=8.0190 attn_entr=nan | novelty_loss=-0.0408 diversity_loss=0.0500
Epoch 161/1500 [7.0s mem=1921MB] | task_loss=0.3086 | val_AP=0.3788 mean_AP=0.3789 delta=-0.0001 | test_AP=0.3552 | cos_sim=1.0000 grad_norm=7.4757 attn_entr=nan | novelty_loss=-0.0409 diversity_loss=0.0500
  -> New best metrics: gen_loss=0.3086 val_loss=0.2966 val_AP=0.3839
Epoch 162/1500 [7.0s mem=1920MB] | task_loss=0.3087 | val_AP=0.3859 mean_AP=0.3861 delta=-0.0002 | test_AP=0.3606 | cos_sim=1.0000 grad_norm=8.1175 attn_entr=nan | novelty_loss=-0.0409 diversity_loss=0.0500
  -> New best metrics: gen_loss=0.3086 val_loss=0.2959 val_AP=0.3859
Epoch 163/1500 [6.8s mem=1920MB] | task_loss=0.3074 | val_AP=0.3786 mean_AP=0.3786 delta=+0.0000 | test_AP=0.3549 | cos_sim=1.0000 grad_norm=7.7993 attn_entr=nan | novelty_loss=-0.0409 diversity_loss=0.0500
Epoch 164/1500 [6.8s mem=1921MB] | task_loss=0.3077 | val_AP=0.3855 mean_AP=0.3855 delta=+0.0000 | test_AP=0.3621 | cos_sim=1.0000 grad_norm=8.3541 attn_entr=nan | novelty_loss=-0.0410 diversity_loss=0.0500
Epoch 165/1500 [6.8s mem=1919MB] | task_loss=0.3065 | val_AP=0.3808 mean_AP=0.3808 delta=-0.0000 | test_AP=0.3609 | cos_sim=1.0000 grad_norm=7.8407 attn_entr=nan | novelty_loss=-0.0410 diversity_loss=0.0500
Epoch 166/1500 [6.8s mem=1921MB] | task_loss=0.3067 | val_AP=0.3820 mean_AP=0.3821 delta=-0.0001 | test_AP=0.3638 | cos_sim=1.0000 grad_norm=7.8541 attn_entr=nan | novelty_loss=-0.0410 diversity_loss=0.0500
Epoch 167/1500 [6.8s mem=1921MB] | task_loss=0.3062 | val_AP=0.3828 mean_AP=0.3828 delta=-0.0000 | test_AP=0.3558 | cos_sim=1.0000 grad_norm=7.8619 attn_entr=nan | novelty_loss=-0.0410 diversity_loss=0.0500
  -> New best metrics: gen_loss=0.3062 val_loss=0.2952 val_AP=0.3859
Epoch 168/1500 [6.8s mem=1919MB] | task_loss=0.3056 | val_AP=0.3819 mean_AP=0.3819 delta=+0.0000 | test_AP=0.3608 | cos_sim=1.0000 grad_norm=7.6077 attn_entr=nan | novelty_loss=-0.0410 diversity_loss=0.0500
Epoch 169/1500 [6.8s mem=1919MB] | task_loss=0.3054 | val_AP=0.3898 mean_AP=0.3898 delta=+0.0001 | test_AP=0.3688 | cos_sim=1.0000 grad_norm=7.7818 attn_entr=nan | novelty_loss=-0.0411 diversity_loss=0.0500
  -> New best metrics: gen_loss=0.3054 val_loss=0.2952 val_AP=0.3898
Epoch 170/1500 [6.8s mem=1921MB] | task_loss=0.3040 | val_AP=0.3856 mean_AP=0.3855 delta=+0.0000 | test_AP=0.3613 | cos_sim=1.0000 grad_norm=7.6056 attn_entr=nan | novelty_loss=-0.0411 diversity_loss=0.0500
  -> New best metrics: gen_loss=0.3040 val_loss=0.2944 val_AP=0.3898
Epoch 171/1500 [6.8s mem=1920MB] | task_loss=0.3044 | val_AP=0.3872 mean_AP=0.3871 delta=+0.0001 | test_AP=0.3624 | cos_sim=1.0000 grad_norm=7.8348 attn_entr=nan | novelty_loss=-0.0411 diversity_loss=0.0500
  -> New best metrics: gen_loss=0.3040 val_loss=0.2942 val_AP=0.3898
Epoch 172/1500 [6.7s mem=1918MB] | task_loss=0.3048 | val_AP=0.3756 mean_AP=0.3756 delta=+0.0000 | test_AP=0.3567 | cos_sim=1.0000 grad_norm=8.1168 attn_entr=nan | novelty_loss=-0.0411 diversity_loss=0.0500
Epoch 173/1500 [6.4s mem=1920MB] | task_loss=0.3037 | val_AP=0.3907 mean_AP=0.3908 delta=-0.0001 | test_AP=0.3652 | cos_sim=1.0000 grad_norm=7.5655 attn_entr=nan | novelty_loss=-0.0411 diversity_loss=0.0500
  -> New best metrics: gen_loss=0.3037 val_loss=0.2914 val_AP=0.3907
Epoch 174/1500 [6.4s mem=1921MB] | task_loss=0.3028 | val_AP=0.3909 mean_AP=0.3909 delta=+0.0000 | test_AP=0.3657 | cos_sim=1.0000 grad_norm=7.5290 attn_entr=nan | novelty_loss=-0.0411 diversity_loss=0.0500
  -> New best metrics: gen_loss=0.3028 val_loss=0.2914 val_AP=0.3909
Epoch 175/1500 [6.3s mem=1918MB] | task_loss=0.3037 | val_AP=0.3888 mean_AP=0.3887 delta=+0.0001 | test_AP=0.3643 | cos_sim=1.0000 grad_norm=8.1121 attn_entr=nan | novelty_loss=-0.0412 diversity_loss=0.0500
Epoch 176/1500 [6.1s mem=1919MB] | task_loss=0.3021 | val_AP=0.3820 mean_AP=0.3832 delta=-0.0012 | test_AP=0.3594 | cos_sim=1.0000 grad_norm=7.4656 attn_entr=nan | novelty_loss=-0.0412 diversity_loss=0.0500
Epoch 177/1500 [5.5s mem=1921MB] | task_loss=0.3030 | val_AP=0.3736 mean_AP=0.3736 delta=-0.0001 | test_AP=0.3558 | cos_sim=1.0000 grad_norm=8.1714 attn_entr=nan | novelty_loss=-0.0412 diversity_loss=0.0500
Epoch 178/1500 [6.0s mem=1920MB] | task_loss=0.3025 | val_AP=0.3890 mean_AP=0.3889 delta=+0.0001 | test_AP=0.3667 | cos_sim=1.0000 grad_norm=8.1868 attn_entr=nan | novelty_loss=-0.0412 diversity_loss=0.0500
  -> New best metrics: gen_loss=0.3025 val_loss=0.2909 val_AP=0.3909
Epoch 179/1500 [5.6s mem=1920MB] | task_loss=0.3014 | val_AP=0.3779 mean_AP=0.3780 delta=-0.0001 | test_AP=0.3582 | cos_sim=1.0000 grad_norm=7.7573 attn_entr=nan | novelty_loss=-0.0413 diversity_loss=0.0500
Epoch 180/1500 [5.7s mem=1919MB] | task_loss=0.3022 | val_AP=0.3630 mean_AP=0.3631 delta=-0.0000 | test_AP=0.3481 | cos_sim=1.0000 grad_norm=7.8357 attn_entr=nan | novelty_loss=-0.0413 diversity_loss=0.0500
Epoch 181/1500 [6.6s mem=1919MB] | task_loss=0.3024 | val_AP=0.3893 mean_AP=0.3896 delta=-0.0002 | test_AP=0.3670 | cos_sim=1.0000 grad_norm=8.2195 attn_entr=nan | novelty_loss=-0.0413 diversity_loss=0.0500
Epoch 182/1500 [6.1s mem=1920MB] | task_loss=0.3017 | val_AP=0.3834 mean_AP=0.3834 delta=-0.0001 | test_AP=0.3611 | cos_sim=1.0000 grad_norm=7.9981 attn_entr=nan | novelty_loss=-0.0414 diversity_loss=0.0500
Epoch 183/1500 [5.5s mem=1919MB] | task_loss=0.3003 | val_AP=0.3899 mean_AP=0.3900 delta=-0.0001 | test_AP=0.3696 | cos_sim=1.0000 grad_norm=7.7976 attn_entr=nan | novelty_loss=-0.0414 diversity_loss=0.0500
  -> New best metrics: gen_loss=0.3003 val_loss=0.2887 val_AP=0.3909
Epoch 184/1500 [6.4s mem=1920MB] | task_loss=0.3016 | val_AP=0.3790 mean_AP=0.3791 delta=-0.0000 | test_AP=0.3653 | cos_sim=1.0000 grad_norm=8.5269 attn_entr=nan | novelty_loss=-0.0414 diversity_loss=0.0500
Epoch 185/1500 [6.4s mem=1920MB] | task_loss=0.3004 | val_AP=0.3848 mean_AP=0.3847 delta=+0.0001 | test_AP=0.3611 | cos_sim=1.0000 grad_norm=7.8043 attn_entr=nan | novelty_loss=-0.0414 diversity_loss=0.0500
Epoch 186/1500 [6.3s mem=1921MB] | task_loss=0.3009 | val_AP=0.3876 mean_AP=0.3876 delta=+0.0000 | test_AP=0.3642 | cos_sim=1.0000 grad_norm=8.1937 attn_entr=nan | novelty_loss=-0.0414 diversity_loss=0.0500
Epoch 187/1500 [6.5s mem=1918MB] | task_loss=0.3013 | val_AP=0.3884 mean_AP=0.3884 delta=-0.0000 | test_AP=0.3649 | cos_sim=1.0000 grad_norm=8.6974 attn_entr=nan | novelty_loss=-0.0415 diversity_loss=0.0500
Epoch 188/1500 [6.9s mem=1920MB] | task_loss=0.2992 | val_AP=0.3932 mean_AP=0.3931 delta=+0.0000 | test_AP=0.3717 | cos_sim=1.0000 grad_norm=7.8180 attn_entr=nan | novelty_loss=-0.0415 diversity_loss=0.0500
  -> New best metrics: gen_loss=0.2992 val_loss=0.2887 val_AP=0.3932
Epoch 189/1500 [6.8s mem=1918MB] | task_loss=0.2999 | val_AP=0.3958 mean_AP=0.3957 delta=+0.0001 | test_AP=0.3678 | cos_sim=1.0000 grad_norm=8.0874 attn_entr=nan | novelty_loss=-0.0415 diversity_loss=0.0500
  -> New best metrics: gen_loss=0.2992 val_loss=0.2887 val_AP=0.3958
Epoch 190/1500 [6.8s mem=1920MB] | task_loss=0.2983 | val_AP=0.3891 mean_AP=0.3889 delta=+0.0002 | test_AP=0.3645 | cos_sim=1.0000 grad_norm=8.1610 attn_entr=nan | novelty_loss=-0.0415 diversity_loss=0.0500
Epoch 191/1500 [6.8s mem=1920MB] | task_loss=0.2998 | val_AP=0.3969 mean_AP=0.3969 delta=+0.0000 | test_AP=0.3715 | cos_sim=1.0000 grad_norm=8.4461 attn_entr=nan | novelty_loss=-0.0416 diversity_loss=0.0500
  -> New best metrics: gen_loss=0.2992 val_loss=0.2886 val_AP=0.3969
Epoch 192/1500 [6.7s mem=1921MB] | task_loss=0.2977 | val_AP=0.3924 mean_AP=0.3925 delta=-0.0001 | test_AP=0.3677 | cos_sim=1.0000 grad_norm=7.7941 attn_entr=nan | novelty_loss=-0.0416 diversity_loss=0.0500
Epoch 193/1500 [6.2s mem=1921MB] | task_loss=0.2977 | val_AP=0.3925 mean_AP=0.3926 delta=-0.0000 | test_AP=0.3701 | cos_sim=1.0000 grad_norm=8.0566 attn_entr=nan | novelty_loss=-0.0416 diversity_loss=0.0500
Epoch 194/1500 [6.6s mem=1922MB] | task_loss=0.2965 | val_AP=0.3899 mean_AP=0.3901 delta=-0.0002 | test_AP=0.3663 | cos_sim=1.0000 grad_norm=7.7296 attn_entr=nan | novelty_loss=-0.0416 diversity_loss=0.0500
Epoch 195/1500 [6.0s mem=1919MB] | task_loss=0.2978 | val_AP=0.3952 mean_AP=0.3953 delta=-0.0000 | test_AP=0.3720 | cos_sim=1.0000 grad_norm=8.6398 attn_entr=nan | novelty_loss=-0.0416 diversity_loss=0.0500
  -> New best metrics: gen_loss=0.2978 val_loss=0.2879 val_AP=0.3969
Epoch 196/1500 [6.0s mem=1921MB] | task_loss=0.2961 | val_AP=0.3915 mean_AP=0.3915 delta=-0.0000 | test_AP=0.3714 | cos_sim=1.0000 grad_norm=8.3705 attn_entr=nan | novelty_loss=-0.0416 diversity_loss=0.0500
  -> New best metrics: gen_loss=0.2961 val_loss=0.2878 val_AP=0.3969
Epoch 197/1500 [5.7s mem=1921MB] | task_loss=0.2952 | val_AP=0.3994 mean_AP=0.3992 delta=+0.0002 | test_AP=0.3764 | cos_sim=1.0000 grad_norm=7.7051 attn_entr=nan | novelty_loss=-0.0416 diversity_loss=0.0500
  -> New best metrics: gen_loss=0.2952 val_loss=0.2878 val_AP=0.3994
Epoch 198/1500 [5.8s mem=1922MB] | task_loss=0.2972 | val_AP=0.3967 mean_AP=0.3967 delta=-0.0000 | test_AP=0.3725 | cos_sim=1.0000 grad_norm=8.7254 attn_entr=nan | novelty_loss=-0.0416 diversity_loss=0.0500
Epoch 199/1500 [5.8s mem=1920MB] | task_loss=0.2959 | val_AP=0.4007 mean_AP=0.4008 delta=-0.0001 | test_AP=0.3747 | cos_sim=1.0000 grad_norm=8.1599 attn_entr=nan | novelty_loss=-0.0417 diversity_loss=0.0500
  -> New best metrics: gen_loss=0.2952 val_loss=0.2878 val_AP=0.4007
Epoch 200/1500 [5.6s mem=1922MB] | task_loss=0.2962 | val_AP=0.3887 mean_AP=0.3886 delta=+0.0000 | test_AP=0.3639 | cos_sim=1.0000 grad_norm=8.3890 attn_entr=nan | novelty_loss=-0.0417 diversity_loss=0.0500
Epoch 201/1500 [6.6s mem=1920MB] | task_loss=0.2945 | val_AP=0.4006 mean_AP=0.4006 delta=+0.0000 | test_AP=0.3787 | cos_sim=1.0000 grad_norm=7.9009 attn_entr=nan | novelty_loss=-0.0417 diversity_loss=0.0500
  -> New best metrics: gen_loss=0.2945 val_loss=0.2878 val_AP=0.4007
Epoch 202/1500 [6.1s mem=1919MB] | task_loss=0.2948 | val_AP=0.3955 mean_AP=0.3956 delta=-0.0001 | test_AP=0.3766 | cos_sim=1.0000 grad_norm=8.0743 attn_entr=nan | novelty_loss=-0.0417 diversity_loss=0.0500
Epoch 203/1500 [6.2s mem=1919MB] | task_loss=0.2948 | val_AP=0.3940 mean_AP=0.3941 delta=-0.0002 | test_AP=0.3751 | cos_sim=1.0000 grad_norm=8.3867 attn_entr=nan | novelty_loss=-0.0417 diversity_loss=0.0500
Epoch 204/1500 [6.9s mem=1921MB] | task_loss=0.2948 | val_AP=0.4009 mean_AP=0.4009 delta=-0.0000 | test_AP=0.3820 | cos_sim=1.0000 grad_norm=8.6483 attn_entr=nan | novelty_loss=-0.0418 diversity_loss=0.0500
  -> New best metrics: gen_loss=0.2945 val_loss=0.2878 val_AP=0.4009
Epoch 205/1500 [6.8s mem=1919MB] | task_loss=0.2945 | val_AP=0.4038 mean_AP=0.4038 delta=+0.0001 | test_AP=0.3783 | cos_sim=1.0000 grad_norm=8.1547 attn_entr=nan | novelty_loss=-0.0418 diversity_loss=0.0500
  -> New best metrics: gen_loss=0.2945 val_loss=0.2878 val_AP=0.4038
Epoch 206/1500 [6.8s mem=1919MB] | task_loss=0.2955 | val_AP=0.4033 mean_AP=0.4033 delta=+0.0000 | test_AP=0.3824 | cos_sim=1.0000 grad_norm=9.0093 attn_entr=nan | novelty_loss=-0.0418 diversity_loss=0.0500
  -> New best metrics: gen_loss=0.2945 val_loss=0.2848 val_AP=0.4038
Epoch 207/1500 [6.9s mem=1918MB] | task_loss=0.2938 | val_AP=0.4013 mean_AP=0.4013 delta=+0.0000 | test_AP=0.3834 | cos_sim=1.0000 grad_norm=8.8374 attn_entr=nan | novelty_loss=-0.0418 diversity_loss=0.0500
Epoch 208/1500 [6.9s mem=1920MB] | task_loss=0.2928 | val_AP=0.4014 mean_AP=0.4015 delta=-0.0000 | test_AP=0.3780 | cos_sim=1.0000 grad_norm=8.3667 attn_entr=nan | novelty_loss=-0.0418 diversity_loss=0.0500
Epoch 209/1500 [6.9s mem=1917MB] | task_loss=0.2929 | val_AP=0.4032 mean_AP=0.4032 delta=+0.0000 | test_AP=0.3776 | cos_sim=1.0000 grad_norm=8.5443 attn_entr=nan | novelty_loss=-0.0419 diversity_loss=0.0500
Epoch 210/1500 [6.9s mem=1920MB] | task_loss=0.2942 | val_AP=0.4006 mean_AP=0.4007 delta=-0.0001 | test_AP=0.3772 | cos_sim=1.0000 grad_norm=8.6557 attn_entr=nan | novelty_loss=-0.0419 diversity_loss=0.0500
Epoch 211/1500 [6.9s mem=1917MB] | task_loss=0.2928 | val_AP=0.4061 mean_AP=0.4056 delta=+0.0005 | test_AP=0.3865 | cos_sim=1.0000 grad_norm=8.7109 attn_entr=nan | novelty_loss=-0.0419 diversity_loss=0.0500
  -> New best metrics: gen_loss=0.2928 val_loss=0.2848 val_AP=0.4061
Epoch 212/1500 [6.9s mem=1921MB] | task_loss=0.2928 | val_AP=0.3978 mean_AP=0.3978 delta=-0.0000 | test_AP=0.3776 | cos_sim=1.0000 grad_norm=8.2782 attn_entr=nan | novelty_loss=-0.0419 diversity_loss=0.0500
Epoch 213/1500 [6.9s mem=1919MB] | task_loss=0.2907 | val_AP=0.3999 mean_AP=0.3999 delta=+0.0001 | test_AP=0.3863 | cos_sim=1.0000 grad_norm=8.5973 attn_entr=nan | novelty_loss=-0.0419 diversity_loss=0.0500
Epoch 214/1500 [6.4s mem=1921MB] | task_loss=0.2907 | val_AP=0.4120 mean_AP=0.4120 delta=+0.0000 | test_AP=0.3900 | cos_sim=1.0000 grad_norm=8.3736 attn_entr=nan | novelty_loss=-0.0419 diversity_loss=0.0500
  -> New best metrics: gen_loss=0.2907 val_loss=0.2848 val_AP=0.4120
Epoch 215/1500 [6.0s mem=1920MB] | task_loss=0.2916 | val_AP=0.4077 mean_AP=0.4077 delta=+0.0000 | test_AP=0.3870 | cos_sim=1.0000 grad_norm=8.6027 attn_entr=nan | novelty_loss=-0.0419 diversity_loss=0.0500
  -> New best metrics: gen_loss=0.2907 val_loss=0.2835 val_AP=0.4120
Epoch 216/1500 [6.7s mem=1919MB] | task_loss=0.2917 | val_AP=0.4047 mean_AP=0.4048 delta=-0.0000 | test_AP=0.3886 | cos_sim=1.0000 grad_norm=8.6831 attn_entr=nan | novelty_loss=-0.0420 diversity_loss=0.0500
Epoch 217/1500 [6.7s mem=1920MB] | task_loss=0.2909 | val_AP=0.3995 mean_AP=0.3996 delta=-0.0001 | test_AP=0.3824 | cos_sim=1.0000 grad_norm=8.6115 attn_entr=nan | novelty_loss=-0.0419 diversity_loss=0.0500
Epoch 218/1500 [6.7s mem=1920MB] | task_loss=0.2893 | val_AP=0.4129 mean_AP=0.4130 delta=-0.0000 | test_AP=0.3900 | cos_sim=1.0000 grad_norm=8.4084 attn_entr=nan | novelty_loss=-0.0420 diversity_loss=0.0500
  -> New best metrics: gen_loss=0.2893 val_loss=0.2835 val_AP=0.4129
Epoch 219/1500 [6.7s mem=1922MB] | task_loss=0.2914 | val_AP=0.4095 mean_AP=0.4096 delta=-0.0000 | test_AP=0.3911 | cos_sim=1.0000 grad_norm=8.8952 attn_entr=nan | novelty_loss=-0.0420 diversity_loss=0.0500
Epoch 220/1500 [6.8s mem=1920MB] | task_loss=0.2900 | val_AP=0.3999 mean_AP=0.4000 delta=-0.0001 | test_AP=0.3867 | cos_sim=1.0000 grad_norm=8.1906 attn_entr=nan | novelty_loss=-0.0419 diversity_loss=0.0500
Epoch 221/1500 [6.8s mem=1919MB] | task_loss=0.2885 | val_AP=0.4094 mean_AP=0.4093 delta=+0.0001 | test_AP=0.3888 | cos_sim=1.0000 grad_norm=8.5046 attn_entr=nan | novelty_loss=-0.0420 diversity_loss=0.0500
Epoch 222/1500 [6.8s mem=1920MB] | task_loss=0.2895 | val_AP=0.4134 mean_AP=0.4135 delta=-0.0002 | test_AP=0.3968 | cos_sim=1.0000 grad_norm=8.1976 attn_entr=nan | novelty_loss=-0.0420 diversity_loss=0.0500
  -> New best metrics: gen_loss=0.2893 val_loss=0.2835 val_AP=0.4134
Epoch 223/1500 [6.7s mem=1922MB] | task_loss=0.2903 | val_AP=0.4200 mean_AP=0.4200 delta=+0.0000 | test_AP=0.3921 | cos_sim=1.0000 grad_norm=9.3548 attn_entr=nan | novelty_loss=-0.0421 diversity_loss=0.0500
  -> New best metrics: gen_loss=0.2893 val_loss=0.2808 val_AP=0.4200
Epoch 224/1500 [6.7s mem=1920MB] | task_loss=0.2885 | val_AP=0.4109 mean_AP=0.4109 delta=+0.0000 | test_AP=0.3920 | cos_sim=1.0000 grad_norm=8.6818 attn_entr=nan | novelty_loss=-0.0420 diversity_loss=0.0500
Epoch 225/1500 [7.0s mem=1919MB] | task_loss=0.2887 | val_AP=0.4109 mean_AP=0.4109 delta=-0.0000 | test_AP=0.3862 | cos_sim=1.0000 grad_norm=8.4582 attn_entr=nan | novelty_loss=-0.0421 diversity_loss=0.0500
Epoch 226/1500 [7.0s mem=1919MB] | task_loss=0.2884 | val_AP=0.4154 mean_AP=0.4154 delta=-0.0000 | test_AP=0.3936 | cos_sim=1.0000 grad_norm=8.9626 attn_entr=nan | novelty_loss=-0.0420 diversity_loss=0.0500
Epoch 227/1500 [6.9s mem=1918MB] | task_loss=0.2867 | val_AP=0.4215 mean_AP=0.4214 delta=+0.0000 | test_AP=0.3934 | cos_sim=1.0000 grad_norm=8.5196 attn_entr=nan | novelty_loss=-0.0421 diversity_loss=0.0500
  -> New best metrics: gen_loss=0.2867 val_loss=0.2808 val_AP=0.4215
Epoch 228/1500 [7.0s mem=1920MB] | task_loss=0.2872 | val_AP=0.4146 mean_AP=0.4146 delta=+0.0000 | test_AP=0.3927 | cos_sim=1.0000 grad_norm=8.7865 attn_entr=nan | novelty_loss=-0.0421 diversity_loss=0.0500
Epoch 229/1500 [7.0s mem=1920MB] | task_loss=0.2874 | val_AP=0.4171 mean_AP=0.4172 delta=-0.0001 | test_AP=0.3907 | cos_sim=1.0000 grad_norm=8.5634 attn_entr=nan | novelty_loss=-0.0421 diversity_loss=0.0500
Epoch 230/1500 [6.9s mem=1920MB] | task_loss=0.2871 | val_AP=0.4075 mean_AP=0.4077 delta=-0.0002 | test_AP=0.3893 | cos_sim=1.0000 grad_norm=8.8138 attn_entr=nan | novelty_loss=-0.0421 diversity_loss=0.0500
Epoch 231/1500 [6.9s mem=1920MB] | task_loss=0.2872 | val_AP=0.4069 mean_AP=0.4069 delta=+0.0000 | test_AP=0.3854 | cos_sim=1.0000 grad_norm=9.4483 attn_entr=nan | novelty_loss=-0.0422 diversity_loss=0.0500
Epoch 232/1500 [6.9s mem=1919MB] | task_loss=0.2872 | val_AP=0.4207 mean_AP=0.4208 delta=-0.0001 | test_AP=0.3995 | cos_sim=1.0000 grad_norm=9.6969 attn_entr=nan | novelty_loss=-0.0422 diversity_loss=0.0500
Epoch 233/1500 [6.9s mem=1919MB] | task_loss=0.2868 | val_AP=0.4204 mean_AP=0.4204 delta=+0.0000 | test_AP=0.3946 | cos_sim=1.0000 grad_norm=8.7856 attn_entr=nan | novelty_loss=-0.0422 diversity_loss=0.0500
  -> New best metrics: gen_loss=0.2867 val_loss=0.2806 val_AP=0.4215
Epoch 234/1500 [6.9s mem=1920MB] | task_loss=0.2859 | val_AP=0.4180 mean_AP=0.4181 delta=-0.0001 | test_AP=0.4010 | cos_sim=1.0000 grad_norm=8.8932 attn_entr=nan | novelty_loss=-0.0422 diversity_loss=0.0500
  -> New best metrics: gen_loss=0.2859 val_loss=0.2796 val_AP=0.4215
Epoch 235/1500 [6.9s mem=1922MB] | task_loss=0.2851 | val_AP=0.4249 mean_AP=0.4249 delta=-0.0000 | test_AP=0.4027 | cos_sim=1.0000 grad_norm=8.8978 attn_entr=nan | novelty_loss=-0.0422 diversity_loss=0.0500
  -> New best metrics: gen_loss=0.2851 val_loss=0.2776 val_AP=0.4249
Epoch 236/1500 [6.9s mem=1918MB] | task_loss=0.2852 | val_AP=0.4225 mean_AP=0.4225 delta=+0.0000 | test_AP=0.3991 | cos_sim=1.0000 grad_norm=8.9698 attn_entr=nan | novelty_loss=-0.0423 diversity_loss=0.0500
Epoch 237/1500 [7.0s mem=1919MB] | task_loss=0.2853 | val_AP=0.4153 mean_AP=0.4153 delta=-0.0000 | test_AP=0.3986 | cos_sim=1.0000 grad_norm=9.2917 attn_entr=nan | novelty_loss=-0.0422 diversity_loss=0.0500
Epoch 238/1500 [6.8s mem=1919MB] | task_loss=0.2844 | val_AP=0.4298 mean_AP=0.4297 delta=+0.0000 | test_AP=0.4059 | cos_sim=1.0000 grad_norm=8.7928 attn_entr=nan | novelty_loss=-0.0423 diversity_loss=0.0500
  -> New best metrics: gen_loss=0.2844 val_loss=0.2764 val_AP=0.4298
Epoch 239/1500 [6.0s mem=1919MB] | task_loss=0.2840 | val_AP=0.4244 mean_AP=0.4245 delta=-0.0000 | test_AP=0.3995 | cos_sim=1.0000 grad_norm=9.0719 attn_entr=nan | novelty_loss=-0.0423 diversity_loss=0.0500
Epoch 240/1500 [6.1s mem=1920MB] | task_loss=0.2832 | val_AP=0.4197 mean_AP=0.4189 delta=+0.0008 | test_AP=0.3921 | cos_sim=1.0000 grad_norm=8.8260 attn_entr=nan | novelty_loss=-0.0423 diversity_loss=0.0500
Epoch 241/1500 [5.8s mem=1920MB] | task_loss=0.2822 | val_AP=0.4246 mean_AP=0.4247 delta=-0.0001 | test_AP=0.3976 | cos_sim=1.0000 grad_norm=8.4430 attn_entr=nan | novelty_loss=-0.0423 diversity_loss=0.0500
Epoch 242/1500 [5.8s mem=1921MB] | task_loss=0.2829 | val_AP=0.4199 mean_AP=0.4201 delta=-0.0003 | test_AP=0.4020 | cos_sim=1.0000 grad_norm=9.1345 attn_entr=nan | novelty_loss=-0.0422 diversity_loss=0.0500
Epoch 243/1500 [5.3s mem=1919MB] | task_loss=0.2822 | val_AP=0.4216 mean_AP=0.4217 delta=-0.0001 | test_AP=0.3985 | cos_sim=1.0000 grad_norm=8.2780 attn_entr=nan | novelty_loss=-0.0423 diversity_loss=0.0500
Epoch 244/1500 [6.4s mem=1841MB] | task_loss=0.2831 | val_AP=0.4226 mean_AP=0.4226 delta=-0.0001 | test_AP=0.4110 | cos_sim=1.0000 grad_norm=8.9792 attn_entr=nan | novelty_loss=-0.0423 diversity_loss=0.0500
Epoch 245/1500 [6.2s mem=1920MB] | task_loss=0.2830 | val_AP=0.4241 mean_AP=0.4241 delta=+0.0000 | test_AP=0.4002 | cos_sim=1.0000 grad_norm=9.0919 attn_entr=nan | novelty_loss=-0.0423 diversity_loss=0.0500
Epoch 246/1500 [7.1s mem=1921MB] | task_loss=0.2825 | val_AP=0.4247 mean_AP=0.4246 delta=+0.0001 | test_AP=0.4012 | cos_sim=1.0000 grad_norm=9.2054 attn_entr=nan | novelty_loss=-0.0423 diversity_loss=0.0500
Epoch 247/1500 [22.6s mem=1921MB] | task_loss=0.2830 | val_AP=0.4243 mean_AP=0.4244 delta=-0.0001 | test_AP=0.4006 | cos_sim=1.0000 grad_norm=9.5496 attn_entr=nan | novelty_loss=-0.0423 diversity_loss=0.0500
Epoch 248/1500 [22.7s mem=1920MB] | task_loss=0.2810 | val_AP=0.4278 mean_AP=0.4278 delta=-0.0001 | test_AP=0.4045 | cos_sim=1.0000 grad_norm=8.8004 attn_entr=nan | novelty_loss=-0.0423 diversity_loss=0.0500
Epoch 249/1500 [22.7s mem=1921MB] | task_loss=0.2807 | val_AP=0.4313 mean_AP=0.4313 delta=+0.0000 | test_AP=0.4148 | cos_sim=1.0000 grad_norm=8.9245 attn_entr=nan | novelty_loss=-0.0423 diversity_loss=0.0500
  -> New best metrics: gen_loss=0.2807 val_loss=0.2741 val_AP=0.4313
Epoch 250/1500 [22.9s mem=1921MB] | task_loss=0.2797 | val_AP=0.4356 mean_AP=0.4356 delta=-0.0000 | test_AP=0.4120 | cos_sim=1.0000 grad_norm=8.3340 attn_entr=nan | novelty_loss=-0.0423 diversity_loss=0.0500
  -> New best metrics: gen_loss=0.2797 val_loss=0.2737 val_AP=0.4356
Epoch 251/1500 [22.5s mem=1921MB] | task_loss=0.2790 | val_AP=0.4230 mean_AP=0.4230 delta=+0.0000 | test_AP=0.4126 | cos_sim=1.0000 grad_norm=8.8976 attn_entr=nan | novelty_loss=-0.0423 diversity_loss=0.0500
Epoch 252/1500 [22.7s mem=1921MB] | task_loss=0.2796 | val_AP=0.4341 mean_AP=0.4341 delta=+0.0000 | test_AP=0.4127 | cos_sim=1.0000 grad_norm=8.9498 attn_entr=nan | novelty_loss=-0.0423 diversity_loss=0.0500
Epoch 253/1500 [22.3s mem=1919MB] | task_loss=0.2789 | val_AP=0.4260 mean_AP=0.4260 delta=-0.0000 | test_AP=0.4170 | cos_sim=1.0000 grad_norm=9.0036 attn_entr=nan | novelty_loss=-0.0423 diversity_loss=0.0500
Epoch 254/1500 [22.5s mem=1920MB] | task_loss=0.2792 | val_AP=0.4360 mean_AP=0.4361 delta=-0.0001 | test_AP=0.4059 | cos_sim=1.0000 grad_norm=8.9402 attn_entr=nan | novelty_loss=-0.0423 diversity_loss=0.0500
  -> New best metrics: gen_loss=0.2792 val_loss=0.2737 val_AP=0.4360
Epoch 255/1500 [22.6s mem=1920MB] | task_loss=0.2797 | val_AP=0.4331 mean_AP=0.4331 delta=-0.0001 | test_AP=0.4168 | cos_sim=1.0000 grad_norm=9.2239 attn_entr=nan | novelty_loss=-0.0423 diversity_loss=0.0500
Epoch 256/1500 [22.6s mem=1919MB] | task_loss=0.2789 | val_AP=0.4340 mean_AP=0.4341 delta=-0.0001 | test_AP=0.4163 | cos_sim=1.0000 grad_norm=8.6772 attn_entr=nan | novelty_loss=-0.0423 diversity_loss=0.0500
Epoch 257/1500 [22.6s mem=1922MB] | task_loss=0.2776 | val_AP=0.4448 mean_AP=0.4449 delta=-0.0001 | test_AP=0.4192 | cos_sim=1.0000 grad_norm=8.7328 attn_entr=nan | novelty_loss=-0.0423 diversity_loss=0.0500
  -> New best metrics: gen_loss=0.2776 val_loss=0.2732 val_AP=0.4448
Epoch 258/1500 [22.9s mem=1920MB] | task_loss=0.2781 | val_AP=0.4385 mean_AP=0.4387 delta=-0.0002 | test_AP=0.4148 | cos_sim=1.0000 grad_norm=8.8443 attn_entr=nan | novelty_loss=-0.0423 diversity_loss=0.0500
Epoch 259/1500 [22.2s mem=1920MB] | task_loss=0.2769 | val_AP=0.4346 mean_AP=0.4346 delta=-0.0000 | test_AP=0.4179 | cos_sim=1.0000 grad_norm=8.4002 attn_entr=nan | novelty_loss=-0.0422 diversity_loss=0.0500
Epoch 260/1500 [22.5s mem=1921MB] | task_loss=0.2782 | val_AP=0.4388 mean_AP=0.4388 delta=+0.0000 | test_AP=0.4182 | cos_sim=1.0000 grad_norm=8.8733 attn_entr=nan | novelty_loss=-0.0422 diversity_loss=0.0500
Epoch 261/1500 [22.6s mem=1919MB] | task_loss=0.2768 | val_AP=0.4374 mean_AP=0.4374 delta=+0.0000 | test_AP=0.4159 | cos_sim=1.0000 grad_norm=9.2531 attn_entr=nan | novelty_loss=-0.0423 diversity_loss=0.0500
  -> New best metrics: gen_loss=0.2768 val_loss=0.2717 val_AP=0.4448
Epoch 262/1500 [22.6s mem=1920MB] | task_loss=0.2767 | val_AP=0.4424 mean_AP=0.4426 delta=-0.0001 | test_AP=0.4238 | cos_sim=1.0000 grad_norm=9.1283 attn_entr=nan | novelty_loss=-0.0423 diversity_loss=0.0500
Epoch 263/1500 [22.6s mem=1920MB] | task_loss=0.2770 | val_AP=0.4388 mean_AP=0.4388 delta=-0.0001 | test_AP=0.4110 | cos_sim=1.0000 grad_norm=8.6201 attn_entr=nan | novelty_loss=-0.0423 diversity_loss=0.0500
Epoch 264/1500 [22.8s mem=1920MB] | task_loss=0.2763 | val_AP=0.4337 mean_AP=0.4337 delta=-0.0000 | test_AP=0.4121 | cos_sim=1.0000 grad_norm=8.7989 attn_entr=nan | novelty_loss=-0.0424 diversity_loss=0.0500
Epoch 265/1500 [22.8s mem=1919MB] | task_loss=0.2755 | val_AP=0.4363 mean_AP=0.4365 delta=-0.0001 | test_AP=0.4137 | cos_sim=1.0000 grad_norm=8.7542 attn_entr=nan | novelty_loss=-0.0424 diversity_loss=0.0500
Epoch 266/1500 [22.6s mem=1919MB] | task_loss=0.2768 | val_AP=0.4401 mean_AP=0.4403 delta=-0.0002 | test_AP=0.4156 | cos_sim=1.0000 grad_norm=9.1167 attn_entr=nan | novelty_loss=-0.0423 diversity_loss=0.0500
Epoch 267/1500 [22.6s mem=1920MB] | task_loss=0.2757 | val_AP=0.4351 mean_AP=0.4351 delta=+0.0000 | test_AP=0.4159 | cos_sim=1.0000 grad_norm=9.0108 attn_entr=nan | novelty_loss=-0.0423 diversity_loss=0.0500
Epoch 268/1500 [22.3s mem=1920MB] | task_loss=0.2755 | val_AP=0.4395 mean_AP=0.4395 delta=-0.0000 | test_AP=0.4167 | cos_sim=1.0000 grad_norm=8.6977 attn_entr=nan | novelty_loss=-0.0423 diversity_loss=0.0500
Epoch 269/1500 [22.5s mem=1922MB] | task_loss=0.2749 | val_AP=0.4391 mean_AP=0.4392 delta=-0.0001 | test_AP=0.4276 | cos_sim=1.0000 grad_norm=8.9336 attn_entr=nan | novelty_loss=-0.0424 diversity_loss=0.0500
Epoch 270/1500 [22.3s mem=1918MB] | task_loss=0.2746 | val_AP=0.4410 mean_AP=0.4411 delta=-0.0001 | test_AP=0.4105 | cos_sim=1.0000 grad_norm=9.0520 attn_entr=nan | novelty_loss=-0.0424 diversity_loss=0.0500
Epoch 271/1500 [22.5s mem=1919MB] | task_loss=0.2738 | val_AP=0.4423 mean_AP=0.4422 delta=+0.0001 | test_AP=0.4219 | cos_sim=1.0000 grad_norm=8.9022 attn_entr=nan | novelty_loss=-0.0423 diversity_loss=0.0500
Epoch 272/1500 [22.7s mem=1921MB] | task_loss=0.2747 | val_AP=0.4316 mean_AP=0.4316 delta=-0.0000 | test_AP=0.4205 | cos_sim=1.0000 grad_norm=8.6533 attn_entr=nan | novelty_loss=-0.0423 diversity_loss=0.0500
Epoch 273/1500 [22.5s mem=1917MB] | task_loss=0.2746 | val_AP=0.4450 mean_AP=0.4451 delta=-0.0001 | test_AP=0.4229 | cos_sim=1.0000 grad_norm=9.5310 attn_entr=nan | novelty_loss=-0.0424 diversity_loss=0.0500
  -> New best metrics: gen_loss=0.2746 val_loss=0.2717 val_AP=0.4450
Epoch 274/1500 [22.6s mem=1919MB] | task_loss=0.2732 | val_AP=0.4435 mean_AP=0.4431 delta=+0.0004 | test_AP=0.4277 | cos_sim=1.0000 grad_norm=8.9052 attn_entr=nan | novelty_loss=-0.0423 diversity_loss=0.0500
Epoch 275/1500 [22.7s mem=1919MB] | task_loss=0.2730 | val_AP=0.4415 mean_AP=0.4415 delta=-0.0001 | test_AP=0.4235 | cos_sim=1.0000 grad_norm=8.7490 attn_entr=nan | novelty_loss=-0.0423 diversity_loss=0.0500
Epoch 276/1500 [22.5s mem=1920MB] | task_loss=0.2718 | val_AP=0.4482 mean_AP=0.4481 delta=+0.0002 | test_AP=0.4315 | cos_sim=1.0000 grad_norm=8.4547 attn_entr=nan | novelty_loss=-0.0423 diversity_loss=0.0500
  -> New best metrics: gen_loss=0.2718 val_loss=0.2700 val_AP=0.4482
Epoch 277/1500 [22.6s mem=1919MB] | task_loss=0.2722 | val_AP=0.4422 mean_AP=0.4422 delta=-0.0000 | test_AP=0.4326 | cos_sim=1.0000 grad_norm=9.0654 attn_entr=nan | novelty_loss=-0.0423 diversity_loss=0.0500
Epoch 278/1500 [22.4s mem=1919MB] | task_loss=0.2719 | val_AP=0.4484 mean_AP=0.4482 delta=+0.0002 | test_AP=0.4296 | cos_sim=1.0000 grad_norm=9.2441 attn_entr=nan | novelty_loss=-0.0423 diversity_loss=0.0500
  -> New best metrics: gen_loss=0.2718 val_loss=0.2693 val_AP=0.4484
Epoch 279/1500 [22.7s mem=1920MB] | task_loss=0.2719 | val_AP=0.4448 mean_AP=0.4449 delta=-0.0001 | test_AP=0.4314 | cos_sim=1.0000 grad_norm=9.2322 attn_entr=nan | novelty_loss=-0.0423 diversity_loss=0.0500
Epoch 280/1500 [22.5s mem=1918MB] | task_loss=0.2731 | val_AP=0.4488 mean_AP=0.4484 delta=+0.0003 | test_AP=0.4242 | cos_sim=1.0000 grad_norm=9.5801 attn_entr=nan | novelty_loss=-0.0423 diversity_loss=0.0500
  -> New best metrics: gen_loss=0.2718 val_loss=0.2693 val_AP=0.4488
Epoch 281/1500 [22.5s mem=1920MB] | task_loss=0.2719 | val_AP=0.4543 mean_AP=0.4542 delta=+0.0001 | test_AP=0.4270 | cos_sim=1.0000 grad_norm=9.0165 attn_entr=nan | novelty_loss=-0.0423 diversity_loss=0.0500
  -> New best metrics: gen_loss=0.2718 val_loss=0.2693 val_AP=0.4543
Epoch 282/1500 [22.6s mem=1919MB] | task_loss=0.2715 | val_AP=0.4359 mean_AP=0.4360 delta=-0.0001 | test_AP=0.4294 | cos_sim=1.0000 grad_norm=9.4930 attn_entr=nan | novelty_loss=-0.0423 diversity_loss=0.0500
Epoch 283/1500 [22.5s mem=1918MB] | task_loss=0.2707 | val_AP=0.4486 mean_AP=0.4486 delta=+0.0001 | test_AP=0.4395 | cos_sim=1.0000 grad_norm=8.9202 attn_entr=nan | novelty_loss=-0.0422 diversity_loss=0.0500
Epoch 284/1500 [22.6s mem=1920MB] | task_loss=0.2717 | val_AP=0.4516 mean_AP=0.4516 delta=-0.0000 | test_AP=0.4332 | cos_sim=1.0000 grad_norm=9.4810 attn_entr=nan | novelty_loss=-0.0422 diversity_loss=0.0500
Epoch 285/1500 [22.5s mem=1918MB] | task_loss=0.2708 | val_AP=0.4543 mean_AP=0.4544 delta=-0.0001 | test_AP=0.4297 | cos_sim=1.0000 grad_norm=9.0904 attn_entr=nan | novelty_loss=-0.0423 diversity_loss=0.0500
  -> New best metrics: gen_loss=0.2708 val_loss=0.2673 val_AP=0.4543
Epoch 286/1500 [22.5s mem=1921MB] | task_loss=0.2701 | val_AP=0.4469 mean_AP=0.4469 delta=-0.0000 | test_AP=0.4326 | cos_sim=1.0000 grad_norm=9.2224 attn_entr=nan | novelty_loss=-0.0423 diversity_loss=0.0500
Epoch 287/1500 [22.5s mem=1921MB] | task_loss=0.2696 | val_AP=0.4579 mean_AP=0.4580 delta=-0.0001 | test_AP=0.4325 | cos_sim=1.0000 grad_norm=8.8378 attn_entr=nan | novelty_loss=-0.0423 diversity_loss=0.0500
  -> New best metrics: gen_loss=0.2696 val_loss=0.2673 val_AP=0.4579
Epoch 288/1500 [22.6s mem=1920MB] | task_loss=0.2692 | val_AP=0.4584 mean_AP=0.4584 delta=+0.0001 | test_AP=0.4375 | cos_sim=1.0000 grad_norm=9.0755 attn_entr=nan | novelty_loss=-0.0423 diversity_loss=0.0500
  -> New best metrics: gen_loss=0.2692 val_loss=0.2673 val_AP=0.4584
Epoch 289/1500 [22.7s mem=1920MB] | task_loss=0.2700 | val_AP=0.4591 mean_AP=0.4588 delta=+0.0003 | test_AP=0.4343 | cos_sim=1.0000 grad_norm=9.5941 attn_entr=nan | novelty_loss=-0.0423 diversity_loss=0.0500
  -> New best metrics: gen_loss=0.2692 val_loss=0.2665 val_AP=0.4591
Epoch 290/1500 [22.4s mem=1922MB] | task_loss=0.2691 | val_AP=0.4504 mean_AP=0.4504 delta=-0.0000 | test_AP=0.4291 | cos_sim=1.0000 grad_norm=9.1392 attn_entr=nan | novelty_loss=-0.0423 diversity_loss=0.0500
Epoch 291/1500 [22.5s mem=1921MB] | task_loss=0.2680 | val_AP=0.4573 mean_AP=0.4573 delta=+0.0000 | test_AP=0.4316 | cos_sim=1.0000 grad_norm=8.8986 attn_entr=nan | novelty_loss=-0.0423 diversity_loss=0.0500
Epoch 292/1500 [22.6s mem=1920MB] | task_loss=0.2689 | val_AP=0.4574 mean_AP=0.4573 delta=+0.0001 | test_AP=0.4365 | cos_sim=1.0000 grad_norm=9.5465 attn_entr=nan | novelty_loss=-0.0423 diversity_loss=0.0500
Epoch 293/1500 [22.4s mem=1921MB] | task_loss=0.2680 | val_AP=0.4598 mean_AP=0.4599 delta=-0.0001 | test_AP=0.4365 | cos_sim=1.0000 grad_norm=9.6365 attn_entr=nan | novelty_loss=-0.0423 diversity_loss=0.0500
  -> New best metrics: gen_loss=0.2680 val_loss=0.2665 val_AP=0.4598
Epoch 294/1500 [22.9s mem=1920MB] | task_loss=0.2680 | val_AP=0.4601 mean_AP=0.4601 delta=+0.0000 | test_AP=0.4408 | cos_sim=1.0000 grad_norm=9.1117 attn_entr=nan | novelty_loss=-0.0422 diversity_loss=0.0500
  -> New best metrics: gen_loss=0.2680 val_loss=0.2665 val_AP=0.4601
Epoch 295/1500 [22.7s mem=1920MB] | task_loss=0.2672 | val_AP=0.4565 mean_AP=0.4564 delta=+0.0001 | test_AP=0.4312 | cos_sim=1.0000 grad_norm=9.6278 attn_entr=nan | novelty_loss=-0.0422 diversity_loss=0.0500
Epoch 296/1500 [22.7s mem=1920MB] | task_loss=0.2673 | val_AP=0.4690 mean_AP=0.4689 delta=+0.0001 | test_AP=0.4389 | cos_sim=1.0000 grad_norm=9.4529 attn_entr=nan | novelty_loss=-0.0423 diversity_loss=0.0500
  -> New best metrics: gen_loss=0.2673 val_loss=0.2665 val_AP=0.4690
Epoch 297/1500 [22.6s mem=1922MB] | task_loss=0.2666 | val_AP=0.4673 mean_AP=0.4672 delta=+0.0001 | test_AP=0.4400 | cos_sim=1.0000 grad_norm=8.8307 attn_entr=nan | novelty_loss=-0.0423 diversity_loss=0.0500
  -> New best metrics: gen_loss=0.2666 val_loss=0.2647 val_AP=0.4690
Epoch 298/1500 [22.8s mem=1919MB] | task_loss=0.2668 | val_AP=0.4613 mean_AP=0.4613 delta=+0.0000 | test_AP=0.4325 | cos_sim=1.0000 grad_norm=9.5308 attn_entr=nan | novelty_loss=-0.0422 diversity_loss=0.0500
Epoch 299/1500 [22.5s mem=1922MB] | task_loss=0.2663 | val_AP=0.4709 mean_AP=0.4708 delta=+0.0000 | test_AP=0.4389 | cos_sim=1.0000 grad_norm=8.7756 attn_entr=nan | novelty_loss=-0.0423 diversity_loss=0.0500
  -> New best metrics: gen_loss=0.2663 val_loss=0.2647 val_AP=0.4709
Epoch 300/1500 [22.7s mem=1920MB] | task_loss=0.2657 | val_AP=0.4629 mean_AP=0.4629 delta=+0.0000 | test_AP=0.4360 | cos_sim=1.0000 grad_norm=8.9362 attn_entr=nan | novelty_loss=-0.0422 diversity_loss=0.0500
Epoch 301/1500 [22.7s mem=1921MB] | task_loss=0.2665 | val_AP=0.4656 mean_AP=0.4659 delta=-0.0003 | test_AP=0.4326 | cos_sim=1.0000 grad_norm=9.3773 attn_entr=nan | novelty_loss=-0.0422 diversity_loss=0.0500
Epoch 302/1500 [22.6s mem=1919MB] | task_loss=0.2652 | val_AP=0.4664 mean_AP=0.4664 delta=-0.0000 | test_AP=0.4377 | cos_sim=1.0000 grad_norm=8.7449 attn_entr=nan | novelty_loss=-0.0423 diversity_loss=0.0500
Epoch 303/1500 [22.6s mem=1918MB] | task_loss=0.2647 | val_AP=0.4635 mean_AP=0.4636 delta=-0.0001 | test_AP=0.4342 | cos_sim=1.0000 grad_norm=9.2411 attn_entr=nan | novelty_loss=-0.0422 diversity_loss=0.0500
Epoch 304/1500 [22.5s mem=1918MB] | task_loss=0.2651 | val_AP=0.4751 mean_AP=0.4752 delta=-0.0001 | test_AP=0.4409 | cos_sim=1.0000 grad_norm=9.7154 attn_entr=nan | novelty_loss=-0.0422 diversity_loss=0.0500
  -> New best metrics: gen_loss=0.2651 val_loss=0.2647 val_AP=0.4751
Epoch 305/1500 [19.2s mem=1921MB] | task_loss=0.2649 | val_AP=0.4752 mean_AP=0.4752 delta=+0.0000 | test_AP=0.4409 | cos_sim=1.0000 grad_norm=9.2671 attn_entr=nan | novelty_loss=-0.0422 diversity_loss=0.0500
  -> New best metrics: gen_loss=0.2649 val_loss=0.2647 val_AP=0.4752
Epoch 306/1500 [22.3s mem=1919MB] | task_loss=0.2638 | val_AP=0.4708 mean_AP=0.4709 delta=-0.0001 | test_AP=0.4392 | cos_sim=1.0000 grad_norm=9.1657 attn_entr=nan | novelty_loss=-0.0422 diversity_loss=0.0500
Epoch 307/1500 [22.6s mem=1919MB] | task_loss=0.2633 | val_AP=0.4693 mean_AP=0.4696 delta=-0.0003 | test_AP=0.4434 | cos_sim=1.0000 grad_norm=8.7859 attn_entr=nan | novelty_loss=-0.0422 diversity_loss=0.0500
Epoch 308/1500 [22.9s mem=1918MB] | task_loss=0.2633 | val_AP=0.4632 mean_AP=0.4633 delta=-0.0001 | test_AP=0.4341 | cos_sim=1.0000 grad_norm=8.6546 attn_entr=nan | novelty_loss=-0.0422 diversity_loss=0.0500
Epoch 309/1500 [22.7s mem=1920MB] | task_loss=0.2620 | val_AP=0.4610 mean_AP=0.4610 delta=+0.0001 | test_AP=0.4406 | cos_sim=1.0000 grad_norm=9.3197 attn_entr=nan | novelty_loss=-0.0423 diversity_loss=0.0500
Epoch 310/1500 [22.5s mem=1920MB] | task_loss=0.2625 | val_AP=0.4739 mean_AP=0.4739 delta=-0.0001 | test_AP=0.4423 | cos_sim=1.0000 grad_norm=9.3365 attn_entr=nan | novelty_loss=-0.0422 diversity_loss=0.0500
Epoch 311/1500 [22.5s mem=1920MB] | task_loss=0.2618 | val_AP=0.4755 mean_AP=0.4758 delta=-0.0002 | test_AP=0.4474 | cos_sim=1.0000 grad_norm=8.8603 attn_entr=nan | novelty_loss=-0.0422 diversity_loss=0.0500
  -> New best metrics: gen_loss=0.2618 val_loss=0.2647 val_AP=0.4755
Epoch 312/1500 [22.6s mem=1917MB] | task_loss=0.2614 | val_AP=0.4860 mean_AP=0.4861 delta=-0.0000 | test_AP=0.4473 | cos_sim=1.0000 grad_norm=8.9532 attn_entr=nan | novelty_loss=-0.0422 diversity_loss=0.0500
  -> New best metrics: gen_loss=0.2614 val_loss=0.2626 val_AP=0.4860
Epoch 313/1500 [22.5s mem=1921MB] | task_loss=0.2619 | val_AP=0.4781 mean_AP=0.4780 delta=+0.0001 | test_AP=0.4494 | cos_sim=1.0000 grad_norm=9.3710 attn_entr=nan | novelty_loss=-0.0422 diversity_loss=0.0500
Epoch 314/1500 [22.7s mem=1920MB] | task_loss=0.2609 | val_AP=0.4775 mean_AP=0.4777 delta=-0.0003 | test_AP=0.4487 | cos_sim=1.0000 grad_norm=9.2276 attn_entr=nan | novelty_loss=-0.0422 diversity_loss=0.0500
Epoch 315/1500 [22.5s mem=1920MB] | task_loss=0.2609 | val_AP=0.4850 mean_AP=0.4844 delta=+0.0006 | test_AP=0.4477 | cos_sim=1.0000 grad_norm=8.9770 attn_entr=nan | novelty_loss=-0.0422 diversity_loss=0.0500
Epoch 316/1500 [22.5s mem=1919MB] | task_loss=0.2614 | val_AP=0.4832 mean_AP=0.4834 delta=-0.0002 | test_AP=0.4497 | cos_sim=1.0000 grad_norm=9.1684 attn_entr=nan | novelty_loss=-0.0422 diversity_loss=0.0500
  -> New best metrics: gen_loss=0.2614 val_loss=0.2622 val_AP=0.4860
Epoch 317/1500 [23.0s mem=1918MB] | task_loss=0.2604 | val_AP=0.4778 mean_AP=0.4778 delta=+0.0000 | test_AP=0.4453 | cos_sim=1.0000 grad_norm=9.5136 attn_entr=nan | novelty_loss=-0.0422 diversity_loss=0.0500
Epoch 318/1500 [22.8s mem=1919MB] | task_loss=0.2604 | val_AP=0.4898 mean_AP=0.4899 delta=-0.0001 | test_AP=0.4497 | cos_sim=1.0000 grad_norm=9.4952 attn_entr=nan | novelty_loss=-0.0423 diversity_loss=0.0500
  -> New best metrics: gen_loss=0.2604 val_loss=0.2613 val_AP=0.4898
Epoch 319/1500 [22.5s mem=1919MB] | task_loss=0.2605 | val_AP=0.4862 mean_AP=0.4861 delta=+0.0001 | test_AP=0.4482 | cos_sim=1.0000 grad_norm=9.5804 attn_entr=nan | novelty_loss=-0.0422 diversity_loss=0.0500
Epoch 320/1500 [22.6s mem=1917MB] | task_loss=0.2591 | val_AP=0.4873 mean_AP=0.4876 delta=-0.0003 | test_AP=0.4464 | cos_sim=1.0000 grad_norm=9.2961 attn_entr=nan | novelty_loss=-0.0422 diversity_loss=0.0500
  -> New best metrics: gen_loss=0.2591 val_loss=0.2604 val_AP=0.4898
Epoch 321/1500 [22.6s mem=1920MB] | task_loss=0.2603 | val_AP=0.4791 mean_AP=0.4791 delta=+0.0000 | test_AP=0.4424 | cos_sim=1.0000 grad_norm=9.6499 attn_entr=nan | novelty_loss=-0.0422 diversity_loss=0.0500
Epoch 322/1500 [22.5s mem=1920MB] | task_loss=0.2594 | val_AP=0.4776 mean_AP=0.4775 delta=+0.0001 | test_AP=0.4441 | cos_sim=1.0000 grad_norm=8.8619 attn_entr=nan | novelty_loss=-0.0422 diversity_loss=0.0500
Epoch 323/1500 [22.6s mem=1919MB] | task_loss=0.2587 | val_AP=0.4911 mean_AP=0.4912 delta=-0.0000 | test_AP=0.4524 | cos_sim=1.0000 grad_norm=9.1386 attn_entr=nan | novelty_loss=-0.0423 diversity_loss=0.0500
  -> New best metrics: gen_loss=0.2587 val_loss=0.2604 val_AP=0.4911
Epoch 324/1500 [22.6s mem=1920MB] | task_loss=0.2585 | val_AP=0.4744 mean_AP=0.4747 delta=-0.0003 | test_AP=0.4453 | cos_sim=1.0000 grad_norm=9.5640 attn_entr=nan | novelty_loss=-0.0422 diversity_loss=0.0500
Epoch 325/1500 [22.5s mem=1920MB] | task_loss=0.2594 | val_AP=0.4887 mean_AP=0.4888 delta=-0.0000 | test_AP=0.4496 | cos_sim=1.0000 grad_norm=10.0915 attn_entr=nan | novelty_loss=-0.0422 diversity_loss=0.0500
Epoch 326/1500 [22.5s mem=1920MB] | task_loss=0.2574 | val_AP=0.4827 mean_AP=0.4824 delta=+0.0003 | test_AP=0.4504 | cos_sim=1.0000 grad_norm=9.4550 attn_entr=nan | novelty_loss=-0.0422 diversity_loss=0.0500
  -> New best metrics: gen_loss=0.2574 val_loss=0.2601 val_AP=0.4911
Epoch 327/1500 [22.5s mem=1921MB] | task_loss=0.2572 | val_AP=0.4859 mean_AP=0.4859 delta=-0.0000 | test_AP=0.4559 | cos_sim=1.0000 grad_norm=9.0757 attn_entr=nan | novelty_loss=-0.0422 diversity_loss=0.0500
Epoch 328/1500 [22.9s mem=1922MB] | task_loss=0.2581 | val_AP=0.4904 mean_AP=0.4904 delta=+0.0001 | test_AP=0.4532 | cos_sim=1.0000 grad_norm=9.6240 attn_entr=nan | novelty_loss=-0.0422 diversity_loss=0.0500
  -> New best metrics: gen_loss=0.2574 val_loss=0.2582 val_AP=0.4911
Epoch 329/1500 [22.4s mem=1921MB] | task_loss=0.2565 | val_AP=0.4880 mean_AP=0.4880 delta=+0.0000 | test_AP=0.4522 | cos_sim=1.0000 grad_norm=9.2087 attn_entr=nan | novelty_loss=-0.0422 diversity_loss=0.0500
Epoch 330/1500 [22.5s mem=1918MB] | task_loss=0.2566 | val_AP=0.4871 mean_AP=0.4871 delta=+0.0000 | test_AP=0.4530 | cos_sim=1.0000 grad_norm=8.9837 attn_entr=nan | novelty_loss=-0.0422 diversity_loss=0.0500
Epoch 331/1500 [22.6s mem=1921MB] | task_loss=0.2570 | val_AP=0.4847 mean_AP=0.4847 delta=-0.0000 | test_AP=0.4494 | cos_sim=1.0000 grad_norm=9.2264 attn_entr=nan | novelty_loss=-0.0423 diversity_loss=0.0500
Epoch 332/1500 [22.7s mem=1921MB] | task_loss=0.2561 | val_AP=0.4912 mean_AP=0.4906 delta=+0.0006 | test_AP=0.4530 | cos_sim=1.0000 grad_norm=9.3187 attn_entr=nan | novelty_loss=-0.0422 diversity_loss=0.0500
  -> New best metrics: gen_loss=0.2561 val_loss=0.2582 val_AP=0.4912
Epoch 333/1500 [22.8s mem=1920MB] | task_loss=0.2553 | val_AP=0.4932 mean_AP=0.4932 delta=+0.0000 | test_AP=0.4567 | cos_sim=1.0000 grad_norm=9.1491 attn_entr=nan | novelty_loss=-0.0422 diversity_loss=0.0500
  -> New best metrics: gen_loss=0.2553 val_loss=0.2582 val_AP=0.4932
Epoch 334/1500 [22.4s mem=1920MB] | task_loss=0.2557 | val_AP=0.4958 mean_AP=0.4958 delta=+0.0000 | test_AP=0.4494 | cos_sim=1.0000 grad_norm=9.3014 attn_entr=nan | novelty_loss=-0.0422 diversity_loss=0.0500
  -> New best metrics: gen_loss=0.2553 val_loss=0.2582 val_AP=0.4958
Epoch 335/1500 [22.6s mem=1923MB] | task_loss=0.2559 | val_AP=0.4896 mean_AP=0.4897 delta=-0.0001 | test_AP=0.4540 | cos_sim=1.0000 grad_norm=9.5868 attn_entr=nan | novelty_loss=-0.0422 diversity_loss=0.0500
Epoch 336/1500 [22.5s mem=1918MB] | task_loss=0.2554 | val_AP=0.4874 mean_AP=0.4874 delta=+0.0000 | test_AP=0.4530 | cos_sim=1.0000 grad_norm=9.3160 attn_entr=nan | novelty_loss=-0.0422 diversity_loss=0.0500
Epoch 337/1500 [22.5s mem=1919MB] | task_loss=0.2549 | val_AP=0.4977 mean_AP=0.4975 delta=+0.0002 | test_AP=0.4635 | cos_sim=1.0000 grad_norm=9.3278 attn_entr=nan | novelty_loss=-0.0422 diversity_loss=0.0500
  -> New best metrics: gen_loss=0.2549 val_loss=0.2582 val_AP=0.4977
Epoch 338/1500 [22.6s mem=1917MB] | task_loss=0.2549 | val_AP=0.4925 mean_AP=0.4926 delta=-0.0001 | test_AP=0.4584 | cos_sim=1.0000 grad_norm=9.2900 attn_entr=nan | novelty_loss=-0.0422 diversity_loss=0.0500
  -> New best metrics: gen_loss=0.2549 val_loss=0.2581 val_AP=0.4977
Epoch 339/1500 [22.7s mem=1919MB] | task_loss=0.2551 | val_AP=0.4873 mean_AP=0.4874 delta=-0.0001 | test_AP=0.4617 | cos_sim=1.0000 grad_norm=9.8769 attn_entr=nan | novelty_loss=-0.0422 diversity_loss=0.0500
Epoch 340/1500 [22.5s mem=1919MB] | task_loss=0.2540 | val_AP=0.4799 mean_AP=0.4798 delta=+0.0001 | test_AP=0.4572 | cos_sim=1.0000 grad_norm=9.3366 attn_entr=nan | novelty_loss=-0.0422 diversity_loss=0.0500
Epoch 341/1500 [22.6s mem=1920MB] | task_loss=0.2553 | val_AP=0.4913 mean_AP=0.4912 delta=+0.0001 | test_AP=0.4626 | cos_sim=1.0000 grad_norm=9.5482 attn_entr=nan | novelty_loss=-0.0422 diversity_loss=0.0500
Epoch 342/1500 [22.5s mem=1920MB] | task_loss=0.2540 | val_AP=0.4930 mean_AP=0.4930 delta=+0.0000 | test_AP=0.4630 | cos_sim=1.0000 grad_norm=9.9520 attn_entr=nan | novelty_loss=-0.0422 diversity_loss=0.0500
Epoch 343/1500 [22.6s mem=1919MB] | task_loss=0.2538 | val_AP=0.5015 mean_AP=0.5016 delta=-0.0001 | test_AP=0.4660 | cos_sim=1.0000 grad_norm=9.7769 attn_entr=nan | novelty_loss=-0.0422 diversity_loss=0.0500
  -> New best metrics: gen_loss=0.2538 val_loss=0.2581 val_AP=0.5015
Epoch 344/1500 [22.5s mem=1920MB] | task_loss=0.2529 | val_AP=0.4932 mean_AP=0.4931 delta=+0.0000 | test_AP=0.4576 | cos_sim=1.0000 grad_norm=9.7030 attn_entr=nan | novelty_loss=-0.0422 diversity_loss=0.0500
Epoch 345/1500 [22.5s mem=1920MB] | task_loss=0.2536 | val_AP=0.4968 mean_AP=0.4969 delta=-0.0001 | test_AP=0.4598 | cos_sim=1.0000 grad_norm=9.2927 attn_entr=nan | novelty_loss=-0.0422 diversity_loss=0.0500
  -> New best metrics: gen_loss=0.2536 val_loss=0.2577 val_AP=0.5015
Epoch 346/1500 [22.4s mem=1920MB] | task_loss=0.2538 | val_AP=0.4901 mean_AP=0.4905 delta=-0.0003 | test_AP=0.4585 | cos_sim=1.0000 grad_norm=9.5493 attn_entr=nan | novelty_loss=-0.0422 diversity_loss=0.0500
Epoch 347/1500 [22.6s mem=1920MB] | task_loss=0.2519 | val_AP=0.4951 mean_AP=0.4953 delta=-0.0001 | test_AP=0.4612 | cos_sim=1.0000 grad_norm=9.2453 attn_entr=nan | novelty_loss=-0.0422 diversity_loss=0.0500
Epoch 348/1500 [22.6s mem=1922MB] | task_loss=0.2524 | val_AP=0.5037 mean_AP=0.5038 delta=-0.0001 | test_AP=0.4674 | cos_sim=1.0000 grad_norm=9.8470 attn_entr=nan | novelty_loss=-0.0421 diversity_loss=0.0500
  -> New best metrics: gen_loss=0.2524 val_loss=0.2561 val_AP=0.5037
Epoch 349/1500 [22.5s mem=1918MB] | task_loss=0.2519 | val_AP=0.4977 mean_AP=0.4976 delta=+0.0000 | test_AP=0.4648 | cos_sim=1.0000 grad_norm=9.1254 attn_entr=nan | novelty_loss=-0.0422 diversity_loss=0.0500
  -> New best metrics: gen_loss=0.2519 val_loss=0.2551 val_AP=0.5037
Epoch 350/1500 [22.6s mem=1921MB] | task_loss=0.2519 | val_AP=0.4923 mean_AP=0.4923 delta=+0.0000 | test_AP=0.4700 | cos_sim=1.0000 grad_norm=9.5246 attn_entr=nan | novelty_loss=-0.0422 diversity_loss=0.0500
Epoch 351/1500 [22.6s mem=1921MB] | task_loss=0.2519 | val_AP=0.4982 mean_AP=0.4981 delta=+0.0001 | test_AP=0.4597 | cos_sim=1.0000 grad_norm=9.7494 attn_entr=nan | novelty_loss=-0.0422 diversity_loss=0.0500
Epoch 352/1500 [22.6s mem=1919MB] | task_loss=0.2507 | val_AP=0.4986 mean_AP=0.4984 delta=+0.0002 | test_AP=0.4637 | cos_sim=1.0000 grad_norm=9.0677 attn_entr=nan | novelty_loss=-0.0422 diversity_loss=0.0500
Epoch 353/1500 [22.4s mem=1919MB] | task_loss=0.2505 | val_AP=0.4963 mean_AP=0.4960 delta=+0.0003 | test_AP=0.4662 | cos_sim=1.0000 grad_norm=9.3877 attn_entr=nan | novelty_loss=-0.0421 diversity_loss=0.0500
Epoch 354/1500 [22.5s mem=1919MB] | task_loss=0.2509 | val_AP=0.4874 mean_AP=0.4874 delta=-0.0000 | test_AP=0.4668 | cos_sim=1.0000 grad_norm=9.5943 attn_entr=nan | novelty_loss=-0.0422 diversity_loss=0.0500
Epoch 355/1500 [22.8s mem=1918MB] | task_loss=0.2497 | val_AP=0.5056 mean_AP=0.5056 delta=+0.0000 | test_AP=0.4651 | cos_sim=1.0000 grad_norm=9.6806 attn_entr=nan | novelty_loss=-0.0422 diversity_loss=0.0500
  -> New best metrics: gen_loss=0.2497 val_loss=0.2551 val_AP=0.5056
Epoch 356/1500 [22.7s mem=1919MB] | task_loss=0.2505 | val_AP=0.4787 mean_AP=0.4785 delta=+0.0003 | test_AP=0.4596 | cos_sim=1.0000 grad_norm=9.2966 attn_entr=nan | novelty_loss=-0.0422 diversity_loss=0.0500
Epoch 357/1500 [22.6s mem=1920MB] | task_loss=0.2504 | val_AP=0.5016 mean_AP=0.5018 delta=-0.0001 | test_AP=0.4721 | cos_sim=1.0000 grad_norm=9.9094 attn_entr=nan | novelty_loss=-0.0422 diversity_loss=0.0500
  -> New best metrics: gen_loss=0.2497 val_loss=0.2536 val_AP=0.5056
Epoch 358/1500 [22.9s mem=1922MB] | task_loss=0.2501 | val_AP=0.4982 mean_AP=0.4982 delta=+0.0000 | test_AP=0.4657 | cos_sim=1.0000 grad_norm=9.5045 attn_entr=nan | novelty_loss=-0.0422 diversity_loss=0.0500
Epoch 359/1500 [22.5s mem=1919MB] | task_loss=0.2491 | val_AP=0.4974 mean_AP=0.4972 delta=+0.0002 | test_AP=0.4700 | cos_sim=1.0000 grad_norm=9.7072 attn_entr=nan | novelty_loss=-0.0422 diversity_loss=0.0500
Epoch 360/1500 [22.6s mem=1919MB] | task_loss=0.2487 | val_AP=0.4932 mean_AP=0.4933 delta=-0.0001 | test_AP=0.4704 | cos_sim=1.0000 grad_norm=9.4461 attn_entr=nan | novelty_loss=-0.0422 diversity_loss=0.0500
Epoch 361/1500 [22.6s mem=1920MB] | task_loss=0.2489 | val_AP=0.5073 mean_AP=0.5073 delta=+0.0000 | test_AP=0.4706 | cos_sim=1.0000 grad_norm=9.6211 attn_entr=nan | novelty_loss=-0.0422 diversity_loss=0.0500
  -> New best metrics: gen_loss=0.2489 val_loss=0.2534 val_AP=0.5073
Epoch 362/1500 [23.0s mem=1922MB] | task_loss=0.2484 | val_AP=0.5015 mean_AP=0.5015 delta=-0.0000 | test_AP=0.4706 | cos_sim=1.0000 grad_norm=9.5231 attn_entr=nan | novelty_loss=-0.0422 diversity_loss=0.0500
Epoch 363/1500 [22.7s mem=1920MB] | task_loss=0.2487 | val_AP=0.5029 mean_AP=0.5029 delta=-0.0000 | test_AP=0.4663 | cos_sim=1.0000 grad_norm=9.8424 attn_entr=nan | novelty_loss=-0.0421 diversity_loss=0.0500
Epoch 364/1500 [22.6s mem=1920MB] | task_loss=0.2493 | val_AP=0.5035 mean_AP=0.5037 delta=-0.0002 | test_AP=0.4764 | cos_sim=1.0000 grad_norm=9.7345 attn_entr=nan | novelty_loss=-0.0422 diversity_loss=0.0500
Epoch 365/1500 [19.6s mem=1919MB] | task_loss=0.2482 | val_AP=0.5074 mean_AP=0.5073 delta=+0.0001 | test_AP=0.4749 | cos_sim=1.0000 grad_norm=9.9348 attn_entr=nan | novelty_loss=-0.0422 diversity_loss=0.0500
  -> New best metrics: gen_loss=0.2482 val_loss=0.2533 val_AP=0.5074
Epoch 366/1500 [22.6s mem=1918MB] | task_loss=0.2473 | val_AP=0.4967 mean_AP=0.4967 delta=+0.0000 | test_AP=0.4726 | cos_sim=1.0000 grad_norm=9.4111 attn_entr=nan | novelty_loss=-0.0422 diversity_loss=0.0500
Epoch 367/1500 [22.6s mem=1922MB] | task_loss=0.2482 | val_AP=0.5015 mean_AP=0.5015 delta=-0.0000 | test_AP=0.4676 | cos_sim=1.0000 grad_norm=9.8187 attn_entr=nan | novelty_loss=-0.0422 diversity_loss=0.0500
  -> New best metrics: gen_loss=0.2482 val_loss=0.2532 val_AP=0.5074
Epoch 368/1500 [22.6s mem=1921MB] | task_loss=0.2475 | val_AP=0.4963 mean_AP=0.4963 delta=+0.0000 | test_AP=0.4712 | cos_sim=1.0000 grad_norm=9.7137 attn_entr=nan | novelty_loss=-0.0422 diversity_loss=0.0500
Epoch 369/1500 [22.5s mem=1918MB] | task_loss=0.2471 | val_AP=0.5058 mean_AP=0.5058 delta=+0.0000 | test_AP=0.4743 | cos_sim=1.0000 grad_norm=9.5616 attn_entr=nan | novelty_loss=-0.0422 diversity_loss=0.0500
Epoch 370/1500 [22.5s mem=1919MB] | task_loss=0.2472 | val_AP=0.5010 mean_AP=0.5007 delta=+0.0003 | test_AP=0.4735 | cos_sim=1.0000 grad_norm=9.5166 attn_entr=nan | novelty_loss=-0.0422 diversity_loss=0.0500
Epoch 371/1500 [22.6s mem=1919MB] | task_loss=0.2465 | val_AP=0.5084 mean_AP=0.5084 delta=-0.0000 | test_AP=0.4800 | cos_sim=1.0000 grad_norm=9.6671 attn_entr=nan | novelty_loss=-0.0421 diversity_loss=0.0500
  -> New best metrics: gen_loss=0.2465 val_loss=0.2506 val_AP=0.5084
Epoch 372/1500 [22.7s mem=1919MB] | task_loss=0.2465 | val_AP=0.5062 mean_AP=0.5066 delta=-0.0004 | test_AP=0.4767 | cos_sim=1.0000 grad_norm=10.0557 attn_entr=nan | novelty_loss=-0.0421 diversity_loss=0.0500
Epoch 373/1500 [22.5s mem=1918MB] | task_loss=0.2466 | val_AP=0.5027 mean_AP=0.5027 delta=-0.0000 | test_AP=0.4653 | cos_sim=1.0000 grad_norm=9.9606 attn_entr=nan | novelty_loss=-0.0421 diversity_loss=0.0500
Epoch 374/1500 [22.4s mem=1922MB] | task_loss=0.2461 | val_AP=0.5066 mean_AP=0.5063 delta=+0.0002 | test_AP=0.4688 | cos_sim=1.0000 grad_norm=10.0131 attn_entr=nan | novelty_loss=-0.0421 diversity_loss=0.0500
Epoch 375/1500 [22.6s mem=1920MB] | task_loss=0.2453 | val_AP=0.5071 mean_AP=0.5072 delta=-0.0001 | test_AP=0.4747 | cos_sim=1.0000 grad_norm=9.3914 attn_entr=nan | novelty_loss=-0.0422 diversity_loss=0.0500
Epoch 376/1500 [22.7s mem=1922MB] | task_loss=0.2454 | val_AP=0.5045 mean_AP=0.5047 delta=-0.0003 | test_AP=0.4754 | cos_sim=1.0000 grad_norm=10.0424 attn_entr=nan | novelty_loss=-0.0421 diversity_loss=0.0500
Epoch 377/1500 [22.6s mem=1920MB] | task_loss=0.2450 | val_AP=0.5035 mean_AP=0.5036 delta=-0.0001 | test_AP=0.4710 | cos_sim=1.0000 grad_norm=9.5290 attn_entr=nan | novelty_loss=-0.0421 diversity_loss=0.0500
Epoch 378/1500 [22.5s mem=1918MB] | task_loss=0.2451 | val_AP=0.4989 mean_AP=0.4989 delta=-0.0001 | test_AP=0.4721 | cos_sim=1.0000 grad_norm=10.0562 attn_entr=nan | novelty_loss=-0.0422 diversity_loss=0.0500
Epoch 379/1500 [22.6s mem=1920MB] | task_loss=0.2451 | val_AP=0.5120 mean_AP=0.5120 delta=+0.0000 | test_AP=0.4801 | cos_sim=1.0000 grad_norm=9.8318 attn_entr=nan | novelty_loss=-0.0421 diversity_loss=0.0500
  -> New best metrics: gen_loss=0.2451 val_loss=0.2506 val_AP=0.5120
Epoch 380/1500 [22.5s mem=1921MB] | task_loss=0.2436 | val_AP=0.4815 mean_AP=0.4816 delta=-0.0001 | test_AP=0.4616 | cos_sim=1.0000 grad_norm=9.5560 attn_entr=nan | novelty_loss=-0.0421 diversity_loss=0.0500
Epoch 381/1500 [22.5s mem=1918MB] | task_loss=0.2435 | val_AP=0.5066 mean_AP=0.5068 delta=-0.0002 | test_AP=0.4758 | cos_sim=1.0000 grad_norm=9.5784 attn_entr=nan | novelty_loss=-0.0422 diversity_loss=0.0500
Epoch 382/1500 [22.4s mem=1920MB] | task_loss=0.2433 | val_AP=0.5139 mean_AP=0.5139 delta=+0.0000 | test_AP=0.4752 | cos_sim=1.0000 grad_norm=9.4706 attn_entr=nan | novelty_loss=-0.0421 diversity_loss=0.0500
  -> New best metrics: gen_loss=0.2433 val_loss=0.2506 val_AP=0.5139
Epoch 383/1500 [22.5s mem=1921MB] | task_loss=0.2441 | val_AP=0.5171 mean_AP=0.5172 delta=-0.0001 | test_AP=0.4904 | cos_sim=1.0000 grad_norm=10.1772 attn_entr=nan | novelty_loss=-0.0421 diversity_loss=0.0500
  -> New best metrics: gen_loss=0.2433 val_loss=0.2501 val_AP=0.5171
Epoch 384/1500 [22.4s mem=1919MB] | task_loss=0.2433 | val_AP=0.5112 mean_AP=0.5112 delta=+0.0001 | test_AP=0.4795 | cos_sim=1.0000 grad_norm=10.0138 attn_entr=nan | novelty_loss=-0.0421 diversity_loss=0.0500
  -> New best metrics: gen_loss=0.2433 val_loss=0.2493 val_AP=0.5171
Epoch 385/1500 [22.8s mem=1922MB] | task_loss=0.2426 | val_AP=0.5155 mean_AP=0.5156 delta=-0.0000 | test_AP=0.4786 | cos_sim=1.0000 grad_norm=9.6374 attn_entr=nan | novelty_loss=-0.0422 diversity_loss=0.0500
Epoch 386/1500 [22.7s mem=1921MB] | task_loss=0.2425 | val_AP=0.5061 mean_AP=0.5061 delta=-0.0001 | test_AP=0.4754 | cos_sim=1.0000 grad_norm=10.0488 attn_entr=nan | novelty_loss=-0.0422 diversity_loss=0.0500
Epoch 387/1500 [22.6s mem=1919MB] | task_loss=0.2425 | val_AP=0.5121 mean_AP=0.5122 delta=-0.0001 | test_AP=0.4743 | cos_sim=1.0000 grad_norm=9.8698 attn_entr=nan | novelty_loss=-0.0421 diversity_loss=0.0500
  -> New best metrics: gen_loss=0.2425 val_loss=0.2487 val_AP=0.5171
Epoch 388/1500 [22.5s mem=1919MB] | task_loss=0.2437 | val_AP=0.5077 mean_AP=0.5078 delta=-0.0001 | test_AP=0.4764 | cos_sim=1.0000 grad_norm=9.9410 attn_entr=nan | novelty_loss=-0.0422 diversity_loss=0.0500
Epoch 389/1500 [22.7s mem=1920MB] | task_loss=0.2422 | val_AP=0.5192 mean_AP=0.5193 delta=-0.0001 | test_AP=0.4856 | cos_sim=1.0000 grad_norm=10.4954 attn_entr=nan | novelty_loss=-0.0422 diversity_loss=0.0500
  -> New best metrics: gen_loss=0.2422 val_loss=0.2478 val_AP=0.5192
Epoch 390/1500 [22.5s mem=1918MB] | task_loss=0.2420 | val_AP=0.5188 mean_AP=0.5186 delta=+0.0002 | test_AP=0.4858 | cos_sim=1.0000 grad_norm=10.4689 attn_entr=nan | novelty_loss=-0.0421 diversity_loss=0.0500
Epoch 391/1500 [22.6s mem=1921MB] | task_loss=0.2412 | val_AP=0.5129 mean_AP=0.5128 delta=+0.0001 | test_AP=0.4886 | cos_sim=1.0000 grad_norm=10.0274 attn_entr=nan | novelty_loss=-0.0422 diversity_loss=0.0500
Epoch 392/1500 [22.6s mem=1919MB] | task_loss=0.2412 | val_AP=0.5150 mean_AP=0.5150 delta=-0.0000 | test_AP=0.4832 | cos_sim=1.0000 grad_norm=9.4633 attn_entr=nan | novelty_loss=-0.0421 diversity_loss=0.0500
Epoch 393/1500 [22.7s mem=1920MB] | task_loss=0.2404 | val_AP=0.5223 mean_AP=0.5225 delta=-0.0002 | test_AP=0.4833 | cos_sim=1.0000 grad_norm=9.7526 attn_entr=nan | novelty_loss=-0.0421 diversity_loss=0.0500
  -> New best metrics: gen_loss=0.2404 val_loss=0.2477 val_AP=0.5223
Epoch 394/1500 [22.4s mem=1918MB] | task_loss=0.2410 | val_AP=0.5226 mean_AP=0.5225 delta=+0.0001 | test_AP=0.4855 | cos_sim=1.0000 grad_norm=9.8990 attn_entr=nan | novelty_loss=-0.0421 diversity_loss=0.0500
  -> New best metrics: gen_loss=0.2404 val_loss=0.2477 val_AP=0.5226
Epoch 395/1500 [22.8s mem=1921MB] | task_loss=0.2402 | val_AP=0.5089 mean_AP=0.5088 delta=+0.0001 | test_AP=0.4829 | cos_sim=1.0000 grad_norm=10.0174 attn_entr=nan | novelty_loss=-0.0421 diversity_loss=0.0500
Epoch 396/1500 [22.6s mem=1918MB] | task_loss=0.2410 | val_AP=0.5239 mean_AP=0.5238 delta=+0.0000 | test_AP=0.4908 | cos_sim=1.0000 grad_norm=10.5758 attn_entr=nan | novelty_loss=-0.0421 diversity_loss=0.0500
  -> New best metrics: gen_loss=0.2404 val_loss=0.2475 val_AP=0.5239
Epoch 397/1500 [22.9s mem=1920MB] | task_loss=0.2402 | val_AP=0.5045 mean_AP=0.5045 delta=-0.0000 | test_AP=0.4833 | cos_sim=1.0000 grad_norm=9.7264 attn_entr=nan | novelty_loss=-0.0421 diversity_loss=0.0500
Epoch 398/1500 [22.4s mem=1922MB] | task_loss=0.2400 | val_AP=0.5156 mean_AP=0.5156 delta=-0.0001 | test_AP=0.4822 | cos_sim=1.0000 grad_norm=9.6540 attn_entr=nan | novelty_loss=-0.0421 diversity_loss=0.0500
Epoch 399/1500 [22.6s mem=1921MB] | task_loss=0.2405 | val_AP=0.5013 mean_AP=0.5015 delta=-0.0002 | test_AP=0.4834 | cos_sim=1.0000 grad_norm=10.2651 attn_entr=nan | novelty_loss=-0.0421 diversity_loss=0.0500
Epoch 400/1500 [22.7s mem=1919MB] | task_loss=0.2397 | val_AP=0.5147 mean_AP=0.5147 delta=+0.0000 | test_AP=0.4860 | cos_sim=1.0000 grad_norm=9.3849 attn_entr=nan | novelty_loss=-0.0421 diversity_loss=0.0500
Epoch 401/1500 [22.6s mem=1921MB] | task_loss=0.2394 | val_AP=0.5233 mean_AP=0.5233 delta=-0.0001 | test_AP=0.4923 | cos_sim=1.0000 grad_norm=10.0219 attn_entr=nan | novelty_loss=-0.0420 diversity_loss=0.0500
Epoch 402/1500 [22.6s mem=1920MB] | task_loss=0.2394 | val_AP=0.5139 mean_AP=0.5141 delta=-0.0002 | test_AP=0.4846 | cos_sim=1.0000 grad_norm=10.1404 attn_entr=nan | novelty_loss=-0.0420 diversity_loss=0.0500
Epoch 403/1500 [22.7s mem=1919MB] | task_loss=0.2394 | val_AP=0.5104 mean_AP=0.5106 delta=-0.0002 | test_AP=0.4860 | cos_sim=1.0000 grad_norm=10.2307 attn_entr=nan | novelty_loss=-0.0421 diversity_loss=0.0500
Epoch 404/1500 [22.7s mem=1919MB] | task_loss=0.2388 | val_AP=0.5219 mean_AP=0.5221 delta=-0.0002 | test_AP=0.4895 | cos_sim=1.0000 grad_norm=10.4971 attn_entr=nan | novelty_loss=-0.0421 diversity_loss=0.0500
  -> New best metrics: gen_loss=0.2388 val_loss=0.2465 val_AP=0.5239
Epoch 405/1500 [22.7s mem=1921MB] | task_loss=0.2380 | val_AP=0.5188 mean_AP=0.5189 delta=-0.0001 | test_AP=0.4860 | cos_sim=1.0000 grad_norm=9.7216 attn_entr=nan | novelty_loss=-0.0421 diversity_loss=0.0500
Epoch 406/1500 [22.5s mem=1918MB] | task_loss=0.2375 | val_AP=0.5271 mean_AP=0.5271 delta=-0.0001 | test_AP=0.4949 | cos_sim=1.0000 grad_norm=10.0574 attn_entr=nan | novelty_loss=-0.0421 diversity_loss=0.0500
  -> New best metrics: gen_loss=0.2375 val_loss=0.2459 val_AP=0.5271
Epoch 407/1500 [22.9s mem=1921MB] | task_loss=0.2372 | val_AP=0.5199 mean_AP=0.5198 delta=+0.0001 | test_AP=0.4932 | cos_sim=1.0000 grad_norm=9.1565 attn_entr=nan | novelty_loss=-0.0420 diversity_loss=0.0500
Epoch 408/1500 [22.7s mem=1918MB] | task_loss=0.2373 | val_AP=0.5161 mean_AP=0.5161 delta=-0.0000 | test_AP=0.4809 | cos_sim=1.0000 grad_norm=9.7603 attn_entr=nan | novelty_loss=-0.0421 diversity_loss=0.0500
Epoch 409/1500 [22.7s mem=1921MB] | task_loss=0.2371 | val_AP=0.5225 mean_AP=0.5225 delta=-0.0001 | test_AP=0.4852 | cos_sim=1.0000 grad_norm=9.7716 attn_entr=nan | novelty_loss=-0.0421 diversity_loss=0.0500
Epoch 410/1500 [22.6s mem=1919MB] | task_loss=0.2374 | val_AP=0.5195 mean_AP=0.5195 delta=-0.0000 | test_AP=0.4929 | cos_sim=1.0000 grad_norm=9.8734 attn_entr=nan | novelty_loss=-0.0420 diversity_loss=0.0500
Epoch 411/1500 [22.7s mem=1919MB] | task_loss=0.2368 | val_AP=0.5155 mean_AP=0.5162 delta=-0.0007 | test_AP=0.4836 | cos_sim=1.0000 grad_norm=10.3274 attn_entr=nan | novelty_loss=-0.0420 diversity_loss=0.0500
Epoch 412/1500 [22.5s mem=1919MB] | task_loss=0.2362 | val_AP=0.5228 mean_AP=0.5225 delta=+0.0002 | test_AP=0.4866 | cos_sim=1.0000 grad_norm=10.1848 attn_entr=nan | novelty_loss=-0.0421 diversity_loss=0.0500
Epoch 413/1500 [22.7s mem=1919MB] | task_loss=0.2365 | val_AP=0.5245 mean_AP=0.5239 delta=+0.0007 | test_AP=0.4880 | cos_sim=1.0000 grad_norm=10.4817 attn_entr=nan | novelty_loss=-0.0420 diversity_loss=0.0500
Epoch 414/1500 [22.5s mem=1918MB] | task_loss=0.2365 | val_AP=0.5268 mean_AP=0.5269 delta=-0.0001 | test_AP=0.4915 | cos_sim=1.0000 grad_norm=9.9414 attn_entr=nan | novelty_loss=-0.0420 diversity_loss=0.0500
Epoch 415/1500 [22.9s mem=1921MB] | task_loss=0.2358 | val_AP=0.5176 mean_AP=0.5177 delta=-0.0000 | test_AP=0.4914 | cos_sim=1.0000 grad_norm=9.6185 attn_entr=nan | novelty_loss=-0.0421 diversity_loss=0.0500
Epoch 416/1500 [22.9s mem=1919MB] | task_loss=0.2361 | val_AP=0.5206 mean_AP=0.5207 delta=-0.0000 | test_AP=0.4955 | cos_sim=1.0000 grad_norm=9.8946 attn_entr=nan | novelty_loss=-0.0420 diversity_loss=0.0500
Epoch 417/1500 [22.5s mem=1920MB] | task_loss=0.2352 | val_AP=0.5228 mean_AP=0.5228 delta=+0.0000 | test_AP=0.4912 | cos_sim=1.0000 grad_norm=9.9954 attn_entr=nan | novelty_loss=-0.0421 diversity_loss=0.0500
Epoch 418/1500 [22.6s mem=1918MB] | task_loss=0.2346 | val_AP=0.5207 mean_AP=0.5204 delta=+0.0003 | test_AP=0.4945 | cos_sim=1.0000 grad_norm=9.5629 attn_entr=nan | novelty_loss=-0.0420 diversity_loss=0.0500
Epoch 419/1500 [22.6s mem=1920MB] | task_loss=0.2345 | val_AP=0.5288 mean_AP=0.5289 delta=-0.0000 | test_AP=0.4978 | cos_sim=1.0000 grad_norm=10.1781 attn_entr=nan | novelty_loss=-0.0420 diversity_loss=0.0500
  -> New best metrics: gen_loss=0.2345 val_loss=0.2458 val_AP=0.5288
Epoch 420/1500 [22.6s mem=1921MB] | task_loss=0.2339 | val_AP=0.5247 mean_AP=0.5247 delta=+0.0000 | test_AP=0.4943 | cos_sim=1.0000 grad_norm=9.5977 attn_entr=nan | novelty_loss=-0.0420 diversity_loss=0.0500
  -> New best metrics: gen_loss=0.2339 val_loss=0.2449 val_AP=0.5288
Epoch 421/1500 [22.7s mem=1922MB] | task_loss=0.2334 | val_AP=0.5265 mean_AP=0.5268 delta=-0.0003 | test_AP=0.4952 | cos_sim=1.0000 grad_norm=9.7370 attn_entr=nan | novelty_loss=-0.0420 diversity_loss=0.0500
Epoch 422/1500 [22.7s mem=1919MB] | task_loss=0.2353 | val_AP=0.5207 mean_AP=0.5206 delta=+0.0001 | test_AP=0.4929 | cos_sim=1.0000 grad_norm=10.6131 attn_entr=nan | novelty_loss=-0.0420 diversity_loss=0.0500
Epoch 423/1500 [17.9s mem=1921MB] | task_loss=0.2339 | val_AP=0.5125 mean_AP=0.5126 delta=-0.0001 | test_AP=0.4918 | cos_sim=1.0000 grad_norm=9.9841 attn_entr=nan | novelty_loss=-0.0420 diversity_loss=0.0500
Epoch 424/1500 [6.0s mem=1922MB] | task_loss=0.2336 | val_AP=0.5219 mean_AP=0.5221 delta=-0.0002 | test_AP=0.4989 | cos_sim=1.0000 grad_norm=9.8082 attn_entr=nan | novelty_loss=-0.0420 diversity_loss=0.0500
  -> New best metrics: gen_loss=0.2336 val_loss=0.2444 val_AP=0.5288
Epoch 425/1500 [6.3s mem=1920MB] | task_loss=0.2335 | val_AP=0.5274 mean_AP=0.5274 delta=+0.0000 | test_AP=0.4951 | cos_sim=1.0000 grad_norm=10.0471 attn_entr=nan | novelty_loss=-0.0420 diversity_loss=0.0500
Epoch 426/1500 [6.5s mem=1921MB] | task_loss=0.2334 | val_AP=0.5263 mean_AP=0.5259 delta=+0.0004 | test_AP=0.4949 | cos_sim=1.0000 grad_norm=10.2876 attn_entr=nan | novelty_loss=-0.0420 diversity_loss=0.0500
Epoch 427/1500 [7.0s mem=1919MB] | task_loss=0.2327 | val_AP=0.5195 mean_AP=0.5196 delta=-0.0001 | test_AP=0.4958 | cos_sim=1.0000 grad_norm=10.3525 attn_entr=nan | novelty_loss=-0.0420 diversity_loss=0.0500
Epoch 428/1500 [6.6s mem=1919MB] | task_loss=0.2325 | val_AP=0.5275 mean_AP=0.5270 delta=+0.0005 | test_AP=0.5034 | cos_sim=1.0000 grad_norm=10.1376 attn_entr=nan | novelty_loss=-0.0420 diversity_loss=0.0500
Epoch 429/1500 [7.0s mem=1918MB] | task_loss=0.2319 | val_AP=0.5211 mean_AP=0.5210 delta=+0.0001 | test_AP=0.4904 | cos_sim=1.0000 grad_norm=9.8987 attn_entr=nan | novelty_loss=-0.0420 diversity_loss=0.0500
Epoch 430/1500 [7.0s mem=1920MB] | task_loss=0.2331 | val_AP=0.5299 mean_AP=0.5301 delta=-0.0002 | test_AP=0.4996 | cos_sim=1.0000 grad_norm=10.5911 attn_entr=nan | novelty_loss=-0.0420 diversity_loss=0.0500
  -> New best metrics: gen_loss=0.2331 val_loss=0.2441 val_AP=0.5299
Epoch 431/1500 [7.0s mem=1918MB] | task_loss=0.2319 | val_AP=0.5245 mean_AP=0.5246 delta=-0.0000 | test_AP=0.4953 | cos_sim=1.0000 grad_norm=10.0710 attn_entr=nan | novelty_loss=-0.0419 diversity_loss=0.0500
Epoch 432/1500 [7.0s mem=1921MB] | task_loss=0.2319 | val_AP=0.5291 mean_AP=0.5293 delta=-0.0001 | test_AP=0.4983 | cos_sim=1.0000 grad_norm=10.3226 attn_entr=nan | novelty_loss=-0.0420 diversity_loss=0.0500
Epoch 433/1500 [7.0s mem=1920MB] | task_loss=0.2318 | val_AP=0.5170 mean_AP=0.5170 delta=-0.0000 | test_AP=0.4928 | cos_sim=1.0000 grad_norm=10.1691 attn_entr=nan | novelty_loss=-0.0420 diversity_loss=0.0500
Epoch 434/1500 [7.0s mem=1918MB] | task_loss=0.2317 | val_AP=0.5264 mean_AP=0.5264 delta=-0.0001 | test_AP=0.4962 | cos_sim=1.0000 grad_norm=10.1347 attn_entr=nan | novelty_loss=-0.0419 diversity_loss=0.0500
Epoch 435/1500 [7.0s mem=1920MB] | task_loss=0.2320 | val_AP=0.5322 mean_AP=0.5323 delta=-0.0001 | test_AP=0.4968 | cos_sim=1.0000 grad_norm=10.5970 attn_entr=nan | novelty_loss=-0.0420 diversity_loss=0.0500
  -> New best metrics: gen_loss=0.2320 val_loss=0.2435 val_AP=0.5322
Epoch 436/1500 [7.0s mem=1919MB] | task_loss=0.2316 | val_AP=0.5248 mean_AP=0.5247 delta=+0.0001 | test_AP=0.4995 | cos_sim=1.0000 grad_norm=10.5030 attn_entr=nan | novelty_loss=-0.0419 diversity_loss=0.0500
Epoch 437/1500 [7.0s mem=1922MB] | task_loss=0.2312 | val_AP=0.5346 mean_AP=0.5345 delta=+0.0001 | test_AP=0.4985 | cos_sim=1.0000 grad_norm=10.0552 attn_entr=nan | novelty_loss=-0.0419 diversity_loss=0.0500
  -> New best metrics: gen_loss=0.2312 val_loss=0.2435 val_AP=0.5346
Epoch 438/1500 [7.0s mem=1918MB] | task_loss=0.2308 | val_AP=0.5247 mean_AP=0.5247 delta=-0.0000 | test_AP=0.5047 | cos_sim=1.0000 grad_norm=10.4814 attn_entr=nan | novelty_loss=-0.0419 diversity_loss=0.0500
Epoch 439/1500 [7.8s mem=1921MB] | task_loss=0.2308 | val_AP=0.5210 mean_AP=0.5214 delta=-0.0003 | test_AP=0.4975 | cos_sim=1.0000 grad_norm=9.9436 attn_entr=nan | novelty_loss=-0.0420 diversity_loss=0.0500
Epoch 440/1500 [7.8s mem=1922MB] | task_loss=0.2298 | val_AP=0.5262 mean_AP=0.5260 delta=+0.0002 | test_AP=0.4885 | cos_sim=1.0000 grad_norm=10.1768 attn_entr=nan | novelty_loss=-0.0419 diversity_loss=0.0500
Epoch 441/1500 [7.8s mem=1920MB] | task_loss=0.2304 | val_AP=0.5199 mean_AP=0.5197 delta=+0.0002 | test_AP=0.4978 | cos_sim=1.0000 grad_norm=10.4182 attn_entr=nan | novelty_loss=-0.0419 diversity_loss=0.0500
Epoch 442/1500 [7.8s mem=1919MB] | task_loss=0.2311 | val_AP=0.5298 mean_AP=0.5298 delta=+0.0000 | test_AP=0.4960 | cos_sim=1.0000 grad_norm=10.0460 attn_entr=nan | novelty_loss=-0.0419 diversity_loss=0.0500
  -> New best metrics: gen_loss=0.2311 val_loss=0.2432 val_AP=0.5346
Epoch 443/1500 [7.1s mem=1922MB] | task_loss=0.2305 | val_AP=0.5307 mean_AP=0.5308 delta=-0.0000 | test_AP=0.5060 | cos_sim=1.0000 grad_norm=10.4335 attn_entr=nan | novelty_loss=-0.0420 diversity_loss=0.0500
Epoch 444/1500 [7.0s mem=1922MB] | task_loss=0.2300 | val_AP=0.5306 mean_AP=0.5306 delta=-0.0000 | test_AP=0.4960 | cos_sim=1.0000 grad_norm=10.8009 attn_entr=nan | novelty_loss=-0.0420 diversity_loss=0.0500
Epoch 445/1500 [7.0s mem=1919MB] | task_loss=0.2296 | val_AP=0.5341 mean_AP=0.5340 delta=+0.0000 | test_AP=0.5027 | cos_sim=1.0000 grad_norm=10.6245 attn_entr=nan | novelty_loss=-0.0419 diversity_loss=0.0500
Epoch 446/1500 [7.1s mem=1920MB] | task_loss=0.2298 | val_AP=0.5310 mean_AP=0.5311 delta=-0.0001 | test_AP=0.4997 | cos_sim=1.0000 grad_norm=10.6830 attn_entr=nan | novelty_loss=-0.0419 diversity_loss=0.0500
  -> New best metrics: gen_loss=0.2298 val_loss=0.2426 val_AP=0.5346
Epoch 447/1500 [7.1s mem=1920MB] | task_loss=0.2287 | val_AP=0.5296 mean_AP=0.5296 delta=+0.0000 | test_AP=0.5008 | cos_sim=1.0000 grad_norm=10.0226 attn_entr=nan | novelty_loss=-0.0419 diversity_loss=0.0500
Epoch 448/1500 [7.1s mem=1918MB] | task_loss=0.2284 | val_AP=0.5332 mean_AP=0.5332 delta=+0.0000 | test_AP=0.4991 | cos_sim=1.0000 grad_norm=9.9494 attn_entr=nan | novelty_loss=-0.0419 diversity_loss=0.0500
Epoch 449/1500 [7.1s mem=1920MB] | task_loss=0.2297 | val_AP=0.5298 mean_AP=0.5294 delta=+0.0004 | test_AP=0.5028 | cos_sim=1.0000 grad_norm=10.4944 attn_entr=nan | novelty_loss=-0.0419 diversity_loss=0.0500
Epoch 450/1500 [7.1s mem=1920MB] | task_loss=0.2283 | val_AP=0.5311 mean_AP=0.5311 delta=-0.0000 | test_AP=0.5029 | cos_sim=1.0000 grad_norm=10.3501 attn_entr=nan | novelty_loss=-0.0419 diversity_loss=0.0500
Epoch 451/1500 [7.1s mem=1919MB] | task_loss=0.2282 | val_AP=0.5307 mean_AP=0.5307 delta=-0.0000 | test_AP=0.5039 | cos_sim=1.0000 grad_norm=10.5266 attn_entr=nan | novelty_loss=-0.0419 diversity_loss=0.0500
Epoch 452/1500 [7.1s mem=1920MB] | task_loss=0.2283 | val_AP=0.5384 mean_AP=0.5385 delta=-0.0001 | test_AP=0.5066 | cos_sim=1.0000 grad_norm=10.3126 attn_entr=nan | novelty_loss=-0.0419 diversity_loss=0.0500
  -> New best metrics: gen_loss=0.2283 val_loss=0.2426 val_AP=0.5384
Epoch 453/1500 [7.0s mem=1922MB] | task_loss=0.2286 | val_AP=0.5353 mean_AP=0.5353 delta=-0.0000 | test_AP=0.5055 | cos_sim=1.0000 grad_norm=10.1398 attn_entr=nan | novelty_loss=-0.0419 diversity_loss=0.0500
Epoch 454/1500 [7.0s mem=1920MB] | task_loss=0.2278 | val_AP=0.5366 mean_AP=0.5368 delta=-0.0002 | test_AP=0.5062 | cos_sim=1.0000 grad_norm=10.2791 attn_entr=nan | novelty_loss=-0.0419 diversity_loss=0.0500
Epoch 455/1500 [7.0s mem=1917MB] | task_loss=0.2271 | val_AP=0.5325 mean_AP=0.5324 delta=+0.0001 | test_AP=0.5050 | cos_sim=1.0000 grad_norm=10.4649 attn_entr=nan | novelty_loss=-0.0419 diversity_loss=0.0500
Epoch 456/1500 [6.4s mem=1921MB] | task_loss=0.2275 | val_AP=0.5339 mean_AP=0.5341 delta=-0.0002 | test_AP=0.5031 | cos_sim=1.0000 grad_norm=10.6212 attn_entr=nan | novelty_loss=-0.0418 diversity_loss=0.0500
  -> New best metrics: gen_loss=0.2275 val_loss=0.2423 val_AP=0.5384
Epoch 457/1500 [6.1s mem=1919MB] | task_loss=0.2270 | val_AP=0.5307 mean_AP=0.5307 delta=-0.0000 | test_AP=0.5029 | cos_sim=1.0000 grad_norm=10.1400 attn_entr=nan | novelty_loss=-0.0419 diversity_loss=0.0500
Epoch 458/1500 [6.4s mem=1920MB] | task_loss=0.2271 | val_AP=0.5370 mean_AP=0.5370 delta=-0.0000 | test_AP=0.5068 | cos_sim=1.0000 grad_norm=10.8298 attn_entr=nan | novelty_loss=-0.0419 diversity_loss=0.0500
Epoch 459/1500 [5.4s mem=1920MB] | task_loss=0.2273 | val_AP=0.5241 mean_AP=0.5237 delta=+0.0004 | test_AP=0.5021 | cos_sim=1.0000 grad_norm=10.9146 attn_entr=nan | novelty_loss=-0.0419 diversity_loss=0.0500
Epoch 460/1500 [5.5s mem=1918MB] | task_loss=0.2266 | val_AP=0.5279 mean_AP=0.5272 delta=+0.0007 | test_AP=0.5016 | cos_sim=1.0000 grad_norm=10.4765 attn_entr=nan | novelty_loss=-0.0418 diversity_loss=0.0500
Epoch 461/1500 [6.9s mem=1919MB] | task_loss=0.2260 | val_AP=0.5356 mean_AP=0.5358 delta=-0.0002 | test_AP=0.5095 | cos_sim=1.0000 grad_norm=10.2295 attn_entr=nan | novelty_loss=-0.0419 diversity_loss=0.0500
  -> New best metrics: gen_loss=0.2260 val_loss=0.2421 val_AP=0.5384
Epoch 462/1500 [6.9s mem=1919MB] | task_loss=0.2266 | val_AP=0.5393 mean_AP=0.5394 delta=-0.0000 | test_AP=0.5050 | cos_sim=1.0000 grad_norm=10.5146 attn_entr=nan | novelty_loss=-0.0419 diversity_loss=0.0500
  -> New best metrics: gen_loss=0.2260 val_loss=0.2421 val_AP=0.5393
Epoch 463/1500 [7.6s mem=1919MB] | task_loss=0.2270 | val_AP=0.5435 mean_AP=0.5435 delta=+0.0000 | test_AP=0.5126 | cos_sim=1.0000 grad_norm=10.6719 attn_entr=nan | novelty_loss=-0.0418 diversity_loss=0.0500
  -> New best metrics: gen_loss=0.2260 val_loss=0.2421 val_AP=0.5435
Epoch 464/1500 [7.6s mem=1921MB] | task_loss=0.2254 | val_AP=0.5306 mean_AP=0.5306 delta=+0.0001 | test_AP=0.5033 | cos_sim=1.0000 grad_norm=10.0505 attn_entr=nan | novelty_loss=-0.0418 diversity_loss=0.0500
Epoch 465/1500 [7.6s mem=1918MB] | task_loss=0.2263 | val_AP=0.5224 mean_AP=0.5223 delta=+0.0001 | test_AP=0.5016 | cos_sim=1.0000 grad_norm=11.1558 attn_entr=nan | novelty_loss=-0.0418 diversity_loss=0.0500
Epoch 466/1500 [7.7s mem=1919MB] | task_loss=0.2255 | val_AP=0.5387 mean_AP=0.5386 delta=+0.0001 | test_AP=0.5093 | cos_sim=1.0000 grad_norm=10.4511 attn_entr=nan | novelty_loss=-0.0418 diversity_loss=0.0500
Epoch 467/1500 [7.8s mem=1918MB] | task_loss=0.2251 | val_AP=0.5380 mean_AP=0.5381 delta=-0.0001 | test_AP=0.5151 | cos_sim=1.0000 grad_norm=10.3079 attn_entr=nan | novelty_loss=-0.0419 diversity_loss=0.0500
Epoch 468/1500 [7.9s mem=1920MB] | task_loss=0.2253 | val_AP=0.5283 mean_AP=0.5289 delta=-0.0005 | test_AP=0.5048 | cos_sim=1.0000 grad_norm=10.8024 attn_entr=nan | novelty_loss=-0.0418 diversity_loss=0.0500
Epoch 469/1500 [7.3s mem=1919MB] | task_loss=0.2252 | val_AP=0.5330 mean_AP=0.5331 delta=-0.0001 | test_AP=0.5082 | cos_sim=1.0000 grad_norm=10.1167 attn_entr=nan | novelty_loss=-0.0418 diversity_loss=0.0500
Epoch 470/1500 [6.9s mem=1921MB] | task_loss=0.2255 | val_AP=0.5367 mean_AP=0.5369 delta=-0.0001 | test_AP=0.5079 | cos_sim=1.0000 grad_norm=10.8738 attn_entr=nan | novelty_loss=-0.0419 diversity_loss=0.0500
  -> New best metrics: gen_loss=0.2255 val_loss=0.2415 val_AP=0.5435
Epoch 471/1500 [6.8s mem=1919MB] | task_loss=0.2244 | val_AP=0.5377 mean_AP=0.5372 delta=+0.0005 | test_AP=0.5061 | cos_sim=1.0000 grad_norm=10.2343 attn_entr=nan | novelty_loss=-0.0418 diversity_loss=0.0500
Epoch 472/1500 [6.8s mem=1920MB] | task_loss=0.2236 | val_AP=0.5348 mean_AP=0.5350 delta=-0.0002 | test_AP=0.5105 | cos_sim=1.0000 grad_norm=10.5342 attn_entr=nan | novelty_loss=-0.0418 diversity_loss=0.0500
Epoch 473/1500 [6.7s mem=1918MB] | task_loss=0.2242 | val_AP=0.5328 mean_AP=0.5329 delta=-0.0001 | test_AP=0.5003 | cos_sim=1.0000 grad_norm=10.0155 attn_entr=nan | novelty_loss=-0.0418 diversity_loss=0.0500
Epoch 474/1500 [6.8s mem=1920MB] | task_loss=0.2246 | val_AP=0.5322 mean_AP=0.5322 delta=-0.0000 | test_AP=0.5071 | cos_sim=1.0000 grad_norm=10.4582 attn_entr=nan | novelty_loss=-0.0418 diversity_loss=0.0500
Epoch 475/1500 [6.8s mem=1920MB] | task_loss=0.2242 | val_AP=0.5386 mean_AP=0.5387 delta=-0.0001 | test_AP=0.5092 | cos_sim=1.0000 grad_norm=11.0550 attn_entr=nan | novelty_loss=-0.0418 diversity_loss=0.0500
  -> New best metrics: gen_loss=0.2242 val_loss=0.2399 val_AP=0.5435
Epoch 476/1500 [6.8s mem=1919MB] | task_loss=0.2238 | val_AP=0.5410 mean_AP=0.5413 delta=-0.0003 | test_AP=0.5149 | cos_sim=1.0000 grad_norm=10.5321 attn_entr=nan | novelty_loss=-0.0418 diversity_loss=0.0500
Epoch 477/1500 [6.7s mem=1919MB] | task_loss=0.2238 | val_AP=0.5340 mean_AP=0.5337 delta=+0.0003 | test_AP=0.5107 | cos_sim=1.0000 grad_norm=10.6740 attn_entr=nan | novelty_loss=-0.0418 diversity_loss=0.0500
Epoch 478/1500 [6.0s mem=1921MB] | task_loss=0.2239 | val_AP=0.5318 mean_AP=0.5317 delta=+0.0001 | test_AP=0.5100 | cos_sim=1.0000 grad_norm=10.3593 attn_entr=nan | novelty_loss=-0.0418 diversity_loss=0.0500
Epoch 479/1500 [6.7s mem=1919MB] | task_loss=0.2232 | val_AP=0.5388 mean_AP=0.5388 delta=-0.0000 | test_AP=0.5105 | cos_sim=1.0000 grad_norm=10.3665 attn_entr=nan | novelty_loss=-0.0418 diversity_loss=0.0500
Epoch 480/1500 [6.8s mem=1917MB] | task_loss=0.2233 | val_AP=0.5382 mean_AP=0.5382 delta=-0.0000 | test_AP=0.5110 | cos_sim=1.0000 grad_norm=10.4913 attn_entr=nan | novelty_loss=-0.0418 diversity_loss=0.0500
Epoch 481/1500 [6.7s mem=1921MB] | task_loss=0.2230 | val_AP=0.5400 mean_AP=0.5399 delta=+0.0000 | test_AP=0.5153 | cos_sim=1.0000 grad_norm=10.2916 attn_entr=nan | novelty_loss=-0.0418 diversity_loss=0.0500
Epoch 482/1500 [6.7s mem=1917MB] | task_loss=0.2219 | val_AP=0.5393 mean_AP=0.5395 delta=-0.0002 | test_AP=0.5081 | cos_sim=1.0000 grad_norm=10.1250 attn_entr=nan | novelty_loss=-0.0418 diversity_loss=0.0500
Epoch 483/1500 [6.8s mem=1919MB] | task_loss=0.2220 | val_AP=0.5395 mean_AP=0.5389 delta=+0.0007 | test_AP=0.5114 | cos_sim=1.0000 grad_norm=10.6217 attn_entr=nan | novelty_loss=-0.0418 diversity_loss=0.0500
Epoch 484/1500 [6.8s mem=1922MB] | task_loss=0.2226 | val_AP=0.5407 mean_AP=0.5408 delta=-0.0000 | test_AP=0.5102 | cos_sim=1.0000 grad_norm=10.0516 attn_entr=nan | novelty_loss=-0.0418 diversity_loss=0.0500
Epoch 485/1500 [6.8s mem=1918MB] | task_loss=0.2218 | val_AP=0.5325 mean_AP=0.5325 delta=+0.0000 | test_AP=0.5070 | cos_sim=1.0000 grad_norm=10.2010 attn_entr=nan | novelty_loss=-0.0418 diversity_loss=0.0500
Epoch 486/1500 [6.7s mem=1920MB] | task_loss=0.2221 | val_AP=0.5432 mean_AP=0.5432 delta=-0.0001 | test_AP=0.5068 | cos_sim=1.0000 grad_norm=10.8480 attn_entr=nan | novelty_loss=-0.0417 diversity_loss=0.0500
Epoch 487/1500 [6.8s mem=1919MB] | task_loss=0.2210 | val_AP=0.5419 mean_AP=0.5421 delta=-0.0002 | test_AP=0.5180 | cos_sim=1.0000 grad_norm=9.9248 attn_entr=nan | novelty_loss=-0.0418 diversity_loss=0.0500
  -> New best metrics: gen_loss=0.2210 val_loss=0.2398 val_AP=0.5435
Epoch 488/1500 [6.8s mem=1919MB] | task_loss=0.2212 | val_AP=0.5446 mean_AP=0.5446 delta=-0.0001 | test_AP=0.5156 | cos_sim=1.0000 grad_norm=10.3450 attn_entr=nan | novelty_loss=-0.0418 diversity_loss=0.0500
  -> New best metrics: gen_loss=0.2210 val_loss=0.2398 val_AP=0.5446
Epoch 489/1500 [6.8s mem=1919MB] | task_loss=0.2208 | val_AP=0.5392 mean_AP=0.5390 delta=+0.0002 | test_AP=0.5135 | cos_sim=1.0000 grad_norm=9.9508 attn_entr=nan | novelty_loss=-0.0418 diversity_loss=0.0500
Epoch 490/1500 [6.7s mem=1921MB] | task_loss=0.2214 | val_AP=0.5264 mean_AP=0.5263 delta=+0.0001 | test_AP=0.5030 | cos_sim=1.0000 grad_norm=10.3864 attn_entr=nan | novelty_loss=-0.0417 diversity_loss=0.0500
Epoch 491/1500 [5.7s mem=1918MB] | task_loss=0.2209 | val_AP=0.5329 mean_AP=0.5330 delta=-0.0001 | test_AP=0.5098 | cos_sim=1.0000 grad_norm=10.3298 attn_entr=nan | novelty_loss=-0.0418 diversity_loss=0.0500
Epoch 492/1500 [6.3s mem=1921MB] | task_loss=0.2207 | val_AP=0.5479 mean_AP=0.5479 delta=+0.0001 | test_AP=0.5170 | cos_sim=1.0000 grad_norm=10.5034 attn_entr=nan | novelty_loss=-0.0418 diversity_loss=0.0500
  -> New best metrics: gen_loss=0.2207 val_loss=0.2398 val_AP=0.5479
Epoch 493/1500 [5.8s mem=1920MB] | task_loss=0.2210 | val_AP=0.5475 mean_AP=0.5474 delta=+0.0001 | test_AP=0.5142 | cos_sim=1.0000 grad_norm=10.5237 attn_entr=nan | novelty_loss=-0.0418 diversity_loss=0.0500
Epoch 494/1500 [5.3s mem=1920MB] | task_loss=0.2207 | val_AP=0.5492 mean_AP=0.5493 delta=-0.0001 | test_AP=0.5186 | cos_sim=1.0000 grad_norm=10.4350 attn_entr=nan | novelty_loss=-0.0418 diversity_loss=0.0500
  -> New best metrics: gen_loss=0.2207 val_loss=0.2388 val_AP=0.5492
Epoch 495/1500 [6.7s mem=1921MB] | task_loss=0.2198 | val_AP=0.5447 mean_AP=0.5448 delta=-0.0001 | test_AP=0.5148 | cos_sim=1.0000 grad_norm=10.2776 attn_entr=nan | novelty_loss=-0.0418 diversity_loss=0.0500
Epoch 496/1500 [6.8s mem=1918MB] | task_loss=0.2201 | val_AP=0.5405 mean_AP=0.5403 delta=+0.0002 | test_AP=0.5070 | cos_sim=1.0000 grad_norm=10.5517 attn_entr=nan | novelty_loss=-0.0418 diversity_loss=0.0500
Epoch 497/1500 [6.8s mem=1921MB] | task_loss=0.2200 | val_AP=0.5498 mean_AP=0.5501 delta=-0.0003 | test_AP=0.5149 | cos_sim=1.0000 grad_norm=10.4733 attn_entr=nan | novelty_loss=-0.0417 diversity_loss=0.0500
  -> New best metrics: gen_loss=0.2200 val_loss=0.2388 val_AP=0.5498
Epoch 498/1500 [6.7s mem=1922MB] | task_loss=0.2198 | val_AP=0.5392 mean_AP=0.5391 delta=+0.0001 | test_AP=0.5145 | cos_sim=1.0000 grad_norm=10.8662 attn_entr=nan | novelty_loss=-0.0417 diversity_loss=0.0500
Epoch 499/1500 [6.6s mem=1918MB] | task_loss=0.2193 | val_AP=0.5421 mean_AP=0.5420 delta=+0.0000 | test_AP=0.5182 | cos_sim=1.0000 grad_norm=10.2184 attn_entr=nan | novelty_loss=-0.0417 diversity_loss=0.0500
Epoch 500/1500 [6.8s mem=1921MB] | task_loss=0.2202 | val_AP=0.5495 mean_AP=0.5493 delta=+0.0002 | test_AP=0.5213 | cos_sim=1.0000 grad_norm=10.6233 attn_entr=nan | novelty_loss=-0.0417 diversity_loss=0.0500
Epoch 501/1500 [6.8s mem=1918MB] | task_loss=0.2195 | val_AP=0.5476 mean_AP=0.5476 delta=-0.0001 | test_AP=0.5165 | cos_sim=1.0000 grad_norm=10.5517 attn_entr=nan | novelty_loss=-0.0417 diversity_loss=0.0500
Epoch 502/1500 [6.9s mem=1921MB] | task_loss=0.2191 | val_AP=0.5407 mean_AP=0.5407 delta=-0.0000 | test_AP=0.5148 | cos_sim=1.0000 grad_norm=10.5700 attn_entr=nan | novelty_loss=-0.0417 diversity_loss=0.0500
Epoch 503/1500 [6.9s mem=1919MB] | task_loss=0.2192 | val_AP=0.5392 mean_AP=0.5396 delta=-0.0004 | test_AP=0.5152 | cos_sim=1.0000 grad_norm=10.4414 attn_entr=nan | novelty_loss=-0.0417 diversity_loss=0.0500
Epoch 504/1500 [6.7s mem=1920MB] | task_loss=0.2187 | val_AP=0.5425 mean_AP=0.5425 delta=-0.0000 | test_AP=0.5183 | cos_sim=1.0000 grad_norm=10.3542 attn_entr=nan | novelty_loss=-0.0417 diversity_loss=0.0500
Epoch 505/1500 [6.8s mem=1921MB] | task_loss=0.2186 | val_AP=0.5325 mean_AP=0.5324 delta=+0.0000 | test_AP=0.5107 | cos_sim=1.0000 grad_norm=10.5195 attn_entr=nan | novelty_loss=-0.0417 diversity_loss=0.0500
Epoch 506/1500 [6.8s mem=1919MB] | task_loss=0.2190 | val_AP=0.5380 mean_AP=0.5387 delta=-0.0008 | test_AP=0.5151 | cos_sim=1.0000 grad_norm=11.1396 attn_entr=nan | novelty_loss=-0.0418 diversity_loss=0.0500
Epoch 507/1500 [6.8s mem=1920MB] | task_loss=0.2187 | val_AP=0.5399 mean_AP=0.5399 delta=-0.0000 | test_AP=0.5119 | cos_sim=1.0000 grad_norm=10.6538 attn_entr=nan | novelty_loss=-0.0417 diversity_loss=0.0500
Epoch 508/1500 [6.8s mem=1918MB] | task_loss=0.2179 | val_AP=0.5391 mean_AP=0.5389 delta=+0.0002 | test_AP=0.5102 | cos_sim=1.0000 grad_norm=10.6115 attn_entr=nan | novelty_loss=-0.0417 diversity_loss=0.0500
Epoch 509/1500 [6.8s mem=1919MB] | task_loss=0.2178 | val_AP=0.5446 mean_AP=0.5446 delta=-0.0000 | test_AP=0.5184 | cos_sim=1.0000 grad_norm=10.2033 attn_entr=nan | novelty_loss=-0.0417 diversity_loss=0.0500
Epoch 510/1500 [6.7s mem=1919MB] | task_loss=0.2180 | val_AP=0.5410 mean_AP=0.5410 delta=+0.0000 | test_AP=0.5108 | cos_sim=1.0000 grad_norm=10.4554 attn_entr=nan | novelty_loss=-0.0418 diversity_loss=0.0500
Epoch 511/1500 [6.8s mem=1920MB] | task_loss=0.2171 | val_AP=0.5419 mean_AP=0.5419 delta=+0.0000 | test_AP=0.5158 | cos_sim=1.0000 grad_norm=10.4180 attn_entr=nan | novelty_loss=-0.0417 diversity_loss=0.0500
  -> New best metrics: gen_loss=0.2171 val_loss=0.2385 val_AP=0.5498
Epoch 512/1500 [6.9s mem=1919MB] | task_loss=0.2170 | val_AP=0.5405 mean_AP=0.5404 delta=+0.0000 | test_AP=0.5197 | cos_sim=1.0000 grad_norm=10.1844 attn_entr=nan | novelty_loss=-0.0417 diversity_loss=0.0500
Epoch 513/1500 [6.8s mem=1919MB] | task_loss=0.2166 | val_AP=0.5365 mean_AP=0.5366 delta=-0.0000 | test_AP=0.5184 | cos_sim=1.0000 grad_norm=10.4037 attn_entr=nan | novelty_loss=-0.0417 diversity_loss=0.0500
Epoch 514/1500 [6.8s mem=1920MB] | task_loss=0.2169 | val_AP=0.5443 mean_AP=0.5447 delta=-0.0005 | test_AP=0.5187 | cos_sim=1.0000 grad_norm=10.3338 attn_entr=nan | novelty_loss=-0.0417 diversity_loss=0.0500
Epoch 515/1500 [6.8s mem=1922MB] | task_loss=0.2167 | val_AP=0.5477 mean_AP=0.5477 delta=-0.0000 | test_AP=0.5216 | cos_sim=1.0000 grad_norm=11.0938 attn_entr=nan | novelty_loss=-0.0417 diversity_loss=0.0500
Epoch 516/1500 [6.9s mem=1920MB] | task_loss=0.2170 | val_AP=0.5391 mean_AP=0.5390 delta=+0.0001 | test_AP=0.5140 | cos_sim=1.0000 grad_norm=10.4111 attn_entr=nan | novelty_loss=-0.0417 diversity_loss=0.0500
Epoch 517/1500 [6.8s mem=1919MB] | task_loss=0.2162 | val_AP=0.5422 mean_AP=0.5422 delta=+0.0000 | test_AP=0.5199 | cos_sim=1.0000 grad_norm=10.2910 attn_entr=nan | novelty_loss=-0.0417 diversity_loss=0.0500
Epoch 518/1500 [6.8s mem=1919MB] | task_loss=0.2168 | val_AP=0.5468 mean_AP=0.5472 delta=-0.0004 | test_AP=0.5228 | cos_sim=1.0000 grad_norm=10.8184 attn_entr=nan | novelty_loss=-0.0417 diversity_loss=0.0500
Epoch 519/1500 [6.9s mem=1920MB] | task_loss=0.2160 | val_AP=0.5411 mean_AP=0.5410 delta=+0.0001 | test_AP=0.5168 | cos_sim=1.0000 grad_norm=10.6336 attn_entr=nan | novelty_loss=-0.0417 diversity_loss=0.0500
Epoch 520/1500 [6.9s mem=1919MB] | task_loss=0.2165 | val_AP=0.5466 mean_AP=0.5468 delta=-0.0002 | test_AP=0.5173 | cos_sim=1.0000 grad_norm=10.2407 attn_entr=nan | novelty_loss=-0.0417 diversity_loss=0.0500
Epoch 521/1500 [6.9s mem=1921MB] | task_loss=0.2166 | val_AP=0.5418 mean_AP=0.5417 delta=+0.0001 | test_AP=0.5164 | cos_sim=1.0000 grad_norm=10.9906 attn_entr=nan | novelty_loss=-0.0417 diversity_loss=0.0500
Epoch 522/1500 [6.9s mem=1920MB] | task_loss=0.2152 | val_AP=0.5499 mean_AP=0.5505 delta=-0.0006 | test_AP=0.5233 | cos_sim=1.0000 grad_norm=10.3755 attn_entr=nan | novelty_loss=-0.0417 diversity_loss=0.0500
  -> New best metrics: gen_loss=0.2152 val_loss=0.2385 val_AP=0.5499
Epoch 523/1500 [6.9s mem=1922MB] | task_loss=0.2152 | val_AP=0.5463 mean_AP=0.5463 delta=+0.0000 | test_AP=0.5259 | cos_sim=1.0000 grad_norm=10.3264 attn_entr=nan | novelty_loss=-0.0417 diversity_loss=0.0500
Epoch 524/1500 [6.9s mem=1921MB] | task_loss=0.2156 | val_AP=0.5474 mean_AP=0.5475 delta=-0.0001 | test_AP=0.5161 | cos_sim=1.0000 grad_norm=10.9204 attn_entr=nan | novelty_loss=-0.0416 diversity_loss=0.0500
Epoch 525/1500 [6.8s mem=1920MB] | task_loss=0.2148 | val_AP=0.5373 mean_AP=0.5375 delta=-0.0002 | test_AP=0.5146 | cos_sim=1.0000 grad_norm=9.9314 attn_entr=nan | novelty_loss=-0.0417 diversity_loss=0.0500
Epoch 526/1500 [6.9s mem=1920MB] | task_loss=0.2156 | val_AP=0.5470 mean_AP=0.5470 delta=+0.0000 | test_AP=0.5158 | cos_sim=1.0000 grad_norm=11.1192 attn_entr=nan | novelty_loss=-0.0417 diversity_loss=0.0500
Epoch 527/1500 [6.8s mem=1922MB] | task_loss=0.2157 | val_AP=0.5470 mean_AP=0.5472 delta=-0.0002 | test_AP=0.5180 | cos_sim=1.0000 grad_norm=10.7450 attn_entr=nan | novelty_loss=-0.0416 diversity_loss=0.0500
Epoch 528/1500 [6.8s mem=1920MB] | task_loss=0.2151 | val_AP=0.5441 mean_AP=0.5439 delta=+0.0001 | test_AP=0.5168 | cos_sim=1.0000 grad_norm=10.8788 attn_entr=nan | novelty_loss=-0.0416 diversity_loss=0.0500
Epoch 529/1500 [6.8s mem=1920MB] | task_loss=0.2148 | val_AP=0.5424 mean_AP=0.5424 delta=+0.0000 | test_AP=0.5160 | cos_sim=1.0000 grad_norm=10.4651 attn_entr=nan | novelty_loss=-0.0416 diversity_loss=0.0500
Epoch 530/1500 [6.9s mem=1920MB] | task_loss=0.2149 | val_AP=0.5510 mean_AP=0.5509 delta=+0.0001 | test_AP=0.5247 | cos_sim=1.0000 grad_norm=10.9221 attn_entr=nan | novelty_loss=-0.0416 diversity_loss=0.0500
  -> New best metrics: gen_loss=0.2149 val_loss=0.2385 val_AP=0.5510
Epoch 531/1500 [6.8s mem=1919MB] | task_loss=0.2150 | val_AP=0.5504 mean_AP=0.5503 delta=+0.0001 | test_AP=0.5171 | cos_sim=1.0000 grad_norm=11.1741 attn_entr=nan | novelty_loss=-0.0417 diversity_loss=0.0500
Epoch 532/1500 [6.9s mem=1920MB] | task_loss=0.2151 | val_AP=0.5478 mean_AP=0.5479 delta=-0.0000 | test_AP=0.5244 | cos_sim=1.0000 grad_norm=10.9611 attn_entr=nan | novelty_loss=-0.0416 diversity_loss=0.0500
Epoch 533/1500 [6.9s mem=1921MB] | task_loss=0.2140 | val_AP=0.5548 mean_AP=0.5552 delta=-0.0004 | test_AP=0.5214 | cos_sim=1.0000 grad_norm=10.7331 attn_entr=nan | novelty_loss=-0.0417 diversity_loss=0.0500
  -> New best metrics: gen_loss=0.2140 val_loss=0.2385 val_AP=0.5548
Epoch 534/1500 [6.9s mem=1921MB] | task_loss=0.2141 | val_AP=0.5445 mean_AP=0.5446 delta=-0.0001 | test_AP=0.5229 | cos_sim=1.0000 grad_norm=10.7971 attn_entr=nan | novelty_loss=-0.0417 diversity_loss=0.0500
Epoch 535/1500 [6.8s mem=1920MB] | task_loss=0.2137 | val_AP=0.5524 mean_AP=0.5525 delta=-0.0002 | test_AP=0.5231 | cos_sim=1.0000 grad_norm=10.8079 attn_entr=nan | novelty_loss=-0.0416 diversity_loss=0.0500
Epoch 536/1500 [6.7s mem=1920MB] | task_loss=0.2136 | val_AP=0.5446 mean_AP=0.5447 delta=-0.0001 | test_AP=0.5254 | cos_sim=1.0000 grad_norm=10.7958 attn_entr=nan | novelty_loss=-0.0416 diversity_loss=0.0500
Epoch 537/1500 [6.8s mem=1918MB] | task_loss=0.2137 | val_AP=0.5417 mean_AP=0.5417 delta=-0.0000 | test_AP=0.5182 | cos_sim=1.0000 grad_norm=10.7547 attn_entr=nan | novelty_loss=-0.0416 diversity_loss=0.0500
Epoch 538/1500 [6.9s mem=1923MB] | task_loss=0.2139 | val_AP=0.5464 mean_AP=0.5464 delta=-0.0000 | test_AP=0.5217 | cos_sim=1.0000 grad_norm=11.1987 attn_entr=nan | novelty_loss=-0.0416 diversity_loss=0.0500
Epoch 539/1500 [6.6s mem=1918MB] | task_loss=0.2132 | val_AP=0.5494 mean_AP=0.5497 delta=-0.0002 | test_AP=0.5197 | cos_sim=1.0000 grad_norm=10.8070 attn_entr=nan | novelty_loss=-0.0416 diversity_loss=0.0500
Epoch 540/1500 [5.9s mem=1919MB] | task_loss=0.2129 | val_AP=0.5450 mean_AP=0.5449 delta=+0.0001 | test_AP=0.5203 | cos_sim=1.0000 grad_norm=10.3746 attn_entr=nan | novelty_loss=-0.0416 diversity_loss=0.0500
Epoch 541/1500 [6.2s mem=1919MB] | task_loss=0.2126 | val_AP=0.5503 mean_AP=0.5503 delta=-0.0000 | test_AP=0.5244 | cos_sim=1.0000 grad_norm=10.6543 attn_entr=nan | novelty_loss=-0.0416 diversity_loss=0.0500
Epoch 542/1500 [5.9s mem=1921MB] | task_loss=0.2126 | val_AP=0.5499 mean_AP=0.5502 delta=-0.0003 | test_AP=0.5193 | cos_sim=1.0000 grad_norm=10.6279 attn_entr=nan | novelty_loss=-0.0416 diversity_loss=0.0500
Epoch 543/1500 [5.8s mem=1919MB] | task_loss=0.2123 | val_AP=0.5464 mean_AP=0.5463 delta=+0.0001 | test_AP=0.5230 | cos_sim=1.0000 grad_norm=10.0548 attn_entr=nan | novelty_loss=-0.0415 diversity_loss=0.0500
Epoch 544/1500 [5.7s mem=1918MB] | task_loss=0.2127 | val_AP=0.5495 mean_AP=0.5495 delta=-0.0000 | test_AP=0.5180 | cos_sim=1.0000 grad_norm=10.3785 attn_entr=nan | novelty_loss=-0.0416 diversity_loss=0.0500
  -> New best metrics: gen_loss=0.2127 val_loss=0.2380 val_AP=0.5548
Epoch 545/1500 [6.2s mem=1920MB] | task_loss=0.2119 | val_AP=0.5469 mean_AP=0.5471 delta=-0.0002 | test_AP=0.5186 | cos_sim=1.0000 grad_norm=10.3289 attn_entr=nan | novelty_loss=-0.0415 diversity_loss=0.0500
Epoch 546/1500 [6.7s mem=1919MB] | task_loss=0.2118 | val_AP=0.5474 mean_AP=0.5466 delta=+0.0007 | test_AP=0.5214 | cos_sim=1.0000 grad_norm=10.8039 attn_entr=nan | novelty_loss=-0.0416 diversity_loss=0.0500
Epoch 547/1500 [6.7s mem=1921MB] | task_loss=0.2119 | val_AP=0.5449 mean_AP=0.5448 delta=+0.0002 | test_AP=0.5214 | cos_sim=1.0000 grad_norm=10.9148 attn_entr=nan | novelty_loss=-0.0416 diversity_loss=0.0500
Epoch 548/1500 [6.8s mem=1920MB] | task_loss=0.2115 | val_AP=0.5489 mean_AP=0.5489 delta=-0.0000 | test_AP=0.5223 | cos_sim=1.0000 grad_norm=10.2793 attn_entr=nan | novelty_loss=-0.0415 diversity_loss=0.0500
Epoch 549/1500 [6.7s mem=1920MB] | task_loss=0.2114 | val_AP=0.5465 mean_AP=0.5467 delta=-0.0002 | test_AP=0.5193 | cos_sim=1.0000 grad_norm=10.7988 attn_entr=nan | novelty_loss=-0.0416 diversity_loss=0.0500
Epoch 550/1500 [6.6s mem=1920MB] | task_loss=0.2112 | val_AP=0.5399 mean_AP=0.5399 delta=+0.0000 | test_AP=0.5154 | cos_sim=1.0000 grad_norm=10.2432 attn_entr=nan | novelty_loss=-0.0416 diversity_loss=0.0500
Epoch 551/1500 [6.7s mem=1919MB] | task_loss=0.2117 | val_AP=0.5531 mean_AP=0.5533 delta=-0.0002 | test_AP=0.5259 | cos_sim=1.0000 grad_norm=10.5969 attn_entr=nan | novelty_loss=-0.0416 diversity_loss=0.0500
Epoch 552/1500 [6.7s mem=1919MB] | task_loss=0.2109 | val_AP=0.5508 mean_AP=0.5508 delta=+0.0000 | test_AP=0.5243 | cos_sim=1.0000 grad_norm=10.2757 attn_entr=nan | novelty_loss=-0.0416 diversity_loss=0.0500
Epoch 553/1500 [6.7s mem=1918MB] | task_loss=0.2104 | val_AP=0.5550 mean_AP=0.5550 delta=+0.0000 | test_AP=0.5269 | cos_sim=1.0000 grad_norm=10.5067 attn_entr=nan | novelty_loss=-0.0416 diversity_loss=0.0500
  -> New best metrics: gen_loss=0.2104 val_loss=0.2380 val_AP=0.5550
Epoch 554/1500 [6.7s mem=1919MB] | task_loss=0.2109 | val_AP=0.5589 mean_AP=0.5591 delta=-0.0002 | test_AP=0.5262 | cos_sim=1.0000 grad_norm=10.4462 attn_entr=nan | novelty_loss=-0.0415 diversity_loss=0.0500
  -> New best metrics: gen_loss=0.2104 val_loss=0.2380 val_AP=0.5589
Epoch 555/1500 [6.8s mem=1918MB] | task_loss=0.2105 | val_AP=0.5542 mean_AP=0.5542 delta=-0.0000 | test_AP=0.5229 | cos_sim=1.0000 grad_norm=10.8273 attn_entr=nan | novelty_loss=-0.0415 diversity_loss=0.0500
  -> New best metrics: gen_loss=0.2104 val_loss=0.2358 val_AP=0.5589
Epoch 556/1500 [6.8s mem=1920MB] | task_loss=0.2099 | val_AP=0.5553 mean_AP=0.5555 delta=-0.0002 | test_AP=0.5224 | cos_sim=1.0000 grad_norm=10.2396 attn_entr=nan | novelty_loss=-0.0416 diversity_loss=0.0500
Epoch 557/1500 [6.8s mem=1920MB] | task_loss=0.2105 | val_AP=0.5580 mean_AP=0.5579 delta=+0.0001 | test_AP=0.5253 | cos_sim=1.0000 grad_norm=10.9120 attn_entr=nan | novelty_loss=-0.0415 diversity_loss=0.0500
Epoch 558/1500 [6.8s mem=1917MB] | task_loss=0.2099 | val_AP=0.5566 mean_AP=0.5565 delta=+0.0001 | test_AP=0.5259 | cos_sim=1.0000 grad_norm=10.5566 attn_entr=nan | novelty_loss=-0.0415 diversity_loss=0.0500
Epoch 559/1500 [6.8s mem=1920MB] | task_loss=0.2115 | val_AP=0.5522 mean_AP=0.5522 delta=-0.0001 | test_AP=0.5255 | cos_sim=1.0000 grad_norm=10.9680 attn_entr=nan | novelty_loss=-0.0415 diversity_loss=0.0500
Epoch 560/1500 [6.8s mem=1923MB] | task_loss=0.2101 | val_AP=0.5531 mean_AP=0.5533 delta=-0.0003 | test_AP=0.5248 | cos_sim=1.0000 grad_norm=10.9324 attn_entr=nan | novelty_loss=-0.0415 diversity_loss=0.0500
Epoch 561/1500 [6.8s mem=1922MB] | task_loss=0.2104 | val_AP=0.5469 mean_AP=0.5470 delta=-0.0000 | test_AP=0.5210 | cos_sim=1.0000 grad_norm=10.3396 attn_entr=nan | novelty_loss=-0.0415 diversity_loss=0.0500
Epoch 562/1500 [6.7s mem=1919MB] | task_loss=0.2097 | val_AP=0.5605 mean_AP=0.5605 delta=-0.0000 | test_AP=0.5316 | cos_sim=1.0000 grad_norm=10.9366 attn_entr=nan | novelty_loss=-0.0415 diversity_loss=0.0500
  -> New best metrics: gen_loss=0.2097 val_loss=0.2358 val_AP=0.5605
Epoch 563/1500 [6.8s mem=1919MB] | task_loss=0.2097 | val_AP=0.5510 mean_AP=0.5511 delta=-0.0001 | test_AP=0.5285 | cos_sim=1.0000 grad_norm=10.3566 attn_entr=nan | novelty_loss=-0.0415 diversity_loss=0.0500
Epoch 564/1500 [6.8s mem=1922MB] | task_loss=0.2098 | val_AP=0.5611 mean_AP=0.5610 delta=+0.0001 | test_AP=0.5314 | cos_sim=1.0000 grad_norm=10.7225 attn_entr=nan | novelty_loss=-0.0415 diversity_loss=0.0500
  -> New best metrics: gen_loss=0.2097 val_loss=0.2358 val_AP=0.5611
Epoch 565/1500 [6.8s mem=1918MB] | task_loss=0.2095 | val_AP=0.5504 mean_AP=0.5504 delta=+0.0000 | test_AP=0.5279 | cos_sim=1.0000 grad_norm=10.7482 attn_entr=nan | novelty_loss=-0.0415 diversity_loss=0.0500
Epoch 566/1500 [6.8s mem=1919MB] | task_loss=0.2090 | val_AP=0.5563 mean_AP=0.5565 delta=-0.0003 | test_AP=0.5238 | cos_sim=1.0000 grad_norm=10.7725 attn_entr=nan | novelty_loss=-0.0415 diversity_loss=0.0500
Epoch 567/1500 [6.8s mem=1919MB] | task_loss=0.2093 | val_AP=0.5463 mean_AP=0.5463 delta=-0.0000 | test_AP=0.5223 | cos_sim=1.0000 grad_norm=11.3937 attn_entr=nan | novelty_loss=-0.0415 diversity_loss=0.0500
Epoch 568/1500 [6.8s mem=1918MB] | task_loss=0.2091 | val_AP=0.5527 mean_AP=0.5526 delta=+0.0001 | test_AP=0.5241 | cos_sim=1.0000 grad_norm=10.7349 attn_entr=nan | novelty_loss=-0.0415 diversity_loss=0.0500
Epoch 569/1500 [6.8s mem=1918MB] | task_loss=0.2082 | val_AP=0.5618 mean_AP=0.5618 delta=-0.0000 | test_AP=0.5205 | cos_sim=1.0000 grad_norm=10.5857 attn_entr=nan | novelty_loss=-0.0415 diversity_loss=0.0500
  -> New best metrics: gen_loss=0.2082 val_loss=0.2358 val_AP=0.5618
Epoch 570/1500 [6.8s mem=1920MB] | task_loss=0.2082 | val_AP=0.5520 mean_AP=0.5520 delta=+0.0000 | test_AP=0.5288 | cos_sim=1.0000 grad_norm=10.9203 attn_entr=nan | novelty_loss=-0.0415 diversity_loss=0.0500
Epoch 571/1500 [6.7s mem=1920MB] | task_loss=0.2079 | val_AP=0.5504 mean_AP=0.5504 delta=-0.0000 | test_AP=0.5216 | cos_sim=1.0000 grad_norm=10.6222 attn_entr=nan | novelty_loss=-0.0415 diversity_loss=0.0500
Epoch 572/1500 [6.7s mem=1921MB] | task_loss=0.2083 | val_AP=0.5577 mean_AP=0.5578 delta=-0.0001 | test_AP=0.5262 | cos_sim=1.0000 grad_norm=10.8736 attn_entr=nan | novelty_loss=-0.0415 diversity_loss=0.0500
Epoch 573/1500 [6.8s mem=1919MB] | task_loss=0.2078 | val_AP=0.5507 mean_AP=0.5507 delta=-0.0000 | test_AP=0.5213 | cos_sim=1.0000 grad_norm=10.8917 attn_entr=nan | novelty_loss=-0.0414 diversity_loss=0.0500
Epoch 574/1500 [6.8s mem=1919MB] | task_loss=0.2080 | val_AP=0.5492 mean_AP=0.5494 delta=-0.0001 | test_AP=0.5226 | cos_sim=1.0000 grad_norm=10.7867 attn_entr=nan | novelty_loss=-0.0415 diversity_loss=0.0500
Epoch 575/1500 [6.8s mem=1921MB] | task_loss=0.2079 | val_AP=0.5535 mean_AP=0.5536 delta=-0.0001 | test_AP=0.5255 | cos_sim=1.0000 grad_norm=11.0540 attn_entr=nan | novelty_loss=-0.0415 diversity_loss=0.0500
Epoch 576/1500 [6.8s mem=1919MB] | task_loss=0.2077 | val_AP=0.5574 mean_AP=0.5575 delta=-0.0002 | test_AP=0.5321 | cos_sim=1.0000 grad_norm=10.6471 attn_entr=nan | novelty_loss=-0.0414 diversity_loss=0.0500
Epoch 577/1500 [6.8s mem=1920MB] | task_loss=0.2074 | val_AP=0.5452 mean_AP=0.5451 delta=+0.0001 | test_AP=0.5275 | cos_sim=1.0000 grad_norm=10.9491 attn_entr=nan | novelty_loss=-0.0415 diversity_loss=0.0500
Epoch 578/1500 [6.8s mem=1921MB] | task_loss=0.2073 | val_AP=0.5655 mean_AP=0.5655 delta=+0.0000 | test_AP=0.5261 | cos_sim=1.0000 grad_norm=10.4295 attn_entr=nan | novelty_loss=-0.0414 diversity_loss=0.0500
  -> New best metrics: gen_loss=0.2073 val_loss=0.2358 val_AP=0.5655
Epoch 579/1500 [6.8s mem=1918MB] | task_loss=0.2084 | val_AP=0.5495 mean_AP=0.5494 delta=+0.0001 | test_AP=0.5241 | cos_sim=1.0000 grad_norm=11.3693 attn_entr=nan | novelty_loss=-0.0415 diversity_loss=0.0500
Epoch 580/1500 [6.8s mem=1917MB] | task_loss=0.2071 | val_AP=0.5596 mean_AP=0.5594 delta=+0.0002 | test_AP=0.5294 | cos_sim=1.0000 grad_norm=10.8706 attn_entr=nan | novelty_loss=-0.0414 diversity_loss=0.0500
Epoch 581/1500 [6.8s mem=1921MB] | task_loss=0.2082 | val_AP=0.5498 mean_AP=0.5497 delta=+0.0001 | test_AP=0.5275 | cos_sim=1.0000 grad_norm=11.4865 attn_entr=nan | novelty_loss=-0.0414 diversity_loss=0.0500
Epoch 582/1500 [6.8s mem=1918MB] | task_loss=0.2074 | val_AP=0.5557 mean_AP=0.5561 delta=-0.0005 | test_AP=0.5260 | cos_sim=1.0000 grad_norm=10.7561 attn_entr=nan | novelty_loss=-0.0415 diversity_loss=0.0500
Epoch 583/1500 [6.8s mem=1921MB] | task_loss=0.2071 | val_AP=0.5514 mean_AP=0.5516 delta=-0.0002 | test_AP=0.5236 | cos_sim=1.0000 grad_norm=10.7497 attn_entr=nan | novelty_loss=-0.0414 diversity_loss=0.0500
Epoch 584/1500 [6.8s mem=1920MB] | task_loss=0.2068 | val_AP=0.5500 mean_AP=0.5506 delta=-0.0006 | test_AP=0.5256 | cos_sim=1.0000 grad_norm=11.0134 attn_entr=nan | novelty_loss=-0.0414 diversity_loss=0.0500
Epoch 585/1500 [6.8s mem=1919MB] | task_loss=0.2069 | val_AP=0.5576 mean_AP=0.5577 delta=-0.0001 | test_AP=0.5287 | cos_sim=1.0000 grad_norm=10.1753 attn_entr=nan | novelty_loss=-0.0414 diversity_loss=0.0500
Epoch 586/1500 [6.8s mem=1919MB] | task_loss=0.2062 | val_AP=0.5591 mean_AP=0.5592 delta=-0.0001 | test_AP=0.5326 | cos_sim=1.0000 grad_norm=10.6145 attn_entr=nan | novelty_loss=-0.0414 diversity_loss=0.0500
Epoch 587/1500 [6.8s mem=1919MB] | task_loss=0.2061 | val_AP=0.5577 mean_AP=0.5576 delta=+0.0001 | test_AP=0.5257 | cos_sim=1.0000 grad_norm=10.9766 attn_entr=nan | novelty_loss=-0.0414 diversity_loss=0.0500
Epoch 588/1500 [6.8s mem=1919MB] | task_loss=0.2071 | val_AP=0.5573 mean_AP=0.5575 delta=-0.0003 | test_AP=0.5258 | cos_sim=1.0000 grad_norm=10.9820 attn_entr=nan | novelty_loss=-0.0414 diversity_loss=0.0500
Epoch 589/1500 [6.8s mem=1921MB] | task_loss=0.2055 | val_AP=0.5571 mean_AP=0.5574 delta=-0.0003 | test_AP=0.5215 | cos_sim=1.0000 grad_norm=10.8392 attn_entr=nan | novelty_loss=-0.0414 diversity_loss=0.0500
Epoch 590/1500 [6.7s mem=1921MB] | task_loss=0.2068 | val_AP=0.5562 mean_AP=0.5565 delta=-0.0002 | test_AP=0.5297 | cos_sim=1.0000 grad_norm=11.3415 attn_entr=nan | novelty_loss=-0.0414 diversity_loss=0.0500
Epoch 591/1500 [6.7s mem=1920MB] | task_loss=0.2056 | val_AP=0.5682 mean_AP=0.5682 delta=+0.0000 | test_AP=0.5284 | cos_sim=1.0000 grad_norm=10.6913 attn_entr=nan | novelty_loss=-0.0414 diversity_loss=0.0500
  -> New best metrics: gen_loss=0.2056 val_loss=0.2358 val_AP=0.5682
Epoch 592/1500 [6.8s mem=1920MB] | task_loss=0.2062 | val_AP=0.5508 mean_AP=0.5509 delta=-0.0001 | test_AP=0.5293 | cos_sim=1.0000 grad_norm=11.5595 attn_entr=nan | novelty_loss=-0.0414 diversity_loss=0.0500
Epoch 593/1500 [6.7s mem=1922MB] | task_loss=0.2053 | val_AP=0.5585 mean_AP=0.5586 delta=-0.0001 | test_AP=0.5320 | cos_sim=1.0000 grad_norm=10.5348 attn_entr=nan | novelty_loss=-0.0414 diversity_loss=0.0500
Epoch 594/1500 [6.7s mem=1920MB] | task_loss=0.2055 | val_AP=0.5483 mean_AP=0.5483 delta=-0.0000 | test_AP=0.5284 | cos_sim=1.0000 grad_norm=10.8939 attn_entr=nan | novelty_loss=-0.0414 diversity_loss=0.0500
Epoch 595/1500 [6.7s mem=1919MB] | task_loss=0.2052 | val_AP=0.5558 mean_AP=0.5558 delta=+0.0000 | test_AP=0.5245 | cos_sim=1.0000 grad_norm=10.8899 attn_entr=nan | novelty_loss=-0.0414 diversity_loss=0.0500
Epoch 596/1500 [6.7s mem=1920MB] | task_loss=0.2056 | val_AP=0.5606 mean_AP=0.5606 delta=-0.0001 | test_AP=0.5346 | cos_sim=1.0000 grad_norm=11.0657 attn_entr=nan | novelty_loss=-0.0414 diversity_loss=0.0500
Epoch 597/1500 [6.7s mem=1920MB] | task_loss=0.2043 | val_AP=0.5593 mean_AP=0.5591 delta=+0.0002 | test_AP=0.5340 | cos_sim=1.0000 grad_norm=10.4056 attn_entr=nan | novelty_loss=-0.0414 diversity_loss=0.0500
Epoch 598/1500 [6.7s mem=1921MB] | task_loss=0.2043 | val_AP=0.5672 mean_AP=0.5675 delta=-0.0003 | test_AP=0.5328 | cos_sim=1.0000 grad_norm=10.3963 attn_entr=nan | novelty_loss=-0.0414 diversity_loss=0.0500
Epoch 599/1500 [6.7s mem=1920MB] | task_loss=0.2054 | val_AP=0.5580 mean_AP=0.5582 delta=-0.0003 | test_AP=0.5270 | cos_sim=1.0000 grad_norm=11.3978 attn_entr=nan | novelty_loss=-0.0414 diversity_loss=0.0500
Epoch 600/1500 [6.7s mem=1921MB] | task_loss=0.2048 | val_AP=0.5574 mean_AP=0.5575 delta=-0.0001 | test_AP=0.5333 | cos_sim=1.0000 grad_norm=11.1465 attn_entr=nan | novelty_loss=-0.0414 diversity_loss=0.0500
Epoch 601/1500 [6.7s mem=1919MB] | task_loss=0.2048 | val_AP=0.5641 mean_AP=0.5639 delta=+0.0002 | test_AP=0.5269 | cos_sim=1.0000 grad_norm=11.1791 attn_entr=nan | novelty_loss=-0.0414 diversity_loss=0.0500
Epoch 602/1500 [6.7s mem=1920MB] | task_loss=0.2047 | val_AP=0.5523 mean_AP=0.5522 delta=+0.0002 | test_AP=0.5280 | cos_sim=1.0000 grad_norm=10.3184 attn_entr=nan | novelty_loss=-0.0414 diversity_loss=0.0500
Epoch 603/1500 [6.7s mem=1921MB] | task_loss=0.2044 | val_AP=0.5553 mean_AP=0.5553 delta=-0.0000 | test_AP=0.5278 | cos_sim=1.0000 grad_norm=11.4195 attn_entr=nan | novelty_loss=-0.0414 diversity_loss=0.0500
Epoch 604/1500 [6.7s mem=1919MB] | task_loss=0.2040 | val_AP=0.5541 mean_AP=0.5544 delta=-0.0003 | test_AP=0.5256 | cos_sim=1.0000 grad_norm=11.2960 attn_entr=nan | novelty_loss=-0.0413 diversity_loss=0.0500
Epoch 605/1500 [6.8s mem=1923MB] | task_loss=0.2039 | val_AP=0.5603 mean_AP=0.5608 delta=-0.0005 | test_AP=0.5318 | cos_sim=1.0000 grad_norm=10.6636 attn_entr=nan | novelty_loss=-0.0413 diversity_loss=0.0500
Epoch 606/1500 [6.8s mem=1920MB] | task_loss=0.2038 | val_AP=0.5598 mean_AP=0.5602 delta=-0.0004 | test_AP=0.5303 | cos_sim=1.0000 grad_norm=10.8440 attn_entr=nan | novelty_loss=-0.0413 diversity_loss=0.0500
Epoch 607/1500 [6.7s mem=1920MB] | task_loss=0.2040 | val_AP=0.5622 mean_AP=0.5622 delta=-0.0000 | test_AP=0.5283 | cos_sim=1.0000 grad_norm=11.0752 attn_entr=nan | novelty_loss=-0.0414 diversity_loss=0.0500
Epoch 608/1500 [6.8s mem=1919MB] | task_loss=0.2042 | val_AP=0.5634 mean_AP=0.5633 delta=+0.0001 | test_AP=0.5297 | cos_sim=1.0000 grad_norm=11.3934 attn_entr=nan | novelty_loss=-0.0413 diversity_loss=0.0500
Epoch 609/1500 [6.7s mem=1919MB] | task_loss=0.2036 | val_AP=0.5613 mean_AP=0.5613 delta=+0.0000 | test_AP=0.5270 | cos_sim=1.0000 grad_norm=10.8429 attn_entr=nan | novelty_loss=-0.0414 diversity_loss=0.0500
Epoch 610/1500 [6.8s mem=1920MB] | task_loss=0.2032 | val_AP=0.5529 mean_AP=0.5530 delta=-0.0001 | test_AP=0.5287 | cos_sim=1.0000 grad_norm=10.7097 attn_entr=nan | novelty_loss=-0.0414 diversity_loss=0.0500
Epoch 611/1500 [6.7s mem=1921MB] | task_loss=0.2024 | val_AP=0.5647 mean_AP=0.5646 delta=+0.0000 | test_AP=0.5261 | cos_sim=1.0000 grad_norm=10.5260 attn_entr=nan | novelty_loss=-0.0413 diversity_loss=0.0500
Epoch 612/1500 [6.7s mem=1918MB] | task_loss=0.2028 | val_AP=0.5607 mean_AP=0.5607 delta=+0.0000 | test_AP=0.5303 | cos_sim=1.0000 grad_norm=10.4571 attn_entr=nan | novelty_loss=-0.0413 diversity_loss=0.0500
Epoch 613/1500 [6.8s mem=1918MB] | task_loss=0.2030 | val_AP=0.5640 mean_AP=0.5641 delta=-0.0001 | test_AP=0.5296 | cos_sim=1.0000 grad_norm=10.6946 attn_entr=nan | novelty_loss=-0.0413 diversity_loss=0.0500
Epoch 614/1500 [6.7s mem=1917MB] | task_loss=0.2029 | val_AP=0.5595 mean_AP=0.5594 delta=+0.0001 | test_AP=0.5317 | cos_sim=1.0000 grad_norm=11.3544 attn_entr=nan | novelty_loss=-0.0413 diversity_loss=0.0500
Epoch 615/1500 [6.7s mem=1918MB] | task_loss=0.2026 | val_AP=0.5530 mean_AP=0.5533 delta=-0.0002 | test_AP=0.5280 | cos_sim=1.0000 grad_norm=10.8423 attn_entr=nan | novelty_loss=-0.0413 diversity_loss=0.0500
Epoch 616/1500 [6.7s mem=1922MB] | task_loss=0.2027 | val_AP=0.5687 mean_AP=0.5685 delta=+0.0002 | test_AP=0.5330 | cos_sim=1.0000 grad_norm=11.2826 attn_entr=nan | novelty_loss=-0.0413 diversity_loss=0.0500
  -> New best metrics: gen_loss=0.2027 val_loss=0.2358 val_AP=0.5687
Epoch 617/1500 [6.7s mem=1918MB] | task_loss=0.2023 | val_AP=0.5565 mean_AP=0.5568 delta=-0.0003 | test_AP=0.5309 | cos_sim=1.0000 grad_norm=11.1956 attn_entr=nan | novelty_loss=-0.0413 diversity_loss=0.0500
Epoch 618/1500 [6.8s mem=1920MB] | task_loss=0.2026 | val_AP=0.5564 mean_AP=0.5567 delta=-0.0002 | test_AP=0.5295 | cos_sim=1.0000 grad_norm=11.1542 attn_entr=nan | novelty_loss=-0.0413 diversity_loss=0.0500
Epoch 619/1500 [6.7s mem=1921MB] | task_loss=0.2014 | val_AP=0.5562 mean_AP=0.5564 delta=-0.0002 | test_AP=0.5309 | cos_sim=1.0000 grad_norm=10.3177 attn_entr=nan | novelty_loss=-0.0413 diversity_loss=0.0500
Epoch 620/1500 [6.7s mem=1921MB] | task_loss=0.2017 | val_AP=0.5543 mean_AP=0.5543 delta=+0.0000 | test_AP=0.5298 | cos_sim=1.0000 grad_norm=10.6727 attn_entr=nan | novelty_loss=-0.0413 diversity_loss=0.0500
Epoch 621/1500 [6.8s mem=1921MB] | task_loss=0.2018 | val_AP=0.5642 mean_AP=0.5642 delta=+0.0000 | test_AP=0.5297 | cos_sim=1.0000 grad_norm=10.9015 attn_entr=nan | novelty_loss=-0.0413 diversity_loss=0.0500
Epoch 622/1500 [6.8s mem=1919MB] | task_loss=0.2012 | val_AP=0.5562 mean_AP=0.5562 delta=+0.0000 | test_AP=0.5266 | cos_sim=1.0000 grad_norm=10.4008 attn_entr=nan | novelty_loss=-0.0413 diversity_loss=0.0500
Epoch 623/1500 [6.8s mem=1919MB] | task_loss=0.2020 | val_AP=0.5586 mean_AP=0.5587 delta=-0.0001 | test_AP=0.5288 | cos_sim=1.0000 grad_norm=11.2102 attn_entr=nan | novelty_loss=-0.0413 diversity_loss=0.0500
Epoch 624/1500 [6.7s mem=1921MB] | task_loss=0.2013 | val_AP=0.5621 mean_AP=0.5624 delta=-0.0002 | test_AP=0.5336 | cos_sim=1.0000 grad_norm=10.9172 attn_entr=nan | novelty_loss=-0.0413 diversity_loss=0.0500
Epoch 625/1500 [6.7s mem=1920MB] | task_loss=0.2013 | val_AP=0.5610 mean_AP=0.5611 delta=-0.0001 | test_AP=0.5292 | cos_sim=1.0000 grad_norm=11.3338 attn_entr=nan | novelty_loss=-0.0413 diversity_loss=0.0500
Epoch 626/1500 [6.7s mem=1920MB] | task_loss=0.2009 | val_AP=0.5621 mean_AP=0.5622 delta=-0.0002 | test_AP=0.5308 | cos_sim=1.0000 grad_norm=11.0028 attn_entr=nan | novelty_loss=-0.0413 diversity_loss=0.0500
Epoch 627/1500 [6.7s mem=1919MB] | task_loss=0.2006 | val_AP=0.5680 mean_AP=0.5679 delta=+0.0001 | test_AP=0.5353 | cos_sim=1.0000 grad_norm=10.5797 attn_entr=nan | novelty_loss=-0.0412 diversity_loss=0.0500
Epoch 628/1500 [6.7s mem=1919MB] | task_loss=0.2005 | val_AP=0.5593 mean_AP=0.5594 delta=-0.0000 | test_AP=0.5268 | cos_sim=1.0000 grad_norm=10.5847 attn_entr=nan | novelty_loss=-0.0413 diversity_loss=0.0500
Epoch 629/1500 [6.7s mem=1918MB] | task_loss=0.2008 | val_AP=0.5611 mean_AP=0.5613 delta=-0.0002 | test_AP=0.5337 | cos_sim=1.0000 grad_norm=10.9344 attn_entr=nan | novelty_loss=-0.0413 diversity_loss=0.0500
Epoch 630/1500 [6.8s mem=1920MB] | task_loss=0.2007 | val_AP=0.5690 mean_AP=0.5694 delta=-0.0004 | test_AP=0.5330 | cos_sim=1.0000 grad_norm=11.0898 attn_entr=nan | novelty_loss=-0.0412 diversity_loss=0.0500
  -> New best metrics: gen_loss=0.2007 val_loss=0.2358 val_AP=0.5690
Epoch 631/1500 [6.8s mem=1921MB] | task_loss=0.2002 | val_AP=0.5660 mean_AP=0.5660 delta=+0.0000 | test_AP=0.5245 | cos_sim=1.0000 grad_norm=10.6389 attn_entr=nan | novelty_loss=-0.0412 diversity_loss=0.0500
Epoch 632/1500 [6.8s mem=1918MB] | task_loss=0.2005 | val_AP=0.5583 mean_AP=0.5583 delta=+0.0000 | test_AP=0.5370 | cos_sim=1.0000 grad_norm=11.2199 attn_entr=nan | novelty_loss=-0.0413 diversity_loss=0.0500
Epoch 633/1500 [6.8s mem=1920MB] | task_loss=0.2006 | val_AP=0.5628 mean_AP=0.5631 delta=-0.0003 | test_AP=0.5327 | cos_sim=1.0000 grad_norm=11.2281 attn_entr=nan | novelty_loss=-0.0413 diversity_loss=0.0500
Epoch 634/1500 [6.8s mem=1920MB] | task_loss=0.2003 | val_AP=0.5657 mean_AP=0.5657 delta=-0.0000 | test_AP=0.5360 | cos_sim=1.0000 grad_norm=10.8879 attn_entr=nan | novelty_loss=-0.0412 diversity_loss=0.0500
Epoch 635/1500 [6.7s mem=1919MB] | task_loss=0.2000 | val_AP=0.5605 mean_AP=0.5605 delta=-0.0000 | test_AP=0.5342 | cos_sim=1.0000 grad_norm=10.9729 attn_entr=nan | novelty_loss=-0.0413 diversity_loss=0.0500
Epoch 636/1500 [6.7s mem=1920MB] | task_loss=0.1991 | val_AP=0.5629 mean_AP=0.5628 delta=+0.0000 | test_AP=0.5321 | cos_sim=1.0000 grad_norm=10.2249 attn_entr=nan | novelty_loss=-0.0413 diversity_loss=0.0500
Epoch 637/1500 [6.7s mem=1921MB] | task_loss=0.1997 | val_AP=0.5606 mean_AP=0.5608 delta=-0.0002 | test_AP=0.5337 | cos_sim=1.0000 grad_norm=10.9278 attn_entr=nan | novelty_loss=-0.0412 diversity_loss=0.0500
Epoch 638/1500 [6.7s mem=1921MB] | task_loss=0.1997 | val_AP=0.5595 mean_AP=0.5595 delta=-0.0000 | test_AP=0.5357 | cos_sim=1.0000 grad_norm=10.9087 attn_entr=nan | novelty_loss=-0.0412 diversity_loss=0.0500
Epoch 639/1500 [6.7s mem=1918MB] | task_loss=0.1997 | val_AP=0.5642 mean_AP=0.5641 delta=+0.0001 | test_AP=0.5337 | cos_sim=1.0000 grad_norm=10.9105 attn_entr=nan | novelty_loss=-0.0412 diversity_loss=0.0500
Epoch 640/1500 [6.8s mem=1922MB] | task_loss=0.1996 | val_AP=0.5639 mean_AP=0.5645 delta=-0.0005 | test_AP=0.5313 | cos_sim=1.0000 grad_norm=11.1876 attn_entr=nan | novelty_loss=-0.0412 diversity_loss=0.0500
Epoch 641/1500 [6.7s mem=1920MB] | task_loss=0.1991 | val_AP=0.5642 mean_AP=0.5643 delta=-0.0000 | test_AP=0.5346 | cos_sim=1.0000 grad_norm=11.1565 attn_entr=nan | novelty_loss=-0.0412 diversity_loss=0.0500
Epoch 642/1500 [6.7s mem=1920MB] | task_loss=0.1989 | val_AP=0.5641 mean_AP=0.5645 delta=-0.0004 | test_AP=0.5353 | cos_sim=1.0000 grad_norm=10.9430 attn_entr=nan | novelty_loss=-0.0412 diversity_loss=0.0500
Epoch 643/1500 [6.7s mem=1918MB] | task_loss=0.1991 | val_AP=0.5620 mean_AP=0.5622 delta=-0.0002 | test_AP=0.5319 | cos_sim=1.0000 grad_norm=11.1562 attn_entr=nan | novelty_loss=-0.0412 diversity_loss=0.0500
Epoch 644/1500 [6.7s mem=1921MB] | task_loss=0.1991 | val_AP=0.5665 mean_AP=0.5663 delta=+0.0003 | test_AP=0.5347 | cos_sim=1.0000 grad_norm=11.1696 attn_entr=nan | novelty_loss=-0.0411 diversity_loss=0.0500
Epoch 645/1500 [6.7s mem=1921MB] | task_loss=0.1982 | val_AP=0.5727 mean_AP=0.5728 delta=-0.0001 | test_AP=0.5353 | cos_sim=1.0000 grad_norm=10.8670 attn_entr=nan | novelty_loss=-0.0412 diversity_loss=0.0500
  -> New best metrics: gen_loss=0.1982 val_loss=0.2358 val_AP=0.5727
Epoch 646/1500 [6.7s mem=1923MB] | task_loss=0.1985 | val_AP=0.5636 mean_AP=0.5635 delta=+0.0001 | test_AP=0.5330 | cos_sim=1.0000 grad_norm=10.8022 attn_entr=nan | novelty_loss=-0.0412 diversity_loss=0.0500
Epoch 647/1500 [6.8s mem=1920MB] | task_loss=0.1984 | val_AP=0.5525 mean_AP=0.5528 delta=-0.0003 | test_AP=0.5286 | cos_sim=1.0000 grad_norm=11.1590 attn_entr=nan | novelty_loss=-0.0411 diversity_loss=0.0500
Epoch 648/1500 [6.7s mem=1922MB] | task_loss=0.1986 | val_AP=0.5614 mean_AP=0.5614 delta=-0.0001 | test_AP=0.5311 | cos_sim=1.0000 grad_norm=10.7138 attn_entr=nan | novelty_loss=-0.0412 diversity_loss=0.0500
Epoch 649/1500 [6.8s mem=1918MB] | task_loss=0.1979 | val_AP=0.5670 mean_AP=0.5670 delta=+0.0001 | test_AP=0.5333 | cos_sim=1.0000 grad_norm=10.9990 attn_entr=nan | novelty_loss=-0.0412 diversity_loss=0.0500
Epoch 650/1500 [6.7s mem=1919MB] | task_loss=0.1973 | val_AP=0.5697 mean_AP=0.5698 delta=-0.0001 | test_AP=0.5320 | cos_sim=1.0000 grad_norm=10.6578 attn_entr=nan | novelty_loss=-0.0412 diversity_loss=0.0500
Epoch 651/1500 [6.7s mem=1920MB] | task_loss=0.1983 | val_AP=0.5734 mean_AP=0.5734 delta=+0.0000 | test_AP=0.5339 | cos_sim=1.0000 grad_norm=10.8683 attn_entr=nan | novelty_loss=-0.0412 diversity_loss=0.0500
  -> New best metrics: gen_loss=0.1982 val_loss=0.2358 val_AP=0.5734
Epoch 652/1500 [6.8s mem=1922MB] | task_loss=0.1980 | val_AP=0.5731 mean_AP=0.5732 delta=-0.0000 | test_AP=0.5346 | cos_sim=1.0000 grad_norm=11.3983 attn_entr=nan | novelty_loss=-0.0411 diversity_loss=0.0500
Epoch 653/1500 [6.7s mem=1921MB] | task_loss=0.1976 | val_AP=0.5644 mean_AP=0.5644 delta=-0.0000 | test_AP=0.5360 | cos_sim=1.0000 grad_norm=10.5541 attn_entr=nan | novelty_loss=-0.0411 diversity_loss=0.0500
Epoch 654/1500 [6.7s mem=1920MB] | task_loss=0.1978 | val_AP=0.5594 mean_AP=0.5596 delta=-0.0003 | test_AP=0.5348 | cos_sim=1.0000 grad_norm=11.4691 attn_entr=nan | novelty_loss=-0.0411 diversity_loss=0.0500
Epoch 655/1500 [6.8s mem=1920MB] | task_loss=0.1974 | val_AP=0.5669 mean_AP=0.5668 delta=+0.0001 | test_AP=0.5318 | cos_sim=1.0000 grad_norm=11.2150 attn_entr=nan | novelty_loss=-0.0411 diversity_loss=0.0500
Epoch 656/1500 [6.7s mem=1918MB] | task_loss=0.1969 | val_AP=0.5690 mean_AP=0.5692 delta=-0.0002 | test_AP=0.5394 | cos_sim=1.0000 grad_norm=10.8722 attn_entr=nan | novelty_loss=-0.0411 diversity_loss=0.0500
Epoch 657/1500 [6.7s mem=1920MB] | task_loss=0.1972 | val_AP=0.5679 mean_AP=0.5680 delta=-0.0002 | test_AP=0.5348 | cos_sim=1.0000 grad_norm=10.8825 attn_entr=nan | novelty_loss=-0.0411 diversity_loss=0.0500
Epoch 658/1500 [6.7s mem=1920MB] | task_loss=0.1968 | val_AP=0.5736 mean_AP=0.5736 delta=-0.0000 | test_AP=0.5322 | cos_sim=1.0000 grad_norm=10.6752 attn_entr=nan | novelty_loss=-0.0411 diversity_loss=0.0500
  -> New best metrics: gen_loss=0.1968 val_loss=0.2358 val_AP=0.5736
Epoch 659/1500 [6.7s mem=1921MB] | task_loss=0.1972 | val_AP=0.5710 mean_AP=0.5709 delta=+0.0001 | test_AP=0.5350 | cos_sim=1.0000 grad_norm=11.0161 attn_entr=nan | novelty_loss=-0.0411 diversity_loss=0.0500
Epoch 660/1500 [6.7s mem=1921MB] | task_loss=0.1972 | val_AP=0.5727 mean_AP=0.5727 delta=+0.0001 | test_AP=0.5373 | cos_sim=1.0000 grad_norm=11.0360 attn_entr=nan | novelty_loss=-0.0411 diversity_loss=0.0500
Epoch 661/1500 [6.7s mem=1917MB] | task_loss=0.1966 | val_AP=0.5614 mean_AP=0.5614 delta=+0.0000 | test_AP=0.5392 | cos_sim=1.0000 grad_norm=10.7374 attn_entr=nan | novelty_loss=-0.0411 diversity_loss=0.0500
Epoch 662/1500 [6.7s mem=1920MB] | task_loss=0.1964 | val_AP=0.5681 mean_AP=0.5682 delta=-0.0001 | test_AP=0.5318 | cos_sim=1.0000 grad_norm=10.5595 attn_entr=nan | novelty_loss=-0.0411 diversity_loss=0.0500
  -> New best metrics: gen_loss=0.1964 val_loss=0.2352 val_AP=0.5736
Epoch 663/1500 [6.7s mem=1921MB] | task_loss=0.1965 | val_AP=0.5635 mean_AP=0.5637 delta=-0.0001 | test_AP=0.5352 | cos_sim=1.0000 grad_norm=10.7565 attn_entr=nan | novelty_loss=-0.0411 diversity_loss=0.0500
Epoch 664/1500 [6.8s mem=1921MB] | task_loss=0.1961 | val_AP=0.5712 mean_AP=0.5711 delta=+0.0001 | test_AP=0.5356 | cos_sim=1.0000 grad_norm=10.7614 attn_entr=nan | novelty_loss=-0.0411 diversity_loss=0.0500
Epoch 665/1500 [6.7s mem=1920MB] | task_loss=0.1958 | val_AP=0.5684 mean_AP=0.5684 delta=-0.0000 | test_AP=0.5357 | cos_sim=1.0000 grad_norm=10.4341 attn_entr=nan | novelty_loss=-0.0411 diversity_loss=0.0500
Epoch 666/1500 [6.8s mem=1917MB] | task_loss=0.1961 | val_AP=0.5648 mean_AP=0.5649 delta=-0.0001 | test_AP=0.5336 | cos_sim=1.0000 grad_norm=10.9329 attn_entr=nan | novelty_loss=-0.0411 diversity_loss=0.0500
Epoch 667/1500 [6.8s mem=1920MB] | task_loss=0.1964 | val_AP=0.5708 mean_AP=0.5708 delta=-0.0000 | test_AP=0.5355 | cos_sim=1.0000 grad_norm=11.1779 attn_entr=nan | novelty_loss=-0.0410 diversity_loss=0.0500
Epoch 668/1500 [6.8s mem=1920MB] | task_loss=0.1956 | val_AP=0.5668 mean_AP=0.5662 delta=+0.0007 | test_AP=0.5379 | cos_sim=1.0000 grad_norm=10.9437 attn_entr=nan | novelty_loss=-0.0411 diversity_loss=0.0500
Epoch 669/1500 [6.8s mem=1921MB] | task_loss=0.1961 | val_AP=0.5690 mean_AP=0.5694 delta=-0.0004 | test_AP=0.5366 | cos_sim=1.0000 grad_norm=11.2420 attn_entr=nan | novelty_loss=-0.0411 diversity_loss=0.0500
Epoch 670/1500 [6.8s mem=1919MB] | task_loss=0.1951 | val_AP=0.5700 mean_AP=0.5699 delta=+0.0001 | test_AP=0.5306 | cos_sim=0.9999 grad_norm=10.8272 attn_entr=nan | novelty_loss=-0.0411 diversity_loss=0.0500
Epoch 671/1500 [6.8s mem=1922MB] | task_loss=0.1956 | val_AP=0.5707 mean_AP=0.5707 delta=-0.0000 | test_AP=0.5340 | cos_sim=0.9999 grad_norm=11.1257 attn_entr=nan | novelty_loss=-0.0410 diversity_loss=0.0500
Epoch 672/1500 [6.7s mem=1918MB] | task_loss=0.1947 | val_AP=0.5692 mean_AP=0.5693 delta=-0.0001 | test_AP=0.5375 | cos_sim=0.9999 grad_norm=10.6775 attn_entr=nan | novelty_loss=-0.0411 diversity_loss=0.0500
Epoch 673/1500 [6.8s mem=1921MB] | task_loss=0.1953 | val_AP=0.5648 mean_AP=0.5649 delta=-0.0001 | test_AP=0.5350 | cos_sim=0.9999 grad_norm=11.1456 attn_entr=nan | novelty_loss=-0.0411 diversity_loss=0.0500
Epoch 674/1500 [6.8s mem=1918MB] | task_loss=0.1956 | val_AP=0.5710 mean_AP=0.5710 delta=-0.0001 | test_AP=0.5342 | cos_sim=0.9999 grad_norm=11.1631 attn_entr=nan | novelty_loss=-0.0410 diversity_loss=0.0500
Epoch 675/1500 [6.8s mem=1919MB] | task_loss=0.1950 | val_AP=0.5592 mean_AP=0.5597 delta=-0.0005 | test_AP=0.5405 | cos_sim=0.9999 grad_norm=11.4375 attn_entr=nan | novelty_loss=-0.0411 diversity_loss=0.0500
Epoch 676/1500 [6.8s mem=1920MB] | task_loss=0.1953 | val_AP=0.5677 mean_AP=0.5678 delta=-0.0000 | test_AP=0.5368 | cos_sim=0.9999 grad_norm=10.9166 attn_entr=nan | novelty_loss=-0.0410 diversity_loss=0.0500
Epoch 677/1500 [6.8s mem=1921MB] | task_loss=0.1944 | val_AP=0.5710 mean_AP=0.5712 delta=-0.0002 | test_AP=0.5410 | cos_sim=0.9999 grad_norm=11.1652 attn_entr=nan | novelty_loss=-0.0411 diversity_loss=0.0500
Epoch 678/1500 [6.7s mem=1922MB] | task_loss=0.1947 | val_AP=0.5708 mean_AP=0.5709 delta=-0.0001 | test_AP=0.5350 | cos_sim=0.9999 grad_norm=11.1716 attn_entr=nan | novelty_loss=-0.0411 diversity_loss=0.0500
Epoch 679/1500 [6.7s mem=1921MB] | task_loss=0.1940 | val_AP=0.5634 mean_AP=0.5633 delta=+0.0001 | test_AP=0.5396 | cos_sim=0.9999 grad_norm=10.4559 attn_entr=nan | novelty_loss=-0.0410 diversity_loss=0.0500
Epoch 680/1500 [6.5s mem=1920MB] | task_loss=0.1946 | val_AP=0.5668 mean_AP=0.5668 delta=-0.0000 | test_AP=0.5364 | cos_sim=0.9999 grad_norm=11.2890 attn_entr=nan | novelty_loss=-0.0411 diversity_loss=0.0500
Epoch 681/1500 [6.5s mem=1919MB] | task_loss=0.1946 | val_AP=0.5717 mean_AP=0.5715 delta=+0.0002 | test_AP=0.5358 | cos_sim=0.9999 grad_norm=11.1300 attn_entr=nan | novelty_loss=-0.0411 diversity_loss=0.0500
Epoch 682/1500 [6.8s mem=1919MB] | task_loss=0.1946 | val_AP=0.5661 mean_AP=0.5659 delta=+0.0002 | test_AP=0.5348 | cos_sim=0.9999 grad_norm=11.5396 attn_entr=nan | novelty_loss=-0.0410 diversity_loss=0.0500
Epoch 683/1500 [6.9s mem=1920MB] | task_loss=0.1944 | val_AP=0.5696 mean_AP=0.5698 delta=-0.0002 | test_AP=0.5411 | cos_sim=0.9999 grad_norm=11.0226 attn_entr=nan | novelty_loss=-0.0410 diversity_loss=0.0500
Epoch 684/1500 [6.8s mem=1919MB] | task_loss=0.1935 | val_AP=0.5709 mean_AP=0.5710 delta=-0.0000 | test_AP=0.5302 | cos_sim=0.9999 grad_norm=10.9945 attn_entr=nan | novelty_loss=-0.0410 diversity_loss=0.0500
Epoch 685/1500 [6.8s mem=1920MB] | task_loss=0.1942 | val_AP=0.5678 mean_AP=0.5678 delta=+0.0001 | test_AP=0.5390 | cos_sim=0.9999 grad_norm=11.6268 attn_entr=nan | novelty_loss=-0.0410 diversity_loss=0.0500
Epoch 686/1500 [6.8s mem=1921MB] | task_loss=0.1944 | val_AP=0.5643 mean_AP=0.5643 delta=+0.0000 | test_AP=0.5356 | cos_sim=0.9999 grad_norm=11.5760 attn_entr=nan | novelty_loss=-0.0410 diversity_loss=0.0500
Epoch 687/1500 [6.9s mem=1920MB] | task_loss=0.1939 | val_AP=0.5702 mean_AP=0.5702 delta=+0.0000 | test_AP=0.5353 | cos_sim=0.9999 grad_norm=11.0644 attn_entr=nan | novelty_loss=-0.0410 diversity_loss=0.0500
Epoch 688/1500 [6.9s mem=1919MB] | task_loss=0.1940 | val_AP=0.5692 mean_AP=0.5692 delta=-0.0001 | test_AP=0.5357 | cos_sim=0.9999 grad_norm=11.1532 attn_entr=nan | novelty_loss=-0.0410 diversity_loss=0.0500
Epoch 689/1500 [6.9s mem=1922MB] | task_loss=0.1935 | val_AP=0.5690 mean_AP=0.5690 delta=+0.0000 | test_AP=0.5384 | cos_sim=0.9999 grad_norm=10.9026 attn_entr=nan | novelty_loss=-0.0410 diversity_loss=0.0500
Epoch 690/1500 [6.9s mem=1919MB] | task_loss=0.1933 | val_AP=0.5689 mean_AP=0.5690 delta=-0.0001 | test_AP=0.5356 | cos_sim=0.9999 grad_norm=10.8579 attn_entr=nan | novelty_loss=-0.0410 diversity_loss=0.0500
Epoch 691/1500 [6.8s mem=1920MB] | task_loss=0.1929 | val_AP=0.5705 mean_AP=0.5708 delta=-0.0003 | test_AP=0.5418 | cos_sim=0.9999 grad_norm=11.2201 attn_entr=nan | novelty_loss=-0.0410 diversity_loss=0.0500
Epoch 692/1500 [6.8s mem=1920MB] | task_loss=0.1933 | val_AP=0.5670 mean_AP=0.5671 delta=-0.0001 | test_AP=0.5386 | cos_sim=0.9999 grad_norm=11.5305 attn_entr=nan | novelty_loss=-0.0410 diversity_loss=0.0500
Epoch 693/1500 [6.8s mem=1918MB] | task_loss=0.1931 | val_AP=0.5725 mean_AP=0.5725 delta=-0.0000 | test_AP=0.5398 | cos_sim=0.9999 grad_norm=10.9704 attn_entr=nan | novelty_loss=-0.0410 diversity_loss=0.0500
Epoch 694/1500 [6.8s mem=1919MB] | task_loss=0.1927 | val_AP=0.5632 mean_AP=0.5634 delta=-0.0001 | test_AP=0.5339 | cos_sim=0.9999 grad_norm=11.0354 attn_entr=nan | novelty_loss=-0.0410 diversity_loss=0.0500
Epoch 695/1500 [6.8s mem=1922MB] | task_loss=0.1928 | val_AP=0.5687 mean_AP=0.5687 delta=+0.0001 | test_AP=0.5401 | cos_sim=0.9999 grad_norm=11.0559 attn_entr=nan | novelty_loss=-0.0409 diversity_loss=0.0500
Epoch 696/1500 [6.8s mem=1922MB] | task_loss=0.1935 | val_AP=0.5675 mean_AP=0.5676 delta=-0.0001 | test_AP=0.5400 | cos_sim=0.9999 grad_norm=11.4601 attn_entr=nan | novelty_loss=-0.0410 diversity_loss=0.0500
Epoch 697/1500 [6.7s mem=1921MB] | task_loss=0.1927 | val_AP=0.5699 mean_AP=0.5702 delta=-0.0003 | test_AP=0.5331 | cos_sim=0.9999 grad_norm=11.1116 attn_entr=nan | novelty_loss=-0.0410 diversity_loss=0.0500
Epoch 698/1500 [6.7s mem=1919MB] | task_loss=0.1928 | val_AP=0.5640 mean_AP=0.5640 delta=-0.0001 | test_AP=0.5369 | cos_sim=0.9999 grad_norm=11.2257 attn_entr=nan | novelty_loss=-0.0410 diversity_loss=0.0500
Epoch 699/1500 [6.7s mem=1921MB] | task_loss=0.1928 | val_AP=0.5698 mean_AP=0.5699 delta=-0.0001 | test_AP=0.5353 | cos_sim=0.9999 grad_norm=11.1445 attn_entr=nan | novelty_loss=-0.0410 diversity_loss=0.0500
Epoch 700/1500 [6.7s mem=1919MB] | task_loss=0.1926 | val_AP=0.5723 mean_AP=0.5724 delta=-0.0001 | test_AP=0.5384 | cos_sim=0.9999 grad_norm=11.8081 attn_entr=nan | novelty_loss=-0.0409 diversity_loss=0.0500
Epoch 701/1500 [6.0s mem=1922MB] | task_loss=0.1926 | val_AP=0.5759 mean_AP=0.5757 delta=+0.0002 | test_AP=0.5401 | cos_sim=0.9999 grad_norm=11.1841 attn_entr=nan | novelty_loss=-0.0409 diversity_loss=0.0500
  -> New best metrics: gen_loss=0.1926 val_loss=0.2352 val_AP=0.5759
Epoch 702/1500 [5.8s mem=1918MB] | task_loss=0.1917 | val_AP=0.5699 mean_AP=0.5700 delta=-0.0002 | test_AP=0.5320 | cos_sim=0.9999 grad_norm=10.7896 attn_entr=nan | novelty_loss=-0.0409 diversity_loss=0.0500
Epoch 703/1500 [6.7s mem=1920MB] | task_loss=0.1929 | val_AP=0.5796 mean_AP=0.5797 delta=-0.0001 | test_AP=0.5397 | cos_sim=0.9999 grad_norm=12.0150 attn_entr=nan | novelty_loss=-0.0409 diversity_loss=0.0500
  -> New best metrics: gen_loss=0.1926 val_loss=0.2352 val_AP=0.5796
Epoch 704/1500 [5.4s mem=1921MB] | task_loss=0.1919 | val_AP=0.5657 mean_AP=0.5658 delta=-0.0001 | test_AP=0.5366 | cos_sim=0.9999 grad_norm=10.8158 attn_entr=nan | novelty_loss=-0.0410 diversity_loss=0.0500
Epoch 705/1500 [6.5s mem=1919MB] | task_loss=0.1918 | val_AP=0.5706 mean_AP=0.5706 delta=-0.0001 | test_AP=0.5381 | cos_sim=0.9999 grad_norm=10.7373 attn_entr=nan | novelty_loss=-0.0409 diversity_loss=0.0500
Epoch 706/1500 [6.7s mem=1918MB] | task_loss=0.1918 | val_AP=0.5754 mean_AP=0.5753 delta=+0.0001 | test_AP=0.5362 | cos_sim=0.9999 grad_norm=11.1636 attn_entr=nan | novelty_loss=-0.0409 diversity_loss=0.0500
Epoch 707/1500 [6.7s mem=1921MB] | task_loss=0.1918 | val_AP=0.5675 mean_AP=0.5674 delta=+0.0002 | test_AP=0.5358 | cos_sim=0.9999 grad_norm=11.5126 attn_entr=nan | novelty_loss=-0.0409 diversity_loss=0.0500
Epoch 708/1500 [6.8s mem=1920MB] | task_loss=0.1917 | val_AP=0.5718 mean_AP=0.5718 delta=+0.0001 | test_AP=0.5387 | cos_sim=0.9999 grad_norm=11.1366 attn_entr=nan | novelty_loss=-0.0409 diversity_loss=0.0500
Epoch 709/1500 [6.6s mem=1922MB] | task_loss=0.1915 | val_AP=0.5756 mean_AP=0.5757 delta=-0.0001 | test_AP=0.5396 | cos_sim=0.9999 grad_norm=11.1733 attn_entr=nan | novelty_loss=-0.0409 diversity_loss=0.0500
Epoch 710/1500 [6.6s mem=1920MB] | task_loss=0.1915 | val_AP=0.5735 mean_AP=0.5737 delta=-0.0002 | test_AP=0.5373 | cos_sim=0.9999 grad_norm=11.0227 attn_entr=nan | novelty_loss=-0.0409 diversity_loss=0.0500
Epoch 711/1500 [6.7s mem=1920MB] | task_loss=0.1915 | val_AP=0.5716 mean_AP=0.5716 delta=-0.0000 | test_AP=0.5355 | cos_sim=0.9999 grad_norm=10.9324 attn_entr=nan | novelty_loss=-0.0409 diversity_loss=0.0500
Epoch 712/1500 [6.8s mem=1921MB] | task_loss=0.1908 | val_AP=0.5686 mean_AP=0.5687 delta=-0.0001 | test_AP=0.5386 | cos_sim=0.9999 grad_norm=10.8883 attn_entr=nan | novelty_loss=-0.0409 diversity_loss=0.0500
Epoch 713/1500 [6.8s mem=1920MB] | task_loss=0.1911 | val_AP=0.5721 mean_AP=0.5719 delta=+0.0002 | test_AP=0.5399 | cos_sim=0.9999 grad_norm=11.3594 attn_entr=nan | novelty_loss=-0.0409 diversity_loss=0.0500
Epoch 714/1500 [6.8s mem=1920MB] | task_loss=0.1909 | val_AP=0.5697 mean_AP=0.5696 delta=+0.0001 | test_AP=0.5376 | cos_sim=0.9999 grad_norm=10.7224 attn_entr=nan | novelty_loss=-0.0409 diversity_loss=0.0500
Epoch 715/1500 [6.8s mem=1922MB] | task_loss=0.1909 | val_AP=0.5750 mean_AP=0.5750 delta=-0.0000 | test_AP=0.5398 | cos_sim=0.9999 grad_norm=11.2024 attn_entr=nan | novelty_loss=-0.0409 diversity_loss=0.0500
Epoch 716/1500 [6.8s mem=1919MB] | task_loss=0.1901 | val_AP=0.5708 mean_AP=0.5709 delta=-0.0001 | test_AP=0.5413 | cos_sim=0.9999 grad_norm=11.0284 attn_entr=nan | novelty_loss=-0.0409 diversity_loss=0.0500
Epoch 717/1500 [6.8s mem=1918MB] | task_loss=0.1908 | val_AP=0.5727 mean_AP=0.5725 delta=+0.0001 | test_AP=0.5404 | cos_sim=0.9999 grad_norm=11.1664 attn_entr=nan | novelty_loss=-0.0408 diversity_loss=0.0500
Epoch 718/1500 [6.8s mem=1920MB] | task_loss=0.1905 | val_AP=0.5746 mean_AP=0.5747 delta=-0.0001 | test_AP=0.5377 | cos_sim=0.9999 grad_norm=11.3900 attn_entr=nan | novelty_loss=-0.0409 diversity_loss=0.0500
Epoch 719/1500 [6.7s mem=1917MB] | task_loss=0.1901 | val_AP=0.5730 mean_AP=0.5729 delta=+0.0001 | test_AP=0.5411 | cos_sim=0.9999 grad_norm=11.2513 attn_entr=nan | novelty_loss=-0.0409 diversity_loss=0.0500
Epoch 720/1500 [6.7s mem=1922MB] | task_loss=0.1905 | val_AP=0.5668 mean_AP=0.5668 delta=-0.0001 | test_AP=0.5367 | cos_sim=0.9999 grad_norm=11.3299 attn_entr=nan | novelty_loss=-0.0409 diversity_loss=0.0500
Epoch 721/1500 [6.8s mem=1919MB] | task_loss=0.1904 | val_AP=0.5760 mean_AP=0.5760 delta=-0.0000 | test_AP=0.5391 | cos_sim=0.9999 grad_norm=11.7308 attn_entr=nan | novelty_loss=-0.0409 diversity_loss=0.0500
Epoch 722/1500 [6.8s mem=1918MB] | task_loss=0.1898 | val_AP=0.5749 mean_AP=0.5748 delta=+0.0001 | test_AP=0.5440 | cos_sim=0.9999 grad_norm=10.8827 attn_entr=nan | novelty_loss=-0.0408 diversity_loss=0.0500
Epoch 723/1500 [6.7s mem=1919MB] | task_loss=0.1898 | val_AP=0.5712 mean_AP=0.5712 delta=-0.0000 | test_AP=0.5445 | cos_sim=0.9999 grad_norm=11.0550 attn_entr=nan | novelty_loss=-0.0408 diversity_loss=0.0500
Epoch 724/1500 [6.8s mem=1922MB] | task_loss=0.1901 | val_AP=0.5733 mean_AP=0.5735 delta=-0.0002 | test_AP=0.5455 | cos_sim=0.9999 grad_norm=11.1821 attn_entr=nan | novelty_loss=-0.0408 diversity_loss=0.0500
Epoch 725/1500 [6.8s mem=1919MB] | task_loss=0.1900 | val_AP=0.5742 mean_AP=0.5736 delta=+0.0006 | test_AP=0.5452 | cos_sim=0.9999 grad_norm=10.8739 attn_entr=nan | novelty_loss=-0.0409 diversity_loss=0.0500
Epoch 726/1500 [6.8s mem=1918MB] | task_loss=0.1898 | val_AP=0.5757 mean_AP=0.5759 delta=-0.0002 | test_AP=0.5430 | cos_sim=0.9999 grad_norm=11.0849 attn_entr=nan | novelty_loss=-0.0408 diversity_loss=0.0500
Epoch 727/1500 [6.8s mem=1918MB] | task_loss=0.1894 | val_AP=0.5683 mean_AP=0.5686 delta=-0.0003 | test_AP=0.5377 | cos_sim=0.9999 grad_norm=11.2075 attn_entr=nan | novelty_loss=-0.0408 diversity_loss=0.0500
Epoch 728/1500 [6.7s mem=1919MB] | task_loss=0.1897 | val_AP=0.5699 mean_AP=0.5698 delta=+0.0001 | test_AP=0.5394 | cos_sim=0.9999 grad_norm=10.9202 attn_entr=nan | novelty_loss=-0.0409 diversity_loss=0.0500
Epoch 729/1500 [6.8s mem=1919MB] | task_loss=0.1896 | val_AP=0.5737 mean_AP=0.5737 delta=-0.0000 | test_AP=0.5441 | cos_sim=0.9999 grad_norm=11.4622 attn_entr=nan | novelty_loss=-0.0408 diversity_loss=0.0500
Epoch 730/1500 [6.8s mem=1919MB] | task_loss=0.1895 | val_AP=0.5748 mean_AP=0.5748 delta=-0.0000 | test_AP=0.5414 | cos_sim=0.9999 grad_norm=11.0857 attn_entr=nan | novelty_loss=-0.0408 diversity_loss=0.0500
Epoch 731/1500 [6.8s mem=1920MB] | task_loss=0.1894 | val_AP=0.5774 mean_AP=0.5776 delta=-0.0002 | test_AP=0.5421 | cos_sim=0.9999 grad_norm=11.4316 attn_entr=nan | novelty_loss=-0.0408 diversity_loss=0.0500
Epoch 732/1500 [6.8s mem=1920MB] | task_loss=0.1891 | val_AP=0.5761 mean_AP=0.5760 delta=+0.0001 | test_AP=0.5429 | cos_sim=0.9999 grad_norm=11.1623 attn_entr=nan | novelty_loss=-0.0408 diversity_loss=0.0500
Epoch 733/1500 [6.8s mem=1919MB] | task_loss=0.1885 | val_AP=0.5711 mean_AP=0.5711 delta=-0.0000 | test_AP=0.5405 | cos_sim=0.9999 grad_norm=10.7149 attn_entr=nan | novelty_loss=-0.0408 diversity_loss=0.0500
Epoch 734/1500 [6.8s mem=1919MB] | task_loss=0.1889 | val_AP=0.5787 mean_AP=0.5786 delta=+0.0001 | test_AP=0.5432 | cos_sim=0.9999 grad_norm=11.4925 attn_entr=nan | novelty_loss=-0.0408 diversity_loss=0.0500
Epoch 735/1500 [6.8s mem=1920MB] | task_loss=0.1890 | val_AP=0.5736 mean_AP=0.5744 delta=-0.0008 | test_AP=0.5402 | cos_sim=0.9999 grad_norm=11.4250 attn_entr=nan | novelty_loss=-0.0408 diversity_loss=0.0500
Epoch 736/1500 [6.8s mem=1921MB] | task_loss=0.1892 | val_AP=0.5718 mean_AP=0.5719 delta=-0.0001 | test_AP=0.5419 | cos_sim=0.9999 grad_norm=11.6366 attn_entr=nan | novelty_loss=-0.0408 diversity_loss=0.0500
Epoch 737/1500 [6.8s mem=1921MB] | task_loss=0.1889 | val_AP=0.5710 mean_AP=0.5710 delta=-0.0001 | test_AP=0.5427 | cos_sim=0.9999 grad_norm=11.3706 attn_entr=nan | novelty_loss=-0.0408 diversity_loss=0.0500
Epoch 738/1500 [6.8s mem=1920MB] | task_loss=0.1877 | val_AP=0.5782 mean_AP=0.5782 delta=+0.0001 | test_AP=0.5432 | cos_sim=0.9999 grad_norm=11.0082 attn_entr=nan | novelty_loss=-0.0408 diversity_loss=0.0500
Epoch 739/1500 [6.8s mem=1922MB] | task_loss=0.1885 | val_AP=0.5784 mean_AP=0.5783 delta=+0.0001 | test_AP=0.5401 | cos_sim=0.9999 grad_norm=11.4033 attn_entr=nan | novelty_loss=-0.0408 diversity_loss=0.0500
Epoch 740/1500 [6.8s mem=1919MB] | task_loss=0.1880 | val_AP=0.5713 mean_AP=0.5712 delta=+0.0001 | test_AP=0.5414 | cos_sim=0.9999 grad_norm=10.8283 attn_entr=nan | novelty_loss=-0.0408 diversity_loss=0.0500
Epoch 741/1500 [6.8s mem=1921MB] | task_loss=0.1884 | val_AP=0.5724 mean_AP=0.5725 delta=-0.0000 | test_AP=0.5357 | cos_sim=0.9999 grad_norm=11.6639 attn_entr=nan | novelty_loss=-0.0408 diversity_loss=0.0500
Epoch 742/1500 [6.8s mem=1920MB] | task_loss=0.1879 | val_AP=0.5744 mean_AP=0.5744 delta=+0.0000 | test_AP=0.5432 | cos_sim=0.9999 grad_norm=10.5977 attn_entr=nan | novelty_loss=-0.0408 diversity_loss=0.0500
Epoch 743/1500 [6.7s mem=1920MB] | task_loss=0.1878 | val_AP=0.5777 mean_AP=0.5777 delta=-0.0000 | test_AP=0.5411 | cos_sim=0.9999 grad_norm=11.0597 attn_entr=nan | novelty_loss=-0.0408 diversity_loss=0.0500
Epoch 744/1500 [6.7s mem=1919MB] | task_loss=0.1875 | val_AP=0.5681 mean_AP=0.5683 delta=-0.0001 | test_AP=0.5432 | cos_sim=0.9999 grad_norm=11.1025 attn_entr=nan | novelty_loss=-0.0407 diversity_loss=0.0500
Epoch 745/1500 [6.8s mem=1917MB] | task_loss=0.1876 | val_AP=0.5678 mean_AP=0.5677 delta=+0.0001 | test_AP=0.5425 | cos_sim=0.9999 grad_norm=10.8689 attn_entr=nan | novelty_loss=-0.0408 diversity_loss=0.0500
Epoch 746/1500 [6.8s mem=1919MB] | task_loss=0.1874 | val_AP=0.5729 mean_AP=0.5731 delta=-0.0002 | test_AP=0.5434 | cos_sim=0.9999 grad_norm=11.1909 attn_entr=nan | novelty_loss=-0.0407 diversity_loss=0.0500
Epoch 747/1500 [6.7s mem=1918MB] | task_loss=0.1876 | val_AP=0.5728 mean_AP=0.5729 delta=-0.0001 | test_AP=0.5418 | cos_sim=0.9999 grad_norm=10.9984 attn_entr=nan | novelty_loss=-0.0407 diversity_loss=0.0500
Epoch 748/1500 [6.7s mem=1918MB] | task_loss=0.1874 | val_AP=0.5712 mean_AP=0.5711 delta=+0.0001 | test_AP=0.5372 | cos_sim=0.9999 grad_norm=10.8767 attn_entr=nan | novelty_loss=-0.0407 diversity_loss=0.0500
Epoch 749/1500 [6.7s mem=1921MB] | task_loss=0.1871 | val_AP=0.5744 mean_AP=0.5744 delta=+0.0000 | test_AP=0.5413 | cos_sim=0.9999 grad_norm=10.8744 attn_entr=nan | novelty_loss=-0.0408 diversity_loss=0.0500
Epoch 750/1500 [6.7s mem=1919MB] | task_loss=0.1868 | val_AP=0.5740 mean_AP=0.5740 delta=-0.0000 | test_AP=0.5439 | cos_sim=0.9999 grad_norm=11.2582 attn_entr=nan | novelty_loss=-0.0407 diversity_loss=0.0500
Epoch 751/1500 [6.7s mem=1923MB] | task_loss=0.1869 | val_AP=0.5743 mean_AP=0.5743 delta=+0.0000 | test_AP=0.5423 | cos_sim=0.9999 grad_norm=11.1231 attn_entr=nan | novelty_loss=-0.0407 diversity_loss=0.0500
Epoch 752/1500 [6.7s mem=1922MB] | task_loss=0.1869 | val_AP=0.5736 mean_AP=0.5734 delta=+0.0001 | test_AP=0.5412 | cos_sim=0.9999 grad_norm=11.1448 attn_entr=nan | novelty_loss=-0.0407 diversity_loss=0.0500
Epoch 753/1500 [6.7s mem=1919MB] | task_loss=0.1868 | val_AP=0.5759 mean_AP=0.5761 delta=-0.0002 | test_AP=0.5473 | cos_sim=0.9999 grad_norm=11.3176 attn_entr=nan | novelty_loss=-0.0407 diversity_loss=0.0500
Epoch 754/1500 [6.7s mem=1920MB] | task_loss=0.1873 | val_AP=0.5670 mean_AP=0.5669 delta=+0.0001 | test_AP=0.5414 | cos_sim=0.9999 grad_norm=11.4913 attn_entr=nan | novelty_loss=-0.0407 diversity_loss=0.0500
Epoch 755/1500 [6.7s mem=1920MB] | task_loss=0.1863 | val_AP=0.5693 mean_AP=0.5689 delta=+0.0004 | test_AP=0.5444 | cos_sim=0.9999 grad_norm=11.4368 attn_entr=nan | novelty_loss=-0.0407 diversity_loss=0.0500
Epoch 756/1500 [6.7s mem=1920MB] | task_loss=0.1866 | val_AP=0.5756 mean_AP=0.5756 delta=-0.0001 | test_AP=0.5428 | cos_sim=0.9999 grad_norm=10.9770 attn_entr=nan | novelty_loss=-0.0407 diversity_loss=0.0500
Epoch 757/1500 [6.7s mem=1917MB] | task_loss=0.1867 | val_AP=0.5715 mean_AP=0.5716 delta=-0.0001 | test_AP=0.5436 | cos_sim=0.9999 grad_norm=11.3841 attn_entr=nan | novelty_loss=-0.0407 diversity_loss=0.0500
Epoch 758/1500 [6.8s mem=1920MB] | task_loss=0.1865 | val_AP=0.5756 mean_AP=0.5757 delta=-0.0000 | test_AP=0.5430 | cos_sim=0.9999 grad_norm=10.9851 attn_entr=nan | novelty_loss=-0.0407 diversity_loss=0.0500
Epoch 759/1500 [6.8s mem=1918MB] | task_loss=0.1859 | val_AP=0.5732 mean_AP=0.5731 delta=+0.0001 | test_AP=0.5412 | cos_sim=0.9999 grad_norm=11.4462 attn_entr=nan | novelty_loss=-0.0407 diversity_loss=0.0500
Epoch 760/1500 [6.8s mem=1917MB] | task_loss=0.1860 | val_AP=0.5738 mean_AP=0.5740 delta=-0.0002 | test_AP=0.5439 | cos_sim=0.9999 grad_norm=11.3137 attn_entr=nan | novelty_loss=-0.0407 diversity_loss=0.0500
Epoch 761/1500 [6.7s mem=1921MB] | task_loss=0.1858 | val_AP=0.5787 mean_AP=0.5787 delta=+0.0000 | test_AP=0.5426 | cos_sim=0.9999 grad_norm=11.2306 attn_entr=nan | novelty_loss=-0.0407 diversity_loss=0.0500
Epoch 762/1500 [6.8s mem=1920MB] | task_loss=0.1861 | val_AP=0.5740 mean_AP=0.5741 delta=-0.0001 | test_AP=0.5346 | cos_sim=0.9999 grad_norm=11.3157 attn_entr=nan | novelty_loss=-0.0407 diversity_loss=0.0500
Epoch 763/1500 [6.7s mem=1919MB] | task_loss=0.1854 | val_AP=0.5729 mean_AP=0.5730 delta=-0.0000 | test_AP=0.5416 | cos_sim=0.9999 grad_norm=10.8457 attn_entr=nan | novelty_loss=-0.0407 diversity_loss=0.0500
Epoch 764/1500 [6.8s mem=1922MB] | task_loss=0.1857 | val_AP=0.5718 mean_AP=0.5718 delta=+0.0000 | test_AP=0.5412 | cos_sim=0.9999 grad_norm=11.2506 attn_entr=nan | novelty_loss=-0.0407 diversity_loss=0.0500
Epoch 765/1500 [6.7s mem=1918MB] | task_loss=0.1857 | val_AP=0.5785 mean_AP=0.5785 delta=-0.0000 | test_AP=0.5375 | cos_sim=0.9999 grad_norm=11.3133 attn_entr=nan | novelty_loss=-0.0407 diversity_loss=0.0500
Epoch 766/1500 [6.7s mem=1920MB] | task_loss=0.1853 | val_AP=0.5734 mean_AP=0.5733 delta=+0.0001 | test_AP=0.5432 | cos_sim=0.9999 grad_norm=11.1540 attn_entr=nan | novelty_loss=-0.0407 diversity_loss=0.0500
Epoch 767/1500 [6.8s mem=1919MB] | task_loss=0.1855 | val_AP=0.5742 mean_AP=0.5742 delta=+0.0000 | test_AP=0.5456 | cos_sim=0.9999 grad_norm=11.2527 attn_entr=nan | novelty_loss=-0.0407 diversity_loss=0.0500
Epoch 768/1500 [6.8s mem=1921MB] | task_loss=0.1859 | val_AP=0.5661 mean_AP=0.5660 delta=+0.0001 | test_AP=0.5412 | cos_sim=0.9999 grad_norm=11.2207 attn_entr=nan | novelty_loss=-0.0407 diversity_loss=0.0500
Epoch 769/1500 [6.6s mem=1920MB] | task_loss=0.1857 | val_AP=0.5695 mean_AP=0.5694 delta=+0.0001 | test_AP=0.5400 | cos_sim=0.9999 grad_norm=11.4528 attn_entr=nan | novelty_loss=-0.0407 diversity_loss=0.0500
Epoch 770/1500 [6.3s mem=1921MB] | task_loss=0.1856 | val_AP=0.5748 mean_AP=0.5747 delta=+0.0001 | test_AP=0.5436 | cos_sim=0.9999 grad_norm=11.6133 attn_entr=nan | novelty_loss=-0.0407 diversity_loss=0.0500
Epoch 771/1500 [6.1s mem=1921MB] | task_loss=0.1851 | val_AP=0.5733 mean_AP=0.5733 delta=+0.0000 | test_AP=0.5448 | cos_sim=0.9999 grad_norm=11.1734 attn_entr=nan | novelty_loss=-0.0407 diversity_loss=0.0500
Epoch 772/1500 [6.3s mem=1919MB] | task_loss=0.1854 | val_AP=0.5775 mean_AP=0.5774 delta=+0.0001 | test_AP=0.5453 | cos_sim=0.9999 grad_norm=11.2259 attn_entr=nan | novelty_loss=-0.0406 diversity_loss=0.0500
Epoch 773/1500 [5.4s mem=1919MB] | task_loss=0.1849 | val_AP=0.5707 mean_AP=0.5710 delta=-0.0003 | test_AP=0.5449 | cos_sim=0.9999 grad_norm=10.9412 attn_entr=nan | novelty_loss=-0.0406 diversity_loss=0.0500
Epoch 774/1500 [5.6s mem=1918MB] | task_loss=0.1850 | val_AP=0.5744 mean_AP=0.5743 delta=+0.0001 | test_AP=0.5473 | cos_sim=0.9999 grad_norm=11.3700 attn_entr=nan | novelty_loss=-0.0406 diversity_loss=0.0500
Epoch 775/1500 [5.6s mem=1921MB] | task_loss=0.1847 | val_AP=0.5729 mean_AP=0.5730 delta=-0.0002 | test_AP=0.5450 | cos_sim=0.9999 grad_norm=11.0220 attn_entr=nan | novelty_loss=-0.0406 diversity_loss=0.0500
Epoch 776/1500 [6.1s mem=1919MB] | task_loss=0.1852 | val_AP=0.5754 mean_AP=0.5755 delta=-0.0001 | test_AP=0.5411 | cos_sim=0.9999 grad_norm=11.5536 attn_entr=nan | novelty_loss=-0.0406 diversity_loss=0.0500
Epoch 777/1500 [6.0s mem=1919MB] | task_loss=0.1848 | val_AP=0.5774 mean_AP=0.5773 delta=+0.0001 | test_AP=0.5407 | cos_sim=0.9999 grad_norm=11.1617 attn_entr=nan | novelty_loss=-0.0406 diversity_loss=0.0500
Epoch 778/1500 [6.0s mem=1918MB] | task_loss=0.1842 | val_AP=0.5711 mean_AP=0.5710 delta=+0.0001 | test_AP=0.5439 | cos_sim=0.9999 grad_norm=11.4382 attn_entr=nan | novelty_loss=-0.0406 diversity_loss=0.0500
Epoch 779/1500 [5.9s mem=1920MB] | task_loss=0.1843 | val_AP=0.5743 mean_AP=0.5744 delta=-0.0001 | test_AP=0.5454 | cos_sim=0.9999 grad_norm=10.7865 attn_entr=nan | novelty_loss=-0.0406 diversity_loss=0.0500
Epoch 780/1500 [5.7s mem=1921MB] | task_loss=0.1842 | val_AP=0.5747 mean_AP=0.5747 delta=-0.0000 | test_AP=0.5472 | cos_sim=0.9999 grad_norm=10.9292 attn_entr=nan | novelty_loss=-0.0406 diversity_loss=0.0500
Epoch 781/1500 [6.5s mem=1921MB] | task_loss=0.1842 | val_AP=0.5752 mean_AP=0.5752 delta=-0.0001 | test_AP=0.5489 | cos_sim=0.9999 grad_norm=11.2578 attn_entr=nan | novelty_loss=-0.0406 diversity_loss=0.0500
Epoch 782/1500 [5.5s mem=1920MB] | task_loss=0.1843 | val_AP=0.5824 mean_AP=0.5823 delta=+0.0001 | test_AP=0.5476 | cos_sim=0.9999 grad_norm=11.3658 attn_entr=nan | novelty_loss=-0.0406 diversity_loss=0.0500
  -> New best metrics: gen_loss=0.1843 val_loss=0.2352 val_AP=0.5824
Epoch 783/1500 [6.1s mem=1921MB] | task_loss=0.1833 | val_AP=0.5795 mean_AP=0.5795 delta=-0.0000 | test_AP=0.5454 | cos_sim=0.9999 grad_norm=10.9847 attn_entr=nan | novelty_loss=-0.0406 diversity_loss=0.0500
Epoch 784/1500 [5.9s mem=1917MB] | task_loss=0.1841 | val_AP=0.5728 mean_AP=0.5729 delta=-0.0002 | test_AP=0.5460 | cos_sim=0.9999 grad_norm=11.2739 attn_entr=nan | novelty_loss=-0.0406 diversity_loss=0.0500
Epoch 785/1500 [5.8s mem=1921MB] | task_loss=0.1834 | val_AP=0.5762 mean_AP=0.5762 delta=-0.0000 | test_AP=0.5443 | cos_sim=0.9999 grad_norm=11.1799 attn_entr=nan | novelty_loss=-0.0406 diversity_loss=0.0500
Epoch 786/1500 [6.1s mem=1920MB] | task_loss=0.1833 | val_AP=0.5731 mean_AP=0.5731 delta=-0.0000 | test_AP=0.5405 | cos_sim=0.9999 grad_norm=11.0338 attn_entr=nan | novelty_loss=-0.0406 diversity_loss=0.0500
Epoch 787/1500 [6.4s mem=1920MB] | task_loss=0.1834 | val_AP=0.5794 mean_AP=0.5796 delta=-0.0002 | test_AP=0.5498 | cos_sim=0.9999 grad_norm=11.3886 attn_entr=nan | novelty_loss=-0.0405 diversity_loss=0.0500
Epoch 788/1500 [6.4s mem=1918MB] | task_loss=0.1831 | val_AP=0.5792 mean_AP=0.5794 delta=-0.0002 | test_AP=0.5456 | cos_sim=0.9999 grad_norm=10.7097 attn_entr=nan | novelty_loss=-0.0406 diversity_loss=0.0500
Epoch 789/1500 [6.1s mem=1919MB] | task_loss=0.1833 | val_AP=0.5754 mean_AP=0.5753 delta=+0.0001 | test_AP=0.5452 | cos_sim=0.9999 grad_norm=11.3849 attn_entr=nan | novelty_loss=-0.0405 diversity_loss=0.0500
Epoch 790/1500 [5.9s mem=1919MB] | task_loss=0.1835 | val_AP=0.5650 mean_AP=0.5655 delta=-0.0005 | test_AP=0.5438 | cos_sim=0.9999 grad_norm=11.4119 attn_entr=nan | novelty_loss=-0.0406 diversity_loss=0.0500
Epoch 791/1500 [6.2s mem=1922MB] | task_loss=0.1830 | val_AP=0.5715 mean_AP=0.5715 delta=+0.0001 | test_AP=0.5407 | cos_sim=0.9999 grad_norm=11.4135 attn_entr=nan | novelty_loss=-0.0406 diversity_loss=0.0500
Epoch 792/1500 [6.8s mem=1918MB] | task_loss=0.1829 | val_AP=0.5764 mean_AP=0.5765 delta=-0.0002 | test_AP=0.5456 | cos_sim=0.9999 grad_norm=10.9844 attn_entr=nan | novelty_loss=-0.0406 diversity_loss=0.0500
Epoch 793/1500 [6.8s mem=1921MB] | task_loss=0.1834 | val_AP=0.5721 mean_AP=0.5721 delta=+0.0000 | test_AP=0.5470 | cos_sim=0.9999 grad_norm=11.4140 attn_entr=nan | novelty_loss=-0.0406 diversity_loss=0.0500
Epoch 794/1500 [6.8s mem=1920MB] | task_loss=0.1826 | val_AP=0.5712 mean_AP=0.5712 delta=-0.0000 | test_AP=0.5479 | cos_sim=0.9999 grad_norm=11.4370 attn_entr=nan | novelty_loss=-0.0406 diversity_loss=0.0500
Epoch 795/1500 [6.9s mem=1920MB] | task_loss=0.1827 | val_AP=0.5690 mean_AP=0.5690 delta=-0.0000 | test_AP=0.5448 | cos_sim=0.9999 grad_norm=11.0732 attn_entr=nan | novelty_loss=-0.0406 diversity_loss=0.0500
Epoch 796/1500 [6.8s mem=1920MB] | task_loss=0.1830 | val_AP=0.5778 mean_AP=0.5777 delta=+0.0000 | test_AP=0.5460 | cos_sim=0.9999 grad_norm=11.7269 attn_entr=nan | novelty_loss=-0.0405 diversity_loss=0.0500
Epoch 797/1500 [6.9s mem=1921MB] | task_loss=0.1820 | val_AP=0.5722 mean_AP=0.5722 delta=+0.0000 | test_AP=0.5447 | cos_sim=0.9999 grad_norm=11.1108 attn_entr=nan | novelty_loss=-0.0405 diversity_loss=0.0500
Epoch 798/1500 [6.8s mem=1921MB] | task_loss=0.1829 | val_AP=0.5739 mean_AP=0.5740 delta=-0.0000 | test_AP=0.5469 | cos_sim=0.9999 grad_norm=11.8214 attn_entr=nan | novelty_loss=-0.0405 diversity_loss=0.0500
Epoch 799/1500 [6.0s mem=1920MB] | task_loss=0.1830 | val_AP=0.5778 mean_AP=0.5776 delta=+0.0002 | test_AP=0.5484 | cos_sim=0.9999 grad_norm=11.9272 attn_entr=nan | novelty_loss=-0.0406 diversity_loss=0.0500
Epoch 800/1500 [5.2s mem=1842MB] | task_loss=0.1824 | val_AP=0.5744 mean_AP=0.5745 delta=-0.0001 | test_AP=0.5473 | cos_sim=0.9999 grad_norm=11.3123 attn_entr=nan | novelty_loss=-0.0405 diversity_loss=0.0500
Epoch 801/1500 [6.3s mem=1921MB] | task_loss=0.1823 | val_AP=0.5764 mean_AP=0.5765 delta=-0.0001 | test_AP=0.5430 | cos_sim=0.9999 grad_norm=11.4239 attn_entr=nan | novelty_loss=-0.0405 diversity_loss=0.0500
Epoch 802/1500 [6.6s mem=1920MB] | task_loss=0.1824 | val_AP=0.5738 mean_AP=0.5737 delta=+0.0000 | test_AP=0.5472 | cos_sim=0.9999 grad_norm=11.3840 attn_entr=nan | novelty_loss=-0.0405 diversity_loss=0.0500
Epoch 803/1500 [5.8s mem=1921MB] | task_loss=0.1821 | val_AP=0.5781 mean_AP=0.5778 delta=+0.0003 | test_AP=0.5482 | cos_sim=0.9999 grad_norm=11.2376 attn_entr=nan | novelty_loss=-0.0405 diversity_loss=0.0500
Epoch 804/1500 [5.8s mem=1919MB] | task_loss=0.1821 | val_AP=0.5742 mean_AP=0.5743 delta=-0.0001 | test_AP=0.5476 | cos_sim=0.9999 grad_norm=11.3044 attn_entr=nan | novelty_loss=-0.0405 diversity_loss=0.0500
Epoch 805/1500 [6.7s mem=1918MB] | task_loss=0.1821 | val_AP=0.5753 mean_AP=0.5752 delta=+0.0001 | test_AP=0.5478 | cos_sim=0.9999 grad_norm=11.5958 attn_entr=nan | novelty_loss=-0.0405 diversity_loss=0.0500
Epoch 806/1500 [6.7s mem=1920MB] | task_loss=0.1820 | val_AP=0.5763 mean_AP=0.5763 delta=+0.0000 | test_AP=0.5447 | cos_sim=0.9999 grad_norm=11.6257 attn_entr=nan | novelty_loss=-0.0405 diversity_loss=0.0500
Epoch 807/1500 [6.7s mem=1917MB] | task_loss=0.1816 | val_AP=0.5750 mean_AP=0.5749 delta=+0.0002 | test_AP=0.5460 | cos_sim=0.9999 grad_norm=11.3226 attn_entr=nan | novelty_loss=-0.0405 diversity_loss=0.0500
Epoch 808/1500 [6.8s mem=1921MB] | task_loss=0.1820 | val_AP=0.5777 mean_AP=0.5778 delta=-0.0001 | test_AP=0.5428 | cos_sim=0.9999 grad_norm=11.8685 attn_entr=nan | novelty_loss=-0.0405 diversity_loss=0.0500
Epoch 809/1500 [6.7s mem=1920MB] | task_loss=0.1818 | val_AP=0.5731 mean_AP=0.5731 delta=+0.0000 | test_AP=0.5470 | cos_sim=0.9999 grad_norm=11.5436 attn_entr=nan | novelty_loss=-0.0405 diversity_loss=0.0500
Epoch 810/1500 [6.8s mem=1922MB] | task_loss=0.1816 | val_AP=0.5703 mean_AP=0.5703 delta=-0.0000 | test_AP=0.5468 | cos_sim=0.9999 grad_norm=11.7117 attn_entr=nan | novelty_loss=-0.0405 diversity_loss=0.0500
Epoch 811/1500 [6.7s mem=1919MB] | task_loss=0.1816 | val_AP=0.5677 mean_AP=0.5678 delta=-0.0001 | test_AP=0.5449 | cos_sim=0.9999 grad_norm=11.4916 attn_entr=nan | novelty_loss=-0.0405 diversity_loss=0.0500
Epoch 812/1500 [6.8s mem=1918MB] | task_loss=0.1812 | val_AP=0.5795 mean_AP=0.5795 delta=+0.0001 | test_AP=0.5487 | cos_sim=0.9999 grad_norm=11.4941 attn_entr=nan | novelty_loss=-0.0405 diversity_loss=0.0500
Epoch 813/1500 [6.8s mem=1920MB] | task_loss=0.1811 | val_AP=0.5799 mean_AP=0.5800 delta=-0.0001 | test_AP=0.5459 | cos_sim=0.9999 grad_norm=11.7445 attn_entr=nan | novelty_loss=-0.0405 diversity_loss=0.0500
Epoch 814/1500 [6.7s mem=1921MB] | task_loss=0.1816 | val_AP=0.5730 mean_AP=0.5729 delta=+0.0000 | test_AP=0.5475 | cos_sim=0.9999 grad_norm=11.5052 attn_entr=nan | novelty_loss=-0.0405 diversity_loss=0.0500
Epoch 815/1500 [6.3s mem=1920MB] | task_loss=0.1810 | val_AP=0.5745 mean_AP=0.5744 delta=+0.0000 | test_AP=0.5487 | cos_sim=0.9999 grad_norm=11.2770 attn_entr=nan | novelty_loss=-0.0405 diversity_loss=0.0500
Epoch 816/1500 [5.7s mem=1918MB] | task_loss=0.1810 | val_AP=0.5752 mean_AP=0.5752 delta=-0.0001 | test_AP=0.5463 | cos_sim=0.9999 grad_norm=11.8446 attn_entr=nan | novelty_loss=-0.0405 diversity_loss=0.0500
Epoch 817/1500 [6.3s mem=1920MB] | task_loss=0.1810 | val_AP=0.5785 mean_AP=0.5786 delta=-0.0001 | test_AP=0.5463 | cos_sim=0.9999 grad_norm=11.7181 attn_entr=nan | novelty_loss=-0.0405 diversity_loss=0.0500
Epoch 818/1500 [6.2s mem=1919MB] | task_loss=0.1810 | val_AP=0.5775 mean_AP=0.5775 delta=+0.0000 | test_AP=0.5431 | cos_sim=0.9999 grad_norm=11.5681 attn_entr=nan | novelty_loss=-0.0404 diversity_loss=0.0500
Epoch 819/1500 [6.3s mem=1917MB] | task_loss=0.1808 | val_AP=0.5698 mean_AP=0.5697 delta=+0.0001 | test_AP=0.5454 | cos_sim=0.9999 grad_norm=10.7875 attn_entr=nan | novelty_loss=-0.0405 diversity_loss=0.0500
Epoch 820/1500 [6.2s mem=1919MB] | task_loss=0.1807 | val_AP=0.5722 mean_AP=0.5723 delta=-0.0001 | test_AP=0.5443 | cos_sim=0.9999 grad_norm=11.3537 attn_entr=nan | novelty_loss=-0.0405 diversity_loss=0.0500
Epoch 821/1500 [6.6s mem=1920MB] | task_loss=0.1803 | val_AP=0.5762 mean_AP=0.5762 delta=+0.0000 | test_AP=0.5448 | cos_sim=0.9999 grad_norm=11.3657 attn_entr=nan | novelty_loss=-0.0404 diversity_loss=0.0500
Epoch 822/1500 [6.1s mem=1919MB] | task_loss=0.1807 | val_AP=0.5852 mean_AP=0.5853 delta=-0.0000 | test_AP=0.5481 | cos_sim=0.9999 grad_norm=11.4653 attn_entr=nan | novelty_loss=-0.0404 diversity_loss=0.0500
  -> New best metrics: gen_loss=0.1807 val_loss=0.2352 val_AP=0.5852
Epoch 823/1500 [6.3s mem=1920MB] | task_loss=0.1801 | val_AP=0.5751 mean_AP=0.5751 delta=+0.0000 | test_AP=0.5447 | cos_sim=0.9999 grad_norm=11.4189 attn_entr=nan | novelty_loss=-0.0404 diversity_loss=0.0500
Epoch 824/1500 [5.9s mem=1842MB] | task_loss=0.1803 | val_AP=0.5732 mean_AP=0.5732 delta=+0.0000 | test_AP=0.5442 | cos_sim=0.9999 grad_norm=11.4346 attn_entr=nan | novelty_loss=-0.0404 diversity_loss=0.0500
Epoch 825/1500 [6.4s mem=1921MB] | task_loss=0.1799 | val_AP=0.5752 mean_AP=0.5751 delta=+0.0001 | test_AP=0.5458 | cos_sim=0.9999 grad_norm=11.3194 attn_entr=nan | novelty_loss=-0.0404 diversity_loss=0.0500
Epoch 826/1500 [6.7s mem=1920MB] | task_loss=0.1798 | val_AP=0.5762 mean_AP=0.5761 delta=+0.0002 | test_AP=0.5482 | cos_sim=0.9999 grad_norm=11.4749 attn_entr=nan | novelty_loss=-0.0405 diversity_loss=0.0500
Epoch 827/1500 [6.6s mem=1920MB] | task_loss=0.1802 | val_AP=0.5745 mean_AP=0.5746 delta=-0.0000 | test_AP=0.5467 | cos_sim=0.9999 grad_norm=11.3329 attn_entr=nan | novelty_loss=-0.0404 diversity_loss=0.0500
Epoch 828/1500 [6.8s mem=1918MB] | task_loss=0.1798 | val_AP=0.5708 mean_AP=0.5709 delta=-0.0001 | test_AP=0.5489 | cos_sim=0.9999 grad_norm=11.4387 attn_entr=nan | novelty_loss=-0.0404 diversity_loss=0.0500
Epoch 829/1500 [6.8s mem=1921MB] | task_loss=0.1802 | val_AP=0.5748 mean_AP=0.5750 delta=-0.0003 | test_AP=0.5461 | cos_sim=0.9999 grad_norm=11.5270 attn_entr=nan | novelty_loss=-0.0404 diversity_loss=0.0500
Epoch 830/1500 [6.8s mem=1919MB] | task_loss=0.1794 | val_AP=0.5799 mean_AP=0.5800 delta=-0.0001 | test_AP=0.5442 | cos_sim=0.9999 grad_norm=11.2357 attn_entr=nan | novelty_loss=-0.0404 diversity_loss=0.0500
Epoch 831/1500 [6.8s mem=1917MB] | task_loss=0.1800 | val_AP=0.5794 mean_AP=0.5795 delta=-0.0001 | test_AP=0.5483 | cos_sim=0.9999 grad_norm=11.3728 attn_entr=nan | novelty_loss=-0.0404 diversity_loss=0.0500
Epoch 832/1500 [6.8s mem=1920MB] | task_loss=0.1795 | val_AP=0.5772 mean_AP=0.5774 delta=-0.0002 | test_AP=0.5499 | cos_sim=0.9999 grad_norm=11.3714 attn_entr=nan | novelty_loss=-0.0404 diversity_loss=0.0500
Epoch 833/1500 [6.8s mem=1921MB] | task_loss=0.1794 | val_AP=0.5783 mean_AP=0.5783 delta=+0.0000 | test_AP=0.5491 | cos_sim=0.9999 grad_norm=11.3481 attn_entr=nan | novelty_loss=-0.0404 diversity_loss=0.0500
Epoch 834/1500 [6.8s mem=1921MB] | task_loss=0.1790 | val_AP=0.5791 mean_AP=0.5789 delta=+0.0001 | test_AP=0.5490 | cos_sim=0.9999 grad_norm=11.2026 attn_entr=nan | novelty_loss=-0.0404 diversity_loss=0.0500
Epoch 835/1500 [6.8s mem=1919MB] | task_loss=0.1793 | val_AP=0.5812 mean_AP=0.5813 delta=-0.0001 | test_AP=0.5474 | cos_sim=0.9999 grad_norm=11.8193 attn_entr=nan | novelty_loss=-0.0404 diversity_loss=0.0500
Epoch 836/1500 [6.8s mem=1918MB] | task_loss=0.1789 | val_AP=0.5794 mean_AP=0.5794 delta=+0.0000 | test_AP=0.5490 | cos_sim=0.9999 grad_norm=11.5389 attn_entr=nan | novelty_loss=-0.0404 diversity_loss=0.0500
Epoch 837/1500 [6.8s mem=1921MB] | task_loss=0.1790 | val_AP=0.5744 mean_AP=0.5745 delta=-0.0001 | test_AP=0.5444 | cos_sim=0.9999 grad_norm=11.1275 attn_entr=nan | novelty_loss=-0.0404 diversity_loss=0.0500
Epoch 838/1500 [6.8s mem=1919MB] | task_loss=0.1791 | val_AP=0.5795 mean_AP=0.5796 delta=-0.0001 | test_AP=0.5493 | cos_sim=0.9999 grad_norm=11.5953 attn_entr=nan | novelty_loss=-0.0403 diversity_loss=0.0500
Epoch 839/1500 [6.7s mem=1920MB] | task_loss=0.1789 | val_AP=0.5747 mean_AP=0.5745 delta=+0.0002 | test_AP=0.5497 | cos_sim=0.9999 grad_norm=11.7218 attn_entr=nan | novelty_loss=-0.0404 diversity_loss=0.0500
Epoch 840/1500 [6.7s mem=1920MB] | task_loss=0.1788 | val_AP=0.5800 mean_AP=0.5803 delta=-0.0003 | test_AP=0.5462 | cos_sim=0.9999 grad_norm=11.7465 attn_entr=nan | novelty_loss=-0.0403 diversity_loss=0.0500
Epoch 841/1500 [6.8s mem=1921MB] | task_loss=0.1788 | val_AP=0.5783 mean_AP=0.5784 delta=-0.0001 | test_AP=0.5467 | cos_sim=0.9999 grad_norm=11.4534 attn_entr=nan | novelty_loss=-0.0404 diversity_loss=0.0500
Epoch 842/1500 [6.8s mem=1917MB] | task_loss=0.1785 | val_AP=0.5775 mean_AP=0.5776 delta=-0.0001 | test_AP=0.5458 | cos_sim=0.9999 grad_norm=11.6210 attn_entr=nan | novelty_loss=-0.0403 diversity_loss=0.0500
Epoch 843/1500 [6.8s mem=1919MB] | task_loss=0.1786 | val_AP=0.5818 mean_AP=0.5817 delta=+0.0001 | test_AP=0.5497 | cos_sim=0.9999 grad_norm=10.9902 attn_entr=nan | novelty_loss=-0.0403 diversity_loss=0.0500
Epoch 844/1500 [6.8s mem=1920MB] | task_loss=0.1787 | val_AP=0.5728 mean_AP=0.5727 delta=+0.0000 | test_AP=0.5483 | cos_sim=0.9999 grad_norm=11.3014 attn_entr=nan | novelty_loss=-0.0404 diversity_loss=0.0500
Epoch 845/1500 [6.7s mem=1919MB] | task_loss=0.1782 | val_AP=0.5722 mean_AP=0.5724 delta=-0.0001 | test_AP=0.5452 | cos_sim=0.9999 grad_norm=11.3029 attn_entr=nan | novelty_loss=-0.0403 diversity_loss=0.0500
Epoch 846/1500 [6.8s mem=1919MB] | task_loss=0.1781 | val_AP=0.5809 mean_AP=0.5808 delta=+0.0001 | test_AP=0.5489 | cos_sim=0.9999 grad_norm=11.7300 attn_entr=nan | novelty_loss=-0.0403 diversity_loss=0.0500
Epoch 847/1500 [6.8s mem=1920MB] | task_loss=0.1788 | val_AP=0.5771 mean_AP=0.5772 delta=-0.0001 | test_AP=0.5486 | cos_sim=0.9999 grad_norm=11.9836 attn_entr=nan | novelty_loss=-0.0403 diversity_loss=0.0500
Epoch 848/1500 [6.8s mem=1918MB] | task_loss=0.1781 | val_AP=0.5801 mean_AP=0.5801 delta=+0.0001 | test_AP=0.5472 | cos_sim=0.9999 grad_norm=11.3724 attn_entr=nan | novelty_loss=-0.0403 diversity_loss=0.0500
Epoch 849/1500 [6.7s mem=1917MB] | task_loss=0.1787 | val_AP=0.5698 mean_AP=0.5699 delta=-0.0001 | test_AP=0.5441 | cos_sim=0.9999 grad_norm=12.0696 attn_entr=nan | novelty_loss=-0.0403 diversity_loss=0.0500
Epoch 850/1500 [6.7s mem=1920MB] | task_loss=0.1781 | val_AP=0.5775 mean_AP=0.5776 delta=-0.0001 | test_AP=0.5460 | cos_sim=0.9999 grad_norm=11.9100 attn_entr=nan | novelty_loss=-0.0403 diversity_loss=0.0500
Epoch 851/1500 [6.7s mem=1920MB] | task_loss=0.1779 | val_AP=0.5806 mean_AP=0.5805 delta=+0.0001 | test_AP=0.5479 | cos_sim=0.9999 grad_norm=11.6697 attn_entr=nan | novelty_loss=-0.0403 diversity_loss=0.0500
Epoch 852/1500 [6.7s mem=1920MB] | task_loss=0.1783 | val_AP=0.5761 mean_AP=0.5761 delta=-0.0000 | test_AP=0.5480 | cos_sim=0.9999 grad_norm=11.3429 attn_entr=nan | novelty_loss=-0.0403 diversity_loss=0.0500
Epoch 853/1500 [6.7s mem=1921MB] | task_loss=0.1777 | val_AP=0.5735 mean_AP=0.5734 delta=+0.0000 | test_AP=0.5460 | cos_sim=0.9999 grad_norm=11.6337 attn_entr=nan | novelty_loss=-0.0403 diversity_loss=0.0500
Epoch 854/1500 [6.7s mem=1921MB] | task_loss=0.1777 | val_AP=0.5705 mean_AP=0.5706 delta=-0.0001 | test_AP=0.5471 | cos_sim=0.9999 grad_norm=11.8654 attn_entr=nan | novelty_loss=-0.0403 diversity_loss=0.0500
Epoch 855/1500 [6.7s mem=1920MB] | task_loss=0.1775 | val_AP=0.5779 mean_AP=0.5783 delta=-0.0004 | test_AP=0.5501 | cos_sim=0.9999 grad_norm=11.5345 attn_entr=nan | novelty_loss=-0.0403 diversity_loss=0.0500
Epoch 856/1500 [6.7s mem=1919MB] | task_loss=0.1776 | val_AP=0.5720 mean_AP=0.5720 delta=+0.0000 | test_AP=0.5461 | cos_sim=0.9999 grad_norm=11.2177 attn_entr=nan | novelty_loss=-0.0403 diversity_loss=0.0500
Epoch 857/1500 [6.7s mem=1920MB] | task_loss=0.1779 | val_AP=0.5821 mean_AP=0.5822 delta=-0.0001 | test_AP=0.5474 | cos_sim=0.9999 grad_norm=12.2035 attn_entr=nan | novelty_loss=-0.0403 diversity_loss=0.0500
Epoch 858/1500 [6.8s mem=1921MB] | task_loss=0.1779 | val_AP=0.5784 mean_AP=0.5783 delta=+0.0001 | test_AP=0.5474 | cos_sim=0.9999 grad_norm=12.3897 attn_entr=nan | novelty_loss=-0.0403 diversity_loss=0.0500
Epoch 859/1500 [6.7s mem=1922MB] | task_loss=0.1772 | val_AP=0.5783 mean_AP=0.5784 delta=-0.0001 | test_AP=0.5483 | cos_sim=0.9999 grad_norm=11.2584 attn_entr=nan | novelty_loss=-0.0403 diversity_loss=0.0500
Epoch 860/1500 [6.8s mem=1917MB] | task_loss=0.1773 | val_AP=0.5744 mean_AP=0.5744 delta=+0.0000 | test_AP=0.5501 | cos_sim=0.9999 grad_norm=11.9472 attn_entr=nan | novelty_loss=-0.0403 diversity_loss=0.0500
Epoch 861/1500 [6.7s mem=1918MB] | task_loss=0.1774 | val_AP=0.5695 mean_AP=0.5686 delta=+0.0009 | test_AP=0.5505 | cos_sim=0.9999 grad_norm=11.6879 attn_entr=nan | novelty_loss=-0.0403 diversity_loss=0.0500
Epoch 862/1500 [6.6s mem=1919MB] | task_loss=0.1769 | val_AP=0.5737 mean_AP=0.5741 delta=-0.0004 | test_AP=0.5463 | cos_sim=0.9999 grad_norm=11.7714 attn_entr=nan | novelty_loss=-0.0403 diversity_loss=0.0500
Epoch 863/1500 [6.7s mem=1918MB] | task_loss=0.1769 | val_AP=0.5808 mean_AP=0.5807 delta=+0.0001 | test_AP=0.5513 | cos_sim=0.9999 grad_norm=11.7221 attn_entr=nan | novelty_loss=-0.0403 diversity_loss=0.0500
Epoch 864/1500 [6.7s mem=1918MB] | task_loss=0.1768 | val_AP=0.5803 mean_AP=0.5805 delta=-0.0001 | test_AP=0.5496 | cos_sim=0.9999 grad_norm=11.7604 attn_entr=nan | novelty_loss=-0.0403 diversity_loss=0.0500
Epoch 865/1500 [6.8s mem=1919MB] | task_loss=0.1767 | val_AP=0.5776 mean_AP=0.5774 delta=+0.0002 | test_AP=0.5498 | cos_sim=0.9999 grad_norm=11.4184 attn_entr=nan | novelty_loss=-0.0402 diversity_loss=0.0500
Epoch 866/1500 [6.8s mem=1920MB] | task_loss=0.1768 | val_AP=0.5777 mean_AP=0.5778 delta=-0.0000 | test_AP=0.5500 | cos_sim=0.9999 grad_norm=11.6047 attn_entr=nan | novelty_loss=-0.0403 diversity_loss=0.0500
Epoch 867/1500 [6.7s mem=1920MB] | task_loss=0.1765 | val_AP=0.5769 mean_AP=0.5770 delta=-0.0002 | test_AP=0.5502 | cos_sim=0.9999 grad_norm=11.4770 attn_entr=nan | novelty_loss=-0.0403 diversity_loss=0.0500
Epoch 868/1500 [6.8s mem=1921MB] | task_loss=0.1767 | val_AP=0.5751 mean_AP=0.5753 delta=-0.0002 | test_AP=0.5508 | cos_sim=0.9999 grad_norm=11.8156 attn_entr=nan | novelty_loss=-0.0402 diversity_loss=0.0500
Epoch 869/1500 [6.7s mem=1921MB] | task_loss=0.1762 | val_AP=0.5729 mean_AP=0.5730 delta=-0.0001 | test_AP=0.5498 | cos_sim=0.9999 grad_norm=11.2685 attn_entr=nan | novelty_loss=-0.0403 diversity_loss=0.0500
Epoch 870/1500 [6.7s mem=1918MB] | task_loss=0.1762 | val_AP=0.5739 mean_AP=0.5740 delta=-0.0000 | test_AP=0.5483 | cos_sim=0.9999 grad_norm=11.5822 attn_entr=nan | novelty_loss=-0.0402 diversity_loss=0.0500
Epoch 871/1500 [6.7s mem=1920MB] | task_loss=0.1767 | val_AP=0.5780 mean_AP=0.5780 delta=-0.0001 | test_AP=0.5491 | cos_sim=0.9999 grad_norm=11.6856 attn_entr=nan | novelty_loss=-0.0402 diversity_loss=0.0500
Epoch 872/1500 [6.7s mem=1919MB] | task_loss=0.1761 | val_AP=0.5793 mean_AP=0.5793 delta=+0.0000 | test_AP=0.5511 | cos_sim=0.9999 grad_norm=11.5849 attn_entr=nan | novelty_loss=-0.0403 diversity_loss=0.0500
Epoch 873/1500 [6.8s mem=1919MB] | task_loss=0.1760 | val_AP=0.5738 mean_AP=0.5738 delta=+0.0001 | test_AP=0.5485 | cos_sim=0.9999 grad_norm=11.8949 attn_entr=nan | novelty_loss=-0.0402 diversity_loss=0.0500
Epoch 874/1500 [6.7s mem=1919MB] | task_loss=0.1759 | val_AP=0.5759 mean_AP=0.5759 delta=-0.0000 | test_AP=0.5495 | cos_sim=0.9999 grad_norm=11.4029 attn_entr=nan | novelty_loss=-0.0402 diversity_loss=0.0500
Epoch 875/1500 [6.8s mem=1920MB] | task_loss=0.1762 | val_AP=0.5755 mean_AP=0.5756 delta=-0.0001 | test_AP=0.5513 | cos_sim=0.9999 grad_norm=11.9029 attn_entr=nan | novelty_loss=-0.0403 diversity_loss=0.0500
Epoch 876/1500 [6.8s mem=1918MB] | task_loss=0.1758 | val_AP=0.5786 mean_AP=0.5787 delta=-0.0001 | test_AP=0.5484 | cos_sim=0.9999 grad_norm=11.1934 attn_entr=nan | novelty_loss=-0.0402 diversity_loss=0.0500
Epoch 877/1500 [6.7s mem=1919MB] | task_loss=0.1760 | val_AP=0.5744 mean_AP=0.5744 delta=-0.0000 | test_AP=0.5496 | cos_sim=0.9999 grad_norm=11.8373 attn_entr=nan | novelty_loss=-0.0402 diversity_loss=0.0500
Epoch 878/1500 [6.9s mem=1918MB] | task_loss=0.1762 | val_AP=0.5780 mean_AP=0.5778 delta=+0.0002 | test_AP=0.5456 | cos_sim=0.9999 grad_norm=12.5979 attn_entr=nan | novelty_loss=-0.0402 diversity_loss=0.0500
Epoch 879/1500 [6.8s mem=1919MB] | task_loss=0.1758 | val_AP=0.5778 mean_AP=0.5780 delta=-0.0002 | test_AP=0.5499 | cos_sim=0.9999 grad_norm=11.6572 attn_entr=nan | novelty_loss=-0.0402 diversity_loss=0.0500
Epoch 880/1500 [6.8s mem=1921MB] | task_loss=0.1758 | val_AP=0.5788 mean_AP=0.5787 delta=+0.0001 | test_AP=0.5443 | cos_sim=0.9999 grad_norm=11.6512 attn_entr=nan | novelty_loss=-0.0402 diversity_loss=0.0500
Epoch 881/1500 [6.8s mem=1922MB] | task_loss=0.1755 | val_AP=0.5751 mean_AP=0.5752 delta=-0.0001 | test_AP=0.5517 | cos_sim=0.9999 grad_norm=11.6072 attn_entr=nan | novelty_loss=-0.0403 diversity_loss=0.0500
Epoch 882/1500 [6.6s mem=1922MB] | task_loss=0.1754 | val_AP=0.5783 mean_AP=0.5783 delta=-0.0000 | test_AP=0.5508 | cos_sim=0.9999 grad_norm=11.7607 attn_entr=nan | novelty_loss=-0.0402 diversity_loss=0.0500
Epoch 883/1500 [6.8s mem=1920MB] | task_loss=0.1754 | val_AP=0.5777 mean_AP=0.5778 delta=-0.0001 | test_AP=0.5483 | cos_sim=0.9999 grad_norm=11.4728 attn_entr=nan | novelty_loss=-0.0402 diversity_loss=0.0500
Epoch 884/1500 [6.7s mem=1919MB] | task_loss=0.1752 | val_AP=0.5794 mean_AP=0.5793 delta=+0.0000 | test_AP=0.5497 | cos_sim=0.9999 grad_norm=11.6468 attn_entr=nan | novelty_loss=-0.0402 diversity_loss=0.0500
Epoch 885/1500 [6.8s mem=1919MB] | task_loss=0.1749 | val_AP=0.5808 mean_AP=0.5807 delta=+0.0001 | test_AP=0.5497 | cos_sim=0.9999 grad_norm=11.8514 attn_entr=nan | novelty_loss=-0.0402 diversity_loss=0.0500
Epoch 886/1500 [6.7s mem=1921MB] | task_loss=0.1751 | val_AP=0.5804 mean_AP=0.5804 delta=-0.0000 | test_AP=0.5478 | cos_sim=0.9999 grad_norm=11.6644 attn_entr=nan | novelty_loss=-0.0402 diversity_loss=0.0500
Epoch 887/1500 [6.7s mem=1920MB] | task_loss=0.1752 | val_AP=0.5835 mean_AP=0.5834 delta=+0.0000 | test_AP=0.5520 | cos_sim=0.9999 grad_norm=11.5894 attn_entr=nan | novelty_loss=-0.0402 diversity_loss=0.0500
Epoch 888/1500 [6.8s mem=1922MB] | task_loss=0.1748 | val_AP=0.5853 mean_AP=0.5853 delta=-0.0000 | test_AP=0.5501 | cos_sim=0.9999 grad_norm=11.6552 attn_entr=nan | novelty_loss=-0.0402 diversity_loss=0.0500
  -> New best metrics: gen_loss=0.1748 val_loss=0.2352 val_AP=0.5853
Epoch 889/1500 [6.7s mem=1920MB] | task_loss=0.1747 | val_AP=0.5854 mean_AP=0.5856 delta=-0.0002 | test_AP=0.5495 | cos_sim=0.9999 grad_norm=11.3205 attn_entr=nan | novelty_loss=-0.0402 diversity_loss=0.0500
  -> New best metrics: gen_loss=0.1747 val_loss=0.2352 val_AP=0.5854
Epoch 890/1500 [6.8s mem=1921MB] | task_loss=0.1750 | val_AP=0.5791 mean_AP=0.5792 delta=-0.0001 | test_AP=0.5526 | cos_sim=0.9999 grad_norm=12.0865 attn_entr=nan | novelty_loss=-0.0402 diversity_loss=0.0500
Epoch 891/1500 [6.8s mem=1921MB] | task_loss=0.1750 | val_AP=0.5788 mean_AP=0.5788 delta=+0.0000 | test_AP=0.5520 | cos_sim=0.9999 grad_norm=12.0502 attn_entr=nan | novelty_loss=-0.0402 diversity_loss=0.0500
Epoch 892/1500 [6.8s mem=1918MB] | task_loss=0.1749 | val_AP=0.5807 mean_AP=0.5806 delta=+0.0000 | test_AP=0.5510 | cos_sim=0.9999 grad_norm=12.2080 attn_entr=nan | novelty_loss=-0.0402 diversity_loss=0.0500
Epoch 893/1500 [6.8s mem=1920MB] | task_loss=0.1750 | val_AP=0.5807 mean_AP=0.5808 delta=-0.0001 | test_AP=0.5511 | cos_sim=0.9999 grad_norm=11.8641 attn_entr=nan | novelty_loss=-0.0402 diversity_loss=0.0500
Epoch 894/1500 [6.7s mem=1920MB] | task_loss=0.1743 | val_AP=0.5828 mean_AP=0.5827 delta=+0.0001 | test_AP=0.5550 | cos_sim=0.9999 grad_norm=11.1975 attn_entr=nan | novelty_loss=-0.0402 diversity_loss=0.0500
Epoch 895/1500 [6.7s mem=1922MB] | task_loss=0.1742 | val_AP=0.5804 mean_AP=0.5805 delta=-0.0001 | test_AP=0.5496 | cos_sim=0.9999 grad_norm=11.8726 attn_entr=nan | novelty_loss=-0.0401 diversity_loss=0.0500
Epoch 896/1500 [6.5s mem=1920MB] | task_loss=0.1741 | val_AP=0.5832 mean_AP=0.5828 delta=+0.0003 | test_AP=0.5540 | cos_sim=0.9999 grad_norm=11.5962 attn_entr=nan | novelty_loss=-0.0402 diversity_loss=0.0500
Epoch 897/1500 [6.1s mem=1922MB] | task_loss=0.1743 | val_AP=0.5802 mean_AP=0.5801 delta=+0.0001 | test_AP=0.5503 | cos_sim=0.9999 grad_norm=11.6465 attn_entr=nan | novelty_loss=-0.0402 diversity_loss=0.0500
Epoch 898/1500 [6.4s mem=1918MB] | task_loss=0.1744 | val_AP=0.5786 mean_AP=0.5786 delta=+0.0000 | test_AP=0.5496 | cos_sim=0.9999 grad_norm=12.0265 attn_entr=nan | novelty_loss=-0.0402 diversity_loss=0.0500
Epoch 899/1500 [6.7s mem=1921MB] | task_loss=0.1740 | val_AP=0.5770 mean_AP=0.5772 delta=-0.0002 | test_AP=0.5501 | cos_sim=0.9999 grad_norm=11.5819 attn_entr=nan | novelty_loss=-0.0402 diversity_loss=0.0500
Epoch 900/1500 [5.9s mem=1921MB] | task_loss=0.1741 | val_AP=0.5839 mean_AP=0.5841 delta=-0.0001 | test_AP=0.5508 | cos_sim=0.9999 grad_norm=11.9051 attn_entr=nan | novelty_loss=-0.0401 diversity_loss=0.0500
Epoch 901/1500 [5.7s mem=1918MB] | task_loss=0.1739 | val_AP=0.5812 mean_AP=0.5813 delta=-0.0001 | test_AP=0.5541 | cos_sim=0.9999 grad_norm=11.7913 attn_entr=nan | novelty_loss=-0.0401 diversity_loss=0.0500
Epoch 902/1500 [6.3s mem=1919MB] | task_loss=0.1740 | val_AP=0.5849 mean_AP=0.5848 delta=+0.0001 | test_AP=0.5513 | cos_sim=0.9999 grad_norm=11.7324 attn_entr=nan | novelty_loss=-0.0401 diversity_loss=0.0500
Epoch 903/1500 [5.8s mem=1919MB] | task_loss=0.1738 | val_AP=0.5720 mean_AP=0.5719 delta=+0.0001 | test_AP=0.5459 | cos_sim=0.9999 grad_norm=11.7681 attn_entr=nan | novelty_loss=-0.0401 diversity_loss=0.0500
Epoch 904/1500 [5.7s mem=1922MB] | task_loss=0.1738 | val_AP=0.5786 mean_AP=0.5786 delta=-0.0000 | test_AP=0.5538 | cos_sim=0.9999 grad_norm=11.9035 attn_entr=nan | novelty_loss=-0.0401 diversity_loss=0.0500
Epoch 905/1500 [5.6s mem=1920MB] | task_loss=0.1740 | val_AP=0.5811 mean_AP=0.5810 delta=+0.0002 | test_AP=0.5514 | cos_sim=0.9999 grad_norm=11.9152 attn_entr=nan | novelty_loss=-0.0401 diversity_loss=0.0500
Epoch 906/1500 [5.7s mem=1920MB] | task_loss=0.1737 | val_AP=0.5774 mean_AP=0.5774 delta=-0.0001 | test_AP=0.5500 | cos_sim=0.9999 grad_norm=11.4197 attn_entr=nan | novelty_loss=-0.0401 diversity_loss=0.0500
Epoch 907/1500 [6.1s mem=1918MB] | task_loss=0.1737 | val_AP=0.5801 mean_AP=0.5800 delta=+0.0000 | test_AP=0.5503 | cos_sim=0.9999 grad_norm=12.0735 attn_entr=nan | novelty_loss=-0.0401 diversity_loss=0.0500
Epoch 908/1500 [6.2s mem=1918MB] | task_loss=0.1734 | val_AP=0.5802 mean_AP=0.5803 delta=-0.0001 | test_AP=0.5533 | cos_sim=0.9999 grad_norm=11.5180 attn_entr=nan | novelty_loss=-0.0401 diversity_loss=0.0500
Epoch 909/1500 [5.9s mem=1919MB] | task_loss=0.1733 | val_AP=0.5795 mean_AP=0.5794 delta=+0.0001 | test_AP=0.5525 | cos_sim=0.9999 grad_norm=11.4729 attn_entr=nan | novelty_loss=-0.0401 diversity_loss=0.0500
Epoch 910/1500 [5.5s mem=1920MB] | task_loss=0.1735 | val_AP=0.5787 mean_AP=0.5787 delta=-0.0000 | test_AP=0.5509 | cos_sim=0.9999 grad_norm=11.7413 attn_entr=nan | novelty_loss=-0.0401 diversity_loss=0.0500
Epoch 911/1500 [6.1s mem=1922MB] | task_loss=0.1736 | val_AP=0.5799 mean_AP=0.5798 delta=+0.0001 | test_AP=0.5507 | cos_sim=0.9999 grad_norm=11.9823 attn_entr=nan | novelty_loss=-0.0401 diversity_loss=0.0500
Epoch 912/1500 [5.9s mem=1921MB] | task_loss=0.1735 | val_AP=0.5772 mean_AP=0.5773 delta=-0.0001 | test_AP=0.5516 | cos_sim=0.9999 grad_norm=11.8837 attn_entr=nan | novelty_loss=-0.0401 diversity_loss=0.0500
Epoch 913/1500 [5.9s mem=1920MB] | task_loss=0.1733 | val_AP=0.5808 mean_AP=0.5806 delta=+0.0003 | test_AP=0.5520 | cos_sim=0.9999 grad_norm=11.6814 attn_entr=nan | novelty_loss=-0.0401 diversity_loss=0.0500
Epoch 914/1500 [6.7s mem=1918MB] | task_loss=0.1732 | val_AP=0.5802 mean_AP=0.5799 delta=+0.0003 | test_AP=0.5520 | cos_sim=0.9999 grad_norm=11.7225 attn_entr=nan | novelty_loss=-0.0401 diversity_loss=0.0500
Epoch 915/1500 [6.8s mem=1919MB] | task_loss=0.1727 | val_AP=0.5840 mean_AP=0.5841 delta=-0.0001 | test_AP=0.5527 | cos_sim=0.9999 grad_norm=11.9006 attn_entr=nan | novelty_loss=-0.0401 diversity_loss=0.0500
Epoch 916/1500 [6.7s mem=1920MB] | task_loss=0.1725 | val_AP=0.5754 mean_AP=0.5755 delta=-0.0001 | test_AP=0.5486 | cos_sim=0.9999 grad_norm=11.4897 attn_entr=nan | novelty_loss=-0.0401 diversity_loss=0.0500
Epoch 917/1500 [6.7s mem=1918MB] | task_loss=0.1728 | val_AP=0.5785 mean_AP=0.5784 delta=+0.0001 | test_AP=0.5518 | cos_sim=0.9999 grad_norm=11.7565 attn_entr=nan | novelty_loss=-0.0401 diversity_loss=0.0500
Epoch 918/1500 [6.7s mem=1921MB] | task_loss=0.1725 | val_AP=0.5747 mean_AP=0.5747 delta=-0.0000 | test_AP=0.5493 | cos_sim=0.9999 grad_norm=12.0394 attn_entr=nan | novelty_loss=-0.0401 diversity_loss=0.0500
Epoch 919/1500 [6.8s mem=1917MB] | task_loss=0.1726 | val_AP=0.5780 mean_AP=0.5780 delta=-0.0001 | test_AP=0.5534 | cos_sim=0.9999 grad_norm=11.7385 attn_entr=nan | novelty_loss=-0.0401 diversity_loss=0.0500
Epoch 920/1500 [6.7s mem=1919MB] | task_loss=0.1723 | val_AP=0.5830 mean_AP=0.5831 delta=-0.0001 | test_AP=0.5528 | cos_sim=0.9999 grad_norm=11.6719 attn_entr=nan | novelty_loss=-0.0401 diversity_loss=0.0500
Epoch 921/1500 [6.8s mem=1919MB] | task_loss=0.1723 | val_AP=0.5711 mean_AP=0.5713 delta=-0.0002 | test_AP=0.5513 | cos_sim=0.9999 grad_norm=11.4551 attn_entr=nan | novelty_loss=-0.0401 diversity_loss=0.0500
Epoch 922/1500 [6.7s mem=1920MB] | task_loss=0.1722 | val_AP=0.5812 mean_AP=0.5814 delta=-0.0001 | test_AP=0.5516 | cos_sim=0.9999 grad_norm=11.4275 attn_entr=nan | novelty_loss=-0.0401 diversity_loss=0.0500
Epoch 923/1500 [6.8s mem=1920MB] | task_loss=0.1724 | val_AP=0.5788 mean_AP=0.5788 delta=-0.0000 | test_AP=0.5515 | cos_sim=0.9999 grad_norm=11.7735 attn_entr=nan | novelty_loss=-0.0401 diversity_loss=0.0500
Epoch 924/1500 [6.8s mem=1920MB] | task_loss=0.1721 | val_AP=0.5854 mean_AP=0.5852 delta=+0.0002 | test_AP=0.5525 | cos_sim=0.9999 grad_norm=11.7030 attn_entr=nan | novelty_loss=-0.0400 diversity_loss=0.0500
Epoch 925/1500 [6.8s mem=1919MB] | task_loss=0.1723 | val_AP=0.5828 mean_AP=0.5827 delta=+0.0000 | test_AP=0.5515 | cos_sim=0.9999 grad_norm=12.0475 attn_entr=nan | novelty_loss=-0.0401 diversity_loss=0.0500
Epoch 926/1500 [6.8s mem=1920MB] | task_loss=0.1720 | val_AP=0.5799 mean_AP=0.5801 delta=-0.0002 | test_AP=0.5510 | cos_sim=0.9999 grad_norm=11.8815 attn_entr=nan | novelty_loss=-0.0401 diversity_loss=0.0500
Epoch 927/1500 [6.8s mem=1920MB] | task_loss=0.1721 | val_AP=0.5787 mean_AP=0.5787 delta=-0.0001 | test_AP=0.5500 | cos_sim=0.9999 grad_norm=11.9470 attn_entr=nan | novelty_loss=-0.0401 diversity_loss=0.0500
Epoch 928/1500 [6.8s mem=1921MB] | task_loss=0.1720 | val_AP=0.5760 mean_AP=0.5761 delta=-0.0001 | test_AP=0.5507 | cos_sim=0.9999 grad_norm=11.7039 attn_entr=nan | novelty_loss=-0.0400 diversity_loss=0.0500
Epoch 929/1500 [6.8s mem=1920MB] | task_loss=0.1719 | val_AP=0.5779 mean_AP=0.5777 delta=+0.0002 | test_AP=0.5524 | cos_sim=0.9999 grad_norm=11.8607 attn_entr=nan | novelty_loss=-0.0401 diversity_loss=0.0500
Epoch 930/1500 [6.6s mem=1920MB] | task_loss=0.1721 | val_AP=0.5813 mean_AP=0.5813 delta=+0.0001 | test_AP=0.5538 | cos_sim=0.9999 grad_norm=11.8808 attn_entr=nan | novelty_loss=-0.0400 diversity_loss=0.0500
Epoch 931/1500 [5.6s mem=1918MB] | task_loss=0.1719 | val_AP=0.5805 mean_AP=0.5807 delta=-0.0002 | test_AP=0.5534 | cos_sim=0.9999 grad_norm=11.9697 attn_entr=nan | novelty_loss=-0.0400 diversity_loss=0.0500
Epoch 932/1500 [5.8s mem=1919MB] | task_loss=0.1717 | val_AP=0.5770 mean_AP=0.5771 delta=-0.0001 | test_AP=0.5548 | cos_sim=0.9999 grad_norm=11.8720 attn_entr=nan | novelty_loss=-0.0400 diversity_loss=0.0500
Epoch 933/1500 [6.0s mem=1920MB] | task_loss=0.1719 | val_AP=0.5828 mean_AP=0.5827 delta=+0.0001 | test_AP=0.5551 | cos_sim=0.9999 grad_norm=11.9626 attn_entr=nan | novelty_loss=-0.0400 diversity_loss=0.0500
Epoch 934/1500 [6.5s mem=1921MB] | task_loss=0.1715 | val_AP=0.5758 mean_AP=0.5757 delta=+0.0001 | test_AP=0.5506 | cos_sim=0.9999 grad_norm=11.5555 attn_entr=nan | novelty_loss=-0.0400 diversity_loss=0.0500
Epoch 935/1500 [5.6s mem=1920MB] | task_loss=0.1712 | val_AP=0.5729 mean_AP=0.5730 delta=-0.0001 | test_AP=0.5514 | cos_sim=0.9999 grad_norm=11.5799 attn_entr=nan | novelty_loss=-0.0400 diversity_loss=0.0500
Epoch 936/1500 [6.3s mem=1920MB] | task_loss=0.1718 | val_AP=0.5808 mean_AP=0.5808 delta=-0.0000 | test_AP=0.5538 | cos_sim=0.9999 grad_norm=11.9259 attn_entr=nan | novelty_loss=-0.0401 diversity_loss=0.0500
Epoch 937/1500 [6.8s mem=1921MB] | task_loss=0.1713 | val_AP=0.5766 mean_AP=0.5766 delta=+0.0000 | test_AP=0.5541 | cos_sim=0.9999 grad_norm=11.4608 attn_entr=nan | novelty_loss=-0.0400 diversity_loss=0.0500
Epoch 938/1500 [6.8s mem=1919MB] | task_loss=0.1715 | val_AP=0.5796 mean_AP=0.5798 delta=-0.0002 | test_AP=0.5519 | cos_sim=0.9999 grad_norm=11.8461 attn_entr=nan | novelty_loss=-0.0400 diversity_loss=0.0500
Epoch 939/1500 [6.8s mem=1921MB] | task_loss=0.1712 | val_AP=0.5797 mean_AP=0.5798 delta=-0.0001 | test_AP=0.5551 | cos_sim=0.9999 grad_norm=11.5924 attn_entr=nan | novelty_loss=-0.0401 diversity_loss=0.0500
Epoch 940/1500 [6.8s mem=1922MB] | task_loss=0.1714 | val_AP=0.5778 mean_AP=0.5776 delta=+0.0003 | test_AP=0.5533 | cos_sim=0.9999 grad_norm=12.0221 attn_entr=nan | novelty_loss=-0.0400 diversity_loss=0.0500
Epoch 941/1500 [6.8s mem=1919MB] | task_loss=0.1708 | val_AP=0.5742 mean_AP=0.5742 delta=+0.0000 | test_AP=0.5546 | cos_sim=0.9999 grad_norm=11.7214 attn_entr=nan | novelty_loss=-0.0400 diversity_loss=0.0500
Epoch 942/1500 [6.7s mem=1919MB] | task_loss=0.1712 | val_AP=0.5800 mean_AP=0.5798 delta=+0.0002 | test_AP=0.5559 | cos_sim=0.9999 grad_norm=11.9800 attn_entr=nan | novelty_loss=-0.0400 diversity_loss=0.0500
Epoch 943/1500 [6.8s mem=1919MB] | task_loss=0.1709 | val_AP=0.5831 mean_AP=0.5831 delta=-0.0000 | test_AP=0.5549 | cos_sim=0.9999 grad_norm=11.8905 attn_entr=nan | novelty_loss=-0.0400 diversity_loss=0.0500
Epoch 944/1500 [6.7s mem=1919MB] | task_loss=0.1707 | val_AP=0.5800 mean_AP=0.5800 delta=-0.0001 | test_AP=0.5522 | cos_sim=0.9999 grad_norm=11.7792 attn_entr=nan | novelty_loss=-0.0400 diversity_loss=0.0500
Epoch 945/1500 [6.8s mem=1920MB] | task_loss=0.1705 | val_AP=0.5820 mean_AP=0.5819 delta=+0.0001 | test_AP=0.5503 | cos_sim=0.9999 grad_norm=11.7103 attn_entr=nan | novelty_loss=-0.0400 diversity_loss=0.0500
Epoch 946/1500 [6.7s mem=1919MB] | task_loss=0.1707 | val_AP=0.5766 mean_AP=0.5767 delta=-0.0001 | test_AP=0.5529 | cos_sim=0.9999 grad_norm=12.0830 attn_entr=nan | novelty_loss=-0.0400 diversity_loss=0.0500
Epoch 947/1500 [6.8s mem=1917MB] | task_loss=0.1707 | val_AP=0.5834 mean_AP=0.5829 delta=+0.0005 | test_AP=0.5566 | cos_sim=0.9999 grad_norm=11.8767 attn_entr=nan | novelty_loss=-0.0400 diversity_loss=0.0500
Epoch 948/1500 [6.7s mem=1921MB] | task_loss=0.1710 | val_AP=0.5812 mean_AP=0.5813 delta=-0.0001 | test_AP=0.5515 | cos_sim=0.9999 grad_norm=12.1172 attn_entr=nan | novelty_loss=-0.0400 diversity_loss=0.0500
Epoch 949/1500 [6.8s mem=1919MB] | task_loss=0.1707 | val_AP=0.5809 mean_AP=0.5809 delta=+0.0000 | test_AP=0.5487 | cos_sim=0.9999 grad_norm=11.9430 attn_entr=nan | novelty_loss=-0.0400 diversity_loss=0.0500
Epoch 950/1500 [6.8s mem=1922MB] | task_loss=0.1706 | val_AP=0.5839 mean_AP=0.5840 delta=-0.0001 | test_AP=0.5542 | cos_sim=0.9999 grad_norm=11.6897 attn_entr=nan | novelty_loss=-0.0400 diversity_loss=0.0500
Epoch 951/1500 [6.8s mem=1842MB] | task_loss=0.1705 | val_AP=0.5783 mean_AP=0.5783 delta=+0.0000 | test_AP=0.5520 | cos_sim=0.9999 grad_norm=12.1432 attn_entr=nan | novelty_loss=-0.0400 diversity_loss=0.0500
Epoch 952/1500 [6.8s mem=1918MB] | task_loss=0.1703 | val_AP=0.5801 mean_AP=0.5800 delta=+0.0001 | test_AP=0.5551 | cos_sim=0.9999 grad_norm=11.7032 attn_entr=nan | novelty_loss=-0.0400 diversity_loss=0.0500
Epoch 953/1500 [6.8s mem=1922MB] | task_loss=0.1703 | val_AP=0.5792 mean_AP=0.5793 delta=-0.0001 | test_AP=0.5560 | cos_sim=0.9999 grad_norm=11.8619 attn_entr=nan | novelty_loss=-0.0400 diversity_loss=0.0500
Epoch 954/1500 [6.8s mem=1919MB] | task_loss=0.1704 | val_AP=0.5746 mean_AP=0.5745 delta=+0.0000 | test_AP=0.5493 | cos_sim=0.9999 grad_norm=11.6447 attn_entr=nan | novelty_loss=-0.0400 diversity_loss=0.0500
Epoch 955/1500 [6.7s mem=1920MB] | task_loss=0.1705 | val_AP=0.5747 mean_AP=0.5747 delta=+0.0000 | test_AP=0.5538 | cos_sim=0.9999 grad_norm=12.1240 attn_entr=nan | novelty_loss=-0.0400 diversity_loss=0.0500
Epoch 956/1500 [6.7s mem=1920MB] | task_loss=0.1698 | val_AP=0.5828 mean_AP=0.5829 delta=-0.0001 | test_AP=0.5549 | cos_sim=0.9999 grad_norm=11.3619 attn_entr=nan | novelty_loss=-0.0400 diversity_loss=0.0500
Epoch 957/1500 [6.7s mem=1921MB] | task_loss=0.1698 | val_AP=0.5818 mean_AP=0.5818 delta=+0.0000 | test_AP=0.5536 | cos_sim=0.9999 grad_norm=12.0853 attn_entr=nan | novelty_loss=-0.0400 diversity_loss=0.0500
Epoch 958/1500 [6.7s mem=1920MB] | task_loss=0.1698 | val_AP=0.5793 mean_AP=0.5793 delta=-0.0000 | test_AP=0.5537 | cos_sim=0.9999 grad_norm=11.8009 attn_entr=nan | novelty_loss=-0.0400 diversity_loss=0.0500
Epoch 959/1500 [6.8s mem=1917MB] | task_loss=0.1700 | val_AP=0.5814 mean_AP=0.5813 delta=+0.0001 | test_AP=0.5564 | cos_sim=0.9999 grad_norm=11.8652 attn_entr=nan | novelty_loss=-0.0400 diversity_loss=0.0500
Epoch 960/1500 [6.7s mem=1919MB] | task_loss=0.1700 | val_AP=0.5773 mean_AP=0.5773 delta=-0.0000 | test_AP=0.5532 | cos_sim=0.9999 grad_norm=12.2487 attn_entr=nan | novelty_loss=-0.0400 diversity_loss=0.0500
Epoch 961/1500 [6.8s mem=1919MB] | task_loss=0.1697 | val_AP=0.5794 mean_AP=0.5795 delta=-0.0001 | test_AP=0.5518 | cos_sim=0.9999 grad_norm=11.7943 attn_entr=nan | novelty_loss=-0.0399 diversity_loss=0.0500
Epoch 962/1500 [6.7s mem=1922MB] | task_loss=0.1700 | val_AP=0.5763 mean_AP=0.5763 delta=+0.0000 | test_AP=0.5533 | cos_sim=0.9999 grad_norm=11.9961 attn_entr=nan | novelty_loss=-0.0400 diversity_loss=0.0500
Epoch 963/1500 [6.8s mem=1919MB] | task_loss=0.1695 | val_AP=0.5804 mean_AP=0.5805 delta=-0.0001 | test_AP=0.5502 | cos_sim=0.9999 grad_norm=11.5431 attn_entr=nan | novelty_loss=-0.0399 diversity_loss=0.0500
Epoch 964/1500 [6.8s mem=1921MB] | task_loss=0.1698 | val_AP=0.5820 mean_AP=0.5818 delta=+0.0001 | test_AP=0.5578 | cos_sim=0.9999 grad_norm=11.9880 attn_entr=nan | novelty_loss=-0.0399 diversity_loss=0.0500
Epoch 965/1500 [6.8s mem=1919MB] | task_loss=0.1697 | val_AP=0.5802 mean_AP=0.5803 delta=-0.0001 | test_AP=0.5531 | cos_sim=0.9999 grad_norm=11.6392 attn_entr=nan | novelty_loss=-0.0399 diversity_loss=0.0500
Epoch 966/1500 [6.7s mem=1920MB] | task_loss=0.1695 | val_AP=0.5784 mean_AP=0.5783 delta=+0.0000 | test_AP=0.5523 | cos_sim=0.9999 grad_norm=11.8051 attn_entr=nan | novelty_loss=-0.0399 diversity_loss=0.0500
Epoch 967/1500 [6.8s mem=1921MB] | task_loss=0.1695 | val_AP=0.5747 mean_AP=0.5749 delta=-0.0001 | test_AP=0.5509 | cos_sim=0.9999 grad_norm=11.9655 attn_entr=nan | novelty_loss=-0.0399 diversity_loss=0.0500
Epoch 968/1500 [6.7s mem=1919MB] | task_loss=0.1693 | val_AP=0.5831 mean_AP=0.5834 delta=-0.0003 | test_AP=0.5541 | cos_sim=0.9999 grad_norm=11.9535 attn_entr=nan | novelty_loss=-0.0399 diversity_loss=0.0500
Epoch 969/1500 [6.7s mem=1922MB] | task_loss=0.1695 | val_AP=0.5786 mean_AP=0.5788 delta=-0.0002 | test_AP=0.5528 | cos_sim=0.9999 grad_norm=11.7430 attn_entr=nan | novelty_loss=-0.0399 diversity_loss=0.0500
Epoch 970/1500 [6.7s mem=1918MB] | task_loss=0.1694 | val_AP=0.5791 mean_AP=0.5790 delta=+0.0001 | test_AP=0.5550 | cos_sim=0.9999 grad_norm=12.2683 attn_entr=nan | novelty_loss=-0.0399 diversity_loss=0.0500
Epoch 971/1500 [6.8s mem=1920MB] | task_loss=0.1690 | val_AP=0.5782 mean_AP=0.5782 delta=+0.0000 | test_AP=0.5527 | cos_sim=0.9999 grad_norm=11.6916 attn_entr=nan | novelty_loss=-0.0399 diversity_loss=0.0500
Epoch 972/1500 [6.8s mem=1921MB] | task_loss=0.1689 | val_AP=0.5822 mean_AP=0.5821 delta=+0.0000 | test_AP=0.5553 | cos_sim=0.9999 grad_norm=11.5806 attn_entr=nan | novelty_loss=-0.0399 diversity_loss=0.0500
Epoch 973/1500 [6.8s mem=1919MB] | task_loss=0.1695 | val_AP=0.5791 mean_AP=0.5792 delta=-0.0001 | test_AP=0.5556 | cos_sim=0.9999 grad_norm=11.8871 attn_entr=nan | novelty_loss=-0.0399 diversity_loss=0.0500
Epoch 974/1500 [6.8s mem=1841MB] | task_loss=0.1689 | val_AP=0.5804 mean_AP=0.5804 delta=-0.0000 | test_AP=0.5546 | cos_sim=0.9999 grad_norm=11.9559 attn_entr=nan | novelty_loss=-0.0399 diversity_loss=0.0500
Epoch 975/1500 [6.8s mem=1920MB] | task_loss=0.1688 | val_AP=0.5802 mean_AP=0.5802 delta=+0.0000 | test_AP=0.5544 | cos_sim=0.9999 grad_norm=11.5341 attn_entr=nan | novelty_loss=-0.0399 diversity_loss=0.0500
Epoch 976/1500 [6.8s mem=1919MB] | task_loss=0.1688 | val_AP=0.5812 mean_AP=0.5812 delta=+0.0000 | test_AP=0.5525 | cos_sim=0.9999 grad_norm=11.9120 attn_entr=nan | novelty_loss=-0.0399 diversity_loss=0.0500
Epoch 977/1500 [6.8s mem=1920MB] | task_loss=0.1690 | val_AP=0.5762 mean_AP=0.5762 delta=+0.0001 | test_AP=0.5552 | cos_sim=0.9999 grad_norm=12.1423 attn_entr=nan | novelty_loss=-0.0399 diversity_loss=0.0500
Epoch 978/1500 [6.8s mem=1919MB] | task_loss=0.1687 | val_AP=0.5815 mean_AP=0.5815 delta=-0.0000 | test_AP=0.5553 | cos_sim=0.9999 grad_norm=11.8510 attn_entr=nan | novelty_loss=-0.0399 diversity_loss=0.0500
Epoch 979/1500 [6.8s mem=1921MB] | task_loss=0.1687 | val_AP=0.5794 mean_AP=0.5797 delta=-0.0003 | test_AP=0.5516 | cos_sim=0.9999 grad_norm=12.0971 attn_entr=nan | novelty_loss=-0.0399 diversity_loss=0.0500
Epoch 980/1500 [6.7s mem=1920MB] | task_loss=0.1687 | val_AP=0.5777 mean_AP=0.5777 delta=+0.0000 | test_AP=0.5506 | cos_sim=0.9999 grad_norm=11.9758 attn_entr=nan | novelty_loss=-0.0399 diversity_loss=0.0500
Epoch 981/1500 [5.5s mem=1917MB] | task_loss=0.1684 | val_AP=0.5802 mean_AP=0.5801 delta=+0.0001 | test_AP=0.5543 | cos_sim=0.9999 grad_norm=11.7216 attn_entr=nan | novelty_loss=-0.0399 diversity_loss=0.0500
Epoch 982/1500 [6.0s mem=1920MB] | task_loss=0.1684 | val_AP=0.5804 mean_AP=0.5805 delta=-0.0001 | test_AP=0.5518 | cos_sim=0.9999 grad_norm=11.9879 attn_entr=nan | novelty_loss=-0.0399 diversity_loss=0.0500
Epoch 983/1500 [6.0s mem=1919MB] | task_loss=0.1686 | val_AP=0.5786 mean_AP=0.5786 delta=+0.0000 | test_AP=0.5536 | cos_sim=0.9999 grad_norm=11.9786 attn_entr=nan | novelty_loss=-0.0399 diversity_loss=0.0500
Epoch 984/1500 [5.8s mem=1919MB] | task_loss=0.1685 | val_AP=0.5764 mean_AP=0.5762 delta=+0.0002 | test_AP=0.5538 | cos_sim=0.9999 grad_norm=12.0058 attn_entr=nan | novelty_loss=-0.0399 diversity_loss=0.0500
Epoch 985/1500 [5.4s mem=1919MB] | task_loss=0.1684 | val_AP=0.5761 mean_AP=0.5762 delta=-0.0000 | test_AP=0.5525 | cos_sim=0.9999 grad_norm=12.1016 attn_entr=nan | novelty_loss=-0.0398 diversity_loss=0.0500
Epoch 986/1500 [6.1s mem=1840MB] | task_loss=0.1683 | val_AP=0.5759 mean_AP=0.5760 delta=-0.0001 | test_AP=0.5543 | cos_sim=0.9999 grad_norm=12.3442 attn_entr=nan | novelty_loss=-0.0399 diversity_loss=0.0500
Epoch 987/1500 [5.7s mem=1920MB] | task_loss=0.1681 | val_AP=0.5817 mean_AP=0.5817 delta=-0.0000 | test_AP=0.5573 | cos_sim=0.9999 grad_norm=11.5881 attn_entr=nan | novelty_loss=-0.0399 diversity_loss=0.0500
Epoch 988/1500 [5.3s mem=1919MB] | task_loss=0.1680 | val_AP=0.5810 mean_AP=0.5810 delta=-0.0001 | test_AP=0.5547 | cos_sim=0.9999 grad_norm=12.0199 attn_entr=nan | novelty_loss=-0.0399 diversity_loss=0.0500
Epoch 989/1500 [5.3s mem=1921MB] | task_loss=0.1683 | val_AP=0.5785 mean_AP=0.5786 delta=-0.0001 | test_AP=0.5526 | cos_sim=0.9999 grad_norm=11.9114 attn_entr=nan | novelty_loss=-0.0398 diversity_loss=0.0500
Early stopping at epoch 989. Best val loss=0.2352 at epoch 889.
Stage 2 done. Best val loss=0.2352 at epoch 889.
Diagnostics saved to checkpoints_three_staged_cros_gred_vanilla_2/stage2_diagnostics.pkl

============================================================
STAGE 3: End-to-End Finetune
  Backbone: vanilla_gt
  Phase A: 5 epochs (frozen model, gen_lr=1.00e-04)
  Phase B: unfreeze model at lr=1.00e-05, gen_lr=1.00e-04
  Proxy dropout: 0.1
============================================================
Epoch   1/1000 [A][4.9s mem=2135MB] | train_loss=0.2245 train_AP=0.5884 | val_loss=0.2558 val_AP=0.5414 | test_AP=0.5135 | novelty_loss=-0.0405 diversity_loss=0.0500
  -> New best metrics: gen_loss=0.2245 val_loss=0.2558 val_AP=0.5414 (test=0.5135)
Epoch   2/1000 [A][4.9s mem=2132MB] | train_loss=0.2257 train_AP=0.5784 | val_loss=0.2493 val_AP=0.5524 | test_AP=0.5362 | novelty_loss=-0.0408 diversity_loss=0.0500
  -> New best metrics: gen_loss=0.2245 val_loss=0.2493 val_AP=0.5524 (test=0.5362)
Epoch   3/1000 [A][5.3s mem=2130MB] | train_loss=0.2147 train_AP=0.6077 | val_loss=0.2377 val_AP=0.5625 | test_AP=0.5388 | novelty_loss=-0.0407 diversity_loss=0.0500
  -> New best metrics: gen_loss=0.2147 val_loss=0.2377 val_AP=0.5625 (test=0.5388)
Epoch   4/1000 [A][5.6s mem=2130MB] | train_loss=0.2022 train_AP=0.6408 | val_loss=0.2356 val_AP=0.5695 | test_AP=0.5500 | novelty_loss=-0.0407 diversity_loss=0.0500
  -> New best metrics: gen_loss=0.2022 val_loss=0.2356 val_AP=0.5695 (test=0.5500)
Epoch   5/1000 [A][5.2s mem=2134MB] | train_loss=0.1936 train_AP=0.6619 | val_loss=0.2378 val_AP=0.5766 | test_AP=0.5513 | novelty_loss=-0.0406 diversity_loss=0.0500
  -> New best metrics: gen_loss=0.1936 val_loss=0.2356 val_AP=0.5766 (test=0.5513)
  [Epoch 6] Switching to Phase B — model unfrozen.
Epoch   6/1000 [B][6.5s mem=2332MB] | train_loss=0.1902 train_AP=0.6734 | val_loss=0.2381 val_AP=0.5766 | test_AP=0.5522 | novelty_loss=-0.0358 diversity_loss=0.0441
Epoch   7/1000 [B][6.5s mem=2323MB] | train_loss=0.1911 train_AP=0.6676 | val_loss=0.2370 val_AP=0.5763 | test_AP=0.5525 | novelty_loss=-0.0369 diversity_loss=0.0453
Epoch   8/1000 [B][6.5s mem=2326MB] | train_loss=0.1913 train_AP=0.6633 | val_loss=0.2392 val_AP=0.5698 | test_AP=0.5488 | novelty_loss=-0.0362 diversity_loss=0.0444
Epoch   9/1000 [B][6.5s mem=2328MB] | train_loss=0.1919 train_AP=0.6637 | val_loss=0.2408 val_AP=0.5717 | test_AP=0.5478 | novelty_loss=-0.0381 diversity_loss=0.0465
Epoch  10/1000 [B][6.6s mem=2319MB] | train_loss=0.1929 train_AP=0.6626 | val_loss=0.2388 val_AP=0.5795 | test_AP=0.5539 | novelty_loss=-0.0379 diversity_loss=0.0462
  -> New best metrics: gen_loss=0.1929 val_loss=0.2356 val_AP=0.5795 (test=0.5539)
Epoch  11/1000 [B][6.6s mem=2328MB] | train_loss=0.1925 train_AP=0.6614 | val_loss=0.2399 val_AP=0.5773 | test_AP=0.5491 | novelty_loss=-0.0373 diversity_loss=0.0453
Epoch  12/1000 [B][6.6s mem=2326MB] | train_loss=0.1914 train_AP=0.6646 | val_loss=0.2404 val_AP=0.5715 | test_AP=0.5469 | novelty_loss=-0.0362 diversity_loss=0.0438
Epoch  13/1000 [B][6.6s mem=2323MB] | train_loss=0.1941 train_AP=0.6627 | val_loss=0.2400 val_AP=0.5750 | test_AP=0.5460 | novelty_loss=-0.0376 diversity_loss=0.0453
Epoch  14/1000 [B][6.6s mem=2325MB] | train_loss=0.1933 train_AP=0.6632 | val_loss=0.2405 val_AP=0.5750 | test_AP=0.5503 | novelty_loss=-0.0385 diversity_loss=0.0462
Epoch  15/1000 [B][6.5s mem=2323MB] | train_loss=0.1942 train_AP=0.6571 | val_loss=0.2393 val_AP=0.5689 | test_AP=0.5442 | novelty_loss=-0.0358 diversity_loss=0.0426
Epoch  16/1000 [B][6.5s mem=2324MB] | train_loss=0.1926 train_AP=0.6583 | val_loss=0.2403 val_AP=0.5660 | test_AP=0.5429 | novelty_loss=-0.0368 diversity_loss=0.0435
Epoch  17/1000 [B][6.6s mem=2328MB] | train_loss=0.1934 train_AP=0.6588 | val_loss=0.2438 val_AP=0.5810 | test_AP=0.5496 | novelty_loss=-0.0375 diversity_loss=0.0441
  -> New best metrics: gen_loss=0.1929 val_loss=0.2356 val_AP=0.5810 (test=0.5496)
Epoch  18/1000 [B][6.6s mem=2324MB] | train_loss=0.1956 train_AP=0.6527 | val_loss=0.2431 val_AP=0.5644 | test_AP=0.5439 | novelty_loss=-0.0388 diversity_loss=0.0456
Epoch  19/1000 [B][6.6s mem=2328MB] | train_loss=0.1958 train_AP=0.6541 | val_loss=0.2401 val_AP=0.5751 | test_AP=0.5418 | novelty_loss=-0.0394 diversity_loss=0.0459
Epoch  20/1000 [B][6.5s mem=2327MB] | train_loss=0.1942 train_AP=0.6553 | val_loss=0.2404 val_AP=0.5758 | test_AP=0.5441 | novelty_loss=-0.0381 diversity_loss=0.0441
Epoch  21/1000 [B][6.5s mem=2327MB] | train_loss=0.1950 train_AP=0.6500 | val_loss=0.2416 val_AP=0.5588 | test_AP=0.5410 | novelty_loss=-0.0385 diversity_loss=0.0441
Epoch  22/1000 [B][6.5s mem=2332MB] | train_loss=0.1965 train_AP=0.6473 | val_loss=0.2414 val_AP=0.5649 | test_AP=0.5467 | novelty_loss=-0.0374 diversity_loss=0.0426
Epoch  23/1000 [B][6.6s mem=2324MB] | train_loss=0.1997 train_AP=0.6403 | val_loss=0.2384 val_AP=0.5795 | test_AP=0.5489 | novelty_loss=-0.0411 diversity_loss=0.0465
Epoch  24/1000 [B][6.6s mem=2335MB] | train_loss=0.1978 train_AP=0.6405 | val_loss=0.2381 val_AP=0.5677 | test_AP=0.5426 | novelty_loss=-0.0411 diversity_loss=0.0462
Epoch  25/1000 [B][6.6s mem=2325MB] | train_loss=0.1965 train_AP=0.6477 | val_loss=0.2395 val_AP=0.5688 | test_AP=0.5487 | novelty_loss=-0.0408 diversity_loss=0.0456
Epoch  26/1000 [B][6.6s mem=2328MB] | train_loss=0.2001 train_AP=0.6387 | val_loss=0.2407 val_AP=0.5583 | test_AP=0.5320 | novelty_loss=-0.0417 diversity_loss=0.0462
Epoch  27/1000 [B][6.6s mem=2325MB] | train_loss=0.1990 train_AP=0.6354 | val_loss=0.2500 val_AP=0.5778 | test_AP=0.5354 | novelty_loss=-0.0415 diversity_loss=0.0456
Epoch  28/1000 [B][6.5s mem=2330MB] | train_loss=0.1975 train_AP=0.6440 | val_loss=0.2519 val_AP=0.5770 | test_AP=0.5356 | novelty_loss=-0.0407 diversity_loss=0.0444
Epoch  29/1000 [B][6.6s mem=2323MB] | train_loss=0.1970 train_AP=0.6409 | val_loss=0.2512 val_AP=0.5610 | test_AP=0.5356 | novelty_loss=-0.0416 diversity_loss=0.0450
Epoch  30/1000 [B][6.6s mem=2322MB] | train_loss=0.1966 train_AP=0.6398 | val_loss=0.2485 val_AP=0.5667 | test_AP=0.5392 | novelty_loss=-0.0400 diversity_loss=0.0429
Epoch  31/1000 [B][6.7s mem=2237MB] | train_loss=0.2020 train_AP=0.6277 | val_loss=0.2434 val_AP=0.5576 | test_AP=0.5266 | novelty_loss=-0.0441 diversity_loss=0.0468
Epoch  32/1000 [B][6.6s mem=2327MB] | train_loss=0.1998 train_AP=0.6317 | val_loss=0.2393 val_AP=0.5728 | test_AP=0.5382 | novelty_loss=-0.0427 diversity_loss=0.0450
Epoch  33/1000 [B][6.6s mem=2325MB] | train_loss=0.1985 train_AP=0.6345 | val_loss=0.2419 val_AP=0.5649 | test_AP=0.5405 | novelty_loss=-0.0416 diversity_loss=0.0435
Epoch  34/1000 [B][6.6s mem=2328MB] | train_loss=0.1995 train_AP=0.6319 | val_loss=0.2463 val_AP=0.5687 | test_AP=0.5409 | novelty_loss=-0.0443 diversity_loss=0.0462
Epoch  35/1000 [B][6.6s mem=2328MB] | train_loss=0.1991 train_AP=0.6282 | val_loss=0.2638 val_AP=0.5503 | test_AP=0.5251 | novelty_loss=-0.0435 diversity_loss=0.0447
Epoch  36/1000 [B][6.7s mem=2324MB] | train_loss=0.2027 train_AP=0.6196 | val_loss=0.2448 val_AP=0.5541 | test_AP=0.5398 | novelty_loss=-0.0459 diversity_loss=0.0468
Epoch  37/1000 [B][6.6s mem=2327MB] | train_loss=0.1986 train_AP=0.6284 | val_loss=0.2537 val_AP=0.5515 | test_AP=0.5288 | novelty_loss=-0.0430 diversity_loss=0.0435
Epoch  38/1000 [B][6.6s mem=2325MB] | train_loss=0.2029 train_AP=0.6165 | val_loss=0.2451 val_AP=0.5644 | test_AP=0.5386 | novelty_loss=-0.0446 diversity_loss=0.0447
Epoch  39/1000 [B][6.6s mem=2325MB] | train_loss=0.2002 train_AP=0.6261 | val_loss=0.2375 val_AP=0.5651 | test_AP=0.5431 | novelty_loss=-0.0440 diversity_loss=0.0438
Epoch  40/1000 [B][6.6s mem=2327MB] | train_loss=0.2004 train_AP=0.6250 | val_loss=0.2489 val_AP=0.5395 | test_AP=0.5259 | novelty_loss=-0.0444 diversity_loss=0.0438
Epoch  41/1000 [B][6.6s mem=2322MB] | train_loss=0.2025 train_AP=0.6186 | val_loss=0.2482 val_AP=0.5539 | test_AP=0.5273 | novelty_loss=-0.0466 diversity_loss=0.0456
Epoch  42/1000 [B][6.6s mem=2325MB] | train_loss=0.2044 train_AP=0.6096 | val_loss=0.2493 val_AP=0.5582 | test_AP=0.5289 | novelty_loss=-0.0473 diversity_loss=0.0459
Epoch  43/1000 [B][6.5s mem=2328MB] | train_loss=0.2016 train_AP=0.6165 | val_loss=0.2445 val_AP=0.5612 | test_AP=0.5407 | novelty_loss=-0.0461 diversity_loss=0.0441
Epoch  44/1000 [B][6.6s mem=2334MB] | train_loss=0.2014 train_AP=0.6158 | val_loss=0.2594 val_AP=0.5304 | test_AP=0.5077 | novelty_loss=-0.0466 diversity_loss=0.0444
Epoch  45/1000 [B][6.6s mem=2324MB] | train_loss=0.2025 train_AP=0.6131 | val_loss=0.2458 val_AP=0.5602 | test_AP=0.5367 | novelty_loss=-0.0482 diversity_loss=0.0456
Epoch  46/1000 [B][6.6s mem=2330MB] | train_loss=0.2015 train_AP=0.6161 | val_loss=0.2468 val_AP=0.5606 | test_AP=0.5352 | novelty_loss=-0.0494 diversity_loss=0.0462
Epoch  47/1000 [B][6.6s mem=2329MB] | train_loss=0.1989 train_AP=0.6230 | val_loss=0.2408 val_AP=0.5477 | test_AP=0.5345 | novelty_loss=-0.0488 diversity_loss=0.0453
Epoch  48/1000 [B][6.6s mem=2237MB] | train_loss=0.2007 train_AP=0.6091 | val_loss=0.2516 val_AP=0.5681 | test_AP=0.5310 | novelty_loss=-0.0499 diversity_loss=0.0459
Epoch  49/1000 [B][6.6s mem=2327MB] | train_loss=0.2041 train_AP=0.6054 | val_loss=0.2538 val_AP=0.5497 | test_AP=0.5276 | novelty_loss=-0.0508 diversity_loss=0.0462
Epoch  50/1000 [B][6.6s mem=2327MB] | train_loss=0.1980 train_AP=0.6160 | val_loss=0.2473 val_AP=0.5493 | test_AP=0.5214 | novelty_loss=-0.0492 diversity_loss=0.0444
Epoch  51/1000 [B][6.6s mem=2327MB] | train_loss=0.2012 train_AP=0.6047 | val_loss=0.2601 val_AP=0.5485 | test_AP=0.5364 | novelty_loss=-0.0524 diversity_loss=0.0468
Epoch  52/1000 [B][5.7s mem=2325MB] | train_loss=0.2000 train_AP=0.6167 | val_loss=0.2506 val_AP=0.5419 | test_AP=0.5405 | novelty_loss=-0.0471 diversity_loss=0.0418
Epoch  53/1000 [B][5.9s mem=2327MB] | train_loss=0.1999 train_AP=0.6072 | val_loss=0.2425 val_AP=0.5623 | test_AP=0.5429 | novelty_loss=-0.0501 diversity_loss=0.0441
Epoch  54/1000 [B][6.6s mem=2322MB] | train_loss=0.2020 train_AP=0.6095 | val_loss=0.2501 val_AP=0.5460 | test_AP=0.5190 | novelty_loss=-0.0505 diversity_loss=0.0441
Epoch  55/1000 [B][6.6s mem=2236MB] | train_loss=0.1988 train_AP=0.6144 | val_loss=0.2507 val_AP=0.5506 | test_AP=0.5333 | novelty_loss=-0.0503 diversity_loss=0.0435
Epoch  56/1000 [B][6.6s mem=2325MB] | train_loss=0.2005 train_AP=0.6065 | val_loss=0.2528 val_AP=0.5597 | test_AP=0.5300 | novelty_loss=-0.0542 diversity_loss=0.0465
Epoch  57/1000 [B][6.6s mem=2324MB] | train_loss=0.1993 train_AP=0.6088 | val_loss=0.2582 val_AP=0.5300 | test_AP=0.5193 | novelty_loss=-0.0530 diversity_loss=0.0450
Epoch  58/1000 [B][6.6s mem=2327MB] | train_loss=0.2004 train_AP=0.6049 | val_loss=0.2471 val_AP=0.5451 | test_AP=0.5204 | novelty_loss=-0.0537 diversity_loss=0.0453
Epoch  59/1000 [B][6.7s mem=2324MB] | train_loss=0.1999 train_AP=0.6014 | val_loss=0.2438 val_AP=0.5589 | test_AP=0.5339 | novelty_loss=-0.0575 diversity_loss=0.0479
Epoch  60/1000 [B][6.6s mem=2236MB] | train_loss=0.1976 train_AP=0.6099 | val_loss=0.2590 val_AP=0.5458 | test_AP=0.5081 | novelty_loss=-0.0548 diversity_loss=0.0453
Epoch  61/1000 [B][6.6s mem=2329MB] | train_loss=0.1952 train_AP=0.6153 | val_loss=0.2555 val_AP=0.5629 | test_AP=0.5226 | novelty_loss=-0.0556 diversity_loss=0.0456
Epoch  62/1000 [B][6.6s mem=2330MB] | train_loss=0.1925 train_AP=0.6204 | val_loss=0.2436 val_AP=0.5678 | test_AP=0.5361 | novelty_loss=-0.0552 diversity_loss=0.0450
Epoch  63/1000 [B][6.5s mem=2330MB] | train_loss=0.1932 train_AP=0.6177 | val_loss=0.2455 val_AP=0.5621 | test_AP=0.5437 | novelty_loss=-0.0531 diversity_loss=0.0429
Epoch  64/1000 [B][6.5s mem=2330MB] | train_loss=0.1939 train_AP=0.6126 | val_loss=0.2535 val_AP=0.5457 | test_AP=0.5400 | novelty_loss=-0.0548 diversity_loss=0.0441
Epoch  65/1000 [B][6.5s mem=2328MB] | train_loss=0.1939 train_AP=0.6134 | val_loss=0.2482 val_AP=0.5477 | test_AP=0.5260 | novelty_loss=-0.0577 diversity_loss=0.0462
Epoch  66/1000 [B][6.6s mem=2332MB] | train_loss=0.1908 train_AP=0.6167 | val_loss=0.2446 val_AP=0.5483 | test_AP=0.5263 | novelty_loss=-0.0585 diversity_loss=0.0465
Epoch  67/1000 [B][6.6s mem=2323MB] | train_loss=0.1903 train_AP=0.6217 | val_loss=0.2515 val_AP=0.5605 | test_AP=0.5271 | novelty_loss=-0.0594 diversity_loss=0.0468
Epoch  68/1000 [B][6.6s mem=2328MB] | train_loss=0.1922 train_AP=0.6128 | val_loss=0.2520 val_AP=0.5585 | test_AP=0.5225 | novelty_loss=-0.0601 diversity_loss=0.0471
Epoch  69/1000 [B][6.7s mem=2324MB] | train_loss=0.1896 train_AP=0.6193 | val_loss=0.2630 val_AP=0.5525 | test_AP=0.5254 | novelty_loss=-0.0590 diversity_loss=0.0459
Epoch  70/1000 [B][6.5s mem=2330MB] | train_loss=0.1925 train_AP=0.6106 | val_loss=0.2526 val_AP=0.5697 | test_AP=0.5416 | novelty_loss=-0.0578 diversity_loss=0.0447
Epoch  71/1000 [B][6.5s mem=2326MB] | train_loss=0.1922 train_AP=0.6104 | val_loss=0.2469 val_AP=0.5582 | test_AP=0.5335 | novelty_loss=-0.0577 diversity_loss=0.0444
Epoch  72/1000 [B][6.6s mem=2329MB] | train_loss=0.1883 train_AP=0.6213 | val_loss=0.2416 val_AP=0.5481 | test_AP=0.5348 | novelty_loss=-0.0588 diversity_loss=0.0450
Epoch  73/1000 [B][6.6s mem=2326MB] | train_loss=0.1878 train_AP=0.6205 | val_loss=0.2489 val_AP=0.5567 | test_AP=0.5437 | novelty_loss=-0.0626 diversity_loss=0.0476
Epoch  74/1000 [B][6.5s mem=2320MB] | train_loss=0.1872 train_AP=0.6200 | val_loss=0.2458 val_AP=0.5535 | test_AP=0.5400 | novelty_loss=-0.0596 diversity_loss=0.0450
Epoch  75/1000 [B][6.6s mem=2325MB] | train_loss=0.1876 train_AP=0.6149 | val_loss=0.2568 val_AP=0.5314 | test_AP=0.5167 | novelty_loss=-0.0621 diversity_loss=0.0468
Epoch  76/1000 [B][6.7s mem=2326MB] | train_loss=0.1858 train_AP=0.6207 | val_loss=0.2466 val_AP=0.5722 | test_AP=0.5500 | novelty_loss=-0.0617 diversity_loss=0.0462
Epoch  77/1000 [B][6.6s mem=2325MB] | train_loss=0.1829 train_AP=0.6294 | val_loss=0.2442 val_AP=0.5529 | test_AP=0.5360 | novelty_loss=-0.0601 diversity_loss=0.0447
Epoch  78/1000 [B][6.6s mem=2330MB] | train_loss=0.1814 train_AP=0.6314 | val_loss=0.2442 val_AP=0.5680 | test_AP=0.5433 | novelty_loss=-0.0599 diversity_loss=0.0444
Epoch  79/1000 [B][6.6s mem=2327MB] | train_loss=0.1828 train_AP=0.6308 | val_loss=0.2415 val_AP=0.5681 | test_AP=0.5517 | novelty_loss=-0.0605 diversity_loss=0.0447
Epoch  80/1000 [B][6.6s mem=2237MB] | train_loss=0.1819 train_AP=0.6305 | val_loss=0.2393 val_AP=0.5575 | test_AP=0.5352 | novelty_loss=-0.0611 diversity_loss=0.0450
Epoch  81/1000 [B][6.5s mem=2326MB] | train_loss=0.1814 train_AP=0.6359 | val_loss=0.2416 val_AP=0.5655 | test_AP=0.5504 | novelty_loss=-0.0595 diversity_loss=0.0435
Epoch  82/1000 [B][6.5s mem=2324MB] | train_loss=0.1792 train_AP=0.6329 | val_loss=0.2400 val_AP=0.5660 | test_AP=0.5374 | novelty_loss=-0.0616 diversity_loss=0.0450
Epoch  83/1000 [B][6.6s mem=2331MB] | train_loss=0.1812 train_AP=0.6279 | val_loss=0.2408 val_AP=0.5630 | test_AP=0.5438 | novelty_loss=-0.0627 diversity_loss=0.0456
Epoch  84/1000 [B][6.6s mem=2237MB] | train_loss=0.1790 train_AP=0.6367 | val_loss=0.2504 val_AP=0.5629 | test_AP=0.5346 | novelty_loss=-0.0634 diversity_loss=0.0459
Epoch  85/1000 [B][6.6s mem=2322MB] | train_loss=0.1793 train_AP=0.6344 | val_loss=0.2398 val_AP=0.5742 | test_AP=0.5543 | novelty_loss=-0.0624 diversity_loss=0.0450
Epoch  86/1000 [B][6.6s mem=2326MB] | train_loss=0.1794 train_AP=0.6359 | val_loss=0.2413 val_AP=0.5728 | test_AP=0.5457 | novelty_loss=-0.0618 diversity_loss=0.0444
Epoch  87/1000 [B][6.6s mem=2326MB] | train_loss=0.1762 train_AP=0.6380 | val_loss=0.2392 val_AP=0.5703 | test_AP=0.5483 | novelty_loss=-0.0637 diversity_loss=0.0456
Epoch  88/1000 [B][6.5s mem=2327MB] | train_loss=0.1753 train_AP=0.6424 | val_loss=0.2463 val_AP=0.5638 | test_AP=0.5451 | novelty_loss=-0.0627 diversity_loss=0.0447
Epoch  89/1000 [B][6.6s mem=2330MB] | train_loss=0.1749 train_AP=0.6444 | val_loss=0.2505 val_AP=0.5692 | test_AP=0.5456 | novelty_loss=-0.0634 diversity_loss=0.0450
Epoch  90/1000 [B][6.6s mem=2327MB] | train_loss=0.1737 train_AP=0.6442 | val_loss=0.2483 val_AP=0.5514 | test_AP=0.5348 | novelty_loss=-0.0643 diversity_loss=0.0456
Epoch  91/1000 [B][6.6s mem=2323MB] | train_loss=0.1736 train_AP=0.6488 | val_loss=0.2441 val_AP=0.5710 | test_AP=0.5536 | novelty_loss=-0.0609 diversity_loss=0.0429
Epoch  92/1000 [B][6.6s mem=2327MB] | train_loss=0.1738 train_AP=0.6430 | val_loss=0.2686 val_AP=0.5588 | test_AP=0.5418 | novelty_loss=-0.0644 diversity_loss=0.0453
Epoch  93/1000 [B][6.6s mem=2328MB] | train_loss=0.1730 train_AP=0.6470 | val_loss=0.2559 val_AP=0.5667 | test_AP=0.5360 | novelty_loss=-0.0637 diversity_loss=0.0447
Epoch  94/1000 [B][6.4s mem=2327MB] | train_loss=0.1724 train_AP=0.6480 | val_loss=0.2488 val_AP=0.5736 | test_AP=0.5516 | novelty_loss=-0.0627 diversity_loss=0.0438
Epoch  95/1000 [B][6.6s mem=2330MB] | train_loss=0.1709 train_AP=0.6494 | val_loss=0.2437 val_AP=0.5503 | test_AP=0.5360 | novelty_loss=-0.0654 diversity_loss=0.0456
Epoch  96/1000 [B][6.6s mem=2325MB] | train_loss=0.1713 train_AP=0.6442 | val_loss=0.2569 val_AP=0.5663 | test_AP=0.5464 | novelty_loss=-0.0666 diversity_loss=0.0462
Epoch  97/1000 [B][6.6s mem=2327MB] | train_loss=0.1717 train_AP=0.6427 | val_loss=0.2448 val_AP=0.5719 | test_AP=0.5378 | novelty_loss=-0.0664 diversity_loss=0.0459
Epoch  98/1000 [B][6.6s mem=2326MB] | train_loss=0.1699 train_AP=0.6518 | val_loss=0.2400 val_AP=0.5889 | test_AP=0.5562 | novelty_loss=-0.0630 diversity_loss=0.0435
  -> New best metrics: gen_loss=0.1699 val_loss=0.2356 val_AP=0.5889 (test=0.5562)
Epoch  99/1000 [B][6.5s mem=2324MB] | train_loss=0.1710 train_AP=0.6477 | val_loss=0.2474 val_AP=0.5512 | test_AP=0.5388 | novelty_loss=-0.0658 diversity_loss=0.0453
Epoch 100/1000 [B][6.6s mem=2324MB] | train_loss=0.1697 train_AP=0.6550 | val_loss=0.2715 val_AP=0.5319 | test_AP=0.5257 | novelty_loss=-0.0647 diversity_loss=0.0444
Epoch 101/1000 [B][6.6s mem=2319MB] | train_loss=0.1699 train_AP=0.6525 | val_loss=0.2454 val_AP=0.5714 | test_AP=0.5552 | novelty_loss=-0.0650 diversity_loss=0.0444
Epoch 102/1000 [B][6.6s mem=2327MB] | train_loss=0.1681 train_AP=0.6553 | val_loss=0.2448 val_AP=0.5774 | test_AP=0.5589 | novelty_loss=-0.0647 diversity_loss=0.0441
Epoch 103/1000 [B][6.5s mem=2330MB] | train_loss=0.1669 train_AP=0.6612 | val_loss=0.2424 val_AP=0.5609 | test_AP=0.5511 | novelty_loss=-0.0644 diversity_loss=0.0438
Epoch 104/1000 [B][6.7s mem=2327MB] | train_loss=0.1676 train_AP=0.6527 | val_loss=0.2485 val_AP=0.5715 | test_AP=0.5544 | novelty_loss=-0.0676 diversity_loss=0.0459
Epoch 105/1000 [B][6.7s mem=2324MB] | train_loss=0.1682 train_AP=0.6531 | val_loss=0.2532 val_AP=0.5691 | test_AP=0.5445 | novelty_loss=-0.0669 diversity_loss=0.0453
Epoch 106/1000 [B][6.5s mem=2328MB] | train_loss=0.1659 train_AP=0.6661 | val_loss=0.2559 val_AP=0.5555 | test_AP=0.5376 | novelty_loss=-0.0635 diversity_loss=0.0429
Epoch 107/1000 [B][6.7s mem=2324MB] | train_loss=0.1679 train_AP=0.6512 | val_loss=0.2514 val_AP=0.5750 | test_AP=0.5572 | novelty_loss=-0.0684 diversity_loss=0.0462
Epoch 108/1000 [B][6.6s mem=2324MB] | train_loss=0.1660 train_AP=0.6603 | val_loss=0.2480 val_AP=0.5460 | test_AP=0.5332 | novelty_loss=-0.0664 diversity_loss=0.0447
Epoch 109/1000 [B][6.7s mem=2323MB] | train_loss=0.1673 train_AP=0.6488 | val_loss=0.2433 val_AP=0.5723 | test_AP=0.5544 | novelty_loss=-0.0675 diversity_loss=0.0453
Epoch 110/1000 [B][6.5s mem=2330MB] | train_loss=0.1663 train_AP=0.6581 | val_loss=0.2475 val_AP=0.5754 | test_AP=0.5529 | novelty_loss=-0.0646 diversity_loss=0.0432
Epoch 111/1000 [B][6.7s mem=2326MB] | train_loss=0.1640 train_AP=0.6539 | val_loss=0.2540 val_AP=0.5496 | test_AP=0.5468 | novelty_loss=-0.0700 diversity_loss=0.0468
Epoch 112/1000 [B][6.6s mem=2332MB] | train_loss=0.1645 train_AP=0.6559 | val_loss=0.2451 val_AP=0.5674 | test_AP=0.5591 | novelty_loss=-0.0688 diversity_loss=0.0459
Epoch 113/1000 [B][6.6s mem=2323MB] | train_loss=0.1629 train_AP=0.6633 | val_loss=0.2606 val_AP=0.5686 | test_AP=0.5458 | novelty_loss=-0.0672 diversity_loss=0.0447
Epoch 114/1000 [B][6.6s mem=2329MB] | train_loss=0.1633 train_AP=0.6598 | val_loss=0.2499 val_AP=0.5708 | test_AP=0.5609 | novelty_loss=-0.0682 diversity_loss=0.0453
Epoch 115/1000 [B][6.7s mem=2331MB] | train_loss=0.1618 train_AP=0.6623 | val_loss=0.2590 val_AP=0.5660 | test_AP=0.5521 | novelty_loss=-0.0688 diversity_loss=0.0456
Epoch 116/1000 [B][6.7s mem=2328MB] | train_loss=0.1603 train_AP=0.6690 | val_loss=0.2441 val_AP=0.5682 | test_AP=0.5487 | novelty_loss=-0.0662 diversity_loss=0.0438
Epoch 117/1000 [B][6.7s mem=2320MB] | train_loss=0.1616 train_AP=0.6617 | val_loss=0.2483 val_AP=0.5596 | test_AP=0.5416 | novelty_loss=-0.0691 diversity_loss=0.0456
Epoch 118/1000 [B][6.7s mem=2328MB] | train_loss=0.1593 train_AP=0.6704 | val_loss=0.2592 val_AP=0.5516 | test_AP=0.5333 | novelty_loss=-0.0678 diversity_loss=0.0447
Epoch 119/1000 [B][6.7s mem=2325MB] | train_loss=0.1588 train_AP=0.6750 | val_loss=0.2481 val_AP=0.5671 | test_AP=0.5526 | novelty_loss=-0.0675 diversity_loss=0.0444
Epoch 120/1000 [B][6.6s mem=2326MB] | train_loss=0.1615 train_AP=0.6612 | val_loss=0.2433 val_AP=0.5763 | test_AP=0.5663 | novelty_loss=-0.0686 diversity_loss=0.0450
Epoch 121/1000 [B][6.6s mem=2333MB] | train_loss=0.1616 train_AP=0.6655 | val_loss=0.2577 val_AP=0.5646 | test_AP=0.5597 | novelty_loss=-0.0669 diversity_loss=0.0438
Epoch 122/1000 [B][6.7s mem=2235MB] | train_loss=0.1559 train_AP=0.6754 | val_loss=0.2472 val_AP=0.5799 | test_AP=0.5607 | novelty_loss=-0.0706 diversity_loss=0.0462
Epoch 123/1000 [B][6.5s mem=2334MB] | train_loss=0.1593 train_AP=0.6684 | val_loss=0.2515 val_AP=0.5360 | test_AP=0.5293 | novelty_loss=-0.0676 diversity_loss=0.0441
Epoch 124/1000 [B][6.6s mem=2328MB] | train_loss=0.1577 train_AP=0.6717 | val_loss=0.2747 val_AP=0.5602 | test_AP=0.5315 | novelty_loss=-0.0709 diversity_loss=0.0462
Epoch 125/1000 [B][6.7s mem=2234MB] | train_loss=0.1577 train_AP=0.6740 | val_loss=0.2458 val_AP=0.5766 | test_AP=0.5603 | novelty_loss=-0.0674 diversity_loss=0.0438
Epoch 126/1000 [B][6.7s mem=2234MB] | train_loss=0.1552 train_AP=0.6759 | val_loss=0.2461 val_AP=0.5709 | test_AP=0.5546 | novelty_loss=-0.0702 diversity_loss=0.0456
Epoch 127/1000 [B][6.6s mem=2325MB] | train_loss=0.1534 train_AP=0.6788 | val_loss=0.2620 val_AP=0.5602 | test_AP=0.5430 | novelty_loss=-0.0690 diversity_loss=0.0447
Epoch 128/1000 [B][6.6s mem=2326MB] | train_loss=0.1563 train_AP=0.6772 | val_loss=0.2419 val_AP=0.5762 | test_AP=0.5615 | novelty_loss=-0.0696 diversity_loss=0.0450
Epoch 129/1000 [B][6.5s mem=2327MB] | train_loss=0.1553 train_AP=0.6748 | val_loss=0.2470 val_AP=0.5707 | test_AP=0.5558 | novelty_loss=-0.0692 diversity_loss=0.0447
Epoch 130/1000 [B][6.4s mem=2326MB] | train_loss=0.1561 train_AP=0.6752 | val_loss=0.2470 val_AP=0.5639 | test_AP=0.5455 | novelty_loss=-0.0689 diversity_loss=0.0444
Epoch 131/1000 [B][6.6s mem=2326MB] | train_loss=0.1558 train_AP=0.6736 | val_loss=0.2474 val_AP=0.5784 | test_AP=0.5584 | novelty_loss=-0.0684 diversity_loss=0.0441
Epoch 132/1000 [B][6.4s mem=2331MB] | train_loss=0.1570 train_AP=0.6731 | val_loss=0.2495 val_AP=0.5745 | test_AP=0.5597 | novelty_loss=-0.0709 diversity_loss=0.0456
Epoch 133/1000 [B][6.6s mem=2325MB] | train_loss=0.1533 train_AP=0.6753 | val_loss=0.2411 val_AP=0.5814 | test_AP=0.5585 | novelty_loss=-0.0710 diversity_loss=0.0456
Epoch 134/1000 [B][6.0s mem=2234MB] | train_loss=0.1544 train_AP=0.6775 | val_loss=0.2455 val_AP=0.5683 | test_AP=0.5558 | novelty_loss=-0.0692 diversity_loss=0.0444
Epoch 135/1000 [B][6.2s mem=2332MB] | train_loss=0.1537 train_AP=0.6789 | val_loss=0.2486 val_AP=0.5630 | test_AP=0.5488 | novelty_loss=-0.0711 diversity_loss=0.0456
Epoch 136/1000 [B][5.9s mem=2331MB] | train_loss=0.1504 train_AP=0.6858 | val_loss=0.2405 val_AP=0.5700 | test_AP=0.5569 | novelty_loss=-0.0726 diversity_loss=0.0465
Epoch 137/1000 [B][6.3s mem=2235MB] | train_loss=0.1520 train_AP=0.6766 | val_loss=0.2462 val_AP=0.5709 | test_AP=0.5581 | novelty_loss=-0.0718 diversity_loss=0.0459
Epoch 138/1000 [B][6.3s mem=2327MB] | train_loss=0.1498 train_AP=0.6846 | val_loss=0.2511 val_AP=0.5754 | test_AP=0.5605 | novelty_loss=-0.0715 diversity_loss=0.0456
Epoch 139/1000 [B][6.1s mem=2324MB] | train_loss=0.1491 train_AP=0.6874 | val_loss=0.2422 val_AP=0.5812 | test_AP=0.5621 | novelty_loss=-0.0706 diversity_loss=0.0450
Epoch 140/1000 [B][6.7s mem=2328MB] | train_loss=0.1491 train_AP=0.6909 | val_loss=0.2509 val_AP=0.5758 | test_AP=0.5574 | novelty_loss=-0.0707 diversity_loss=0.0450
Epoch 141/1000 [B][6.6s mem=2328MB] | train_loss=0.1515 train_AP=0.6874 | val_loss=0.2442 val_AP=0.5806 | test_AP=0.5589 | novelty_loss=-0.0685 diversity_loss=0.0435
Epoch 142/1000 [B][6.5s mem=2326MB] | train_loss=0.1481 train_AP=0.6919 | val_loss=0.2500 val_AP=0.5682 | test_AP=0.5571 | novelty_loss=-0.0695 diversity_loss=0.0441
Epoch 143/1000 [B][6.7s mem=2329MB] | train_loss=0.1475 train_AP=0.6931 | val_loss=0.2627 val_AP=0.5629 | test_AP=0.5402 | novelty_loss=-0.0738 diversity_loss=0.0468
Epoch 144/1000 [B][6.5s mem=2325MB] | train_loss=0.1481 train_AP=0.6843 | val_loss=0.2478 val_AP=0.5823 | test_AP=0.5541 | novelty_loss=-0.0734 diversity_loss=0.0465
Epoch 145/1000 [B][6.5s mem=2326MB] | train_loss=0.1477 train_AP=0.6878 | val_loss=0.2516 val_AP=0.5821 | test_AP=0.5669 | novelty_loss=-0.0726 diversity_loss=0.0459
Epoch 146/1000 [B][6.5s mem=2324MB] | train_loss=0.1454 train_AP=0.6969 | val_loss=0.2501 val_AP=0.5877 | test_AP=0.5616 | novelty_loss=-0.0727 diversity_loss=0.0459
Epoch 147/1000 [B][6.5s mem=2330MB] | train_loss=0.1484 train_AP=0.6947 | val_loss=0.2534 val_AP=0.5748 | test_AP=0.5562 | novelty_loss=-0.0695 diversity_loss=0.0438
Epoch 148/1000 [B][6.7s mem=2325MB] | train_loss=0.1483 train_AP=0.6884 | val_loss=0.2524 val_AP=0.5612 | test_AP=0.5575 | novelty_loss=-0.0714 diversity_loss=0.0450
Epoch 149/1000 [B][6.8s mem=2326MB] | train_loss=0.1457 train_AP=0.6902 | val_loss=0.2543 val_AP=0.5769 | test_AP=0.5656 | novelty_loss=-0.0738 diversity_loss=0.0465
Epoch 150/1000 [B][6.6s mem=2323MB] | train_loss=0.1453 train_AP=0.6948 | val_loss=0.2501 val_AP=0.5674 | test_AP=0.5557 | novelty_loss=-0.0712 diversity_loss=0.0447
Epoch 151/1000 [B][6.7s mem=2323MB] | train_loss=0.1479 train_AP=0.6890 | val_loss=0.2498 val_AP=0.5726 | test_AP=0.5566 | novelty_loss=-0.0731 diversity_loss=0.0459
Epoch 152/1000 [B][6.7s mem=2241MB] | train_loss=0.1436 train_AP=0.6975 | val_loss=0.2456 val_AP=0.5855 | test_AP=0.5681 | novelty_loss=-0.0713 diversity_loss=0.0447
Epoch 153/1000 [B][6.7s mem=2231MB] | train_loss=0.1441 train_AP=0.6957 | val_loss=0.2506 val_AP=0.5871 | test_AP=0.5650 | novelty_loss=-0.0736 diversity_loss=0.0462
Epoch 154/1000 [B][6.7s mem=2331MB] | train_loss=0.1420 train_AP=0.6986 | val_loss=0.2497 val_AP=0.5728 | test_AP=0.5507 | novelty_loss=-0.0761 diversity_loss=0.0476
Epoch 155/1000 [B][6.8s mem=2326MB] | train_loss=0.1431 train_AP=0.6982 | val_loss=0.2440 val_AP=0.5841 | test_AP=0.5636 | novelty_loss=-0.0748 diversity_loss=0.0468
Epoch 156/1000 [B][6.7s mem=2329MB] | train_loss=0.1458 train_AP=0.6930 | val_loss=0.2547 val_AP=0.5818 | test_AP=0.5700 | novelty_loss=-0.0711 diversity_loss=0.0444
Epoch 157/1000 [B][6.6s mem=2324MB] | train_loss=0.1448 train_AP=0.6939 | val_loss=0.2609 val_AP=0.5826 | test_AP=0.5563 | novelty_loss=-0.0692 diversity_loss=0.0432
Epoch 158/1000 [B][6.7s mem=2331MB] | train_loss=0.1429 train_AP=0.6993 | val_loss=0.2477 val_AP=0.5914 | test_AP=0.5617 | novelty_loss=-0.0712 diversity_loss=0.0444
  -> New best metrics: gen_loss=0.1429 val_loss=0.2356 val_AP=0.5914 (test=0.5617)
Epoch 159/1000 [B][6.6s mem=2326MB] | train_loss=0.1431 train_AP=0.7020 | val_loss=0.2501 val_AP=0.5878 | test_AP=0.5675 | novelty_loss=-0.0722 diversity_loss=0.0450
Epoch 160/1000 [B][6.7s mem=2322MB] | train_loss=0.1421 train_AP=0.7030 | val_loss=0.2609 val_AP=0.5862 | test_AP=0.5739 | novelty_loss=-0.0723 diversity_loss=0.0450
Epoch 161/1000 [B][6.6s mem=2326MB] | train_loss=0.1417 train_AP=0.7077 | val_loss=0.2549 val_AP=0.5863 | test_AP=0.5620 | novelty_loss=-0.0705 diversity_loss=0.0438
Epoch 162/1000 [B][6.7s mem=2331MB] | train_loss=0.1410 train_AP=0.7006 | val_loss=0.2533 val_AP=0.5874 | test_AP=0.5695 | novelty_loss=-0.0753 diversity_loss=0.0468
Epoch 163/1000 [B][6.0s mem=2328MB] | train_loss=0.1399 train_AP=0.7056 | val_loss=0.2537 val_AP=0.5683 | test_AP=0.5635 | novelty_loss=-0.0749 diversity_loss=0.0465
Epoch 164/1000 [B][5.7s mem=2325MB] | train_loss=0.1429 train_AP=0.6983 | val_loss=0.2470 val_AP=0.5828 | test_AP=0.5679 | novelty_loss=-0.0717 diversity_loss=0.0444
Epoch 165/1000 [B][5.6s mem=2323MB] | train_loss=0.1408 train_AP=0.7053 | val_loss=0.2562 val_AP=0.5875 | test_AP=0.5629 | novelty_loss=-0.0707 diversity_loss=0.0438
Epoch 166/1000 [B][6.5s mem=2329MB] | train_loss=0.1385 train_AP=0.7060 | val_loss=0.2642 val_AP=0.5770 | test_AP=0.5648 | novelty_loss=-0.0750 diversity_loss=0.0465
Epoch 167/1000 [B][5.6s mem=2325MB] | train_loss=0.1422 train_AP=0.7013 | val_loss=0.2545 val_AP=0.5664 | test_AP=0.5646 | novelty_loss=-0.0718 diversity_loss=0.0444
Epoch 168/1000 [B][5.6s mem=2233MB] | train_loss=0.1389 train_AP=0.7074 | val_loss=0.2557 val_AP=0.5767 | test_AP=0.5629 | novelty_loss=-0.0718 diversity_loss=0.0444
Epoch 169/1000 [B][5.4s mem=2328MB] | train_loss=0.1406 train_AP=0.7100 | val_loss=0.2578 val_AP=0.5704 | test_AP=0.5593 | novelty_loss=-0.0724 diversity_loss=0.0447
Epoch 170/1000 [B][5.6s mem=2330MB] | train_loss=0.1376 train_AP=0.7089 | val_loss=0.2607 val_AP=0.5752 | test_AP=0.5604 | novelty_loss=-0.0757 diversity_loss=0.0468
Epoch 171/1000 [B][6.1s mem=2238MB] | train_loss=0.1416 train_AP=0.7030 | val_loss=0.2566 val_AP=0.5889 | test_AP=0.5584 | novelty_loss=-0.0720 diversity_loss=0.0444
Epoch 172/1000 [B][5.7s mem=2329MB] | train_loss=0.1350 train_AP=0.7110 | val_loss=0.2529 val_AP=0.5868 | test_AP=0.5611 | novelty_loss=-0.0749 diversity_loss=0.0462
Epoch 173/1000 [B][6.2s mem=2327MB] | train_loss=0.1358 train_AP=0.7142 | val_loss=0.2497 val_AP=0.5825 | test_AP=0.5652 | novelty_loss=-0.0725 diversity_loss=0.0447
Epoch 174/1000 [B][5.5s mem=2329MB] | train_loss=0.1359 train_AP=0.7145 | val_loss=0.2708 val_AP=0.5787 | test_AP=0.5566 | novelty_loss=-0.0721 diversity_loss=0.0444
Epoch 175/1000 [B][6.1s mem=2327MB] | train_loss=0.1334 train_AP=0.7159 | val_loss=0.2592 val_AP=0.5769 | test_AP=0.5628 | novelty_loss=-0.0769 diversity_loss=0.0473
Epoch 176/1000 [B][5.7s mem=2325MB] | train_loss=0.1355 train_AP=0.7147 | val_loss=0.2491 val_AP=0.5803 | test_AP=0.5575 | novelty_loss=-0.0727 diversity_loss=0.0447
Epoch 177/1000 [B][6.1s mem=2333MB] | train_loss=0.1372 train_AP=0.7144 | val_loss=0.2727 val_AP=0.5820 | test_AP=0.5644 | novelty_loss=-0.0699 diversity_loss=0.0429
Epoch 178/1000 [B][5.6s mem=2331MB] | train_loss=0.1334 train_AP=0.7187 | val_loss=0.2513 val_AP=0.5780 | test_AP=0.5709 | novelty_loss=-0.0729 diversity_loss=0.0447
Epoch 179/1000 [B][6.3s mem=2326MB] | train_loss=0.1320 train_AP=0.7199 | val_loss=0.2594 val_AP=0.5858 | test_AP=0.5742 | novelty_loss=-0.0776 diversity_loss=0.0476
Epoch 180/1000 [B][5.7s mem=2327MB] | train_loss=0.1343 train_AP=0.7180 | val_loss=0.2533 val_AP=0.5856 | test_AP=0.5734 | novelty_loss=-0.0725 diversity_loss=0.0444
Epoch 181/1000 [B][6.0s mem=2324MB] | train_loss=0.1329 train_AP=0.7231 | val_loss=0.2510 val_AP=0.5862 | test_AP=0.5614 | novelty_loss=-0.0749 diversity_loss=0.0459
Epoch 182/1000 [B][6.6s mem=2324MB] | train_loss=0.1310 train_AP=0.7221 | val_loss=0.2571 val_AP=0.5893 | test_AP=0.5632 | novelty_loss=-0.0760 diversity_loss=0.0465
Epoch 183/1000 [B][5.8s mem=2330MB] | train_loss=0.1316 train_AP=0.7184 | val_loss=0.2500 val_AP=0.5771 | test_AP=0.5705 | novelty_loss=-0.0746 diversity_loss=0.0456
Epoch 184/1000 [B][5.4s mem=2328MB] | train_loss=0.1325 train_AP=0.7229 | val_loss=0.2585 val_AP=0.5740 | test_AP=0.5624 | novelty_loss=-0.0732 diversity_loss=0.0447
Epoch 185/1000 [B][5.7s mem=2236MB] | train_loss=0.1316 train_AP=0.7233 | val_loss=0.2522 val_AP=0.5933 | test_AP=0.5683 | novelty_loss=-0.0753 diversity_loss=0.0459
  -> New best metrics: gen_loss=0.1316 val_loss=0.2356 val_AP=0.5933 (test=0.5683)
Epoch 186/1000 [B][6.1s mem=2325MB] | train_loss=0.1325 train_AP=0.7229 | val_loss=0.2496 val_AP=0.5802 | test_AP=0.5717 | novelty_loss=-0.0736 diversity_loss=0.0450
Epoch 187/1000 [B][6.0s mem=2329MB] | train_loss=0.1341 train_AP=0.7151 | val_loss=0.2513 val_AP=0.5942 | test_AP=0.5771 | novelty_loss=-0.0753 diversity_loss=0.0459
  -> New best metrics: gen_loss=0.1316 val_loss=0.2356 val_AP=0.5942 (test=0.5771)
Epoch 188/1000 [B][6.2s mem=2330MB] | train_loss=0.1343 train_AP=0.7187 | val_loss=0.2580 val_AP=0.5923 | test_AP=0.5668 | novelty_loss=-0.0719 diversity_loss=0.0438
Epoch 189/1000 [B][6.3s mem=2330MB] | train_loss=0.1339 train_AP=0.7200 | val_loss=0.2526 val_AP=0.5808 | test_AP=0.5656 | novelty_loss=-0.0710 diversity_loss=0.0432
Epoch 190/1000 [B][6.0s mem=2322MB] | train_loss=0.1329 train_AP=0.7267 | val_loss=0.2710 val_AP=0.5814 | test_AP=0.5668 | novelty_loss=-0.0705 diversity_loss=0.0429
Epoch 191/1000 [B][5.8s mem=2239MB] | train_loss=0.1336 train_AP=0.7198 | val_loss=0.2715 val_AP=0.5755 | test_AP=0.5705 | novelty_loss=-0.0705 diversity_loss=0.0429
Epoch 192/1000 [B][6.0s mem=2325MB] | train_loss=0.1304 train_AP=0.7266 | val_loss=0.2594 val_AP=0.5769 | test_AP=0.5671 | novelty_loss=-0.0739 diversity_loss=0.0450
Epoch 193/1000 [B][5.7s mem=2328MB] | train_loss=0.1277 train_AP=0.7312 | val_loss=0.2441 val_AP=0.5940 | test_AP=0.5733 | novelty_loss=-0.0754 diversity_loss=0.0459
Epoch 194/1000 [B][5.9s mem=2324MB] | train_loss=0.1282 train_AP=0.7304 | val_loss=0.2501 val_AP=0.5868 | test_AP=0.5643 | novelty_loss=-0.0735 diversity_loss=0.0447
Epoch 195/1000 [B][6.1s mem=2331MB] | train_loss=0.1285 train_AP=0.7300 | val_loss=0.2547 val_AP=0.5873 | test_AP=0.5581 | novelty_loss=-0.0745 diversity_loss=0.0453
Epoch 196/1000 [B][6.6s mem=2328MB] | train_loss=0.1283 train_AP=0.7279 | val_loss=0.2534 val_AP=0.5889 | test_AP=0.5679 | novelty_loss=-0.0765 diversity_loss=0.0465
Epoch 197/1000 [B][6.6s mem=2328MB] | train_loss=0.1286 train_AP=0.7271 | val_loss=0.2540 val_AP=0.5913 | test_AP=0.5692 | novelty_loss=-0.0761 diversity_loss=0.0462
Epoch 198/1000 [B][6.6s mem=2329MB] | train_loss=0.1264 train_AP=0.7345 | val_loss=0.2676 val_AP=0.5795 | test_AP=0.5686 | novelty_loss=-0.0761 diversity_loss=0.0462
Epoch 199/1000 [B][6.5s mem=2329MB] | train_loss=0.1282 train_AP=0.7334 | val_loss=0.2579 val_AP=0.5887 | test_AP=0.5612 | novelty_loss=-0.0733 diversity_loss=0.0444
Epoch 200/1000 [B][6.6s mem=2331MB] | train_loss=0.1284 train_AP=0.7293 | val_loss=0.2520 val_AP=0.5950 | test_AP=0.5724 | novelty_loss=-0.0727 diversity_loss=0.0441
  -> New best metrics: gen_loss=0.1284 val_loss=0.2356 val_AP=0.5950 (test=0.5724)
Epoch 201/1000 [B][6.6s mem=2329MB] | train_loss=0.1272 train_AP=0.7328 | val_loss=0.2602 val_AP=0.5842 | test_AP=0.5714 | novelty_loss=-0.0748 diversity_loss=0.0453
Epoch 202/1000 [B][6.6s mem=2328MB] | train_loss=0.1230 train_AP=0.7462 | val_loss=0.2546 val_AP=0.5890 | test_AP=0.5645 | novelty_loss=-0.0777 diversity_loss=0.0471
Epoch 203/1000 [B][6.6s mem=2243MB] | train_loss=0.1250 train_AP=0.7403 | val_loss=0.2542 val_AP=0.5939 | test_AP=0.5745 | novelty_loss=-0.0758 diversity_loss=0.0459
Epoch 204/1000 [B][6.6s mem=2240MB] | train_loss=0.1252 train_AP=0.7370 | val_loss=0.2718 val_AP=0.5841 | test_AP=0.5737 | novelty_loss=-0.0745 diversity_loss=0.0450
Epoch 205/1000 [B][6.6s mem=2243MB] | train_loss=0.1273 train_AP=0.7314 | val_loss=0.2707 val_AP=0.5874 | test_AP=0.5644 | novelty_loss=-0.0745 diversity_loss=0.0450
Epoch 206/1000 [B][6.6s mem=2325MB] | train_loss=0.1231 train_AP=0.7433 | val_loss=0.2443 val_AP=0.5971 | test_AP=0.5828 | novelty_loss=-0.0740 diversity_loss=0.0447
  -> New best metrics: gen_loss=0.1231 val_loss=0.2356 val_AP=0.5971 (test=0.5828)
Epoch 207/1000 [B][6.6s mem=2330MB] | train_loss=0.1244 train_AP=0.7395 | val_loss=0.2647 val_AP=0.6015 | test_AP=0.5715 | novelty_loss=-0.0750 diversity_loss=0.0453
  -> New best metrics: gen_loss=0.1231 val_loss=0.2356 val_AP=0.6015 (test=0.5715)
Epoch 208/1000 [B][6.7s mem=2327MB] | train_loss=0.1243 train_AP=0.7359 | val_loss=0.2541 val_AP=0.5902 | test_AP=0.5689 | novelty_loss=-0.0774 diversity_loss=0.0468
Epoch 209/1000 [B][6.7s mem=2328MB] | train_loss=0.1234 train_AP=0.7372 | val_loss=0.2673 val_AP=0.5762 | test_AP=0.5693 | novelty_loss=-0.0765 diversity_loss=0.0462
Epoch 210/1000 [B][6.7s mem=2329MB] | train_loss=0.1202 train_AP=0.7423 | val_loss=0.2496 val_AP=0.6011 | test_AP=0.5772 | novelty_loss=-0.0795 diversity_loss=0.0479
Epoch 211/1000 [B][6.6s mem=2330MB] | train_loss=0.1240 train_AP=0.7424 | val_loss=0.2542 val_AP=0.5974 | test_AP=0.5700 | novelty_loss=-0.0731 diversity_loss=0.0441
Epoch 212/1000 [B][6.6s mem=2327MB] | train_loss=0.1274 train_AP=0.7332 | val_loss=0.2676 val_AP=0.5911 | test_AP=0.5715 | novelty_loss=-0.0743 diversity_loss=0.0447
Epoch 213/1000 [B][6.6s mem=2323MB] | train_loss=0.1205 train_AP=0.7461 | val_loss=0.2602 val_AP=0.5894 | test_AP=0.5641 | novelty_loss=-0.0767 diversity_loss=0.0462
Epoch 214/1000 [B][6.6s mem=2327MB] | train_loss=0.1217 train_AP=0.7384 | val_loss=0.2661 val_AP=0.5818 | test_AP=0.5741 | novelty_loss=-0.0767 diversity_loss=0.0462
Epoch 215/1000 [B][6.6s mem=2324MB] | train_loss=0.1221 train_AP=0.7389 | val_loss=0.2568 val_AP=0.5931 | test_AP=0.5730 | novelty_loss=-0.0768 diversity_loss=0.0462
Epoch 216/1000 [B][6.6s mem=2240MB] | train_loss=0.1228 train_AP=0.7386 | val_loss=0.2570 val_AP=0.5876 | test_AP=0.5761 | novelty_loss=-0.0744 diversity_loss=0.0447
Epoch 217/1000 [B][6.6s mem=2328MB] | train_loss=0.1259 train_AP=0.7392 | val_loss=0.2620 val_AP=0.5917 | test_AP=0.5762 | novelty_loss=-0.0705 diversity_loss=0.0423
Epoch 218/1000 [B][6.6s mem=2326MB] | train_loss=0.1224 train_AP=0.7404 | val_loss=0.2552 val_AP=0.6009 | test_AP=0.5787 | novelty_loss=-0.0735 diversity_loss=0.0441
Epoch 219/1000 [B][6.6s mem=2322MB] | train_loss=0.1216 train_AP=0.7427 | val_loss=0.2634 val_AP=0.5840 | test_AP=0.5675 | novelty_loss=-0.0740 diversity_loss=0.0444
Epoch 220/1000 [B][6.6s mem=2327MB] | train_loss=0.1200 train_AP=0.7472 | val_loss=0.2581 val_AP=0.5973 | test_AP=0.5827 | novelty_loss=-0.0740 diversity_loss=0.0444
Epoch 221/1000 [B][6.6s mem=2325MB] | train_loss=0.1206 train_AP=0.7475 | val_loss=0.2625 val_AP=0.5939 | test_AP=0.5777 | novelty_loss=-0.0745 diversity_loss=0.0447
Epoch 222/1000 [B][6.6s mem=2327MB] | train_loss=0.1203 train_AP=0.7476 | val_loss=0.2536 val_AP=0.5886 | test_AP=0.5771 | novelty_loss=-0.0740 diversity_loss=0.0444
Epoch 223/1000 [B][6.6s mem=2326MB] | train_loss=0.1190 train_AP=0.7449 | val_loss=0.2671 val_AP=0.5840 | test_AP=0.5760 | novelty_loss=-0.0755 diversity_loss=0.0453
Epoch 224/1000 [B][6.6s mem=2325MB] | train_loss=0.1216 train_AP=0.7471 | val_loss=0.2586 val_AP=0.5917 | test_AP=0.5705 | novelty_loss=-0.0732 diversity_loss=0.0438
Epoch 225/1000 [B][6.6s mem=2321MB] | train_loss=0.1185 train_AP=0.7522 | val_loss=0.2669 val_AP=0.5911 | test_AP=0.5822 | novelty_loss=-0.0761 diversity_loss=0.0456
Epoch 226/1000 [B][6.6s mem=2239MB] | train_loss=0.1191 train_AP=0.7515 | val_loss=0.2710 val_AP=0.6061 | test_AP=0.5754 | novelty_loss=-0.0762 diversity_loss=0.0456
  -> New best metrics: gen_loss=0.1191 val_loss=0.2356 val_AP=0.6061 (test=0.5754)
Epoch 227/1000 [B][6.6s mem=2328MB] | train_loss=0.1178 train_AP=0.7484 | val_loss=0.2566 val_AP=0.6058 | test_AP=0.5830 | novelty_loss=-0.0771 diversity_loss=0.0462
Epoch 228/1000 [B][6.6s mem=2318MB] | train_loss=0.1178 train_AP=0.7492 | val_loss=0.2624 val_AP=0.5974 | test_AP=0.5795 | novelty_loss=-0.0757 diversity_loss=0.0453
Epoch 229/1000 [B][6.6s mem=2324MB] | train_loss=0.1175 train_AP=0.7514 | val_loss=0.2666 val_AP=0.5917 | test_AP=0.5861 | novelty_loss=-0.0763 diversity_loss=0.0456
Epoch 230/1000 [B][6.7s mem=2326MB] | train_loss=0.1175 train_AP=0.7524 | val_loss=0.2551 val_AP=0.5996 | test_AP=0.5697 | novelty_loss=-0.0777 diversity_loss=0.0465
Epoch 231/1000 [B][6.7s mem=2325MB] | train_loss=0.1150 train_AP=0.7575 | val_loss=0.2708 val_AP=0.5907 | test_AP=0.5759 | novelty_loss=-0.0788 diversity_loss=0.0471
Epoch 232/1000 [B][6.6s mem=2328MB] | train_loss=0.1167 train_AP=0.7559 | val_loss=0.2695 val_AP=0.6085 | test_AP=0.5772 | novelty_loss=-0.0774 diversity_loss=0.0462
  -> New best metrics: gen_loss=0.1167 val_loss=0.2356 val_AP=0.6085 (test=0.5772)
Epoch 233/1000 [B][6.6s mem=2323MB] | train_loss=0.1179 train_AP=0.7560 | val_loss=0.2607 val_AP=0.6031 | test_AP=0.5771 | novelty_loss=-0.0735 diversity_loss=0.0438
Epoch 234/1000 [B][6.6s mem=2327MB] | train_loss=0.1188 train_AP=0.7541 | val_loss=0.2593 val_AP=0.5867 | test_AP=0.5736 | novelty_loss=-0.0745 diversity_loss=0.0444
Epoch 235/1000 [B][6.7s mem=2322MB] | train_loss=0.1159 train_AP=0.7516 | val_loss=0.2621 val_AP=0.5951 | test_AP=0.5724 | novelty_loss=-0.0769 diversity_loss=0.0459
Epoch 236/1000 [B][6.7s mem=2331MB] | train_loss=0.1164 train_AP=0.7577 | val_loss=0.2662 val_AP=0.5957 | test_AP=0.5728 | novelty_loss=-0.0749 diversity_loss=0.0447
Epoch 237/1000 [B][6.6s mem=2326MB] | train_loss=0.1151 train_AP=0.7558 | val_loss=0.2605 val_AP=0.6006 | test_AP=0.5770 | novelty_loss=-0.0770 diversity_loss=0.0459
Epoch 238/1000 [B][6.7s mem=2322MB] | train_loss=0.1158 train_AP=0.7529 | val_loss=0.2668 val_AP=0.5989 | test_AP=0.5815 | novelty_loss=-0.0751 diversity_loss=0.0447
Epoch 239/1000 [B][6.6s mem=2324MB] | train_loss=0.1146 train_AP=0.7597 | val_loss=0.2610 val_AP=0.6011 | test_AP=0.5783 | novelty_loss=-0.0760 diversity_loss=0.0453
Epoch 240/1000 [B][6.6s mem=2329MB] | train_loss=0.1158 train_AP=0.7604 | val_loss=0.2732 val_AP=0.5967 | test_AP=0.5792 | novelty_loss=-0.0736 diversity_loss=0.0438
Epoch 241/1000 [B][6.6s mem=2326MB] | train_loss=0.1173 train_AP=0.7566 | val_loss=0.2672 val_AP=0.5993 | test_AP=0.5788 | novelty_loss=-0.0731 diversity_loss=0.0435
Epoch 242/1000 [B][6.7s mem=2326MB] | train_loss=0.1142 train_AP=0.7586 | val_loss=0.2715 val_AP=0.5971 | test_AP=0.5750 | novelty_loss=-0.0775 diversity_loss=0.0462
Epoch 243/1000 [B][6.7s mem=2325MB] | train_loss=0.1115 train_AP=0.7638 | val_loss=0.2664 val_AP=0.5972 | test_AP=0.5887 | novelty_loss=-0.0776 diversity_loss=0.0462
Epoch 244/1000 [B][6.6s mem=2233MB] | train_loss=0.1170 train_AP=0.7568 | val_loss=0.2563 val_AP=0.6082 | test_AP=0.5921 | novelty_loss=-0.0731 diversity_loss=0.0435
Epoch 245/1000 [B][6.6s mem=2329MB] | train_loss=0.1093 train_AP=0.7639 | val_loss=0.2743 val_AP=0.5919 | test_AP=0.5752 | novelty_loss=-0.0801 diversity_loss=0.0476
Epoch 246/1000 [B][6.7s mem=2329MB] | train_loss=0.1093 train_AP=0.7682 | val_loss=0.2644 val_AP=0.6011 | test_AP=0.5870 | novelty_loss=-0.0792 diversity_loss=0.0471
Epoch 247/1000 [B][6.7s mem=2328MB] | train_loss=0.1108 train_AP=0.7633 | val_loss=0.2621 val_AP=0.5983 | test_AP=0.5746 | novelty_loss=-0.0777 diversity_loss=0.0462
Epoch 248/1000 [B][6.5s mem=2325MB] | train_loss=0.1155 train_AP=0.7571 | val_loss=0.2738 val_AP=0.6041 | test_AP=0.5742 | novelty_loss=-0.0718 diversity_loss=0.0426
Epoch 249/1000 [B][6.6s mem=2326MB] | train_loss=0.1086 train_AP=0.7685 | val_loss=0.2553 val_AP=0.6074 | test_AP=0.5861 | novelty_loss=-0.0787 diversity_loss=0.0468
Epoch 250/1000 [B][6.6s mem=2207MB] | train_loss=0.1112 train_AP=0.7608 | val_loss=0.2743 val_AP=0.5979 | test_AP=0.5783 | novelty_loss=-0.0778 diversity_loss=0.0462
Epoch 251/1000 [B][6.6s mem=2324MB] | train_loss=0.1136 train_AP=0.7618 | val_loss=0.2637 val_AP=0.5908 | test_AP=0.5653 | novelty_loss=-0.0758 diversity_loss=0.0450
Epoch 252/1000 [B][6.7s mem=2323MB] | train_loss=0.1138 train_AP=0.7660 | val_loss=0.2744 val_AP=0.5942 | test_AP=0.5830 | novelty_loss=-0.0724 diversity_loss=0.0429
Epoch 253/1000 [B][6.6s mem=2327MB] | train_loss=0.1088 train_AP=0.7707 | val_loss=0.2650 val_AP=0.5973 | test_AP=0.5837 | novelty_loss=-0.0768 diversity_loss=0.0456
Epoch 254/1000 [B][6.7s mem=2235MB] | train_loss=0.1091 train_AP=0.7664 | val_loss=0.2694 val_AP=0.5947 | test_AP=0.5767 | novelty_loss=-0.0764 diversity_loss=0.0453
Epoch 255/1000 [B][6.7s mem=2328MB] | train_loss=0.1104 train_AP=0.7644 | val_loss=0.2708 val_AP=0.6023 | test_AP=0.5754 | novelty_loss=-0.0754 diversity_loss=0.0447
Epoch 256/1000 [B][6.6s mem=2324MB] | train_loss=0.1084 train_AP=0.7707 | val_loss=0.2790 val_AP=0.6034 | test_AP=0.5781 | novelty_loss=-0.0789 diversity_loss=0.0468
Epoch 257/1000 [B][6.5s mem=2241MB] | train_loss=0.1105 train_AP=0.7687 | val_loss=0.2780 val_AP=0.5980 | test_AP=0.5841 | novelty_loss=-0.0745 diversity_loss=0.0441
Epoch 258/1000 [B][6.6s mem=2326MB] | train_loss=0.1106 train_AP=0.7679 | val_loss=0.2645 val_AP=0.6049 | test_AP=0.5775 | novelty_loss=-0.0770 diversity_loss=0.0456
Epoch 259/1000 [B][6.7s mem=2329MB] | train_loss=0.1099 train_AP=0.7719 | val_loss=0.2654 val_AP=0.6086 | test_AP=0.5820 | novelty_loss=-0.0745 diversity_loss=0.0441
  -> New best metrics: gen_loss=0.1099 val_loss=0.2356 val_AP=0.6086 (test=0.5820)
Epoch 260/1000 [B][6.6s mem=2331MB] | train_loss=0.1065 train_AP=0.7798 | val_loss=0.2700 val_AP=0.6041 | test_AP=0.5813 | novelty_loss=-0.0770 diversity_loss=0.0456
Epoch 261/1000 [B][6.7s mem=2331MB] | train_loss=0.1061 train_AP=0.7746 | val_loss=0.2663 val_AP=0.5981 | test_AP=0.5825 | novelty_loss=-0.0775 diversity_loss=0.0459
Epoch 262/1000 [B][6.7s mem=2326MB] | train_loss=0.1068 train_AP=0.7750 | val_loss=0.2750 val_AP=0.6044 | test_AP=0.5836 | novelty_loss=-0.0760 diversity_loss=0.0450
Epoch 263/1000 [B][6.6s mem=2325MB] | train_loss=0.1081 train_AP=0.7710 | val_loss=0.2893 val_AP=0.5878 | test_AP=0.5703 | novelty_loss=-0.0756 diversity_loss=0.0447
Epoch 264/1000 [B][6.7s mem=2328MB] | train_loss=0.1055 train_AP=0.7743 | val_loss=0.2877 val_AP=0.5850 | test_AP=0.5777 | novelty_loss=-0.0791 diversity_loss=0.0468
Epoch 265/1000 [B][6.7s mem=2325MB] | train_loss=0.1041 train_AP=0.7824 | val_loss=0.2702 val_AP=0.6024 | test_AP=0.5829 | novelty_loss=-0.0786 diversity_loss=0.0465
Epoch 266/1000 [B][6.6s mem=2325MB] | train_loss=0.1052 train_AP=0.7747 | val_loss=0.2701 val_AP=0.5997 | test_AP=0.5814 | novelty_loss=-0.0771 diversity_loss=0.0456
Epoch 267/1000 [B][6.7s mem=2319MB] | train_loss=0.1040 train_AP=0.7747 | val_loss=0.2715 val_AP=0.5982 | test_AP=0.5721 | novelty_loss=-0.0782 diversity_loss=0.0462
Epoch 268/1000 [B][6.6s mem=2331MB] | train_loss=0.1063 train_AP=0.7803 | val_loss=0.2762 val_AP=0.5962 | test_AP=0.5739 | novelty_loss=-0.0758 diversity_loss=0.0447
Epoch 269/1000 [B][6.6s mem=2236MB] | train_loss=0.1061 train_AP=0.7756 | val_loss=0.2637 val_AP=0.6058 | test_AP=0.5839 | novelty_loss=-0.0742 diversity_loss=0.0438
Epoch 270/1000 [B][6.6s mem=2325MB] | train_loss=0.1060 train_AP=0.7779 | val_loss=0.2741 val_AP=0.5923 | test_AP=0.5726 | novelty_loss=-0.0763 diversity_loss=0.0450
Epoch 271/1000 [B][6.6s mem=2332MB] | train_loss=0.1055 train_AP=0.7765 | val_loss=0.3008 val_AP=0.5905 | test_AP=0.5720 | novelty_loss=-0.0778 diversity_loss=0.0459
Epoch 272/1000 [B][6.6s mem=2326MB] | train_loss=0.1048 train_AP=0.7772 | val_loss=0.2674 val_AP=0.6094 | test_AP=0.5857 | novelty_loss=-0.0783 diversity_loss=0.0462
  -> New best metrics: gen_loss=0.1048 val_loss=0.2356 val_AP=0.6094 (test=0.5857)
Epoch 273/1000 [B][6.6s mem=2326MB] | train_loss=0.1027 train_AP=0.7853 | val_loss=0.2701 val_AP=0.6135 | test_AP=0.5808 | novelty_loss=-0.0768 diversity_loss=0.0453
  -> New best metrics: gen_loss=0.1027 val_loss=0.2356 val_AP=0.6135 (test=0.5808)
Epoch 274/1000 [B][6.6s mem=2329MB] | train_loss=0.1027 train_AP=0.7807 | val_loss=0.2676 val_AP=0.6141 | test_AP=0.5808 | novelty_loss=-0.0764 diversity_loss=0.0450
  -> New best metrics: gen_loss=0.1027 val_loss=0.2356 val_AP=0.6141 (test=0.5808)
Epoch 275/1000 [B][6.6s mem=2327MB] | train_loss=0.1055 train_AP=0.7774 | val_loss=0.2696 val_AP=0.6007 | test_AP=0.5819 | novelty_loss=-0.0764 diversity_loss=0.0450
Epoch 276/1000 [B][6.6s mem=2326MB] | train_loss=0.0999 train_AP=0.7809 | val_loss=0.2711 val_AP=0.6090 | test_AP=0.5856 | novelty_loss=-0.0789 diversity_loss=0.0465
Epoch 277/1000 [B][6.5s mem=2330MB] | train_loss=0.1083 train_AP=0.7791 | val_loss=0.2782 val_AP=0.5927 | test_AP=0.5803 | novelty_loss=-0.0724 diversity_loss=0.0426
Epoch 278/1000 [B][6.5s mem=2329MB] | train_loss=0.1071 train_AP=0.7799 | val_loss=0.2814 val_AP=0.6045 | test_AP=0.5867 | novelty_loss=-0.0734 diversity_loss=0.0432
Epoch 279/1000 [B][6.6s mem=2320MB] | train_loss=0.1025 train_AP=0.7826 | val_loss=0.2714 val_AP=0.6023 | test_AP=0.5848 | novelty_loss=-0.0759 diversity_loss=0.0447
Epoch 280/1000 [B][6.6s mem=2328MB] | train_loss=0.1027 train_AP=0.7843 | val_loss=0.3030 val_AP=0.5928 | test_AP=0.5720 | novelty_loss=-0.0769 diversity_loss=0.0453
Epoch 281/1000 [B][6.5s mem=2325MB] | train_loss=0.1037 train_AP=0.7871 | val_loss=0.2707 val_AP=0.6125 | test_AP=0.5793 | novelty_loss=-0.0749 diversity_loss=0.0441
Epoch 282/1000 [B][6.5s mem=2325MB] | train_loss=0.1063 train_AP=0.7790 | val_loss=0.2784 val_AP=0.6019 | test_AP=0.5789 | novelty_loss=-0.0735 diversity_loss=0.0432
Epoch 283/1000 [B][5.4s mem=2328MB] | train_loss=0.1033 train_AP=0.7861 | val_loss=0.2789 val_AP=0.6011 | test_AP=0.5834 | novelty_loss=-0.0755 diversity_loss=0.0444
Epoch 284/1000 [B][5.4s mem=2328MB] | train_loss=0.0991 train_AP=0.7893 | val_loss=0.2887 val_AP=0.5999 | test_AP=0.5798 | novelty_loss=-0.0791 diversity_loss=0.0465
Epoch 285/1000 [B][5.7s mem=2330MB] | train_loss=0.1023 train_AP=0.7830 | val_loss=0.2804 val_AP=0.6026 | test_AP=0.5828 | novelty_loss=-0.0746 diversity_loss=0.0438
Epoch 286/1000 [B][6.6s mem=2325MB] | train_loss=0.1010 train_AP=0.7892 | val_loss=0.2725 val_AP=0.5991 | test_AP=0.5836 | novelty_loss=-0.0781 diversity_loss=0.0459
Epoch 287/1000 [B][5.7s mem=2325MB] | train_loss=0.1029 train_AP=0.7811 | val_loss=0.2724 val_AP=0.6063 | test_AP=0.5818 | novelty_loss=-0.0751 diversity_loss=0.0441
Epoch 288/1000 [B][5.9s mem=2326MB] | train_loss=0.1030 train_AP=0.7777 | val_loss=0.2740 val_AP=0.6019 | test_AP=0.5881 | novelty_loss=-0.0776 diversity_loss=0.0456
Epoch 289/1000 [B][6.4s mem=2327MB] | train_loss=0.0979 train_AP=0.7874 | val_loss=0.2867 val_AP=0.6034 | test_AP=0.5746 | novelty_loss=-0.0801 diversity_loss=0.0470
Epoch 290/1000 [B][6.0s mem=2333MB] | train_loss=0.1003 train_AP=0.7878 | val_loss=0.2863 val_AP=0.6032 | test_AP=0.5909 | novelty_loss=-0.0761 diversity_loss=0.0447
Epoch 291/1000 [B][5.6s mem=2330MB] | train_loss=0.0997 train_AP=0.7888 | val_loss=0.2826 val_AP=0.6061 | test_AP=0.5772 | novelty_loss=-0.0771 diversity_loss=0.0453
Epoch 292/1000 [B][5.5s mem=2324MB] | train_loss=0.1002 train_AP=0.7853 | val_loss=0.2672 val_AP=0.6015 | test_AP=0.5684 | novelty_loss=-0.0766 diversity_loss=0.0450
Epoch 293/1000 [B][6.5s mem=2324MB] | train_loss=0.1000 train_AP=0.7872 | val_loss=0.2750 val_AP=0.6014 | test_AP=0.5720 | novelty_loss=-0.0767 diversity_loss=0.0450
Epoch 294/1000 [B][6.7s mem=2332MB] | train_loss=0.0996 train_AP=0.7873 | val_loss=0.2850 val_AP=0.6032 | test_AP=0.5785 | novelty_loss=-0.0772 diversity_loss=0.0453
Epoch 295/1000 [B][6.5s mem=2328MB] | train_loss=0.1047 train_AP=0.7826 | val_loss=0.2931 val_AP=0.5944 | test_AP=0.5729 | novelty_loss=-0.0717 diversity_loss=0.0421
Epoch 296/1000 [B][6.6s mem=2326MB] | train_loss=0.1021 train_AP=0.7859 | val_loss=0.2856 val_AP=0.6007 | test_AP=0.5776 | novelty_loss=-0.0752 diversity_loss=0.0441
Epoch 297/1000 [B][6.5s mem=2326MB] | train_loss=0.0992 train_AP=0.7897 | val_loss=0.2882 val_AP=0.5997 | test_AP=0.5754 | novelty_loss=-0.0772 diversity_loss=0.0453
Epoch 298/1000 [B][6.6s mem=2238MB] | train_loss=0.0996 train_AP=0.7908 | val_loss=0.2744 val_AP=0.6042 | test_AP=0.5841 | novelty_loss=-0.0763 diversity_loss=0.0447
Epoch 299/1000 [B][6.6s mem=2332MB] | train_loss=0.0977 train_AP=0.7911 | val_loss=0.2951 val_AP=0.5939 | test_AP=0.5877 | novelty_loss=-0.0787 diversity_loss=0.0462
Epoch 300/1000 [B][6.7s mem=2327MB] | train_loss=0.0938 train_AP=0.7979 | val_loss=0.2917 val_AP=0.6010 | test_AP=0.5798 | novelty_loss=-0.0798 diversity_loss=0.0468
Epoch 301/1000 [B][6.6s mem=2325MB] | train_loss=0.0975 train_AP=0.7938 | val_loss=0.2718 val_AP=0.6083 | test_AP=0.5828 | novelty_loss=-0.0763 diversity_loss=0.0447
Epoch 302/1000 [B][6.6s mem=2322MB] | train_loss=0.1001 train_AP=0.7894 | val_loss=0.2894 val_AP=0.6056 | test_AP=0.5856 | novelty_loss=-0.0768 diversity_loss=0.0450
Epoch 303/1000 [B][6.6s mem=2328MB] | train_loss=0.0977 train_AP=0.7957 | val_loss=0.2659 val_AP=0.6090 | test_AP=0.5786 | novelty_loss=-0.0773 diversity_loss=0.0453
Epoch 304/1000 [B][6.6s mem=2327MB] | train_loss=0.0970 train_AP=0.7975 | val_loss=0.2739 val_AP=0.6088 | test_AP=0.5860 | novelty_loss=-0.0753 diversity_loss=0.0441
Epoch 305/1000 [B][6.6s mem=2237MB] | train_loss=0.0965 train_AP=0.7982 | val_loss=0.2959 val_AP=0.6032 | test_AP=0.5835 | novelty_loss=-0.0768 diversity_loss=0.0450
Epoch 306/1000 [B][6.7s mem=2326MB] | train_loss=0.0935 train_AP=0.7979 | val_loss=0.2871 val_AP=0.5982 | test_AP=0.5849 | novelty_loss=-0.0788 diversity_loss=0.0462
Epoch 307/1000 [B][6.6s mem=2236MB] | train_loss=0.0935 train_AP=0.8065 | val_loss=0.2732 val_AP=0.5932 | test_AP=0.5800 | novelty_loss=-0.0799 diversity_loss=0.0468
Epoch 308/1000 [B][6.7s mem=2326MB] | train_loss=0.0950 train_AP=0.7973 | val_loss=0.2734 val_AP=0.6059 | test_AP=0.5827 | novelty_loss=-0.0784 diversity_loss=0.0459
Epoch 309/1000 [B][6.6s mem=2329MB] | train_loss=0.0952 train_AP=0.7984 | val_loss=0.2913 val_AP=0.5973 | test_AP=0.5808 | novelty_loss=-0.0769 diversity_loss=0.0450
Epoch 310/1000 [B][6.6s mem=2326MB] | train_loss=0.0981 train_AP=0.7963 | val_loss=0.2932 val_AP=0.6047 | test_AP=0.5754 | novelty_loss=-0.0749 diversity_loss=0.0438
Epoch 311/1000 [B][6.7s mem=2330MB] | train_loss=0.0937 train_AP=0.7973 | val_loss=0.2852 val_AP=0.6026 | test_AP=0.5825 | novelty_loss=-0.0794 diversity_loss=0.0465
Epoch 312/1000 [B][6.6s mem=2334MB] | train_loss=0.0935 train_AP=0.8010 | val_loss=0.2882 val_AP=0.5975 | test_AP=0.5806 | novelty_loss=-0.0779 diversity_loss=0.0456
Epoch 313/1000 [B][6.5s mem=2327MB] | train_loss=0.0975 train_AP=0.7968 | val_loss=0.2836 val_AP=0.6082 | test_AP=0.5874 | novelty_loss=-0.0749 diversity_loss=0.0438
Epoch 314/1000 [B][6.7s mem=2238MB] | train_loss=0.0920 train_AP=0.8009 | val_loss=0.2893 val_AP=0.6010 | test_AP=0.5889 | novelty_loss=-0.0790 diversity_loss=0.0462
Epoch 315/1000 [B][6.7s mem=2328MB] | train_loss=0.0922 train_AP=0.8030 | val_loss=0.2757 val_AP=0.6044 | test_AP=0.5767 | novelty_loss=-0.0790 diversity_loss=0.0462
Epoch 316/1000 [B][6.5s mem=2331MB] | train_loss=0.0978 train_AP=0.7964 | val_loss=0.2969 val_AP=0.6015 | test_AP=0.5864 | novelty_loss=-0.0750 diversity_loss=0.0438
Epoch 317/1000 [B][5.7s mem=2235MB] | train_loss=0.0958 train_AP=0.7990 | val_loss=0.2838 val_AP=0.6046 | test_AP=0.5797 | novelty_loss=-0.0745 diversity_loss=0.0435
Epoch 318/1000 [B][5.6s mem=2326MB] | train_loss=0.0967 train_AP=0.7982 | val_loss=0.2797 val_AP=0.6133 | test_AP=0.5890 | novelty_loss=-0.0740 diversity_loss=0.0432
Epoch 319/1000 [B][6.4s mem=2334MB] | train_loss=0.0909 train_AP=0.8073 | val_loss=0.2824 val_AP=0.6081 | test_AP=0.5903 | novelty_loss=-0.0790 diversity_loss=0.0462
Epoch 320/1000 [B][6.0s mem=2329MB] | train_loss=0.0937 train_AP=0.8018 | val_loss=0.2789 val_AP=0.6103 | test_AP=0.5859 | novelty_loss=-0.0776 diversity_loss=0.0453
Epoch 321/1000 [B][6.2s mem=2243MB] | train_loss=0.0944 train_AP=0.7995 | val_loss=0.2925 val_AP=0.6046 | test_AP=0.5890 | novelty_loss=-0.0771 diversity_loss=0.0450
Epoch 322/1000 [B][5.5s mem=2325MB] | train_loss=0.0887 train_AP=0.8118 | val_loss=0.3117 val_AP=0.6039 | test_AP=0.5840 | novelty_loss=-0.0816 diversity_loss=0.0476
Epoch 323/1000 [B][5.5s mem=2328MB] | train_loss=0.0921 train_AP=0.8079 | val_loss=0.2940 val_AP=0.5998 | test_AP=0.5754 | novelty_loss=-0.0771 diversity_loss=0.0450
Epoch 324/1000 [B][5.7s mem=2331MB] | train_loss=0.0944 train_AP=0.8067 | val_loss=0.2979 val_AP=0.6067 | test_AP=0.5823 | novelty_loss=-0.0761 diversity_loss=0.0444
Epoch 325/1000 [B][5.7s mem=2325MB] | train_loss=0.0915 train_AP=0.8039 | val_loss=0.2864 val_AP=0.6051 | test_AP=0.5856 | novelty_loss=-0.0792 diversity_loss=0.0462
Epoch 326/1000 [B][5.5s mem=2326MB] | train_loss=0.0945 train_AP=0.8043 | val_loss=0.2937 val_AP=0.6084 | test_AP=0.5795 | novelty_loss=-0.0751 diversity_loss=0.0438
Epoch 327/1000 [B][5.5s mem=2326MB] | train_loss=0.0921 train_AP=0.8083 | val_loss=0.2798 val_AP=0.6098 | test_AP=0.5829 | novelty_loss=-0.0766 diversity_loss=0.0447
Epoch 328/1000 [B][6.1s mem=2237MB] | train_loss=0.0900 train_AP=0.8110 | val_loss=0.3074 val_AP=0.6036 | test_AP=0.5865 | novelty_loss=-0.0766 diversity_loss=0.0447
Epoch 329/1000 [B][6.3s mem=2325MB] | train_loss=0.0894 train_AP=0.8134 | val_loss=0.2918 val_AP=0.6011 | test_AP=0.5789 | novelty_loss=-0.0772 diversity_loss=0.0450
Epoch 330/1000 [B][6.3s mem=2327MB] | train_loss=0.0916 train_AP=0.8059 | val_loss=0.3013 val_AP=0.6020 | test_AP=0.5861 | novelty_loss=-0.0772 diversity_loss=0.0450
Epoch 331/1000 [B][6.1s mem=2324MB] | train_loss=0.0922 train_AP=0.8070 | val_loss=0.2911 val_AP=0.6001 | test_AP=0.5788 | novelty_loss=-0.0767 diversity_loss=0.0447
Epoch 332/1000 [B][5.8s mem=2327MB] | train_loss=0.0875 train_AP=0.8105 | val_loss=0.3033 val_AP=0.6056 | test_AP=0.5848 | novelty_loss=-0.0797 diversity_loss=0.0465
Epoch 333/1000 [B][6.6s mem=2323MB] | train_loss=0.0887 train_AP=0.8133 | val_loss=0.2887 val_AP=0.6028 | test_AP=0.5871 | novelty_loss=-0.0777 diversity_loss=0.0453
Epoch 334/1000 [B][6.5s mem=2328MB] | train_loss=0.0895 train_AP=0.8089 | val_loss=0.2987 val_AP=0.6080 | test_AP=0.5876 | novelty_loss=-0.0773 diversity_loss=0.0450
Epoch 335/1000 [B][6.6s mem=2326MB] | train_loss=0.0868 train_AP=0.8120 | val_loss=0.2908 val_AP=0.6019 | test_AP=0.5808 | novelty_loss=-0.0798 diversity_loss=0.0465
Epoch 336/1000 [B][6.6s mem=2333MB] | train_loss=0.0888 train_AP=0.8064 | val_loss=0.2896 val_AP=0.6077 | test_AP=0.5798 | novelty_loss=-0.0783 diversity_loss=0.0456
Epoch 337/1000 [B][6.5s mem=2327MB] | train_loss=0.0924 train_AP=0.8081 | val_loss=0.2870 val_AP=0.6049 | test_AP=0.5894 | novelty_loss=-0.0748 diversity_loss=0.0435
Epoch 338/1000 [B][6.7s mem=2331MB] | train_loss=0.0901 train_AP=0.8113 | val_loss=0.2885 val_AP=0.6035 | test_AP=0.5865 | novelty_loss=-0.0748 diversity_loss=0.0435
Epoch 339/1000 [B][6.6s mem=2327MB] | train_loss=0.0862 train_AP=0.8150 | val_loss=0.3072 val_AP=0.6009 | test_AP=0.5870 | novelty_loss=-0.0789 diversity_loss=0.0459
Epoch 340/1000 [B][6.6s mem=2325MB] | train_loss=0.0875 train_AP=0.8093 | val_loss=0.2907 val_AP=0.6041 | test_AP=0.5870 | novelty_loss=-0.0783 diversity_loss=0.0456
Epoch 341/1000 [B][6.6s mem=2333MB] | train_loss=0.0868 train_AP=0.8144 | val_loss=0.2911 val_AP=0.6055 | test_AP=0.5927 | novelty_loss=-0.0799 diversity_loss=0.0465
Epoch 342/1000 [B][6.6s mem=2326MB] | train_loss=0.0879 train_AP=0.8137 | val_loss=0.3023 val_AP=0.6081 | test_AP=0.5865 | novelty_loss=-0.0779 diversity_loss=0.0453
Epoch 343/1000 [B][6.6s mem=2329MB] | train_loss=0.0868 train_AP=0.8139 | val_loss=0.2930 val_AP=0.6102 | test_AP=0.5804 | novelty_loss=-0.0778 diversity_loss=0.0453
Epoch 344/1000 [B][6.7s mem=2324MB] | train_loss=0.0804 train_AP=0.8234 | val_loss=0.2814 val_AP=0.6096 | test_AP=0.5852 | novelty_loss=-0.0830 diversity_loss=0.0482
Epoch 345/1000 [B][6.6s mem=2325MB] | train_loss=0.0857 train_AP=0.8138 | val_loss=0.2993 val_AP=0.6088 | test_AP=0.5835 | novelty_loss=-0.0789 diversity_loss=0.0459
Epoch 346/1000 [B][6.6s mem=2325MB] | train_loss=0.0853 train_AP=0.8155 | val_loss=0.2921 val_AP=0.6141 | test_AP=0.5897 | novelty_loss=-0.0800 diversity_loss=0.0465
  -> New best metrics: gen_loss=0.0853 val_loss=0.2356 val_AP=0.6141 (test=0.5897)
Epoch 347/1000 [B][6.6s mem=2329MB] | train_loss=0.0862 train_AP=0.8170 | val_loss=0.2993 val_AP=0.6118 | test_AP=0.5868 | novelty_loss=-0.0769 diversity_loss=0.0447
Epoch 348/1000 [B][6.6s mem=2324MB] | train_loss=0.0878 train_AP=0.8164 | val_loss=0.2868 val_AP=0.6154 | test_AP=0.5871 | novelty_loss=-0.0759 diversity_loss=0.0441
  -> New best metrics: gen_loss=0.0853 val_loss=0.2356 val_AP=0.6154 (test=0.5871)
Epoch 349/1000 [B][6.6s mem=2329MB] | train_loss=0.0877 train_AP=0.8100 | val_loss=0.3004 val_AP=0.6031 | test_AP=0.5826 | novelty_loss=-0.0770 diversity_loss=0.0447
Epoch 350/1000 [B][6.6s mem=2329MB] | train_loss=0.0850 train_AP=0.8163 | val_loss=0.2959 val_AP=0.6118 | test_AP=0.5819 | novelty_loss=-0.0790 diversity_loss=0.0459
Epoch 351/1000 [B][6.5s mem=2325MB] | train_loss=0.0869 train_AP=0.8136 | val_loss=0.3016 val_AP=0.6054 | test_AP=0.5848 | novelty_loss=-0.0755 diversity_loss=0.0438
Epoch 352/1000 [B][6.6s mem=2327MB] | train_loss=0.0869 train_AP=0.8190 | val_loss=0.2933 val_AP=0.6078 | test_AP=0.5847 | novelty_loss=-0.0770 diversity_loss=0.0447
Epoch 353/1000 [B][6.5s mem=2323MB] | train_loss=0.0895 train_AP=0.8186 | val_loss=0.2993 val_AP=0.6121 | test_AP=0.5938 | novelty_loss=-0.0729 diversity_loss=0.0423
Epoch 354/1000 [B][6.6s mem=2324MB] | train_loss=0.0840 train_AP=0.8187 | val_loss=0.2872 val_AP=0.6026 | test_AP=0.5846 | novelty_loss=-0.0785 diversity_loss=0.0456
Epoch 355/1000 [B][6.5s mem=2325MB] | train_loss=0.0844 train_AP=0.8246 | val_loss=0.3172 val_AP=0.6056 | test_AP=0.5854 | novelty_loss=-0.0765 diversity_loss=0.0444
Epoch 356/1000 [B][6.6s mem=2326MB] | train_loss=0.0821 train_AP=0.8225 | val_loss=0.2889 val_AP=0.6088 | test_AP=0.5783 | novelty_loss=-0.0785 diversity_loss=0.0456
Epoch 357/1000 [B][6.6s mem=2328MB] | train_loss=0.0844 train_AP=0.8206 | val_loss=0.3225 val_AP=0.5975 | test_AP=0.5817 | novelty_loss=-0.0765 diversity_loss=0.0444
Epoch 358/1000 [B][6.6s mem=2334MB] | train_loss=0.0835 train_AP=0.8199 | val_loss=0.2996 val_AP=0.6027 | test_AP=0.5868 | novelty_loss=-0.0781 diversity_loss=0.0453
Epoch 359/1000 [B][6.6s mem=2235MB] | train_loss=0.0812 train_AP=0.8244 | val_loss=0.3062 val_AP=0.6031 | test_AP=0.5824 | novelty_loss=-0.0801 diversity_loss=0.0465
Epoch 360/1000 [B][6.6s mem=2326MB] | train_loss=0.0845 train_AP=0.8210 | val_loss=0.2997 val_AP=0.6163 | test_AP=0.5871 | novelty_loss=-0.0761 diversity_loss=0.0441
  -> New best metrics: gen_loss=0.0845 val_loss=0.2356 val_AP=0.6163 (test=0.5871)
Epoch 361/1000 [B][6.6s mem=2327MB] | train_loss=0.0830 train_AP=0.8228 | val_loss=0.2923 val_AP=0.6038 | test_AP=0.5831 | novelty_loss=-0.0772 diversity_loss=0.0447
Epoch 362/1000 [B][6.6s mem=2330MB] | train_loss=0.0824 train_AP=0.8254 | val_loss=0.3072 val_AP=0.5956 | test_AP=0.5858 | novelty_loss=-0.0771 diversity_loss=0.0447
Epoch 363/1000 [B][6.6s mem=2331MB] | train_loss=0.0808 train_AP=0.8265 | val_loss=0.3166 val_AP=0.5956 | test_AP=0.5787 | novelty_loss=-0.0797 diversity_loss=0.0462
Epoch 364/1000 [B][6.6s mem=2328MB] | train_loss=0.0824 train_AP=0.8203 | val_loss=0.3066 val_AP=0.6046 | test_AP=0.5938 | novelty_loss=-0.0792 diversity_loss=0.0459
Epoch 365/1000 [B][6.6s mem=2235MB] | train_loss=0.0833 train_AP=0.8214 | val_loss=0.3085 val_AP=0.6050 | test_AP=0.5888 | novelty_loss=-0.0782 diversity_loss=0.0453
Epoch 366/1000 [B][6.6s mem=2239MB] | train_loss=0.0797 train_AP=0.8295 | val_loss=0.2948 val_AP=0.6094 | test_AP=0.5844 | novelty_loss=-0.0787 diversity_loss=0.0456
Epoch 367/1000 [B][6.5s mem=2323MB] | train_loss=0.0816 train_AP=0.8208 | val_loss=0.3056 val_AP=0.6022 | test_AP=0.5854 | novelty_loss=-0.0782 diversity_loss=0.0453
Epoch 368/1000 [B][6.5s mem=2330MB] | train_loss=0.0830 train_AP=0.8212 | val_loss=0.3093 val_AP=0.5978 | test_AP=0.5839 | novelty_loss=-0.0766 diversity_loss=0.0444
Epoch 369/1000 [B][6.6s mem=2237MB] | train_loss=0.0828 train_AP=0.8264 | val_loss=0.2938 val_AP=0.6047 | test_AP=0.5769 | novelty_loss=-0.0762 diversity_loss=0.0441
Epoch 370/1000 [B][6.6s mem=2327MB] | train_loss=0.0786 train_AP=0.8273 | val_loss=0.3038 val_AP=0.5974 | test_AP=0.5856 | novelty_loss=-0.0803 diversity_loss=0.0465
Epoch 371/1000 [B][6.6s mem=2329MB] | train_loss=0.0842 train_AP=0.8173 | val_loss=0.3020 val_AP=0.6093 | test_AP=0.5801 | novelty_loss=-0.0767 diversity_loss=0.0444
Epoch 372/1000 [B][6.6s mem=2329MB] | train_loss=0.0811 train_AP=0.8279 | val_loss=0.3087 val_AP=0.6134 | test_AP=0.5920 | novelty_loss=-0.0773 diversity_loss=0.0447
Epoch 373/1000 [B][6.5s mem=2323MB] | train_loss=0.0876 train_AP=0.8158 | val_loss=0.3180 val_AP=0.5987 | test_AP=0.5862 | novelty_loss=-0.0737 diversity_loss=0.0426
Epoch 374/1000 [B][6.6s mem=2327MB] | train_loss=0.0810 train_AP=0.8268 | val_loss=0.3178 val_AP=0.6157 | test_AP=0.5880 | novelty_loss=-0.0772 diversity_loss=0.0447
Epoch 375/1000 [B][6.6s mem=2327MB] | train_loss=0.0825 train_AP=0.8224 | val_loss=0.3056 val_AP=0.6104 | test_AP=0.5921 | novelty_loss=-0.0757 diversity_loss=0.0438
Epoch 376/1000 [B][6.6s mem=2236MB] | train_loss=0.0798 train_AP=0.8257 | val_loss=0.2990 val_AP=0.6087 | test_AP=0.5840 | novelty_loss=-0.0778 diversity_loss=0.0450
Epoch 377/1000 [B][6.6s mem=2325MB] | train_loss=0.0771 train_AP=0.8304 | val_loss=0.3004 val_AP=0.6020 | test_AP=0.5837 | novelty_loss=-0.0803 diversity_loss=0.0465
Epoch 378/1000 [B][6.6s mem=2327MB] | train_loss=0.0816 train_AP=0.8284 | val_loss=0.3093 val_AP=0.6057 | test_AP=0.5853 | novelty_loss=-0.0757 diversity_loss=0.0438
Epoch 379/1000 [B][6.6s mem=2328MB] | train_loss=0.0776 train_AP=0.8334 | val_loss=0.2978 val_AP=0.6133 | test_AP=0.5838 | novelty_loss=-0.0793 diversity_loss=0.0459
Epoch 380/1000 [B][5.5s mem=2324MB] | train_loss=0.0825 train_AP=0.8263 | val_loss=0.3088 val_AP=0.6140 | test_AP=0.5907 | novelty_loss=-0.0762 diversity_loss=0.0441
Epoch 381/1000 [B][6.2s mem=2328MB] | train_loss=0.0778 train_AP=0.8349 | val_loss=0.3123 val_AP=0.6060 | test_AP=0.5826 | novelty_loss=-0.0794 diversity_loss=0.0459
Epoch 382/1000 [B][6.0s mem=2326MB] | train_loss=0.0797 train_AP=0.8340 | val_loss=0.3135 val_AP=0.6041 | test_AP=0.5807 | novelty_loss=-0.0762 diversity_loss=0.0441
Epoch 383/1000 [B][5.4s mem=2324MB] | train_loss=0.0857 train_AP=0.8238 | val_loss=0.2905 val_AP=0.6177 | test_AP=0.5897 | novelty_loss=-0.0738 diversity_loss=0.0426
  -> New best metrics: gen_loss=0.0845 val_loss=0.2356 val_AP=0.6177 (test=0.5897)
Epoch 384/1000 [B][6.0s mem=2328MB] | train_loss=0.0775 train_AP=0.8323 | val_loss=0.3044 val_AP=0.6145 | test_AP=0.5796 | novelty_loss=-0.0799 diversity_loss=0.0462
Epoch 385/1000 [B][5.9s mem=2326MB] | train_loss=0.0818 train_AP=0.8275 | val_loss=0.3141 val_AP=0.6109 | test_AP=0.5897 | novelty_loss=-0.0763 diversity_loss=0.0441
Epoch 386/1000 [B][6.0s mem=2330MB] | train_loss=0.0731 train_AP=0.8410 | val_loss=0.3117 val_AP=0.6091 | test_AP=0.5877 | novelty_loss=-0.0814 diversity_loss=0.0470
Epoch 387/1000 [B][5.5s mem=2324MB] | train_loss=0.0769 train_AP=0.8344 | val_loss=0.3046 val_AP=0.6171 | test_AP=0.5817 | novelty_loss=-0.0789 diversity_loss=0.0456
Epoch 388/1000 [B][6.2s mem=2327MB] | train_loss=0.0782 train_AP=0.8295 | val_loss=0.3128 val_AP=0.6127 | test_AP=0.5922 | novelty_loss=-0.0789 diversity_loss=0.0456
Epoch 389/1000 [B][5.5s mem=2323MB] | train_loss=0.0749 train_AP=0.8371 | val_loss=0.3166 val_AP=0.6051 | test_AP=0.5827 | novelty_loss=-0.0794 diversity_loss=0.0459
Epoch 390/1000 [B][6.3s mem=2323MB] | train_loss=0.0768 train_AP=0.8338 | val_loss=0.3125 val_AP=0.6130 | test_AP=0.5885 | novelty_loss=-0.0785 diversity_loss=0.0453
Epoch 391/1000 [B][6.1s mem=2328MB] | train_loss=0.0800 train_AP=0.8309 | val_loss=0.3214 val_AP=0.6103 | test_AP=0.5848 | novelty_loss=-0.0764 diversity_loss=0.0441
Epoch 392/1000 [B][5.7s mem=2234MB] | train_loss=0.0732 train_AP=0.8394 | val_loss=0.3117 val_AP=0.6094 | test_AP=0.5826 | novelty_loss=-0.0799 diversity_loss=0.0462
Epoch 393/1000 [B][6.3s mem=2328MB] | train_loss=0.0793 train_AP=0.8291 | val_loss=0.3124 val_AP=0.6142 | test_AP=0.5926 | novelty_loss=-0.0759 diversity_loss=0.0438
Epoch 394/1000 [B][5.6s mem=2243MB] | train_loss=0.0756 train_AP=0.8339 | val_loss=0.3016 val_AP=0.6124 | test_AP=0.5802 | novelty_loss=-0.0789 diversity_loss=0.0456
Epoch 395/1000 [B][6.3s mem=2326MB] | train_loss=0.0734 train_AP=0.8411 | val_loss=0.3324 val_AP=0.6018 | test_AP=0.5780 | novelty_loss=-0.0815 diversity_loss=0.0470
Epoch 396/1000 [B][5.9s mem=2331MB] | train_loss=0.0808 train_AP=0.8301 | val_loss=0.3194 val_AP=0.6109 | test_AP=0.5921 | novelty_loss=-0.0754 diversity_loss=0.0435
Epoch 397/1000 [B][5.7s mem=2321MB] | train_loss=0.0756 train_AP=0.8362 | val_loss=0.3176 val_AP=0.6057 | test_AP=0.5849 | novelty_loss=-0.0790 diversity_loss=0.0456
Epoch 398/1000 [B][6.2s mem=2242MB] | train_loss=0.0753 train_AP=0.8351 | val_loss=0.3151 val_AP=0.6115 | test_AP=0.5879 | novelty_loss=-0.0795 diversity_loss=0.0459
Epoch 399/1000 [B][6.6s mem=2326MB] | train_loss=0.0739 train_AP=0.8428 | val_loss=0.3098 val_AP=0.6075 | test_AP=0.5771 | novelty_loss=-0.0780 diversity_loss=0.0450
Epoch 400/1000 [B][5.6s mem=2321MB] | train_loss=0.0794 train_AP=0.8334 | val_loss=0.3141 val_AP=0.6039 | test_AP=0.5821 | novelty_loss=-0.0755 diversity_loss=0.0435
Epoch 401/1000 [B][5.7s mem=2331MB] | train_loss=0.0773 train_AP=0.8399 | val_loss=0.3138 val_AP=0.6080 | test_AP=0.5802 | novelty_loss=-0.0764 diversity_loss=0.0441
Epoch 402/1000 [B][6.2s mem=2322MB] | train_loss=0.0746 train_AP=0.8380 | val_loss=0.3157 val_AP=0.6144 | test_AP=0.5867 | novelty_loss=-0.0795 diversity_loss=0.0459
Epoch 403/1000 [B][6.2s mem=2328MB] | train_loss=0.0766 train_AP=0.8383 | val_loss=0.3282 val_AP=0.6035 | test_AP=0.5861 | novelty_loss=-0.0765 diversity_loss=0.0441
Epoch 404/1000 [B][5.8s mem=2326MB] | train_loss=0.0752 train_AP=0.8402 | val_loss=0.3151 val_AP=0.6081 | test_AP=0.5817 | novelty_loss=-0.0770 diversity_loss=0.0444
Epoch 405/1000 [B][6.3s mem=2323MB] | train_loss=0.0757 train_AP=0.8385 | val_loss=0.3130 val_AP=0.6166 | test_AP=0.5900 | novelty_loss=-0.0775 diversity_loss=0.0447
Epoch 406/1000 [B][6.0s mem=2327MB] | train_loss=0.0781 train_AP=0.8348 | val_loss=0.3136 val_AP=0.6120 | test_AP=0.5840 | novelty_loss=-0.0755 diversity_loss=0.0435
Epoch 407/1000 [B][6.1s mem=2328MB] | train_loss=0.0709 train_AP=0.8457 | val_loss=0.3107 val_AP=0.6055 | test_AP=0.5880 | novelty_loss=-0.0822 diversity_loss=0.0473
Epoch 408/1000 [B][5.9s mem=2324MB] | train_loss=0.0754 train_AP=0.8425 | val_loss=0.3210 val_AP=0.6033 | test_AP=0.5901 | novelty_loss=-0.0781 diversity_loss=0.0450
Epoch 409/1000 [B][5.8s mem=2320MB] | train_loss=0.0813 train_AP=0.8326 | val_loss=0.3063 val_AP=0.6103 | test_AP=0.5842 | novelty_loss=-0.0735 diversity_loss=0.0423
Epoch 410/1000 [B][6.0s mem=2322MB] | train_loss=0.0708 train_AP=0.8451 | val_loss=0.3177 val_AP=0.6118 | test_AP=0.5836 | novelty_loss=-0.0802 diversity_loss=0.0462
Epoch 411/1000 [B][5.6s mem=2330MB] | train_loss=0.0730 train_AP=0.8414 | val_loss=0.3175 val_AP=0.6092 | test_AP=0.5881 | novelty_loss=-0.0781 diversity_loss=0.0450
Epoch 412/1000 [B][6.2s mem=2325MB] | train_loss=0.0717 train_AP=0.8444 | val_loss=0.3130 val_AP=0.6127 | test_AP=0.5918 | novelty_loss=-0.0797 diversity_loss=0.0459
Epoch 413/1000 [B][5.6s mem=2329MB] | train_loss=0.0698 train_AP=0.8439 | val_loss=0.3149 val_AP=0.6115 | test_AP=0.5905 | novelty_loss=-0.0807 diversity_loss=0.0465
Epoch 414/1000 [B][6.4s mem=2243MB] | train_loss=0.0764 train_AP=0.8375 | val_loss=0.3063 val_AP=0.6100 | test_AP=0.5865 | novelty_loss=-0.0766 diversity_loss=0.0441
Epoch 415/1000 [B][6.6s mem=2326MB] | train_loss=0.0689 train_AP=0.8485 | val_loss=0.3234 val_AP=0.6039 | test_AP=0.5842 | novelty_loss=-0.0812 diversity_loss=0.0468
Epoch 416/1000 [B][6.6s mem=2327MB] | train_loss=0.0715 train_AP=0.8461 | val_loss=0.3271 val_AP=0.6075 | test_AP=0.5880 | novelty_loss=-0.0787 diversity_loss=0.0453
Epoch 417/1000 [B][6.5s mem=2330MB] | train_loss=0.0796 train_AP=0.8298 | val_loss=0.3204 val_AP=0.6070 | test_AP=0.5925 | novelty_loss=-0.0741 diversity_loss=0.0426
Epoch 418/1000 [B][6.5s mem=2324MB] | train_loss=0.0737 train_AP=0.8437 | val_loss=0.3305 val_AP=0.6080 | test_AP=0.5834 | novelty_loss=-0.0771 diversity_loss=0.0444
Epoch 419/1000 [B][6.5s mem=2323MB] | train_loss=0.0756 train_AP=0.8414 | val_loss=0.3189 val_AP=0.6125 | test_AP=0.5878 | novelty_loss=-0.0756 diversity_loss=0.0435
Epoch 420/1000 [B][6.5s mem=2330MB] | train_loss=0.0765 train_AP=0.8404 | val_loss=0.3120 val_AP=0.6101 | test_AP=0.5871 | novelty_loss=-0.0756 diversity_loss=0.0435
Epoch 421/1000 [B][6.6s mem=2229MB] | train_loss=0.0698 train_AP=0.8480 | val_loss=0.3123 val_AP=0.6123 | test_AP=0.5855 | novelty_loss=-0.0792 diversity_loss=0.0456
Epoch 422/1000 [B][6.5s mem=2328MB] | train_loss=0.0756 train_AP=0.8406 | val_loss=0.3103 val_AP=0.6167 | test_AP=0.5839 | novelty_loss=-0.0746 diversity_loss=0.0429
Epoch 423/1000 [B][6.7s mem=2324MB] | train_loss=0.0677 train_AP=0.8531 | val_loss=0.3351 val_AP=0.6072 | test_AP=0.5795 | novelty_loss=-0.0802 diversity_loss=0.0462
Epoch 424/1000 [B][6.6s mem=2322MB] | train_loss=0.0695 train_AP=0.8485 | val_loss=0.3068 val_AP=0.6145 | test_AP=0.5834 | novelty_loss=-0.0798 diversity_loss=0.0459
Epoch 425/1000 [B][6.6s mem=2332MB] | train_loss=0.0708 train_AP=0.8424 | val_loss=0.3243 val_AP=0.6106 | test_AP=0.5835 | novelty_loss=-0.0788 diversity_loss=0.0453
Epoch 426/1000 [B][6.7s mem=2328MB] | train_loss=0.0659 train_AP=0.8554 | val_loss=0.3351 val_AP=0.6089 | test_AP=0.5843 | novelty_loss=-0.0814 diversity_loss=0.0468
Epoch 427/1000 [B][6.6s mem=2326MB] | train_loss=0.0708 train_AP=0.8471 | val_loss=0.3238 val_AP=0.6114 | test_AP=0.5875 | novelty_loss=-0.0783 diversity_loss=0.0450
Epoch 428/1000 [B][6.5s mem=2328MB] | train_loss=0.0732 train_AP=0.8461 | val_loss=0.3284 val_AP=0.6010 | test_AP=0.5858 | novelty_loss=-0.0757 diversity_loss=0.0435
Epoch 429/1000 [B][6.6s mem=2324MB] | train_loss=0.0714 train_AP=0.8431 | val_loss=0.3331 val_AP=0.6023 | test_AP=0.5784 | novelty_loss=-0.0777 diversity_loss=0.0447
Epoch 430/1000 [B][6.7s mem=2327MB] | train_loss=0.0678 train_AP=0.8503 | val_loss=0.3299 val_AP=0.6069 | test_AP=0.5844 | novelty_loss=-0.0813 diversity_loss=0.0468
Epoch 431/1000 [B][6.6s mem=2328MB] | train_loss=0.0728 train_AP=0.8445 | val_loss=0.3276 val_AP=0.6082 | test_AP=0.5832 | novelty_loss=-0.0772 diversity_loss=0.0444
Epoch 432/1000 [B][6.7s mem=2328MB] | train_loss=0.0669 train_AP=0.8489 | val_loss=0.3164 val_AP=0.6138 | test_AP=0.5831 | novelty_loss=-0.0804 diversity_loss=0.0462
Epoch 433/1000 [B][6.6s mem=2332MB] | train_loss=0.0709 train_AP=0.8481 | val_loss=0.3196 val_AP=0.6089 | test_AP=0.5877 | novelty_loss=-0.0778 diversity_loss=0.0447
Epoch 434/1000 [B][6.2s mem=2238MB] | train_loss=0.0714 train_AP=0.8486 | val_loss=0.3294 val_AP=0.6061 | test_AP=0.5852 | novelty_loss=-0.0778 diversity_loss=0.0447
Epoch 435/1000 [B][6.3s mem=2324MB] | train_loss=0.0702 train_AP=0.8520 | val_loss=0.3393 val_AP=0.6093 | test_AP=0.5880 | novelty_loss=-0.0768 diversity_loss=0.0441
Epoch 436/1000 [B][6.5s mem=2324MB] | train_loss=0.0691 train_AP=0.8501 | val_loss=0.3463 val_AP=0.6023 | test_AP=0.5740 | novelty_loss=-0.0784 diversity_loss=0.0450
Epoch 437/1000 [B][6.5s mem=2327MB] | train_loss=0.0659 train_AP=0.8523 | val_loss=0.3377 val_AP=0.6015 | test_AP=0.5848 | novelty_loss=-0.0809 diversity_loss=0.0465
Epoch 438/1000 [B][6.0s mem=2329MB] | train_loss=0.0681 train_AP=0.8497 | val_loss=0.3186 val_AP=0.6067 | test_AP=0.5811 | novelty_loss=-0.0789 diversity_loss=0.0453
Epoch 439/1000 [B][5.9s mem=2323MB] | train_loss=0.0707 train_AP=0.8421 | val_loss=0.3360 val_AP=0.6044 | test_AP=0.5820 | novelty_loss=-0.0773 diversity_loss=0.0444
Epoch 440/1000 [B][5.6s mem=2324MB] | train_loss=0.0658 train_AP=0.8565 | val_loss=0.3288 val_AP=0.6081 | test_AP=0.5856 | novelty_loss=-0.0810 diversity_loss=0.0465
Epoch 441/1000 [B][6.6s mem=2323MB] | train_loss=0.0668 train_AP=0.8531 | val_loss=0.3285 val_AP=0.6091 | test_AP=0.5903 | novelty_loss=-0.0805 diversity_loss=0.0462
Epoch 442/1000 [B][6.5s mem=2323MB] | train_loss=0.0729 train_AP=0.8459 | val_loss=0.3359 val_AP=0.6048 | test_AP=0.5828 | novelty_loss=-0.0764 diversity_loss=0.0438
Epoch 443/1000 [B][6.5s mem=2331MB] | train_loss=0.0672 train_AP=0.8497 | val_loss=0.3386 val_AP=0.6005 | test_AP=0.5845 | novelty_loss=-0.0800 diversity_loss=0.0459
Epoch 444/1000 [B][6.6s mem=2330MB] | train_loss=0.0663 train_AP=0.8542 | val_loss=0.3255 val_AP=0.6024 | test_AP=0.5816 | novelty_loss=-0.0794 diversity_loss=0.0456
Epoch 445/1000 [B][6.5s mem=2330MB] | train_loss=0.0710 train_AP=0.8495 | val_loss=0.3348 val_AP=0.6102 | test_AP=0.5873 | novelty_loss=-0.0764 diversity_loss=0.0438
Epoch 446/1000 [B][6.6s mem=2327MB] | train_loss=0.0677 train_AP=0.8546 | val_loss=0.3323 val_AP=0.6088 | test_AP=0.5767 | novelty_loss=-0.0790 diversity_loss=0.0453
Epoch 447/1000 [B][6.7s mem=2332MB] | train_loss=0.0629 train_AP=0.8596 | val_loss=0.3199 val_AP=0.6120 | test_AP=0.5886 | novelty_loss=-0.0815 diversity_loss=0.0468
Epoch 448/1000 [B][6.6s mem=2330MB] | train_loss=0.0657 train_AP=0.8557 | val_loss=0.3247 val_AP=0.6091 | test_AP=0.5880 | novelty_loss=-0.0800 diversity_loss=0.0459
Epoch 449/1000 [B][6.6s mem=2332MB] | train_loss=0.0648 train_AP=0.8596 | val_loss=0.3376 val_AP=0.6066 | test_AP=0.5851 | novelty_loss=-0.0800 diversity_loss=0.0459
Epoch 450/1000 [B][6.6s mem=2322MB] | train_loss=0.0632 train_AP=0.8602 | val_loss=0.3291 val_AP=0.6132 | test_AP=0.5897 | novelty_loss=-0.0811 diversity_loss=0.0465
Epoch 451/1000 [B][6.5s mem=2323MB] | train_loss=0.0705 train_AP=0.8491 | val_loss=0.3301 val_AP=0.6023 | test_AP=0.5859 | novelty_loss=-0.0765 diversity_loss=0.0438
Epoch 452/1000 [B][6.6s mem=2326MB] | train_loss=0.0673 train_AP=0.8544 | val_loss=0.3371 val_AP=0.6074 | test_AP=0.5863 | novelty_loss=-0.0785 diversity_loss=0.0450
Epoch 453/1000 [B][6.5s mem=2329MB] | train_loss=0.0708 train_AP=0.8453 | val_loss=0.3168 val_AP=0.6073 | test_AP=0.5916 | novelty_loss=-0.0769 diversity_loss=0.0441
Epoch 454/1000 [B][6.6s mem=2329MB] | train_loss=0.0615 train_AP=0.8643 | val_loss=0.3423 val_AP=0.6060 | test_AP=0.5863 | novelty_loss=-0.0816 diversity_loss=0.0468
Epoch 455/1000 [B][6.6s mem=2326MB] | train_loss=0.0671 train_AP=0.8571 | val_loss=0.3403 val_AP=0.5966 | test_AP=0.5812 | novelty_loss=-0.0780 diversity_loss=0.0447
Epoch 456/1000 [B][6.6s mem=2330MB] | train_loss=0.0650 train_AP=0.8566 | val_loss=0.3267 val_AP=0.6071 | test_AP=0.5962 | novelty_loss=-0.0801 diversity_loss=0.0459
Epoch 457/1000 [B][6.6s mem=2326MB] | train_loss=0.0637 train_AP=0.8563 | val_loss=0.3334 val_AP=0.6114 | test_AP=0.5848 | novelty_loss=-0.0796 diversity_loss=0.0456
Epoch 458/1000 [B][6.5s mem=2324MB] | train_loss=0.0697 train_AP=0.8518 | val_loss=0.3411 val_AP=0.6059 | test_AP=0.5845 | novelty_loss=-0.0750 diversity_loss=0.0429
Epoch 459/1000 [B][6.5s mem=2323MB] | train_loss=0.0676 train_AP=0.8518 | val_loss=0.3365 val_AP=0.6055 | test_AP=0.5887 | novelty_loss=-0.0775 diversity_loss=0.0444
Epoch 460/1000 [B][6.6s mem=2325MB] | train_loss=0.0613 train_AP=0.8594 | val_loss=0.3374 val_AP=0.6040 | test_AP=0.5888 | novelty_loss=-0.0817 diversity_loss=0.0468
Epoch 461/1000 [B][6.6s mem=2326MB] | train_loss=0.0618 train_AP=0.8608 | val_loss=0.3327 val_AP=0.6086 | test_AP=0.5943 | novelty_loss=-0.0812 diversity_loss=0.0465
Epoch 462/1000 [B][6.5s mem=2327MB] | train_loss=0.0607 train_AP=0.8659 | val_loss=0.3433 val_AP=0.6067 | test_AP=0.5901 | novelty_loss=-0.0806 diversity_loss=0.0462
Epoch 463/1000 [B][6.5s mem=2329MB] | train_loss=0.0671 train_AP=0.8576 | val_loss=0.3365 val_AP=0.5997 | test_AP=0.5844 | novelty_loss=-0.0771 diversity_loss=0.0441
Epoch 464/1000 [B][6.4s mem=2327MB] | train_loss=0.0657 train_AP=0.8565 | val_loss=0.3361 val_AP=0.6094 | test_AP=0.5928 | novelty_loss=-0.0792 diversity_loss=0.0453
Epoch 465/1000 [B][5.9s mem=2324MB] | train_loss=0.0647 train_AP=0.8586 | val_loss=0.3483 val_AP=0.6070 | test_AP=0.5839 | novelty_loss=-0.0792 diversity_loss=0.0453
Epoch 466/1000 [B][5.9s mem=2329MB] | train_loss=0.0635 train_AP=0.8594 | val_loss=0.3376 val_AP=0.6054 | test_AP=0.5876 | novelty_loss=-0.0786 diversity_loss=0.0450
Epoch 467/1000 [B][5.8s mem=2325MB] | train_loss=0.0620 train_AP=0.8630 | val_loss=0.3506 val_AP=0.6047 | test_AP=0.5860 | novelty_loss=-0.0802 diversity_loss=0.0459
Epoch 468/1000 [B][5.9s mem=2323MB] | train_loss=0.0602 train_AP=0.8635 | val_loss=0.3323 val_AP=0.6057 | test_AP=0.5852 | novelty_loss=-0.0807 diversity_loss=0.0462
Epoch 469/1000 [B][5.9s mem=2324MB] | train_loss=0.0599 train_AP=0.8658 | val_loss=0.3289 val_AP=0.6054 | test_AP=0.5800 | novelty_loss=-0.0807 diversity_loss=0.0462
Epoch 470/1000 [B][6.0s mem=2324MB] | train_loss=0.0672 train_AP=0.8587 | val_loss=0.3481 val_AP=0.5989 | test_AP=0.5856 | novelty_loss=-0.0766 diversity_loss=0.0438
Epoch 471/1000 [B][5.5s mem=2236MB] | train_loss=0.0698 train_AP=0.8489 | val_loss=0.3294 val_AP=0.6066 | test_AP=0.5904 | novelty_loss=-0.0746 diversity_loss=0.0426
Epoch 472/1000 [B][6.4s mem=2328MB] | train_loss=0.0610 train_AP=0.8602 | val_loss=0.3465 val_AP=0.6067 | test_AP=0.5839 | novelty_loss=-0.0808 diversity_loss=0.0462
Epoch 473/1000 [B][6.2s mem=2322MB] | train_loss=0.0618 train_AP=0.8641 | val_loss=0.3496 val_AP=0.6060 | test_AP=0.5888 | novelty_loss=-0.0787 diversity_loss=0.0450
Epoch 474/1000 [B][6.0s mem=2324MB] | train_loss=0.0629 train_AP=0.8612 | val_loss=0.3365 val_AP=0.6134 | test_AP=0.5867 | novelty_loss=-0.0787 diversity_loss=0.0450
Epoch 475/1000 [B][5.6s mem=2327MB] | train_loss=0.0590 train_AP=0.8674 | val_loss=0.3550 val_AP=0.6031 | test_AP=0.5869 | novelty_loss=-0.0817 diversity_loss=0.0468
Epoch 476/1000 [B][5.4s mem=2327MB] | train_loss=0.0643 train_AP=0.8604 | val_loss=0.3343 val_AP=0.6080 | test_AP=0.5875 | novelty_loss=-0.0777 diversity_loss=0.0444
Epoch 477/1000 [B][6.0s mem=2325MB] | train_loss=0.0644 train_AP=0.8622 | val_loss=0.3606 val_AP=0.6056 | test_AP=0.5831 | novelty_loss=-0.0772 diversity_loss=0.0441
Epoch 478/1000 [B][5.9s mem=2328MB] | train_loss=0.0635 train_AP=0.8654 | val_loss=0.3415 val_AP=0.6094 | test_AP=0.5907 | novelty_loss=-0.0787 diversity_loss=0.0450
Epoch 479/1000 [B][5.8s mem=2331MB] | train_loss=0.0619 train_AP=0.8618 | val_loss=0.3406 val_AP=0.6005 | test_AP=0.5829 | novelty_loss=-0.0798 diversity_loss=0.0456
Epoch 480/1000 [B][5.6s mem=2242MB] | train_loss=0.0660 train_AP=0.8597 | val_loss=0.3413 val_AP=0.6030 | test_AP=0.5809 | novelty_loss=-0.0757 diversity_loss=0.0432
Epoch 481/1000 [B][5.9s mem=2331MB] | train_loss=0.0657 train_AP=0.8625 | val_loss=0.3430 val_AP=0.6052 | test_AP=0.5895 | novelty_loss=-0.0756 diversity_loss=0.0432
Epoch 482/1000 [B][5.9s mem=2326MB] | train_loss=0.0602 train_AP=0.8654 | val_loss=0.3448 val_AP=0.6082 | test_AP=0.5853 | novelty_loss=-0.0798 diversity_loss=0.0456
Epoch 483/1000 [B][6.6s mem=2328MB] | train_loss=0.0560 train_AP=0.8711 | val_loss=0.3311 val_AP=0.6098 | test_AP=0.5848 | novelty_loss=-0.0819 diversity_loss=0.0468
Early stopping at epoch 483. Best val loss=0.2356 at epoch 383.
Stage 3 done. Best val loss=0.2356 at epoch 383.

All requested stages complete.
